# front_grooves
# SPDX-License-Identifier: CC0-1.0
o front_grooves
v -0.042137647 0.017668468 0.010670000
v -0.042145692 0.017744993 0.010670000
v -0.042169520 0.017818577 0.010670000
v -0.042208213 0.017886392 0.010670000
v -0.042260285 0.017945833 0.010670000
v -0.042323735 0.017994614 0.010670000
v -0.042396124 0.018030862 0.010670000
v -0.042474672 0.018053184 0.010670000
v -0.042556358 0.018060721 0.010670000
v -0.067022975 0.018053184 0.010670000
v -0.067101523 0.018030862 0.010670000
v -0.067173912 0.017994614 0.010670000
v -0.067237362 0.017945833 0.010670000
v -0.067289434 0.017886392 0.010670000
v -0.067328128 0.017818577 0.010670000
v -0.067351955 0.017744993 0.010670000
v -0.067360000 0.017668468 0.010670000
v -0.067351955 0.017255728 0.010670000
v -0.067328128 0.017182144 0.010670000
v -0.067289434 0.017114329 0.010670000
v -0.067237362 0.017054888 0.010670000
v -0.067173912 0.017006106 0.010670000
v -0.067101523 0.016969858 0.010670000
v -0.067022975 0.016947537 0.010670000
v -0.066941289 0.016940000 0.010670000
v -0.042474672 0.016947537 0.010670000
v -0.042396124 0.016969858 0.010670000
v -0.042323735 0.017006106 0.010670000
v -0.042260285 0.017054888 0.010670000
v -0.042208213 0.017114329 0.010670000
v -0.042169520 0.017182144 0.010670000
v -0.042145692 0.017255728 0.010670000
v -0.042137647 0.017332252 0.010670000
v -0.042100000 0.017680000 0.010710000
v -0.042108070 0.017761938 0.010710000
v -0.042131971 0.017840727 0.010710000
v -0.042170783 0.017913339 0.010710000
v -0.042223015 0.017976985 0.010710000
v -0.042286661 0.018029217 0.010710000
v -0.042359273 0.018068029 0.010710000
v -0.042438062 0.018091930 0.010710000
v -0.042520000 0.018100000 0.010710000
v -0.067061938 0.018091930 0.010710000
v -0.067140727 0.018068029 0.010710000
v -0.067213339 0.018029217 0.010710000
v -0.067276985 0.017976985 0.010710000
v -0.067329217 0.017913339 0.010710000
v -0.067368029 0.017840727 0.010710000
v -0.067391930 0.017761938 0.010710000
v -0.067400000 0.017680000 0.010710000
v -0.067391930 0.017238062 0.010710000
v -0.067368029 0.017159273 0.010710000
v -0.067329217 0.017086661 0.010710000
v -0.067276985 0.017023015 0.010710000
v -0.067213339 0.016970783 0.010710000
v -0.067140727 0.016931971 0.010710000
v -0.067061938 0.016908070 0.010710000
v -0.066980000 0.016900000 0.010710000
v -0.042438062 0.016908070 0.010710000
v -0.042359273 0.016931971 0.010710000
v -0.042286661 0.016970783 0.010710000
v -0.042223015 0.017023015 0.010710000
v -0.042170783 0.017086661 0.010710000
v -0.042131971 0.017159273 0.010710000
v -0.042108070 0.017238062 0.010710000
v -0.042100000 0.017320000 0.010710000
v -0.042100000 0.017680000 0.010870000
v -0.042108070 0.017761938 0.010870000
v -0.042131971 0.017840727 0.010870000
v -0.042170783 0.017913339 0.010870000
v -0.042223015 0.017976985 0.010870000
v -0.042286661 0.018029217 0.010870000
v -0.042359273 0.018068029 0.010870000
v -0.042438062 0.018091930 0.010870000
v -0.042520000 0.018100000 0.010870000
v -0.067061938 0.018091930 0.010870000
v -0.067140727 0.018068029 0.010870000
v -0.067213339 0.018029217 0.010870000
v -0.067276985 0.017976985 0.010870000
v -0.067329217 0.017913339 0.010870000
v -0.067368029 0.017840727 0.010870000
v -0.067391930 0.017761938 0.010870000
v -0.067400000 0.017680000 0.010870000
v -0.067391930 0.017238062 0.010870000
v -0.067368029 0.017159273 0.010870000
v -0.067329217 0.017086661 0.010870000
v -0.067276985 0.017023015 0.010870000
v -0.067213339 0.016970783 0.010870000
v -0.067140727 0.016931971 0.010870000
v -0.067061938 0.016908070 0.010870000
v -0.066980000 0.016900000 0.010870000
v -0.042438062 0.016908070 0.010870000
v -0.042359273 0.016931971 0.010870000
v -0.042286661 0.016970783 0.010870000
v -0.042223015 0.017023015 0.010870000
v -0.042170783 0.017086661 0.010870000
v -0.042131971 0.017159273 0.010870000
v -0.042108070 0.017238062 0.010870000
v -0.042100000 0.017320000 0.010870000
v -0.042137647 0.017668468 0.010910000
v -0.042145692 0.017744993 0.010910000
v -0.042169520 0.017818577 0.010910000
v -0.042208213 0.017886392 0.010910000
v -0.042260285 0.017945833 0.010910000
v -0.042323735 0.017994614 0.010910000
v -0.042396124 0.018030862 0.010910000
v -0.042474672 0.018053184 0.010910000
v -0.042556358 0.018060721 0.010910000
v -0.067022975 0.018053184 0.010910000
v -0.067101523 0.018030862 0.010910000
v -0.067173912 0.017994614 0.010910000
v -0.067237362 0.017945833 0.010910000
v -0.067289434 0.017886392 0.010910000
v -0.067328128 0.017818577 0.010910000
v -0.067351955 0.017744993 0.010910000
v -0.067360000 0.017668468 0.010910000
v -0.067351955 0.017255728 0.010910000
v -0.067328128 0.017182144 0.010910000
v -0.067289434 0.017114329 0.010910000
v -0.067237362 0.017054888 0.010910000
v -0.067173912 0.017006106 0.010910000
v -0.067101523 0.016969858 0.010910000
v -0.067022975 0.016947537 0.010910000
v -0.066941289 0.016940000 0.010910000
v -0.042474672 0.016947537 0.010910000
v -0.042396124 0.016969858 0.010910000
v -0.042323735 0.017006106 0.010910000
v -0.042260285 0.017054888 0.010910000
v -0.042208213 0.017114329 0.010910000
v -0.042169520 0.017182144 0.010910000
v -0.042145692 0.017255728 0.010910000
v -0.042137647 0.017332252 0.010910000
v -0.054366667 0.017505455 0.010670000
v -0.054366667 0.017505455 0.010910000
v -0.042137647 0.031668468 0.010670000
v -0.042145692 0.031744993 0.010670000
v -0.042169520 0.031818577 0.010670000
v -0.042208213 0.031886392 0.010670000
v -0.042260285 0.031945833 0.010670000
v -0.042323735 0.031994614 0.010670000
v -0.042396124 0.032030862 0.010670000
v -0.042474672 0.032053184 0.010670000
v -0.042556358 0.032060721 0.010670000
v -0.067022975 0.032053184 0.010670000
v -0.067101523 0.032030862 0.010670000
v -0.067173912 0.031994614 0.010670000
v -0.067237362 0.031945833 0.010670000
v -0.067289434 0.031886392 0.010670000
v -0.067328128 0.031818577 0.010670000
v -0.067351955 0.031744993 0.010670000
v -0.067360000 0.031668468 0.010670000
v -0.067351955 0.031255728 0.010670000
v -0.067328128 0.031182144 0.010670000
v -0.067289434 0.031114329 0.010670000
v -0.067237362 0.031054888 0.010670000
v -0.067173912 0.031006106 0.010670000
v -0.067101523 0.030969858 0.010670000
v -0.067022975 0.030947537 0.010670000
v -0.066941289 0.030940000 0.010670000
v -0.042474672 0.030947537 0.010670000
v -0.042396124 0.030969858 0.010670000
v -0.042323735 0.031006106 0.010670000
v -0.042260285 0.031054888 0.010670000
v -0.042208213 0.031114329 0.010670000
v -0.042169520 0.031182144 0.010670000
v -0.042145692 0.031255728 0.010670000
v -0.042137647 0.031332252 0.010670000
v -0.042100000 0.031680000 0.010710000
v -0.042108070 0.031761938 0.010710000
v -0.042131971 0.031840727 0.010710000
v -0.042170783 0.031913339 0.010710000
v -0.042223015 0.031976985 0.010710000
v -0.042286661 0.032029217 0.010710000
v -0.042359273 0.032068029 0.010710000
v -0.042438062 0.032091930 0.010710000
v -0.042520000 0.032100000 0.010710000
v -0.067061938 0.032091930 0.010710000
v -0.067140727 0.032068029 0.010710000
v -0.067213339 0.032029217 0.010710000
v -0.067276985 0.031976985 0.010710000
v -0.067329217 0.031913339 0.010710000
v -0.067368029 0.031840727 0.010710000
v -0.067391930 0.031761938 0.010710000
v -0.067400000 0.031680000 0.010710000
v -0.067391930 0.031238062 0.010710000
v -0.067368029 0.031159273 0.010710000
v -0.067329217 0.031086661 0.010710000
v -0.067276985 0.031023015 0.010710000
v -0.067213339 0.030970783 0.010710000
v -0.067140727 0.030931971 0.010710000
v -0.067061938 0.030908070 0.010710000
v -0.066980000 0.030900000 0.010710000
v -0.042438062 0.030908070 0.010710000
v -0.042359273 0.030931971 0.010710000
v -0.042286661 0.030970783 0.010710000
v -0.042223015 0.031023015 0.010710000
v -0.042170783 0.031086661 0.010710000
v -0.042131971 0.031159273 0.010710000
v -0.042108070 0.031238062 0.010710000
v -0.042100000 0.031320000 0.010710000
v -0.042100000 0.031680000 0.010870000
v -0.042108070 0.031761938 0.010870000
v -0.042131971 0.031840727 0.010870000
v -0.042170783 0.031913339 0.010870000
v -0.042223015 0.031976985 0.010870000
v -0.042286661 0.032029217 0.010870000
v -0.042359273 0.032068029 0.010870000
v -0.042438062 0.032091930 0.010870000
v -0.042520000 0.032100000 0.010870000
v -0.067061938 0.032091930 0.010870000
v -0.067140727 0.032068029 0.010870000
v -0.067213339 0.032029217 0.010870000
v -0.067276985 0.031976985 0.010870000
v -0.067329217 0.031913339 0.010870000
v -0.067368029 0.031840727 0.010870000
v -0.067391930 0.031761938 0.010870000
v -0.067400000 0.031680000 0.010870000
v -0.067391930 0.031238062 0.010870000
v -0.067368029 0.031159273 0.010870000
v -0.067329217 0.031086661 0.010870000
v -0.067276985 0.031023015 0.010870000
v -0.067213339 0.030970783 0.010870000
v -0.067140727 0.030931971 0.010870000
v -0.067061938 0.030908070 0.010870000
v -0.066980000 0.030900000 0.010870000
v -0.042438062 0.030908070 0.010870000
v -0.042359273 0.030931971 0.010870000
v -0.042286661 0.030970783 0.010870000
v -0.042223015 0.031023015 0.010870000
v -0.042170783 0.031086661 0.010870000
v -0.042131971 0.031159273 0.010870000
v -0.042108070 0.031238062 0.010870000
v -0.042100000 0.031320000 0.010870000
v -0.042137647 0.031668468 0.010910000
v -0.042145692 0.031744993 0.010910000
v -0.042169520 0.031818577 0.010910000
v -0.042208213 0.031886392 0.010910000
v -0.042260285 0.031945833 0.010910000
v -0.042323735 0.031994614 0.010910000
v -0.042396124 0.032030862 0.010910000
v -0.042474672 0.032053184 0.010910000
v -0.042556358 0.032060721 0.010910000
v -0.067022975 0.032053184 0.010910000
v -0.067101523 0.032030862 0.010910000
v -0.067173912 0.031994614 0.010910000
v -0.067237362 0.031945833 0.010910000
v -0.067289434 0.031886392 0.010910000
v -0.067328128 0.031818577 0.010910000
v -0.067351955 0.031744993 0.010910000
v -0.067360000 0.031668468 0.010910000
v -0.067351955 0.031255728 0.010910000
v -0.067328128 0.031182144 0.010910000
v -0.067289434 0.031114329 0.010910000
v -0.067237362 0.031054888 0.010910000
v -0.067173912 0.031006106 0.010910000
v -0.067101523 0.030969858 0.010910000
v -0.067022975 0.030947537 0.010910000
v -0.066941289 0.030940000 0.010910000
v -0.042474672 0.030947537 0.010910000
v -0.042396124 0.030969858 0.010910000
v -0.042323735 0.031006106 0.010910000
v -0.042260285 0.031054888 0.010910000
v -0.042208213 0.031114329 0.010910000
v -0.042169520 0.031182144 0.010910000
v -0.042145692 0.031255728 0.010910000
v -0.042137647 0.031332252 0.010910000
v -0.054366667 0.031505455 0.010670000
v -0.054366667 0.031505455 0.010910000
v -0.042137647 0.045668468 0.010670000
v -0.042145692 0.045744993 0.010670000
v -0.042169520 0.045818577 0.010670000
v -0.042208213 0.045886392 0.010670000
v -0.042260285 0.045945833 0.010670000
v -0.042323735 0.045994614 0.010670000
v -0.042396124 0.046030862 0.010670000
v -0.042474672 0.046053184 0.010670000
v -0.042556358 0.046060721 0.010670000
v -0.067022975 0.046053184 0.010670000
v -0.067101523 0.046030862 0.010670000
v -0.067173912 0.045994614 0.010670000
v -0.067237362 0.045945833 0.010670000
v -0.067289434 0.045886392 0.010670000
v -0.067328128 0.045818577 0.010670000
v -0.067351955 0.045744993 0.010670000
v -0.067360000 0.045668468 0.010670000
v -0.067351955 0.045255728 0.010670000
v -0.067328128 0.045182144 0.010670000
v -0.067289434 0.045114329 0.010670000
v -0.067237362 0.045054888 0.010670000
v -0.067173912 0.045006106 0.010670000
v -0.067101523 0.044969858 0.010670000
v -0.067022975 0.044947537 0.010670000
v -0.066941289 0.044940000 0.010670000
v -0.042474672 0.044947537 0.010670000
v -0.042396124 0.044969858 0.010670000
v -0.042323735 0.045006106 0.010670000
v -0.042260285 0.045054888 0.010670000
v -0.042208213 0.045114329 0.010670000
v -0.042169520 0.045182144 0.010670000
v -0.042145692 0.045255728 0.010670000
v -0.042137647 0.045332252 0.010670000
v -0.042100000 0.045680000 0.010710000
v -0.042108070 0.045761938 0.010710000
v -0.042131971 0.045840727 0.010710000
v -0.042170783 0.045913339 0.010710000
v -0.042223015 0.045976985 0.010710000
v -0.042286661 0.046029217 0.010710000
v -0.042359273 0.046068029 0.010710000
v -0.042438062 0.046091930 0.010710000
v -0.042520000 0.046100000 0.010710000
v -0.067061938 0.046091930 0.010710000
v -0.067140727 0.046068029 0.010710000
v -0.067213339 0.046029217 0.010710000
v -0.067276985 0.045976985 0.010710000
v -0.067329217 0.045913339 0.010710000
v -0.067368029 0.045840727 0.010710000
v -0.067391930 0.045761938 0.010710000
v -0.067400000 0.045680000 0.010710000
v -0.067391930 0.045238062 0.010710000
v -0.067368029 0.045159273 0.010710000
v -0.067329217 0.045086661 0.010710000
v -0.067276985 0.045023015 0.010710000
v -0.067213339 0.044970783 0.010710000
v -0.067140727 0.044931971 0.010710000
v -0.067061938 0.044908070 0.010710000
v -0.066980000 0.044900000 0.010710000
v -0.042438062 0.044908070 0.010710000
v -0.042359273 0.044931971 0.010710000
v -0.042286661 0.044970783 0.010710000
v -0.042223015 0.045023015 0.010710000
v -0.042170783 0.045086661 0.010710000
v -0.042131971 0.045159273 0.010710000
v -0.042108070 0.045238062 0.010710000
v -0.042100000 0.045320000 0.010710000
v -0.042100000 0.045680000 0.010870000
v -0.042108070 0.045761938 0.010870000
v -0.042131971 0.045840727 0.010870000
v -0.042170783 0.045913339 0.010870000
v -0.042223015 0.045976985 0.010870000
v -0.042286661 0.046029217 0.010870000
v -0.042359273 0.046068029 0.010870000
v -0.042438062 0.046091930 0.010870000
v -0.042520000 0.046100000 0.010870000
v -0.067061938 0.046091930 0.010870000
v -0.067140727 0.046068029 0.010870000
v -0.067213339 0.046029217 0.010870000
v -0.067276985 0.045976985 0.010870000
v -0.067329217 0.045913339 0.010870000
v -0.067368029 0.045840727 0.010870000
v -0.067391930 0.045761938 0.010870000
v -0.067400000 0.045680000 0.010870000
v -0.067391930 0.045238062 0.010870000
v -0.067368029 0.045159273 0.010870000
v -0.067329217 0.045086661 0.010870000
v -0.067276985 0.045023015 0.010870000
v -0.067213339 0.044970783 0.010870000
v -0.067140727 0.044931971 0.010870000
v -0.067061938 0.044908070 0.010870000
v -0.066980000 0.044900000 0.010870000
v -0.042438062 0.044908070 0.010870000
v -0.042359273 0.044931971 0.010870000
v -0.042286661 0.044970783 0.010870000
v -0.042223015 0.045023015 0.010870000
v -0.042170783 0.045086661 0.010870000
v -0.042131971 0.045159273 0.010870000
v -0.042108070 0.045238062 0.010870000
v -0.042100000 0.045320000 0.010870000
v -0.042137647 0.045668468 0.010910000
v -0.042145692 0.045744993 0.010910000
v -0.042169520 0.045818577 0.010910000
v -0.042208213 0.045886392 0.010910000
v -0.042260285 0.045945833 0.010910000
v -0.042323735 0.045994614 0.010910000
v -0.042396124 0.046030862 0.010910000
v -0.042474672 0.046053184 0.010910000
v -0.042556358 0.046060721 0.010910000
v -0.067022975 0.046053184 0.010910000
v -0.067101523 0.046030862 0.010910000
v -0.067173912 0.045994614 0.010910000
v -0.067237362 0.045945833 0.010910000
v -0.067289434 0.045886392 0.010910000
v -0.067328128 0.045818577 0.010910000
v -0.067351955 0.045744993 0.010910000
v -0.067360000 0.045668468 0.010910000
v -0.067351955 0.045255728 0.010910000
v -0.067328128 0.045182144 0.010910000
v -0.067289434 0.045114329 0.010910000
v -0.067237362 0.045054888 0.010910000
v -0.067173912 0.045006106 0.010910000
v -0.067101523 0.044969858 0.010910000
v -0.067022975 0.044947537 0.010910000
v -0.066941289 0.044940000 0.010910000
v -0.042474672 0.044947537 0.010910000
v -0.042396124 0.044969858 0.010910000
v -0.042323735 0.045006106 0.010910000
v -0.042260285 0.045054888 0.010910000
v -0.042208213 0.045114329 0.010910000
v -0.042169520 0.045182144 0.010910000
v -0.042145692 0.045255728 0.010910000
v -0.042137647 0.045332252 0.010910000
v -0.054366667 0.045505455 0.010670000
v -0.054366667 0.045505455 0.010910000
v -0.042137647 0.059668468 0.010670000
v -0.042145692 0.059744993 0.010670000
v -0.042169520 0.059818577 0.010670000
v -0.042208213 0.059886392 0.010670000
v -0.042260285 0.059945833 0.010670000
v -0.042323735 0.059994614 0.010670000
v -0.042396124 0.060030862 0.010670000
v -0.042474672 0.060053184 0.010670000
v -0.042556358 0.060060721 0.010670000
v -0.067022975 0.060053184 0.010670000
v -0.067101523 0.060030862 0.010670000
v -0.067173912 0.059994614 0.010670000
v -0.067237362 0.059945833 0.010670000
v -0.067289434 0.059886392 0.010670000
v -0.067328128 0.059818577 0.010670000
v -0.067351955 0.059744993 0.010670000
v -0.067360000 0.059668468 0.010670000
v -0.067351955 0.059255728 0.010670000
v -0.067328128 0.059182144 0.010670000
v -0.067289434 0.059114329 0.010670000
v -0.067237362 0.059054888 0.010670000
v -0.067173912 0.059006106 0.010670000
v -0.067101523 0.058969858 0.010670000
v -0.067022975 0.058947537 0.010670000
v -0.066941289 0.058940000 0.010670000
v -0.042474672 0.058947537 0.010670000
v -0.042396124 0.058969858 0.010670000
v -0.042323735 0.059006106 0.010670000
v -0.042260285 0.059054888 0.010670000
v -0.042208213 0.059114329 0.010670000
v -0.042169520 0.059182144 0.010670000
v -0.042145692 0.059255728 0.010670000
v -0.042137647 0.059332252 0.010670000
v -0.042100000 0.059680000 0.010710000
v -0.042108070 0.059761938 0.010710000
v -0.042131971 0.059840727 0.010710000
v -0.042170783 0.059913339 0.010710000
v -0.042223015 0.059976985 0.010710000
v -0.042286661 0.060029217 0.010710000
v -0.042359273 0.060068029 0.010710000
v -0.042438062 0.060091930 0.010710000
v -0.042520000 0.060100000 0.010710000
v -0.067061938 0.060091930 0.010710000
v -0.067140727 0.060068029 0.010710000
v -0.067213339 0.060029217 0.010710000
v -0.067276985 0.059976985 0.010710000
v -0.067329217 0.059913339 0.010710000
v -0.067368029 0.059840727 0.010710000
v -0.067391930 0.059761938 0.010710000
v -0.067400000 0.059680000 0.010710000
v -0.067391930 0.059238062 0.010710000
v -0.067368029 0.059159273 0.010710000
v -0.067329217 0.059086661 0.010710000
v -0.067276985 0.059023015 0.010710000
v -0.067213339 0.058970783 0.010710000
v -0.067140727 0.058931971 0.010710000
v -0.067061938 0.058908070 0.010710000
v -0.066980000 0.058900000 0.010710000
v -0.042438062 0.058908070 0.010710000
v -0.042359273 0.058931971 0.010710000
v -0.042286661 0.058970783 0.010710000
v -0.042223015 0.059023015 0.010710000
v -0.042170783 0.059086661 0.010710000
v -0.042131971 0.059159273 0.010710000
v -0.042108070 0.059238062 0.010710000
v -0.042100000 0.059320000 0.010710000
v -0.042100000 0.059680000 0.010870000
v -0.042108070 0.059761938 0.010870000
v -0.042131971 0.059840727 0.010870000
v -0.042170783 0.059913339 0.010870000
v -0.042223015 0.059976985 0.010870000
v -0.042286661 0.060029217 0.010870000
v -0.042359273 0.060068029 0.010870000
v -0.042438062 0.060091930 0.010870000
v -0.042520000 0.060100000 0.010870000
v -0.067061938 0.060091930 0.010870000
v -0.067140727 0.060068029 0.010870000
v -0.067213339 0.060029217 0.010870000
v -0.067276985 0.059976985 0.010870000
v -0.067329217 0.059913339 0.010870000
v -0.067368029 0.059840727 0.010870000
v -0.067391930 0.059761938 0.010870000
v -0.067400000 0.059680000 0.010870000
v -0.067391930 0.059238062 0.010870000
v -0.067368029 0.059159273 0.010870000
v -0.067329217 0.059086661 0.010870000
v -0.067276985 0.059023015 0.010870000
v -0.067213339 0.058970783 0.010870000
v -0.067140727 0.058931971 0.010870000
v -0.067061938 0.058908070 0.010870000
v -0.066980000 0.058900000 0.010870000
v -0.042438062 0.058908070 0.010870000
v -0.042359273 0.058931971 0.010870000
v -0.042286661 0.058970783 0.010870000
v -0.042223015 0.059023015 0.010870000
v -0.042170783 0.059086661 0.010870000
v -0.042131971 0.059159273 0.010870000
v -0.042108070 0.059238062 0.010870000
v -0.042100000 0.059320000 0.010870000
v -0.042137647 0.059668468 0.010910000
v -0.042145692 0.059744993 0.010910000
v -0.042169520 0.059818577 0.010910000
v -0.042208213 0.059886392 0.010910000
v -0.042260285 0.059945833 0.010910000
v -0.042323735 0.059994614 0.010910000
v -0.042396124 0.060030862 0.010910000
v -0.042474672 0.060053184 0.010910000
v -0.042556358 0.060060721 0.010910000
v -0.067022975 0.060053184 0.010910000
v -0.067101523 0.060030862 0.010910000
v -0.067173912 0.059994614 0.010910000
v -0.067237362 0.059945833 0.010910000
v -0.067289434 0.059886392 0.010910000
v -0.067328128 0.059818577 0.010910000
v -0.067351955 0.059744993 0.010910000
v -0.067360000 0.059668468 0.010910000
v -0.067351955 0.059255728 0.010910000
v -0.067328128 0.059182144 0.010910000
v -0.067289434 0.059114329 0.010910000
v -0.067237362 0.059054888 0.010910000
v -0.067173912 0.059006106 0.010910000
v -0.067101523 0.058969858 0.010910000
v -0.067022975 0.058947537 0.010910000
v -0.066941289 0.058940000 0.010910000
v -0.042474672 0.058947537 0.010910000
v -0.042396124 0.058969858 0.010910000
v -0.042323735 0.059006106 0.010910000
v -0.042260285 0.059054888 0.010910000
v -0.042208213 0.059114329 0.010910000
v -0.042169520 0.059182144 0.010910000
v -0.042145692 0.059255728 0.010910000
v -0.042137647 0.059332252 0.010910000
v -0.054366667 0.059505455 0.010670000
v -0.054366667 0.059505455 0.010910000
v -0.042137647 0.073668468 0.010670000
v -0.042145692 0.073744993 0.010670000
v -0.042169520 0.073818577 0.010670000
v -0.042208213 0.073886392 0.010670000
v -0.042260285 0.073945833 0.010670000
v -0.042323735 0.073994614 0.010670000
v -0.042396124 0.074030862 0.010670000
v -0.042474672 0.074053184 0.010670000
v -0.042556358 0.074060721 0.010670000
v -0.067022975 0.074053184 0.010670000
v -0.067101523 0.074030862 0.010670000
v -0.067173912 0.073994614 0.010670000
v -0.067237362 0.073945833 0.010670000
v -0.067289434 0.073886392 0.010670000
v -0.067328128 0.073818577 0.010670000
v -0.067351955 0.073744993 0.010670000
v -0.067360000 0.073668468 0.010670000
v -0.067351955 0.073255728 0.010670000
v -0.067328128 0.073182144 0.010670000
v -0.067289434 0.073114329 0.010670000
v -0.067237362 0.073054888 0.010670000
v -0.067173912 0.073006106 0.010670000
v -0.067101523 0.072969858 0.010670000
v -0.067022975 0.072947537 0.010670000
v -0.066941289 0.072940000 0.010670000
v -0.042474672 0.072947537 0.010670000
v -0.042396124 0.072969858 0.010670000
v -0.042323735 0.073006106 0.010670000
v -0.042260285 0.073054888 0.010670000
v -0.042208213 0.073114329 0.010670000
v -0.042169520 0.073182144 0.010670000
v -0.042145692 0.073255728 0.010670000
v -0.042137647 0.073332252 0.010670000
v -0.042100000 0.073680000 0.010710000
v -0.042108070 0.073761938 0.010710000
v -0.042131971 0.073840727 0.010710000
v -0.042170783 0.073913339 0.010710000
v -0.042223015 0.073976985 0.010710000
v -0.042286661 0.074029217 0.010710000
v -0.042359273 0.074068029 0.010710000
v -0.042438062 0.074091930 0.010710000
v -0.042520000 0.074100000 0.010710000
v -0.067061938 0.074091930 0.010710000
v -0.067140727 0.074068029 0.010710000
v -0.067213339 0.074029217 0.010710000
v -0.067276985 0.073976985 0.010710000
v -0.067329217 0.073913339 0.010710000
v -0.067368029 0.073840727 0.010710000
v -0.067391930 0.073761938 0.010710000
v -0.067400000 0.073680000 0.010710000
v -0.067391930 0.073238062 0.010710000
v -0.067368029 0.073159273 0.010710000
v -0.067329217 0.073086661 0.010710000
v -0.067276985 0.073023015 0.010710000
v -0.067213339 0.072970783 0.010710000
v -0.067140727 0.072931971 0.010710000
v -0.067061938 0.072908070 0.010710000
v -0.066980000 0.072900000 0.010710000
v -0.042438062 0.072908070 0.010710000
v -0.042359273 0.072931971 0.010710000
v -0.042286661 0.072970783 0.010710000
v -0.042223015 0.073023015 0.010710000
v -0.042170783 0.073086661 0.010710000
v -0.042131971 0.073159273 0.010710000
v -0.042108070 0.073238062 0.010710000
v -0.042100000 0.073320000 0.010710000
v -0.042100000 0.073680000 0.010870000
v -0.042108070 0.073761938 0.010870000
v -0.042131971 0.073840727 0.010870000
v -0.042170783 0.073913339 0.010870000
v -0.042223015 0.073976985 0.010870000
v -0.042286661 0.074029217 0.010870000
v -0.042359273 0.074068029 0.010870000
v -0.042438062 0.074091930 0.010870000
v -0.042520000 0.074100000 0.010870000
v -0.067061938 0.074091930 0.010870000
v -0.067140727 0.074068029 0.010870000
v -0.067213339 0.074029217 0.010870000
v -0.067276985 0.073976985 0.010870000
v -0.067329217 0.073913339 0.010870000
v -0.067368029 0.073840727 0.010870000
v -0.067391930 0.073761938 0.010870000
v -0.067400000 0.073680000 0.010870000
v -0.067391930 0.073238062 0.010870000
v -0.067368029 0.073159273 0.010870000
v -0.067329217 0.073086661 0.010870000
v -0.067276985 0.073023015 0.010870000
v -0.067213339 0.072970783 0.010870000
v -0.067140727 0.072931971 0.010870000
v -0.067061938 0.072908070 0.010870000
v -0.066980000 0.072900000 0.010870000
v -0.042438062 0.072908070 0.010870000
v -0.042359273 0.072931971 0.010870000
v -0.042286661 0.072970783 0.010870000
v -0.042223015 0.073023015 0.010870000
v -0.042170783 0.073086661 0.010870000
v -0.042131971 0.073159273 0.010870000
v -0.042108070 0.073238062 0.010870000
v -0.042100000 0.073320000 0.010870000
v -0.042137647 0.073668468 0.010910000
v -0.042145692 0.073744993 0.010910000
v -0.042169520 0.073818577 0.010910000
v -0.042208213 0.073886392 0.010910000
v -0.042260285 0.073945833 0.010910000
v -0.042323735 0.073994614 0.010910000
v -0.042396124 0.074030862 0.010910000
v -0.042474672 0.074053184 0.010910000
v -0.042556358 0.074060721 0.010910000
v -0.067022975 0.074053184 0.010910000
v -0.067101523 0.074030862 0.010910000
v -0.067173912 0.073994614 0.010910000
v -0.067237362 0.073945833 0.010910000
v -0.067289434 0.073886392 0.010910000
v -0.067328128 0.073818577 0.010910000
v -0.067351955 0.073744993 0.010910000
v -0.067360000 0.073668468 0.010910000
v -0.067351955 0.073255728 0.010910000
v -0.067328128 0.073182144 0.010910000
v -0.067289434 0.073114329 0.010910000
v -0.067237362 0.073054888 0.010910000
v -0.067173912 0.073006106 0.010910000
v -0.067101523 0.072969858 0.010910000
v -0.067022975 0.072947537 0.010910000
v -0.066941289 0.072940000 0.010910000
v -0.042474672 0.072947537 0.010910000
v -0.042396124 0.072969858 0.010910000
v -0.042323735 0.073006106 0.010910000
v -0.042260285 0.073054888 0.010910000
v -0.042208213 0.073114329 0.010910000
v -0.042169520 0.073182144 0.010910000
v -0.042145692 0.073255728 0.010910000
v -0.042137647 0.073332252 0.010910000
v -0.054366667 0.073505455 0.010670000
v -0.054366667 0.073505455 0.010910000
v 0.067362353 0.017668468 0.010670000
v 0.067354308 0.017744993 0.010670000
v 0.067330480 0.017818577 0.010670000
v 0.067291787 0.017886392 0.010670000
v 0.067239715 0.017945833 0.010670000
v 0.067176265 0.017994614 0.010670000
v 0.067103876 0.018030862 0.010670000
v 0.067025328 0.018053184 0.010670000
v 0.066943642 0.018060721 0.010670000
v 0.042477025 0.018053184 0.010670000
v 0.042398477 0.018030862 0.010670000
v 0.042326088 0.017994614 0.010670000
v 0.042262638 0.017945833 0.010670000
v 0.042210566 0.017886392 0.010670000
v 0.042171872 0.017818577 0.010670000
v 0.042148045 0.017744993 0.010670000
v 0.042140000 0.017668468 0.010670000
v 0.042148045 0.017255728 0.010670000
v 0.042171872 0.017182144 0.010670000
v 0.042210566 0.017114329 0.010670000
v 0.042262638 0.017054888 0.010670000
v 0.042326088 0.017006106 0.010670000
v 0.042398477 0.016969858 0.010670000
v 0.042477025 0.016947537 0.010670000
v 0.042558711 0.016940000 0.010670000
v 0.067025328 0.016947537 0.010670000
v 0.067103876 0.016969858 0.010670000
v 0.067176265 0.017006106 0.010670000
v 0.067239715 0.017054888 0.010670000
v 0.067291787 0.017114329 0.010670000
v 0.067330480 0.017182144 0.010670000
v 0.067354308 0.017255728 0.010670000
v 0.067362353 0.017332252 0.010670000
v 0.067400000 0.017680000 0.010710000
v 0.067391930 0.017761938 0.010710000
v 0.067368029 0.017840727 0.010710000
v 0.067329217 0.017913339 0.010710000
v 0.067276985 0.017976985 0.010710000
v 0.067213339 0.018029217 0.010710000
v 0.067140727 0.018068029 0.010710000
v 0.067061938 0.018091930 0.010710000
v 0.066980000 0.018100000 0.010710000
v 0.042438062 0.018091930 0.010710000
v 0.042359273 0.018068029 0.010710000
v 0.042286661 0.018029217 0.010710000
v 0.042223015 0.017976985 0.010710000
v 0.042170783 0.017913339 0.010710000
v 0.042131971 0.017840727 0.010710000
v 0.042108070 0.017761938 0.010710000
v 0.042100000 0.017680000 0.010710000
v 0.042108070 0.017238062 0.010710000
v 0.042131971 0.017159273 0.010710000
v 0.042170783 0.017086661 0.010710000
v 0.042223015 0.017023015 0.010710000
v 0.042286661 0.016970783 0.010710000
v 0.042359273 0.016931971 0.010710000
v 0.042438062 0.016908070 0.010710000
v 0.042520000 0.016900000 0.010710000
v 0.067061938 0.016908070 0.010710000
v 0.067140727 0.016931971 0.010710000
v 0.067213339 0.016970783 0.010710000
v 0.067276985 0.017023015 0.010710000
v 0.067329217 0.017086661 0.010710000
v 0.067368029 0.017159273 0.010710000
v 0.067391930 0.017238062 0.010710000
v 0.067400000 0.017320000 0.010710000
v 0.067400000 0.017680000 0.010870000
v 0.067391930 0.017761938 0.010870000
v 0.067368029 0.017840727 0.010870000
v 0.067329217 0.017913339 0.010870000
v 0.067276985 0.017976985 0.010870000
v 0.067213339 0.018029217 0.010870000
v 0.067140727 0.018068029 0.010870000
v 0.067061938 0.018091930 0.010870000
v 0.066980000 0.018100000 0.010870000
v 0.042438062 0.018091930 0.010870000
v 0.042359273 0.018068029 0.010870000
v 0.042286661 0.018029217 0.010870000
v 0.042223015 0.017976985 0.010870000
v 0.042170783 0.017913339 0.010870000
v 0.042131971 0.017840727 0.010870000
v 0.042108070 0.017761938 0.010870000
v 0.042100000 0.017680000 0.010870000
v 0.042108070 0.017238062 0.010870000
v 0.042131971 0.017159273 0.010870000
v 0.042170783 0.017086661 0.010870000
v 0.042223015 0.017023015 0.010870000
v 0.042286661 0.016970783 0.010870000
v 0.042359273 0.016931971 0.010870000
v 0.042438062 0.016908070 0.010870000
v 0.042520000 0.016900000 0.010870000
v 0.067061938 0.016908070 0.010870000
v 0.067140727 0.016931971 0.010870000
v 0.067213339 0.016970783 0.010870000
v 0.067276985 0.017023015 0.010870000
v 0.067329217 0.017086661 0.010870000
v 0.067368029 0.017159273 0.010870000
v 0.067391930 0.017238062 0.010870000
v 0.067400000 0.017320000 0.010870000
v 0.067362353 0.017668468 0.010910000
v 0.067354308 0.017744993 0.010910000
v 0.067330480 0.017818577 0.010910000
v 0.067291787 0.017886392 0.010910000
v 0.067239715 0.017945833 0.010910000
v 0.067176265 0.017994614 0.010910000
v 0.067103876 0.018030862 0.010910000
v 0.067025328 0.018053184 0.010910000
v 0.066943642 0.018060721 0.010910000
v 0.042477025 0.018053184 0.010910000
v 0.042398477 0.018030862 0.010910000
v 0.042326088 0.017994614 0.010910000
v 0.042262638 0.017945833 0.010910000
v 0.042210566 0.017886392 0.010910000
v 0.042171872 0.017818577 0.010910000
v 0.042148045 0.017744993 0.010910000
v 0.042140000 0.017668468 0.010910000
v 0.042148045 0.017255728 0.010910000
v 0.042171872 0.017182144 0.010910000
v 0.042210566 0.017114329 0.010910000
v 0.042262638 0.017054888 0.010910000
v 0.042326088 0.017006106 0.010910000
v 0.042398477 0.016969858 0.010910000
v 0.042477025 0.016947537 0.010910000
v 0.042558711 0.016940000 0.010910000
v 0.067025328 0.016947537 0.010910000
v 0.067103876 0.016969858 0.010910000
v 0.067176265 0.017006106 0.010910000
v 0.067239715 0.017054888 0.010910000
v 0.067291787 0.017114329 0.010910000
v 0.067330480 0.017182144 0.010910000
v 0.067354308 0.017255728 0.010910000
v 0.067362353 0.017332252 0.010910000
v 0.055133333 0.017505455 0.010670000
v 0.055133333 0.017505455 0.010910000
v 0.067362353 0.031668468 0.010670000
v 0.067354308 0.031744993 0.010670000
v 0.067330480 0.031818577 0.010670000
v 0.067291787 0.031886392 0.010670000
v 0.067239715 0.031945833 0.010670000
v 0.067176265 0.031994614 0.010670000
v 0.067103876 0.032030862 0.010670000
v 0.067025328 0.032053184 0.010670000
v 0.066943642 0.032060721 0.010670000
v 0.042477025 0.032053184 0.010670000
v 0.042398477 0.032030862 0.010670000
v 0.042326088 0.031994614 0.010670000
v 0.042262638 0.031945833 0.010670000
v 0.042210566 0.031886392 0.010670000
v 0.042171872 0.031818577 0.010670000
v 0.042148045 0.031744993 0.010670000
v 0.042140000 0.031668468 0.010670000
v 0.042148045 0.031255728 0.010670000
v 0.042171872 0.031182144 0.010670000
v 0.042210566 0.031114329 0.010670000
v 0.042262638 0.031054888 0.010670000
v 0.042326088 0.031006106 0.010670000
v 0.042398477 0.030969858 0.010670000
v 0.042477025 0.030947537 0.010670000
v 0.042558711 0.030940000 0.010670000
v 0.067025328 0.030947537 0.010670000
v 0.067103876 0.030969858 0.010670000
v 0.067176265 0.031006106 0.010670000
v 0.067239715 0.031054888 0.010670000
v 0.067291787 0.031114329 0.010670000
v 0.067330480 0.031182144 0.010670000
v 0.067354308 0.031255728 0.010670000
v 0.067362353 0.031332252 0.010670000
v 0.067400000 0.031680000 0.010710000
v 0.067391930 0.031761938 0.010710000
v 0.067368029 0.031840727 0.010710000
v 0.067329217 0.031913339 0.010710000
v 0.067276985 0.031976985 0.010710000
v 0.067213339 0.032029217 0.010710000
v 0.067140727 0.032068029 0.010710000
v 0.067061938 0.032091930 0.010710000
v 0.066980000 0.032100000 0.010710000
v 0.042438062 0.032091930 0.010710000
v 0.042359273 0.032068029 0.010710000
v 0.042286661 0.032029217 0.010710000
v 0.042223015 0.031976985 0.010710000
v 0.042170783 0.031913339 0.010710000
v 0.042131971 0.031840727 0.010710000
v 0.042108070 0.031761938 0.010710000
v 0.042100000 0.031680000 0.010710000
v 0.042108070 0.031238062 0.010710000
v 0.042131971 0.031159273 0.010710000
v 0.042170783 0.031086661 0.010710000
v 0.042223015 0.031023015 0.010710000
v 0.042286661 0.030970783 0.010710000
v 0.042359273 0.030931971 0.010710000
v 0.042438062 0.030908070 0.010710000
v 0.042520000 0.030900000 0.010710000
v 0.067061938 0.030908070 0.010710000
v 0.067140727 0.030931971 0.010710000
v 0.067213339 0.030970783 0.010710000
v 0.067276985 0.031023015 0.010710000
v 0.067329217 0.031086661 0.010710000
v 0.067368029 0.031159273 0.010710000
v 0.067391930 0.031238062 0.010710000
v 0.067400000 0.031320000 0.010710000
v 0.067400000 0.031680000 0.010870000
v 0.067391930 0.031761938 0.010870000
v 0.067368029 0.031840727 0.010870000
v 0.067329217 0.031913339 0.010870000
v 0.067276985 0.031976985 0.010870000
v 0.067213339 0.032029217 0.010870000
v 0.067140727 0.032068029 0.010870000
v 0.067061938 0.032091930 0.010870000
v 0.066980000 0.032100000 0.010870000
v 0.042438062 0.032091930 0.010870000
v 0.042359273 0.032068029 0.010870000
v 0.042286661 0.032029217 0.010870000
v 0.042223015 0.031976985 0.010870000
v 0.042170783 0.031913339 0.010870000
v 0.042131971 0.031840727 0.010870000
v 0.042108070 0.031761938 0.010870000
v 0.042100000 0.031680000 0.010870000
v 0.042108070 0.031238062 0.010870000
v 0.042131971 0.031159273 0.010870000
v 0.042170783 0.031086661 0.010870000
v 0.042223015 0.031023015 0.010870000
v 0.042286661 0.030970783 0.010870000
v 0.042359273 0.030931971 0.010870000
v 0.042438062 0.030908070 0.010870000
v 0.042520000 0.030900000 0.010870000
v 0.067061938 0.030908070 0.010870000
v 0.067140727 0.030931971 0.010870000
v 0.067213339 0.030970783 0.010870000
v 0.067276985 0.031023015 0.010870000
v 0.067329217 0.031086661 0.010870000
v 0.067368029 0.031159273 0.010870000
v 0.067391930 0.031238062 0.010870000
v 0.067400000 0.031320000 0.010870000
v 0.067362353 0.031668468 0.010910000
v 0.067354308 0.031744993 0.010910000
v 0.067330480 0.031818577 0.010910000
v 0.067291787 0.031886392 0.010910000
v 0.067239715 0.031945833 0.010910000
v 0.067176265 0.031994614 0.010910000
v 0.067103876 0.032030862 0.010910000
v 0.067025328 0.032053184 0.010910000
v 0.066943642 0.032060721 0.010910000
v 0.042477025 0.032053184 0.010910000
v 0.042398477 0.032030862 0.010910000
v 0.042326088 0.031994614 0.010910000
v 0.042262638 0.031945833 0.010910000
v 0.042210566 0.031886392 0.010910000
v 0.042171872 0.031818577 0.010910000
v 0.042148045 0.031744993 0.010910000
v 0.042140000 0.031668468 0.010910000
v 0.042148045 0.031255728 0.010910000
v 0.042171872 0.031182144 0.010910000
v 0.042210566 0.031114329 0.010910000
v 0.042262638 0.031054888 0.010910000
v 0.042326088 0.031006106 0.010910000
v 0.042398477 0.030969858 0.010910000
v 0.042477025 0.030947537 0.010910000
v 0.042558711 0.030940000 0.010910000
v 0.067025328 0.030947537 0.010910000
v 0.067103876 0.030969858 0.010910000
v 0.067176265 0.031006106 0.010910000
v 0.067239715 0.031054888 0.010910000
v 0.067291787 0.031114329 0.010910000
v 0.067330480 0.031182144 0.010910000
v 0.067354308 0.031255728 0.010910000
v 0.067362353 0.031332252 0.010910000
v 0.055133333 0.031505455 0.010670000
v 0.055133333 0.031505455 0.010910000
v 0.067362353 0.045668468 0.010670000
v 0.067354308 0.045744993 0.010670000
v 0.067330480 0.045818577 0.010670000
v 0.067291787 0.045886392 0.010670000
v 0.067239715 0.045945833 0.010670000
v 0.067176265 0.045994614 0.010670000
v 0.067103876 0.046030862 0.010670000
v 0.067025328 0.046053184 0.010670000
v 0.066943642 0.046060721 0.010670000
v 0.042477025 0.046053184 0.010670000
v 0.042398477 0.046030862 0.010670000
v 0.042326088 0.045994614 0.010670000
v 0.042262638 0.045945833 0.010670000
v 0.042210566 0.045886392 0.010670000
v 0.042171872 0.045818577 0.010670000
v 0.042148045 0.045744993 0.010670000
v 0.042140000 0.045668468 0.010670000
v 0.042148045 0.045255728 0.010670000
v 0.042171872 0.045182144 0.010670000
v 0.042210566 0.045114329 0.010670000
v 0.042262638 0.045054888 0.010670000
v 0.042326088 0.045006106 0.010670000
v 0.042398477 0.044969858 0.010670000
v 0.042477025 0.044947537 0.010670000
v 0.042558711 0.044940000 0.010670000
v 0.067025328 0.044947537 0.010670000
v 0.067103876 0.044969858 0.010670000
v 0.067176265 0.045006106 0.010670000
v 0.067239715 0.045054888 0.010670000
v 0.067291787 0.045114329 0.010670000
v 0.067330480 0.045182144 0.010670000
v 0.067354308 0.045255728 0.010670000
v 0.067362353 0.045332252 0.010670000
v 0.067400000 0.045680000 0.010710000
v 0.067391930 0.045761938 0.010710000
v 0.067368029 0.045840727 0.010710000
v 0.067329217 0.045913339 0.010710000
v 0.067276985 0.045976985 0.010710000
v 0.067213339 0.046029217 0.010710000
v 0.067140727 0.046068029 0.010710000
v 0.067061938 0.046091930 0.010710000
v 0.066980000 0.046100000 0.010710000
v 0.042438062 0.046091930 0.010710000
v 0.042359273 0.046068029 0.010710000
v 0.042286661 0.046029217 0.010710000
v 0.042223015 0.045976985 0.010710000
v 0.042170783 0.045913339 0.010710000
v 0.042131971 0.045840727 0.010710000
v 0.042108070 0.045761938 0.010710000
v 0.042100000 0.045680000 0.010710000
v 0.042108070 0.045238062 0.010710000
v 0.042131971 0.045159273 0.010710000
v 0.042170783 0.045086661 0.010710000
v 0.042223015 0.045023015 0.010710000
v 0.042286661 0.044970783 0.010710000
v 0.042359273 0.044931971 0.010710000
v 0.042438062 0.044908070 0.010710000
v 0.042520000 0.044900000 0.010710000
v 0.067061938 0.044908070 0.010710000
v 0.067140727 0.044931971 0.010710000
v 0.067213339 0.044970783 0.010710000
v 0.067276985 0.045023015 0.010710000
v 0.067329217 0.045086661 0.010710000
v 0.067368029 0.045159273 0.010710000
v 0.067391930 0.045238062 0.010710000
v 0.067400000 0.045320000 0.010710000
v 0.067400000 0.045680000 0.010870000
v 0.067391930 0.045761938 0.010870000
v 0.067368029 0.045840727 0.010870000
v 0.067329217 0.045913339 0.010870000
v 0.067276985 0.045976985 0.010870000
v 0.067213339 0.046029217 0.010870000
v 0.067140727 0.046068029 0.010870000
v 0.067061938 0.046091930 0.010870000
v 0.066980000 0.046100000 0.010870000
v 0.042438062 0.046091930 0.010870000
v 0.042359273 0.046068029 0.010870000
v 0.042286661 0.046029217 0.010870000
v 0.042223015 0.045976985 0.010870000
v 0.042170783 0.045913339 0.010870000
v 0.042131971 0.045840727 0.010870000
v 0.042108070 0.045761938 0.010870000
v 0.042100000 0.045680000 0.010870000
v 0.042108070 0.045238062 0.010870000
v 0.042131971 0.045159273 0.010870000
v 0.042170783 0.045086661 0.010870000
v 0.042223015 0.045023015 0.010870000
v 0.042286661 0.044970783 0.010870000
v 0.042359273 0.044931971 0.010870000
v 0.042438062 0.044908070 0.010870000
v 0.042520000 0.044900000 0.010870000
v 0.067061938 0.044908070 0.010870000
v 0.067140727 0.044931971 0.010870000
v 0.067213339 0.044970783 0.010870000
v 0.067276985 0.045023015 0.010870000
v 0.067329217 0.045086661 0.010870000
v 0.067368029 0.045159273 0.010870000
v 0.067391930 0.045238062 0.010870000
v 0.067400000 0.045320000 0.010870000
v 0.067362353 0.045668468 0.010910000
v 0.067354308 0.045744993 0.010910000
v 0.067330480 0.045818577 0.010910000
v 0.067291787 0.045886392 0.010910000
v 0.067239715 0.045945833 0.010910000
v 0.067176265 0.045994614 0.010910000
v 0.067103876 0.046030862 0.010910000
v 0.067025328 0.046053184 0.010910000
v 0.066943642 0.046060721 0.010910000
v 0.042477025 0.046053184 0.010910000
v 0.042398477 0.046030862 0.010910000
v 0.042326088 0.045994614 0.010910000
v 0.042262638 0.045945833 0.010910000
v 0.042210566 0.045886392 0.010910000
v 0.042171872 0.045818577 0.010910000
v 0.042148045 0.045744993 0.010910000
v 0.042140000 0.045668468 0.010910000
v 0.042148045 0.045255728 0.010910000
v 0.042171872 0.045182144 0.010910000
v 0.042210566 0.045114329 0.010910000
v 0.042262638 0.045054888 0.010910000
v 0.042326088 0.045006106 0.010910000
v 0.042398477 0.044969858 0.010910000
v 0.042477025 0.044947537 0.010910000
v 0.042558711 0.044940000 0.010910000
v 0.067025328 0.044947537 0.010910000
v 0.067103876 0.044969858 0.010910000
v 0.067176265 0.045006106 0.010910000
v 0.067239715 0.045054888 0.010910000
v 0.067291787 0.045114329 0.010910000
v 0.067330480 0.045182144 0.010910000
v 0.067354308 0.045255728 0.010910000
v 0.067362353 0.045332252 0.010910000
v 0.055133333 0.045505455 0.010670000
v 0.055133333 0.045505455 0.010910000
v 0.067362353 0.059668468 0.010670000
v 0.067354308 0.059744993 0.010670000
v 0.067330480 0.059818577 0.010670000
v 0.067291787 0.059886392 0.010670000
v 0.067239715 0.059945833 0.010670000
v 0.067176265 0.059994614 0.010670000
v 0.067103876 0.060030862 0.010670000
v 0.067025328 0.060053184 0.010670000
v 0.066943642 0.060060721 0.010670000
v 0.042477025 0.060053184 0.010670000
v 0.042398477 0.060030862 0.010670000
v 0.042326088 0.059994614 0.010670000
v 0.042262638 0.059945833 0.010670000
v 0.042210566 0.059886392 0.010670000
v 0.042171872 0.059818577 0.010670000
v 0.042148045 0.059744993 0.010670000
v 0.042140000 0.059668468 0.010670000
v 0.042148045 0.059255728 0.010670000
v 0.042171872 0.059182144 0.010670000
v 0.042210566 0.059114329 0.010670000
v 0.042262638 0.059054888 0.010670000
v 0.042326088 0.059006106 0.010670000
v 0.042398477 0.058969858 0.010670000
v 0.042477025 0.058947537 0.010670000
v 0.042558711 0.058940000 0.010670000
v 0.067025328 0.058947537 0.010670000
v 0.067103876 0.058969858 0.010670000
v 0.067176265 0.059006106 0.010670000
v 0.067239715 0.059054888 0.010670000
v 0.067291787 0.059114329 0.010670000
v 0.067330480 0.059182144 0.010670000
v 0.067354308 0.059255728 0.010670000
v 0.067362353 0.059332252 0.010670000
v 0.067400000 0.059680000 0.010710000
v 0.067391930 0.059761938 0.010710000
v 0.067368029 0.059840727 0.010710000
v 0.067329217 0.059913339 0.010710000
v 0.067276985 0.059976985 0.010710000
v 0.067213339 0.060029217 0.010710000
v 0.067140727 0.060068029 0.010710000
v 0.067061938 0.060091930 0.010710000
v 0.066980000 0.060100000 0.010710000
v 0.042438062 0.060091930 0.010710000
v 0.042359273 0.060068029 0.010710000
v 0.042286661 0.060029217 0.010710000
v 0.042223015 0.059976985 0.010710000
v 0.042170783 0.059913339 0.010710000
v 0.042131971 0.059840727 0.010710000
v 0.042108070 0.059761938 0.010710000
v 0.042100000 0.059680000 0.010710000
v 0.042108070 0.059238062 0.010710000
v 0.042131971 0.059159273 0.010710000
v 0.042170783 0.059086661 0.010710000
v 0.042223015 0.059023015 0.010710000
v 0.042286661 0.058970783 0.010710000
v 0.042359273 0.058931971 0.010710000
v 0.042438062 0.058908070 0.010710000
v 0.042520000 0.058900000 0.010710000
v 0.067061938 0.058908070 0.010710000
v 0.067140727 0.058931971 0.010710000
v 0.067213339 0.058970783 0.010710000
v 0.067276985 0.059023015 0.010710000
v 0.067329217 0.059086661 0.010710000
v 0.067368029 0.059159273 0.010710000
v 0.067391930 0.059238062 0.010710000
v 0.067400000 0.059320000 0.010710000
v 0.067400000 0.059680000 0.010870000
v 0.067391930 0.059761938 0.010870000
v 0.067368029 0.059840727 0.010870000
v 0.067329217 0.059913339 0.010870000
v 0.067276985 0.059976985 0.010870000
v 0.067213339 0.060029217 0.010870000
v 0.067140727 0.060068029 0.010870000
v 0.067061938 0.060091930 0.010870000
v 0.066980000 0.060100000 0.010870000
v 0.042438062 0.060091930 0.010870000
v 0.042359273 0.060068029 0.010870000
v 0.042286661 0.060029217 0.010870000
v 0.042223015 0.059976985 0.010870000
v 0.042170783 0.059913339 0.010870000
v 0.042131971 0.059840727 0.010870000
v 0.042108070 0.059761938 0.010870000
v 0.042100000 0.059680000 0.010870000
v 0.042108070 0.059238062 0.010870000
v 0.042131971 0.059159273 0.010870000
v 0.042170783 0.059086661 0.010870000
v 0.042223015 0.059023015 0.010870000
v 0.042286661 0.058970783 0.010870000
v 0.042359273 0.058931971 0.010870000
v 0.042438062 0.058908070 0.010870000
v 0.042520000 0.058900000 0.010870000
v 0.067061938 0.058908070 0.010870000
v 0.067140727 0.058931971 0.010870000
v 0.067213339 0.058970783 0.010870000
v 0.067276985 0.059023015 0.010870000
v 0.067329217 0.059086661 0.010870000
v 0.067368029 0.059159273 0.010870000
v 0.067391930 0.059238062 0.010870000
v 0.067400000 0.059320000 0.010870000
v 0.067362353 0.059668468 0.010910000
v 0.067354308 0.059744993 0.010910000
v 0.067330480 0.059818577 0.010910000
v 0.067291787 0.059886392 0.010910000
v 0.067239715 0.059945833 0.010910000
v 0.067176265 0.059994614 0.010910000
v 0.067103876 0.060030862 0.010910000
v 0.067025328 0.060053184 0.010910000
v 0.066943642 0.060060721 0.010910000
v 0.042477025 0.060053184 0.010910000
v 0.042398477 0.060030862 0.010910000
v 0.042326088 0.059994614 0.010910000
v 0.042262638 0.059945833 0.010910000
v 0.042210566 0.059886392 0.010910000
v 0.042171872 0.059818577 0.010910000
v 0.042148045 0.059744993 0.010910000
v 0.042140000 0.059668468 0.010910000
v 0.042148045 0.059255728 0.010910000
v 0.042171872 0.059182144 0.010910000
v 0.042210566 0.059114329 0.010910000
v 0.042262638 0.059054888 0.010910000
v 0.042326088 0.059006106 0.010910000
v 0.042398477 0.058969858 0.010910000
v 0.042477025 0.058947537 0.010910000
v 0.042558711 0.058940000 0.010910000
v 0.067025328 0.058947537 0.010910000
v 0.067103876 0.058969858 0.010910000
v 0.067176265 0.059006106 0.010910000
v 0.067239715 0.059054888 0.010910000
v 0.067291787 0.059114329 0.010910000
v 0.067330480 0.059182144 0.010910000
v 0.067354308 0.059255728 0.010910000
v 0.067362353 0.059332252 0.010910000
v 0.055133333 0.059505455 0.010670000
v 0.055133333 0.059505455 0.010910000
v 0.067362353 0.073668468 0.010670000
v 0.067354308 0.073744993 0.010670000
v 0.067330480 0.073818577 0.010670000
v 0.067291787 0.073886392 0.010670000
v 0.067239715 0.073945833 0.010670000
v 0.067176265 0.073994614 0.010670000
v 0.067103876 0.074030862 0.010670000
v 0.067025328 0.074053184 0.010670000
v 0.066943642 0.074060721 0.010670000
v 0.042477025 0.074053184 0.010670000
v 0.042398477 0.074030862 0.010670000
v 0.042326088 0.073994614 0.010670000
v 0.042262638 0.073945833 0.010670000
v 0.042210566 0.073886392 0.010670000
v 0.042171872 0.073818577 0.010670000
v 0.042148045 0.073744993 0.010670000
v 0.042140000 0.073668468 0.010670000
v 0.042148045 0.073255728 0.010670000
v 0.042171872 0.073182144 0.010670000
v 0.042210566 0.073114329 0.010670000
v 0.042262638 0.073054888 0.010670000
v 0.042326088 0.073006106 0.010670000
v 0.042398477 0.072969858 0.010670000
v 0.042477025 0.072947537 0.010670000
v 0.042558711 0.072940000 0.010670000
v 0.067025328 0.072947537 0.010670000
v 0.067103876 0.072969858 0.010670000
v 0.067176265 0.073006106 0.010670000
v 0.067239715 0.073054888 0.010670000
v 0.067291787 0.073114329 0.010670000
v 0.067330480 0.073182144 0.010670000
v 0.067354308 0.073255728 0.010670000
v 0.067362353 0.073332252 0.010670000
v 0.067400000 0.073680000 0.010710000
v 0.067391930 0.073761938 0.010710000
v 0.067368029 0.073840727 0.010710000
v 0.067329217 0.073913339 0.010710000
v 0.067276985 0.073976985 0.010710000
v 0.067213339 0.074029217 0.010710000
v 0.067140727 0.074068029 0.010710000
v 0.067061938 0.074091930 0.010710000
v 0.066980000 0.074100000 0.010710000
v 0.042438062 0.074091930 0.010710000
v 0.042359273 0.074068029 0.010710000
v 0.042286661 0.074029217 0.010710000
v 0.042223015 0.073976985 0.010710000
v 0.042170783 0.073913339 0.010710000
v 0.042131971 0.073840727 0.010710000
v 0.042108070 0.073761938 0.010710000
v 0.042100000 0.073680000 0.010710000
v 0.042108070 0.073238062 0.010710000
v 0.042131971 0.073159273 0.010710000
v 0.042170783 0.073086661 0.010710000
v 0.042223015 0.073023015 0.010710000
v 0.042286661 0.072970783 0.010710000
v 0.042359273 0.072931971 0.010710000
v 0.042438062 0.072908070 0.010710000
v 0.042520000 0.072900000 0.010710000
v 0.067061938 0.072908070 0.010710000
v 0.067140727 0.072931971 0.010710000
v 0.067213339 0.072970783 0.010710000
v 0.067276985 0.073023015 0.010710000
v 0.067329217 0.073086661 0.010710000
v 0.067368029 0.073159273 0.010710000
v 0.067391930 0.073238062 0.010710000
v 0.067400000 0.073320000 0.010710000
v 0.067400000 0.073680000 0.010870000
v 0.067391930 0.073761938 0.010870000
v 0.067368029 0.073840727 0.010870000
v 0.067329217 0.073913339 0.010870000
v 0.067276985 0.073976985 0.010870000
v 0.067213339 0.074029217 0.010870000
v 0.067140727 0.074068029 0.010870000
v 0.067061938 0.074091930 0.010870000
v 0.066980000 0.074100000 0.010870000
v 0.042438062 0.074091930 0.010870000
v 0.042359273 0.074068029 0.010870000
v 0.042286661 0.074029217 0.010870000
v 0.042223015 0.073976985 0.010870000
v 0.042170783 0.073913339 0.010870000
v 0.042131971 0.073840727 0.010870000
v 0.042108070 0.073761938 0.010870000
v 0.042100000 0.073680000 0.010870000
v 0.042108070 0.073238062 0.010870000
v 0.042131971 0.073159273 0.010870000
v 0.042170783 0.073086661 0.010870000
v 0.042223015 0.073023015 0.010870000
v 0.042286661 0.072970783 0.010870000
v 0.042359273 0.072931971 0.010870000
v 0.042438062 0.072908070 0.010870000
v 0.042520000 0.072900000 0.010870000
v 0.067061938 0.072908070 0.010870000
v 0.067140727 0.072931971 0.010870000
v 0.067213339 0.072970783 0.010870000
v 0.067276985 0.073023015 0.010870000
v 0.067329217 0.073086661 0.010870000
v 0.067368029 0.073159273 0.010870000
v 0.067391930 0.073238062 0.010870000
v 0.067400000 0.073320000 0.010870000
v 0.067362353 0.073668468 0.010910000
v 0.067354308 0.073744993 0.010910000
v 0.067330480 0.073818577 0.010910000
v 0.067291787 0.073886392 0.010910000
v 0.067239715 0.073945833 0.010910000
v 0.067176265 0.073994614 0.010910000
v 0.067103876 0.074030862 0.010910000
v 0.067025328 0.074053184 0.010910000
v 0.066943642 0.074060721 0.010910000
v 0.042477025 0.074053184 0.010910000
v 0.042398477 0.074030862 0.010910000
v 0.042326088 0.073994614 0.010910000
v 0.042262638 0.073945833 0.010910000
v 0.042210566 0.073886392 0.010910000
v 0.042171872 0.073818577 0.010910000
v 0.042148045 0.073744993 0.010910000
v 0.042140000 0.073668468 0.010910000
v 0.042148045 0.073255728 0.010910000
v 0.042171872 0.073182144 0.010910000
v 0.042210566 0.073114329 0.010910000
v 0.042262638 0.073054888 0.010910000
v 0.042326088 0.073006106 0.010910000
v 0.042398477 0.072969858 0.010910000
v 0.042477025 0.072947537 0.010910000
v 0.042558711 0.072940000 0.010910000
v 0.067025328 0.072947537 0.010910000
v 0.067103876 0.072969858 0.010910000
v 0.067176265 0.073006106 0.010910000
v 0.067239715 0.073054888 0.010910000
v 0.067291787 0.073114329 0.010910000
v 0.067330480 0.073182144 0.010910000
v 0.067354308 0.073255728 0.010910000
v 0.067362353 0.073332252 0.010910000
v 0.055133333 0.073505455 0.010670000
v 0.055133333 0.073505455 0.010910000
v 0.034960976 0.029900000 0.010670000
v 0.034952970 0.030100855 0.010670000
v 0.034929001 0.030300472 0.010670000
v 0.034889219 0.030497620 0.010670000
v 0.034833866 0.030691084 0.010670000
v 0.034763286 0.030879670 0.010670000
v 0.034677912 0.031062216 0.010670000
v 0.034578273 0.031237596 0.010670000
v 0.034464980 0.031404730 0.010670000
v 0.034338734 0.031562587 0.010670000
v 0.034200313 0.031710193 0.010670000
v 0.034050569 0.031846639 0.010670000
v 0.033890427 0.031971084 0.010670000
v 0.033720873 0.032082759 0.010670000
v 0.033542954 0.032180977 0.010670000
v 0.033357764 0.032265132 0.010670000
v 0.033166448 0.032334705 0.010670000
v 0.032970184 0.032389267 0.010670000
v 0.032770181 0.032428482 0.010670000
v 0.032567674 0.032452108 0.010670000
v 0.032363911 0.032460000 0.010670000
v -0.032566699 0.032452108 0.010670000
v -0.032769206 0.032428482 0.010670000
v -0.032969208 0.032389267 0.010670000
v -0.033165472 0.032334705 0.010670000
v -0.033356789 0.032265132 0.010670000
v -0.033541978 0.032180977 0.010670000
v -0.033719898 0.032082759 0.010670000
v -0.033889452 0.031971084 0.010670000
v -0.034049594 0.031846639 0.010670000
v -0.034199337 0.031710193 0.010670000
v -0.034337759 0.031562587 0.010670000
v -0.034464005 0.031404730 0.010670000
v -0.034577297 0.031237596 0.010670000
v -0.034676937 0.031062216 0.010670000
v -0.034762310 0.030879670 0.010670000
v -0.034832891 0.030691084 0.010670000
v -0.034888243 0.030497620 0.010670000
v -0.034928026 0.030300472 0.010670000
v -0.034951994 0.030100855 0.010670000
v -0.034960000 0.029900000 0.010670000
v -0.034951994 0.029699145 0.010670000
v -0.034928026 0.029499528 0.010670000
v -0.034888243 0.029302380 0.010670000
v -0.034832891 0.029108916 0.010670000
v -0.034762310 0.028920330 0.010670000
v -0.034676937 0.028737784 0.010670000
v -0.034577297 0.028562404 0.010670000
v -0.034464005 0.028395270 0.010670000
v -0.034337759 0.028237413 0.010670000
v -0.034199337 0.028089807 0.010670000
v -0.034049594 0.027953361 0.010670000
v -0.033889452 0.027828916 0.010670000
v -0.033719898 0.027717241 0.010670000
v -0.033541978 0.027619023 0.010670000
v -0.033356789 0.027534868 0.010670000
v -0.033165472 0.027465295 0.010670000
v -0.032969208 0.027410733 0.010670000
v -0.032769206 0.027371518 0.010670000
v -0.032566699 0.027347892 0.010670000
v -0.032362935 0.027340000 0.010670000
v 0.032567674 0.027347892 0.010670000
v 0.032770181 0.027371518 0.010670000
v 0.032970184 0.027410733 0.010670000
v 0.033166448 0.027465295 0.010670000
v 0.033357764 0.027534868 0.010670000
v 0.033542954 0.027619023 0.010670000
v 0.033720873 0.027717241 0.010670000
v 0.033890427 0.027828916 0.010670000
v 0.034050569 0.027953361 0.010670000
v 0.034200313 0.028089807 0.010670000
v 0.034338734 0.028237413 0.010670000
v 0.034464980 0.028395270 0.010670000
v 0.034578273 0.028562404 0.010670000
v 0.034677912 0.028737784 0.010670000
v 0.034763286 0.028920330 0.010670000
v 0.034833866 0.029108916 0.010670000
v 0.034889219 0.029302380 0.010670000
v 0.034929001 0.029499528 0.010670000
v 0.034952970 0.029699145 0.010670000
v 0.034960976 0.029900000 0.010670000
v 0.035000000 0.029900000 0.010710000
v 0.034991985 0.030103994 0.010710000
v 0.034967990 0.030306730 0.010710000
v 0.034928162 0.030506958 0.010710000
v 0.034872747 0.030703444 0.010710000
v 0.034802087 0.030894977 0.010710000
v 0.034716617 0.031080375 0.010710000
v 0.034616864 0.031258496 0.010710000
v 0.034503444 0.031428242 0.010710000
v 0.034377056 0.031588565 0.010710000
v 0.034238478 0.031738478 0.010710000
v 0.034088565 0.031877056 0.010710000
v 0.033928242 0.032003444 0.010710000
v 0.033758496 0.032116864 0.010710000
v 0.033580375 0.032216617 0.010710000
v 0.033394977 0.032302087 0.010710000
v 0.033203444 0.032372747 0.010710000
v 0.033006958 0.032428162 0.010710000
v 0.032806730 0.032467990 0.010710000
v 0.032603994 0.032491985 0.010710000
v 0.032400000 0.032500000 0.010710000
v -0.032603994 0.032491985 0.010710000
v -0.032806730 0.032467990 0.010710000
v -0.033006958 0.032428162 0.010710000
v -0.033203444 0.032372747 0.010710000
v -0.033394977 0.032302087 0.010710000
v -0.033580375 0.032216617 0.010710000
v -0.033758496 0.032116864 0.010710000
v -0.033928242 0.032003444 0.010710000
v -0.034088565 0.031877056 0.010710000
v -0.034238478 0.031738478 0.010710000
v -0.034377056 0.031588565 0.010710000
v -0.034503444 0.031428242 0.010710000
v -0.034616864 0.031258496 0.010710000
v -0.034716617 0.031080375 0.010710000
v -0.034802087 0.030894977 0.010710000
v -0.034872747 0.030703444 0.010710000
v -0.034928162 0.030506958 0.010710000
v -0.034967990 0.030306730 0.010710000
v -0.034991985 0.030103994 0.010710000
v -0.035000000 0.029900000 0.010710000
v -0.034991985 0.029696006 0.010710000
v -0.034967990 0.029493270 0.010710000
v -0.034928162 0.029293042 0.010710000
v -0.034872747 0.029096556 0.010710000
v -0.034802087 0.028905023 0.010710000
v -0.034716617 0.028719625 0.010710000
v -0.034616864 0.028541504 0.010710000
v -0.034503444 0.028371758 0.010710000
v -0.034377056 0.028211435 0.010710000
v -0.034238478 0.028061522 0.010710000
v -0.034088565 0.027922944 0.010710000
v -0.033928242 0.027796556 0.010710000
v -0.033758496 0.027683136 0.010710000
v -0.033580375 0.027583383 0.010710000
v -0.033394977 0.027497913 0.010710000
v -0.033203444 0.027427253 0.010710000
v -0.033006958 0.027371838 0.010710000
v -0.032806730 0.027332010 0.010710000
v -0.032603994 0.027308015 0.010710000
v -0.032400000 0.027300000 0.010710000
v 0.032603994 0.027308015 0.010710000
v 0.032806730 0.027332010 0.010710000
v 0.033006958 0.027371838 0.010710000
v 0.033203444 0.027427253 0.010710000
v 0.033394977 0.027497913 0.010710000
v 0.033580375 0.027583383 0.010710000
v 0.033758496 0.027683136 0.010710000
v 0.033928242 0.027796556 0.010710000
v 0.034088565 0.027922944 0.010710000
v 0.034238478 0.028061522 0.010710000
v 0.034377056 0.028211435 0.010710000
v 0.034503444 0.028371758 0.010710000
v 0.034616864 0.028541504 0.010710000
v 0.034716617 0.028719625 0.010710000
v 0.034802087 0.028905023 0.010710000
v 0.034872747 0.029096556 0.010710000
v 0.034928162 0.029293042 0.010710000
v 0.034967990 0.029493270 0.010710000
v 0.034991985 0.029696006 0.010710000
v 0.035000000 0.029900000 0.010710000
v 0.035000000 0.029900000 0.010890000
v 0.034991985 0.030103994 0.010890000
v 0.034967990 0.030306730 0.010890000
v 0.034928162 0.030506958 0.010890000
v 0.034872747 0.030703444 0.010890000
v 0.034802087 0.030894977 0.010890000
v 0.034716617 0.031080375 0.010890000
v 0.034616864 0.031258496 0.010890000
v 0.034503444 0.031428242 0.010890000
v 0.034377056 0.031588565 0.010890000
v 0.034238478 0.031738478 0.010890000
v 0.034088565 0.031877056 0.010890000
v 0.033928242 0.032003444 0.010890000
v 0.033758496 0.032116864 0.010890000
v 0.033580375 0.032216617 0.010890000
v 0.033394977 0.032302087 0.010890000
v 0.033203444 0.032372747 0.010890000
v 0.033006958 0.032428162 0.010890000
v 0.032806730 0.032467990 0.010890000
v 0.032603994 0.032491985 0.010890000
v 0.032400000 0.032500000 0.010890000
v -0.032603994 0.032491985 0.010890000
v -0.032806730 0.032467990 0.010890000
v -0.033006958 0.032428162 0.010890000
v -0.033203444 0.032372747 0.010890000
v -0.033394977 0.032302087 0.010890000
v -0.033580375 0.032216617 0.010890000
v -0.033758496 0.032116864 0.010890000
v -0.033928242 0.032003444 0.010890000
v -0.034088565 0.031877056 0.010890000
v -0.034238478 0.031738478 0.010890000
v -0.034377056 0.031588565 0.010890000
v -0.034503444 0.031428242 0.010890000
v -0.034616864 0.031258496 0.010890000
v -0.034716617 0.031080375 0.010890000
v -0.034802087 0.030894977 0.010890000
v -0.034872747 0.030703444 0.010890000
v -0.034928162 0.030506958 0.010890000
v -0.034967990 0.030306730 0.010890000
v -0.034991985 0.030103994 0.010890000
v -0.035000000 0.029900000 0.010890000
v -0.034991985 0.029696006 0.010890000
v -0.034967990 0.029493270 0.010890000
v -0.034928162 0.029293042 0.010890000
v -0.034872747 0.029096556 0.010890000
v -0.034802087 0.028905023 0.010890000
v -0.034716617 0.028719625 0.010890000
v -0.034616864 0.028541504 0.010890000
v -0.034503444 0.028371758 0.010890000
v -0.034377056 0.028211435 0.010890000
v -0.034238478 0.028061522 0.010890000
v -0.034088565 0.027922944 0.010890000
v -0.033928242 0.027796556 0.010890000
v -0.033758496 0.027683136 0.010890000
v -0.033580375 0.027583383 0.010890000
v -0.033394977 0.027497913 0.010890000
v -0.033203444 0.027427253 0.010890000
v -0.033006958 0.027371838 0.010890000
v -0.032806730 0.027332010 0.010890000
v -0.032603994 0.027308015 0.010890000
v -0.032400000 0.027300000 0.010890000
v 0.032603994 0.027308015 0.010890000
v 0.032806730 0.027332010 0.010890000
v 0.033006958 0.027371838 0.010890000
v 0.033203444 0.027427253 0.010890000
v 0.033394977 0.027497913 0.010890000
v 0.033580375 0.027583383 0.010890000
v 0.033758496 0.027683136 0.010890000
v 0.033928242 0.027796556 0.010890000
v 0.034088565 0.027922944 0.010890000
v 0.034238478 0.028061522 0.010890000
v 0.034377056 0.028211435 0.010890000
v 0.034503444 0.028371758 0.010890000
v 0.034616864 0.028541504 0.010890000
v 0.034716617 0.028719625 0.010890000
v 0.034802087 0.028905023 0.010890000
v 0.034872747 0.029096556 0.010890000
v 0.034928162 0.029293042 0.010890000
v 0.034967990 0.029493270 0.010890000
v 0.034991985 0.029696006 0.010890000
v 0.035000000 0.029900000 0.010890000
v 0.034960976 0.029900000 0.010930000
v 0.034952970 0.030100855 0.010930000
v 0.034929001 0.030300472 0.010930000
v 0.034889219 0.030497620 0.010930000
v 0.034833866 0.030691084 0.010930000
v 0.034763286 0.030879670 0.010930000
v 0.034677912 0.031062216 0.010930000
v 0.034578273 0.031237596 0.010930000
v 0.034464980 0.031404730 0.010930000
v 0.034338734 0.031562587 0.010930000
v 0.034200313 0.031710193 0.010930000
v 0.034050569 0.031846639 0.010930000
v 0.033890427 0.031971084 0.010930000
v 0.033720873 0.032082759 0.010930000
v 0.033542954 0.032180977 0.010930000
v 0.033357764 0.032265132 0.010930000
v 0.033166448 0.032334705 0.010930000
v 0.032970184 0.032389267 0.010930000
v 0.032770181 0.032428482 0.010930000
v 0.032567674 0.032452108 0.010930000
v 0.032363911 0.032460000 0.010930000
v -0.032566699 0.032452108 0.010930000
v -0.032769206 0.032428482 0.010930000
v -0.032969208 0.032389267 0.010930000
v -0.033165472 0.032334705 0.010930000
v -0.033356789 0.032265132 0.010930000
v -0.033541978 0.032180977 0.010930000
v -0.033719898 0.032082759 0.010930000
v -0.033889452 0.031971084 0.010930000
v -0.034049594 0.031846639 0.010930000
v -0.034199337 0.031710193 0.010930000
v -0.034337759 0.031562587 0.010930000
v -0.034464005 0.031404730 0.010930000
v -0.034577297 0.031237596 0.010930000
v -0.034676937 0.031062216 0.010930000
v -0.034762310 0.030879670 0.010930000
v -0.034832891 0.030691084 0.010930000
v -0.034888243 0.030497620 0.010930000
v -0.034928026 0.030300472 0.010930000
v -0.034951994 0.030100855 0.010930000
v -0.034960000 0.029900000 0.010930000
v -0.034951994 0.029699145 0.010930000
v -0.034928026 0.029499528 0.010930000
v -0.034888243 0.029302380 0.010930000
v -0.034832891 0.029108916 0.010930000
v -0.034762310 0.028920330 0.010930000
v -0.034676937 0.028737784 0.010930000
v -0.034577297 0.028562404 0.010930000
v -0.034464005 0.028395270 0.010930000
v -0.034337759 0.028237413 0.010930000
v -0.034199337 0.028089807 0.010930000
v -0.034049594 0.027953361 0.010930000
v -0.033889452 0.027828916 0.010930000
v -0.033719898 0.027717241 0.010930000
v -0.033541978 0.027619023 0.010930000
v -0.033356789 0.027534868 0.010930000
v -0.033165472 0.027465295 0.010930000
v -0.032969208 0.027410733 0.010930000
v -0.032769206 0.027371518 0.010930000
v -0.032566699 0.027347892 0.010930000
v -0.032362935 0.027340000 0.010930000
v 0.032567674 0.027347892 0.010930000
v 0.032770181 0.027371518 0.010930000
v 0.032970184 0.027410733 0.010930000
v 0.033166448 0.027465295 0.010930000
v 0.033357764 0.027534868 0.010930000
v 0.033542954 0.027619023 0.010930000
v 0.033720873 0.027717241 0.010930000
v 0.033890427 0.027828916 0.010930000
v 0.034050569 0.027953361 0.010930000
v 0.034200313 0.028089807 0.010930000
v 0.034338734 0.028237413 0.010930000
v 0.034464980 0.028395270 0.010930000
v 0.034578273 0.028562404 0.010930000
v 0.034677912 0.028737784 0.010930000
v 0.034763286 0.028920330 0.010930000
v 0.034833866 0.029108916 0.010930000
v 0.034889219 0.029302380 0.010930000
v 0.034929001 0.029499528 0.010930000
v 0.034952970 0.029699145 0.010930000
v 0.034960976 0.029900000 0.010930000
v 0.000432099 0.029900000 0.010670000
v 0.000432099 0.029900000 0.010930000
v -0.053616000 0.010000000 0.010830000
v -0.053629430 0.010153505 0.010830000
v -0.053669312 0.010302346 0.010830000
v -0.053734434 0.010442000 0.010830000
v -0.053822817 0.010568224 0.010830000
v -0.053931776 0.010677183 0.010830000
v -0.054058000 0.010765566 0.010830000
v -0.054197654 0.010830688 0.010830000
v -0.054346495 0.010870570 0.010830000
v -0.054500000 0.010884000 0.010830000
v -0.054653505 0.010870570 0.010830000
v -0.054802346 0.010830688 0.010830000
v -0.054942000 0.010765566 0.010830000
v -0.055068224 0.010677183 0.010830000
v -0.055177183 0.010568224 0.010830000
v -0.055265566 0.010442000 0.010830000
v -0.055330688 0.010302346 0.010830000
v -0.055370570 0.010153505 0.010830000
v -0.055384000 0.010000000 0.010830000
v -0.055370570 0.009846495 0.010830000
v -0.055330688 0.009697654 0.010830000
v -0.055265566 0.009558000 0.010830000
v -0.055177183 0.009431776 0.010830000
v -0.055068224 0.009322817 0.010830000
v -0.054942000 0.009234434 0.010830000
v -0.054802346 0.009169312 0.010830000
v -0.054653505 0.009129430 0.010830000
v -0.054500000 0.009116000 0.010830000
v -0.054346495 0.009129430 0.010830000
v -0.054197654 0.009169312 0.010830000
v -0.054058000 0.009234434 0.010830000
v -0.053931776 0.009322817 0.010830000
v -0.053822817 0.009431776 0.010830000
v -0.053734434 0.009558000 0.010830000
v -0.053669312 0.009697654 0.010830000
v -0.053629430 0.009846495 0.010830000
v -0.053616000 0.010000000 0.011010000
v -0.053629430 0.010153505 0.011010000
v -0.053669312 0.010302346 0.011010000
v -0.053734434 0.010442000 0.011010000
v -0.053822817 0.010568224 0.011010000
v -0.053931776 0.010677183 0.011010000
v -0.054058000 0.010765566 0.011010000
v -0.054197654 0.010830688 0.011010000
v -0.054346495 0.010870570 0.011010000
v -0.054500000 0.010884000 0.011010000
v -0.054653505 0.010870570 0.011010000
v -0.054802346 0.010830688 0.011010000
v -0.054942000 0.010765566 0.011010000
v -0.055068224 0.010677183 0.011010000
v -0.055177183 0.010568224 0.011010000
v -0.055265566 0.010442000 0.011010000
v -0.055330688 0.010302346 0.011010000
v -0.055370570 0.010153505 0.011010000
v -0.055384000 0.010000000 0.011010000
v -0.055370570 0.009846495 0.011010000
v -0.055330688 0.009697654 0.011010000
v -0.055265566 0.009558000 0.011010000
v -0.055177183 0.009431776 0.011010000
v -0.055068224 0.009322817 0.011010000
v -0.054942000 0.009234434 0.011010000
v -0.054802346 0.009169312 0.011010000
v -0.054653505 0.009129430 0.011010000
v -0.054500000 0.009116000 0.011010000
v -0.054346495 0.009129430 0.011010000
v -0.054197654 0.009169312 0.011010000
v -0.054058000 0.009234434 0.011010000
v -0.053931776 0.009322817 0.011010000
v -0.053822817 0.009431776 0.011010000
v -0.053734434 0.009558000 0.011010000
v -0.053669312 0.009697654 0.011010000
v -0.053629430 0.009846495 0.011010000
v -0.054500000 0.010000000 0.010830000
v -0.054500000 0.010000000 0.011010000
v 0.055384000 0.010000000 0.010830000
v 0.055370570 0.010153505 0.010830000
v 0.055330688 0.010302346 0.010830000
v 0.055265566 0.010442000 0.010830000
v 0.055177183 0.010568224 0.010830000
v 0.055068224 0.010677183 0.010830000
v 0.054942000 0.010765566 0.010830000
v 0.054802346 0.010830688 0.010830000
v 0.054653505 0.010870570 0.010830000
v 0.054500000 0.010884000 0.010830000
v 0.054346495 0.010870570 0.010830000
v 0.054197654 0.010830688 0.010830000
v 0.054058000 0.010765566 0.010830000
v 0.053931776 0.010677183 0.010830000
v 0.053822817 0.010568224 0.010830000
v 0.053734434 0.010442000 0.010830000
v 0.053669312 0.010302346 0.010830000
v 0.053629430 0.010153505 0.010830000
v 0.053616000 0.010000000 0.010830000
v 0.053629430 0.009846495 0.010830000
v 0.053669312 0.009697654 0.010830000
v 0.053734434 0.009558000 0.010830000
v 0.053822817 0.009431776 0.010830000
v 0.053931776 0.009322817 0.010830000
v 0.054058000 0.009234434 0.010830000
v 0.054197654 0.009169312 0.010830000
v 0.054346495 0.009129430 0.010830000
v 0.054500000 0.009116000 0.010830000
v 0.054653505 0.009129430 0.010830000
v 0.054802346 0.009169312 0.010830000
v 0.054942000 0.009234434 0.010830000
v 0.055068224 0.009322817 0.010830000
v 0.055177183 0.009431776 0.010830000
v 0.055265566 0.009558000 0.010830000
v 0.055330688 0.009697654 0.010830000
v 0.055370570 0.009846495 0.010830000
v 0.055384000 0.010000000 0.011010000
v 0.055370570 0.010153505 0.011010000
v 0.055330688 0.010302346 0.011010000
v 0.055265566 0.010442000 0.011010000
v 0.055177183 0.010568224 0.011010000
v 0.055068224 0.010677183 0.011010000
v 0.054942000 0.010765566 0.011010000
v 0.054802346 0.010830688 0.011010000
v 0.054653505 0.010870570 0.011010000
v 0.054500000 0.010884000 0.011010000
v 0.054346495 0.010870570 0.011010000
v 0.054197654 0.010830688 0.011010000
v 0.054058000 0.010765566 0.011010000
v 0.053931776 0.010677183 0.011010000
v 0.053822817 0.010568224 0.011010000
v 0.053734434 0.010442000 0.011010000
v 0.053669312 0.010302346 0.011010000
v 0.053629430 0.010153505 0.011010000
v 0.053616000 0.010000000 0.011010000
v 0.053629430 0.009846495 0.011010000
v 0.053669312 0.009697654 0.011010000
v 0.053734434 0.009558000 0.011010000
v 0.053822817 0.009431776 0.011010000
v 0.053931776 0.009322817 0.011010000
v 0.054058000 0.009234434 0.011010000
v 0.054197654 0.009169312 0.011010000
v 0.054346495 0.009129430 0.011010000
v 0.054500000 0.009116000 0.011010000
v 0.054653505 0.009129430 0.011010000
v 0.054802346 0.009169312 0.011010000
v 0.054942000 0.009234434 0.011010000
v 0.055068224 0.009322817 0.011010000
v 0.055177183 0.009431776 0.011010000
v 0.055265566 0.009558000 0.011010000
v 0.055330688 0.009697654 0.011010000
v 0.055370570 0.009846495 0.011010000
v 0.054500000 0.010000000 0.010830000
v 0.054500000 0.010000000 0.011010000
f 1 2 35
f 1 35 34
f 2 3 36
f 2 36 35
f 3 4 37
f 3 37 36
f 4 5 38
f 4 38 37
f 5 6 39
f 5 39 38
f 6 7 40
f 6 40 39
f 7 8 41
f 7 41 40
f 8 9 42
f 8 42 41
f 9 10 43
f 9 43 42
f 10 11 44
f 10 44 43
f 11 12 45
f 11 45 44
f 12 13 46
f 12 46 45
f 13 14 47
f 13 47 46
f 14 15 48
f 14 48 47
f 15 16 49
f 15 49 48
f 16 17 50
f 16 50 49
f 17 18 51
f 17 51 50
f 18 19 52
f 18 52 51
f 19 20 53
f 19 53 52
f 20 21 54
f 20 54 53
f 21 22 55
f 21 55 54
f 22 23 56
f 22 56 55
f 23 24 57
f 23 57 56
f 24 25 58
f 24 58 57
f 25 26 59
f 25 59 58
f 26 27 60
f 26 60 59
f 27 28 61
f 27 61 60
f 28 29 62
f 28 62 61
f 29 30 63
f 29 63 62
f 30 31 64
f 30 64 63
f 31 32 65
f 31 65 64
f 32 33 66
f 32 66 65
f 33 1 34
f 33 34 66
f 34 35 68
f 34 68 67
f 35 36 69
f 35 69 68
f 36 37 70
f 36 70 69
f 37 38 71
f 37 71 70
f 38 39 72
f 38 72 71
f 39 40 73
f 39 73 72
f 40 41 74
f 40 74 73
f 41 42 75
f 41 75 74
f 42 43 76
f 42 76 75
f 43 44 77
f 43 77 76
f 44 45 78
f 44 78 77
f 45 46 79
f 45 79 78
f 46 47 80
f 46 80 79
f 47 48 81
f 47 81 80
f 48 49 82
f 48 82 81
f 49 50 83
f 49 83 82
f 50 51 84
f 50 84 83
f 51 52 85
f 51 85 84
f 52 53 86
f 52 86 85
f 53 54 87
f 53 87 86
f 54 55 88
f 54 88 87
f 55 56 89
f 55 89 88
f 56 57 90
f 56 90 89
f 57 58 91
f 57 91 90
f 58 59 92
f 58 92 91
f 59 60 93
f 59 93 92
f 60 61 94
f 60 94 93
f 61 62 95
f 61 95 94
f 62 63 96
f 62 96 95
f 63 64 97
f 63 97 96
f 64 65 98
f 64 98 97
f 65 66 99
f 65 99 98
f 66 34 67
f 66 67 99
f 67 68 101
f 67 101 100
f 68 69 102
f 68 102 101
f 69 70 103
f 69 103 102
f 70 71 104
f 70 104 103
f 71 72 105
f 71 105 104
f 72 73 106
f 72 106 105
f 73 74 107
f 73 107 106
f 74 75 108
f 74 108 107
f 75 76 109
f 75 109 108
f 76 77 110
f 76 110 109
f 77 78 111
f 77 111 110
f 78 79 112
f 78 112 111
f 79 80 113
f 79 113 112
f 80 81 114
f 80 114 113
f 81 82 115
f 81 115 114
f 82 83 116
f 82 116 115
f 83 84 117
f 83 117 116
f 84 85 118
f 84 118 117
f 85 86 119
f 85 119 118
f 86 87 120
f 86 120 119
f 87 88 121
f 87 121 120
f 88 89 122
f 88 122 121
f 89 90 123
f 89 123 122
f 90 91 124
f 90 124 123
f 91 92 125
f 91 125 124
f 92 93 126
f 92 126 125
f 93 94 127
f 93 127 126
f 94 95 128
f 94 128 127
f 95 96 129
f 95 129 128
f 96 97 130
f 96 130 129
f 97 98 131
f 97 131 130
f 98 99 132
f 98 132 131
f 99 67 100
f 99 100 132
f 133 2 1
f 134 100 101
f 133 3 2
f 134 101 102
f 133 4 3
f 134 102 103
f 133 5 4
f 134 103 104
f 133 6 5
f 134 104 105
f 133 7 6
f 134 105 106
f 133 8 7
f 134 106 107
f 133 9 8
f 134 107 108
f 133 10 9
f 134 108 109
f 133 11 10
f 134 109 110
f 133 12 11
f 134 110 111
f 133 13 12
f 134 111 112
f 133 14 13
f 134 112 113
f 133 15 14
f 134 113 114
f 133 16 15
f 134 114 115
f 133 17 16
f 134 115 116
f 133 18 17
f 134 116 117
f 133 19 18
f 134 117 118
f 133 20 19
f 134 118 119
f 133 21 20
f 134 119 120
f 133 22 21
f 134 120 121
f 133 23 22
f 134 121 122
f 133 24 23
f 134 122 123
f 133 25 24
f 134 123 124
f 133 26 25
f 134 124 125
f 133 27 26
f 134 125 126
f 133 28 27
f 134 126 127
f 133 29 28
f 134 127 128
f 133 30 29
f 134 128 129
f 133 31 30
f 134 129 130
f 133 32 31
f 134 130 131
f 133 33 32
f 134 131 132
f 133 1 33
f 134 132 100
f 135 136 169
f 135 169 168
f 136 137 170
f 136 170 169
f 137 138 171
f 137 171 170
f 138 139 172
f 138 172 171
f 139 140 173
f 139 173 172
f 140 141 174
f 140 174 173
f 141 142 175
f 141 175 174
f 142 143 176
f 142 176 175
f 143 144 177
f 143 177 176
f 144 145 178
f 144 178 177
f 145 146 179
f 145 179 178
f 146 147 180
f 146 180 179
f 147 148 181
f 147 181 180
f 148 149 182
f 148 182 181
f 149 150 183
f 149 183 182
f 150 151 184
f 150 184 183
f 151 152 185
f 151 185 184
f 152 153 186
f 152 186 185
f 153 154 187
f 153 187 186
f 154 155 188
f 154 188 187
f 155 156 189
f 155 189 188
f 156 157 190
f 156 190 189
f 157 158 191
f 157 191 190
f 158 159 192
f 158 192 191
f 159 160 193
f 159 193 192
f 160 161 194
f 160 194 193
f 161 162 195
f 161 195 194
f 162 163 196
f 162 196 195
f 163 164 197
f 163 197 196
f 164 165 198
f 164 198 197
f 165 166 199
f 165 199 198
f 166 167 200
f 166 200 199
f 167 135 168
f 167 168 200
f 168 169 202
f 168 202 201
f 169 170 203
f 169 203 202
f 170 171 204
f 170 204 203
f 171 172 205
f 171 205 204
f 172 173 206
f 172 206 205
f 173 174 207
f 173 207 206
f 174 175 208
f 174 208 207
f 175 176 209
f 175 209 208
f 176 177 210
f 176 210 209
f 177 178 211
f 177 211 210
f 178 179 212
f 178 212 211
f 179 180 213
f 179 213 212
f 180 181 214
f 180 214 213
f 181 182 215
f 181 215 214
f 182 183 216
f 182 216 215
f 183 184 217
f 183 217 216
f 184 185 218
f 184 218 217
f 185 186 219
f 185 219 218
f 186 187 220
f 186 220 219
f 187 188 221
f 187 221 220
f 188 189 222
f 188 222 221
f 189 190 223
f 189 223 222
f 190 191 224
f 190 224 223
f 191 192 225
f 191 225 224
f 192 193 226
f 192 226 225
f 193 194 227
f 193 227 226
f 194 195 228
f 194 228 227
f 195 196 229
f 195 229 228
f 196 197 230
f 196 230 229
f 197 198 231
f 197 231 230
f 198 199 232
f 198 232 231
f 199 200 233
f 199 233 232
f 200 168 201
f 200 201 233
f 201 202 235
f 201 235 234
f 202 203 236
f 202 236 235
f 203 204 237
f 203 237 236
f 204 205 238
f 204 238 237
f 205 206 239
f 205 239 238
f 206 207 240
f 206 240 239
f 207 208 241
f 207 241 240
f 208 209 242
f 208 242 241
f 209 210 243
f 209 243 242
f 210 211 244
f 210 244 243
f 211 212 245
f 211 245 244
f 212 213 246
f 212 246 245
f 213 214 247
f 213 247 246
f 214 215 248
f 214 248 247
f 215 216 249
f 215 249 248
f 216 217 250
f 216 250 249
f 217 218 251
f 217 251 250
f 218 219 252
f 218 252 251
f 219 220 253
f 219 253 252
f 220 221 254
f 220 254 253
f 221 222 255
f 221 255 254
f 222 223 256
f 222 256 255
f 223 224 257
f 223 257 256
f 224 225 258
f 224 258 257
f 225 226 259
f 225 259 258
f 226 227 260
f 226 260 259
f 227 228 261
f 227 261 260
f 228 229 262
f 228 262 261
f 229 230 263
f 229 263 262
f 230 231 264
f 230 264 263
f 231 232 265
f 231 265 264
f 232 233 266
f 232 266 265
f 233 201 234
f 233 234 266
f 267 136 135
f 268 234 235
f 267 137 136
f 268 235 236
f 267 138 137
f 268 236 237
f 267 139 138
f 268 237 238
f 267 140 139
f 268 238 239
f 267 141 140
f 268 239 240
f 267 142 141
f 268 240 241
f 267 143 142
f 268 241 242
f 267 144 143
f 268 242 243
f 267 145 144
f 268 243 244
f 267 146 145
f 268 244 245
f 267 147 146
f 268 245 246
f 267 148 147
f 268 246 247
f 267 149 148
f 268 247 248
f 267 150 149
f 268 248 249
f 267 151 150
f 268 249 250
f 267 152 151
f 268 250 251
f 267 153 152
f 268 251 252
f 267 154 153
f 268 252 253
f 267 155 154
f 268 253 254
f 267 156 155
f 268 254 255
f 267 157 156
f 268 255 256
f 267 158 157
f 268 256 257
f 267 159 158
f 268 257 258
f 267 160 159
f 268 258 259
f 267 161 160
f 268 259 260
f 267 162 161
f 268 260 261
f 267 163 162
f 268 261 262
f 267 164 163
f 268 262 263
f 267 165 164
f 268 263 264
f 267 166 165
f 268 264 265
f 267 167 166
f 268 265 266
f 267 135 167
f 268 266 234
f 269 270 303
f 269 303 302
f 270 271 304
f 270 304 303
f 271 272 305
f 271 305 304
f 272 273 306
f 272 306 305
f 273 274 307
f 273 307 306
f 274 275 308
f 274 308 307
f 275 276 309
f 275 309 308
f 276 277 310
f 276 310 309
f 277 278 311
f 277 311 310
f 278 279 312
f 278 312 311
f 279 280 313
f 279 313 312
f 280 281 314
f 280 314 313
f 281 282 315
f 281 315 314
f 282 283 316
f 282 316 315
f 283 284 317
f 283 317 316
f 284 285 318
f 284 318 317
f 285 286 319
f 285 319 318
f 286 287 320
f 286 320 319
f 287 288 321
f 287 321 320
f 288 289 322
f 288 322 321
f 289 290 323
f 289 323 322
f 290 291 324
f 290 324 323
f 291 292 325
f 291 325 324
f 292 293 326
f 292 326 325
f 293 294 327
f 293 327 326
f 294 295 328
f 294 328 327
f 295 296 329
f 295 329 328
f 296 297 330
f 296 330 329
f 297 298 331
f 297 331 330
f 298 299 332
f 298 332 331
f 299 300 333
f 299 333 332
f 300 301 334
f 300 334 333
f 301 269 302
f 301 302 334
f 302 303 336
f 302 336 335
f 303 304 337
f 303 337 336
f 304 305 338
f 304 338 337
f 305 306 339
f 305 339 338
f 306 307 340
f 306 340 339
f 307 308 341
f 307 341 340
f 308 309 342
f 308 342 341
f 309 310 343
f 309 343 342
f 310 311 344
f 310 344 343
f 311 312 345
f 311 345 344
f 312 313 346
f 312 346 345
f 313 314 347
f 313 347 346
f 314 315 348
f 314 348 347
f 315 316 349
f 315 349 348
f 316 317 350
f 316 350 349
f 317 318 351
f 317 351 350
f 318 319 352
f 318 352 351
f 319 320 353
f 319 353 352
f 320 321 354
f 320 354 353
f 321 322 355
f 321 355 354
f 322 323 356
f 322 356 355
f 323 324 357
f 323 357 356
f 324 325 358
f 324 358 357
f 325 326 359
f 325 359 358
f 326 327 360
f 326 360 359
f 327 328 361
f 327 361 360
f 328 329 362
f 328 362 361
f 329 330 363
f 329 363 362
f 330 331 364
f 330 364 363
f 331 332 365
f 331 365 364
f 332 333 366
f 332 366 365
f 333 334 367
f 333 367 366
f 334 302 335
f 334 335 367
f 335 336 369
f 335 369 368
f 336 337 370
f 336 370 369
f 337 338 371
f 337 371 370
f 338 339 372
f 338 372 371
f 339 340 373
f 339 373 372
f 340 341 374
f 340 374 373
f 341 342 375
f 341 375 374
f 342 343 376
f 342 376 375
f 343 344 377
f 343 377 376
f 344 345 378
f 344 378 377
f 345 346 379
f 345 379 378
f 346 347 380
f 346 380 379
f 347 348 381
f 347 381 380
f 348 349 382
f 348 382 381
f 349 350 383
f 349 383 382
f 350 351 384
f 350 384 383
f 351 352 385
f 351 385 384
f 352 353 386
f 352 386 385
f 353 354 387
f 353 387 386
f 354 355 388
f 354 388 387
f 355 356 389
f 355 389 388
f 356 357 390
f 356 390 389
f 357 358 391
f 357 391 390
f 358 359 392
f 358 392 391
f 359 360 393
f 359 393 392
f 360 361 394
f 360 394 393
f 361 362 395
f 361 395 394
f 362 363 396
f 362 396 395
f 363 364 397
f 363 397 396
f 364 365 398
f 364 398 397
f 365 366 399
f 365 399 398
f 366 367 400
f 366 400 399
f 367 335 368
f 367 368 400
f 401 270 269
f 402 368 369
f 401 271 270
f 402 369 370
f 401 272 271
f 402 370 371
f 401 273 272
f 402 371 372
f 401 274 273
f 402 372 373
f 401 275 274
f 402 373 374
f 401 276 275
f 402 374 375
f 401 277 276
f 402 375 376
f 401 278 277
f 402 376 377
f 401 279 278
f 402 377 378
f 401 280 279
f 402 378 379
f 401 281 280
f 402 379 380
f 401 282 281
f 402 380 381
f 401 283 282
f 402 381 382
f 401 284 283
f 402 382 383
f 401 285 284
f 402 383 384
f 401 286 285
f 402 384 385
f 401 287 286
f 402 385 386
f 401 288 287
f 402 386 387
f 401 289 288
f 402 387 388
f 401 290 289
f 402 388 389
f 401 291 290
f 402 389 390
f 401 292 291
f 402 390 391
f 401 293 292
f 402 391 392
f 401 294 293
f 402 392 393
f 401 295 294
f 402 393 394
f 401 296 295
f 402 394 395
f 401 297 296
f 402 395 396
f 401 298 297
f 402 396 397
f 401 299 298
f 402 397 398
f 401 300 299
f 402 398 399
f 401 301 300
f 402 399 400
f 401 269 301
f 402 400 368
f 403 404 437
f 403 437 436
f 404 405 438
f 404 438 437
f 405 406 439
f 405 439 438
f 406 407 440
f 406 440 439
f 407 408 441
f 407 441 440
f 408 409 442
f 408 442 441
f 409 410 443
f 409 443 442
f 410 411 444
f 410 444 443
f 411 412 445
f 411 445 444
f 412 413 446
f 412 446 445
f 413 414 447
f 413 447 446
f 414 415 448
f 414 448 447
f 415 416 449
f 415 449 448
f 416 417 450
f 416 450 449
f 417 418 451
f 417 451 450
f 418 419 452
f 418 452 451
f 419 420 453
f 419 453 452
f 420 421 454
f 420 454 453
f 421 422 455
f 421 455 454
f 422 423 456
f 422 456 455
f 423 424 457
f 423 457 456
f 424 425 458
f 424 458 457
f 425 426 459
f 425 459 458
f 426 427 460
f 426 460 459
f 427 428 461
f 427 461 460
f 428 429 462
f 428 462 461
f 429 430 463
f 429 463 462
f 430 431 464
f 430 464 463
f 431 432 465
f 431 465 464
f 432 433 466
f 432 466 465
f 433 434 467
f 433 467 466
f 434 435 468
f 434 468 467
f 435 403 436
f 435 436 468
f 436 437 470
f 436 470 469
f 437 438 471
f 437 471 470
f 438 439 472
f 438 472 471
f 439 440 473
f 439 473 472
f 440 441 474
f 440 474 473
f 441 442 475
f 441 475 474
f 442 443 476
f 442 476 475
f 443 444 477
f 443 477 476
f 444 445 478
f 444 478 477
f 445 446 479
f 445 479 478
f 446 447 480
f 446 480 479
f 447 448 481
f 447 481 480
f 448 449 482
f 448 482 481
f 449 450 483
f 449 483 482
f 450 451 484
f 450 484 483
f 451 452 485
f 451 485 484
f 452 453 486
f 452 486 485
f 453 454 487
f 453 487 486
f 454 455 488
f 454 488 487
f 455 456 489
f 455 489 488
f 456 457 490
f 456 490 489
f 457 458 491
f 457 491 490
f 458 459 492
f 458 492 491
f 459 460 493
f 459 493 492
f 460 461 494
f 460 494 493
f 461 462 495
f 461 495 494
f 462 463 496
f 462 496 495
f 463 464 497
f 463 497 496
f 464 465 498
f 464 498 497
f 465 466 499
f 465 499 498
f 466 467 500
f 466 500 499
f 467 468 501
f 467 501 500
f 468 436 469
f 468 469 501
f 469 470 503
f 469 503 502
f 470 471 504
f 470 504 503
f 471 472 505
f 471 505 504
f 472 473 506
f 472 506 505
f 473 474 507
f 473 507 506
f 474 475 508
f 474 508 507
f 475 476 509
f 475 509 508
f 476 477 510
f 476 510 509
f 477 478 511
f 477 511 510
f 478 479 512
f 478 512 511
f 479 480 513
f 479 513 512
f 480 481 514
f 480 514 513
f 481 482 515
f 481 515 514
f 482 483 516
f 482 516 515
f 483 484 517
f 483 517 516
f 484 485 518
f 484 518 517
f 485 486 519
f 485 519 518
f 486 487 520
f 486 520 519
f 487 488 521
f 487 521 520
f 488 489 522
f 488 522 521
f 489 490 523
f 489 523 522
f 490 491 524
f 490 524 523
f 491 492 525
f 491 525 524
f 492 493 526
f 492 526 525
f 493 494 527
f 493 527 526
f 494 495 528
f 494 528 527
f 495 496 529
f 495 529 528
f 496 497 530
f 496 530 529
f 497 498 531
f 497 531 530
f 498 499 532
f 498 532 531
f 499 500 533
f 499 533 532
f 500 501 534
f 500 534 533
f 501 469 502
f 501 502 534
f 535 404 403
f 536 502 503
f 535 405 404
f 536 503 504
f 535 406 405
f 536 504 505
f 535 407 406
f 536 505 506
f 535 408 407
f 536 506 507
f 535 409 408
f 536 507 508
f 535 410 409
f 536 508 509
f 535 411 410
f 536 509 510
f 535 412 411
f 536 510 511
f 535 413 412
f 536 511 512
f 535 414 413
f 536 512 513
f 535 415 414
f 536 513 514
f 535 416 415
f 536 514 515
f 535 417 416
f 536 515 516
f 535 418 417
f 536 516 517
f 535 419 418
f 536 517 518
f 535 420 419
f 536 518 519
f 535 421 420
f 536 519 520
f 535 422 421
f 536 520 521
f 535 423 422
f 536 521 522
f 535 424 423
f 536 522 523
f 535 425 424
f 536 523 524
f 535 426 425
f 536 524 525
f 535 427 426
f 536 525 526
f 535 428 427
f 536 526 527
f 535 429 428
f 536 527 528
f 535 430 429
f 536 528 529
f 535 431 430
f 536 529 530
f 535 432 431
f 536 530 531
f 535 433 432
f 536 531 532
f 535 434 433
f 536 532 533
f 535 435 434
f 536 533 534
f 535 403 435
f 536 534 502
f 537 538 571
f 537 571 570
f 538 539 572
f 538 572 571
f 539 540 573
f 539 573 572
f 540 541 574
f 540 574 573
f 541 542 575
f 541 575 574
f 542 543 576
f 542 576 575
f 543 544 577
f 543 577 576
f 544 545 578
f 544 578 577
f 545 546 579
f 545 579 578
f 546 547 580
f 546 580 579
f 547 548 581
f 547 581 580
f 548 549 582
f 548 582 581
f 549 550 583
f 549 583 582
f 550 551 584
f 550 584 583
f 551 552 585
f 551 585 584
f 552 553 586
f 552 586 585
f 553 554 587
f 553 587 586
f 554 555 588
f 554 588 587
f 555 556 589
f 555 589 588
f 556 557 590
f 556 590 589
f 557 558 591
f 557 591 590
f 558 559 592
f 558 592 591
f 559 560 593
f 559 593 592
f 560 561 594
f 560 594 593
f 561 562 595
f 561 595 594
f 562 563 596
f 562 596 595
f 563 564 597
f 563 597 596
f 564 565 598
f 564 598 597
f 565 566 599
f 565 599 598
f 566 567 600
f 566 600 599
f 567 568 601
f 567 601 600
f 568 569 602
f 568 602 601
f 569 537 570
f 569 570 602
f 570 571 604
f 570 604 603
f 571 572 605
f 571 605 604
f 572 573 606
f 572 606 605
f 573 574 607
f 573 607 606
f 574 575 608
f 574 608 607
f 575 576 609
f 575 609 608
f 576 577 610
f 576 610 609
f 577 578 611
f 577 611 610
f 578 579 612
f 578 612 611
f 579 580 613
f 579 613 612
f 580 581 614
f 580 614 613
f 581 582 615
f 581 615 614
f 582 583 616
f 582 616 615
f 583 584 617
f 583 617 616
f 584 585 618
f 584 618 617
f 585 586 619
f 585 619 618
f 586 587 620
f 586 620 619
f 587 588 621
f 587 621 620
f 588 589 622
f 588 622 621
f 589 590 623
f 589 623 622
f 590 591 624
f 590 624 623
f 591 592 625
f 591 625 624
f 592 593 626
f 592 626 625
f 593 594 627
f 593 627 626
f 594 595 628
f 594 628 627
f 595 596 629
f 595 629 628
f 596 597 630
f 596 630 629
f 597 598 631
f 597 631 630
f 598 599 632
f 598 632 631
f 599 600 633
f 599 633 632
f 600 601 634
f 600 634 633
f 601 602 635
f 601 635 634
f 602 570 603
f 602 603 635
f 603 604 637
f 603 637 636
f 604 605 638
f 604 638 637
f 605 606 639
f 605 639 638
f 606 607 640
f 606 640 639
f 607 608 641
f 607 641 640
f 608 609 642
f 608 642 641
f 609 610 643
f 609 643 642
f 610 611 644
f 610 644 643
f 611 612 645
f 611 645 644
f 612 613 646
f 612 646 645
f 613 614 647
f 613 647 646
f 614 615 648
f 614 648 647
f 615 616 649
f 615 649 648
f 616 617 650
f 616 650 649
f 617 618 651
f 617 651 650
f 618 619 652
f 618 652 651
f 619 620 653
f 619 653 652
f 620 621 654
f 620 654 653
f 621 622 655
f 621 655 654
f 622 623 656
f 622 656 655
f 623 624 657
f 623 657 656
f 624 625 658
f 624 658 657
f 625 626 659
f 625 659 658
f 626 627 660
f 626 660 659
f 627 628 661
f 627 661 660
f 628 629 662
f 628 662 661
f 629 630 663
f 629 663 662
f 630 631 664
f 630 664 663
f 631 632 665
f 631 665 664
f 632 633 666
f 632 666 665
f 633 634 667
f 633 667 666
f 634 635 668
f 634 668 667
f 635 603 636
f 635 636 668
f 669 538 537
f 670 636 637
f 669 539 538
f 670 637 638
f 669 540 539
f 670 638 639
f 669 541 540
f 670 639 640
f 669 542 541
f 670 640 641
f 669 543 542
f 670 641 642
f 669 544 543
f 670 642 643
f 669 545 544
f 670 643 644
f 669 546 545
f 670 644 645
f 669 547 546
f 670 645 646
f 669 548 547
f 670 646 647
f 669 549 548
f 670 647 648
f 669 550 549
f 670 648 649
f 669 551 550
f 670 649 650
f 669 552 551
f 670 650 651
f 669 553 552
f 670 651 652
f 669 554 553
f 670 652 653
f 669 555 554
f 670 653 654
f 669 556 555
f 670 654 655
f 669 557 556
f 670 655 656
f 669 558 557
f 670 656 657
f 669 559 558
f 670 657 658
f 669 560 559
f 670 658 659
f 669 561 560
f 670 659 660
f 669 562 561
f 670 660 661
f 669 563 562
f 670 661 662
f 669 564 563
f 670 662 663
f 669 565 564
f 670 663 664
f 669 566 565
f 670 664 665
f 669 567 566
f 670 665 666
f 669 568 567
f 670 666 667
f 669 569 568
f 670 667 668
f 669 537 569
f 670 668 636
f 671 672 705
f 671 705 704
f 672 673 706
f 672 706 705
f 673 674 707
f 673 707 706
f 674 675 708
f 674 708 707
f 675 676 709
f 675 709 708
f 676 677 710
f 676 710 709
f 677 678 711
f 677 711 710
f 678 679 712
f 678 712 711
f 679 680 713
f 679 713 712
f 680 681 714
f 680 714 713
f 681 682 715
f 681 715 714
f 682 683 716
f 682 716 715
f 683 684 717
f 683 717 716
f 684 685 718
f 684 718 717
f 685 686 719
f 685 719 718
f 686 687 720
f 686 720 719
f 687 688 721
f 687 721 720
f 688 689 722
f 688 722 721
f 689 690 723
f 689 723 722
f 690 691 724
f 690 724 723
f 691 692 725
f 691 725 724
f 692 693 726
f 692 726 725
f 693 694 727
f 693 727 726
f 694 695 728
f 694 728 727
f 695 696 729
f 695 729 728
f 696 697 730
f 696 730 729
f 697 698 731
f 697 731 730
f 698 699 732
f 698 732 731
f 699 700 733
f 699 733 732
f 700 701 734
f 700 734 733
f 701 702 735
f 701 735 734
f 702 703 736
f 702 736 735
f 703 671 704
f 703 704 736
f 704 705 738
f 704 738 737
f 705 706 739
f 705 739 738
f 706 707 740
f 706 740 739
f 707 708 741
f 707 741 740
f 708 709 742
f 708 742 741
f 709 710 743
f 709 743 742
f 710 711 744
f 710 744 743
f 711 712 745
f 711 745 744
f 712 713 746
f 712 746 745
f 713 714 747
f 713 747 746
f 714 715 748
f 714 748 747
f 715 716 749
f 715 749 748
f 716 717 750
f 716 750 749
f 717 718 751
f 717 751 750
f 718 719 752
f 718 752 751
f 719 720 753
f 719 753 752
f 720 721 754
f 720 754 753
f 721 722 755
f 721 755 754
f 722 723 756
f 722 756 755
f 723 724 757
f 723 757 756
f 724 725 758
f 724 758 757
f 725 726 759
f 725 759 758
f 726 727 760
f 726 760 759
f 727 728 761
f 727 761 760
f 728 729 762
f 728 762 761
f 729 730 763
f 729 763 762
f 730 731 764
f 730 764 763
f 731 732 765
f 731 765 764
f 732 733 766
f 732 766 765
f 733 734 767
f 733 767 766
f 734 735 768
f 734 768 767
f 735 736 769
f 735 769 768
f 736 704 737
f 736 737 769
f 737 738 771
f 737 771 770
f 738 739 772
f 738 772 771
f 739 740 773
f 739 773 772
f 740 741 774
f 740 774 773
f 741 742 775
f 741 775 774
f 742 743 776
f 742 776 775
f 743 744 777
f 743 777 776
f 744 745 778
f 744 778 777
f 745 746 779
f 745 779 778
f 746 747 780
f 746 780 779
f 747 748 781
f 747 781 780
f 748 749 782
f 748 782 781
f 749 750 783
f 749 783 782
f 750 751 784
f 750 784 783
f 751 752 785
f 751 785 784
f 752 753 786
f 752 786 785
f 753 754 787
f 753 787 786
f 754 755 788
f 754 788 787
f 755 756 789
f 755 789 788
f 756 757 790
f 756 790 789
f 757 758 791
f 757 791 790
f 758 759 792
f 758 792 791
f 759 760 793
f 759 793 792
f 760 761 794
f 760 794 793
f 761 762 795
f 761 795 794
f 762 763 796
f 762 796 795
f 763 764 797
f 763 797 796
f 764 765 798
f 764 798 797
f 765 766 799
f 765 799 798
f 766 767 800
f 766 800 799
f 767 768 801
f 767 801 800
f 768 769 802
f 768 802 801
f 769 737 770
f 769 770 802
f 803 672 671
f 804 770 771
f 803 673 672
f 804 771 772
f 803 674 673
f 804 772 773
f 803 675 674
f 804 773 774
f 803 676 675
f 804 774 775
f 803 677 676
f 804 775 776
f 803 678 677
f 804 776 777
f 803 679 678
f 804 777 778
f 803 680 679
f 804 778 779
f 803 681 680
f 804 779 780
f 803 682 681
f 804 780 781
f 803 683 682
f 804 781 782
f 803 684 683
f 804 782 783
f 803 685 684
f 804 783 784
f 803 686 685
f 804 784 785
f 803 687 686
f 804 785 786
f 803 688 687
f 804 786 787
f 803 689 688
f 804 787 788
f 803 690 689
f 804 788 789
f 803 691 690
f 804 789 790
f 803 692 691
f 804 790 791
f 803 693 692
f 804 791 792
f 803 694 693
f 804 792 793
f 803 695 694
f 804 793 794
f 803 696 695
f 804 794 795
f 803 697 696
f 804 795 796
f 803 698 697
f 804 796 797
f 803 699 698
f 804 797 798
f 803 700 699
f 804 798 799
f 803 701 700
f 804 799 800
f 803 702 701
f 804 800 801
f 803 703 702
f 804 801 802
f 803 671 703
f 804 802 770
f 805 806 839
f 805 839 838
f 806 807 840
f 806 840 839
f 807 808 841
f 807 841 840
f 808 809 842
f 808 842 841
f 809 810 843
f 809 843 842
f 810 811 844
f 810 844 843
f 811 812 845
f 811 845 844
f 812 813 846
f 812 846 845
f 813 814 847
f 813 847 846
f 814 815 848
f 814 848 847
f 815 816 849
f 815 849 848
f 816 817 850
f 816 850 849
f 817 818 851
f 817 851 850
f 818 819 852
f 818 852 851
f 819 820 853
f 819 853 852
f 820 821 854
f 820 854 853
f 821 822 855
f 821 855 854
f 822 823 856
f 822 856 855
f 823 824 857
f 823 857 856
f 824 825 858
f 824 858 857
f 825 826 859
f 825 859 858
f 826 827 860
f 826 860 859
f 827 828 861
f 827 861 860
f 828 829 862
f 828 862 861
f 829 830 863
f 829 863 862
f 830 831 864
f 830 864 863
f 831 832 865
f 831 865 864
f 832 833 866
f 832 866 865
f 833 834 867
f 833 867 866
f 834 835 868
f 834 868 867
f 835 836 869
f 835 869 868
f 836 837 870
f 836 870 869
f 837 805 838
f 837 838 870
f 838 839 872
f 838 872 871
f 839 840 873
f 839 873 872
f 840 841 874
f 840 874 873
f 841 842 875
f 841 875 874
f 842 843 876
f 842 876 875
f 843 844 877
f 843 877 876
f 844 845 878
f 844 878 877
f 845 846 879
f 845 879 878
f 846 847 880
f 846 880 879
f 847 848 881
f 847 881 880
f 848 849 882
f 848 882 881
f 849 850 883
f 849 883 882
f 850 851 884
f 850 884 883
f 851 852 885
f 851 885 884
f 852 853 886
f 852 886 885
f 853 854 887
f 853 887 886
f 854 855 888
f 854 888 887
f 855 856 889
f 855 889 888
f 856 857 890
f 856 890 889
f 857 858 891
f 857 891 890
f 858 859 892
f 858 892 891
f 859 860 893
f 859 893 892
f 860 861 894
f 860 894 893
f 861 862 895
f 861 895 894
f 862 863 896
f 862 896 895
f 863 864 897
f 863 897 896
f 864 865 898
f 864 898 897
f 865 866 899
f 865 899 898
f 866 867 900
f 866 900 899
f 867 868 901
f 867 901 900
f 868 869 902
f 868 902 901
f 869 870 903
f 869 903 902
f 870 838 871
f 870 871 903
f 871 872 905
f 871 905 904
f 872 873 906
f 872 906 905
f 873 874 907
f 873 907 906
f 874 875 908
f 874 908 907
f 875 876 909
f 875 909 908
f 876 877 910
f 876 910 909
f 877 878 911
f 877 911 910
f 878 879 912
f 878 912 911
f 879 880 913
f 879 913 912
f 880 881 914
f 880 914 913
f 881 882 915
f 881 915 914
f 882 883 916
f 882 916 915
f 883 884 917
f 883 917 916
f 884 885 918
f 884 918 917
f 885 886 919
f 885 919 918
f 886 887 920
f 886 920 919
f 887 888 921
f 887 921 920
f 888 889 922
f 888 922 921
f 889 890 923
f 889 923 922
f 890 891 924
f 890 924 923
f 891 892 925
f 891 925 924
f 892 893 926
f 892 926 925
f 893 894 927
f 893 927 926
f 894 895 928
f 894 928 927
f 895 896 929
f 895 929 928
f 896 897 930
f 896 930 929
f 897 898 931
f 897 931 930
f 898 899 932
f 898 932 931
f 899 900 933
f 899 933 932
f 900 901 934
f 900 934 933
f 901 902 935
f 901 935 934
f 902 903 936
f 902 936 935
f 903 871 904
f 903 904 936
f 937 806 805
f 938 904 905
f 937 807 806
f 938 905 906
f 937 808 807
f 938 906 907
f 937 809 808
f 938 907 908
f 937 810 809
f 938 908 909
f 937 811 810
f 938 909 910
f 937 812 811
f 938 910 911
f 937 813 812
f 938 911 912
f 937 814 813
f 938 912 913
f 937 815 814
f 938 913 914
f 937 816 815
f 938 914 915
f 937 817 816
f 938 915 916
f 937 818 817
f 938 916 917
f 937 819 818
f 938 917 918
f 937 820 819
f 938 918 919
f 937 821 820
f 938 919 920
f 937 822 821
f 938 920 921
f 937 823 822
f 938 921 922
f 937 824 823
f 938 922 923
f 937 825 824
f 938 923 924
f 937 826 825
f 938 924 925
f 937 827 826
f 938 925 926
f 937 828 827
f 938 926 927
f 937 829 828
f 938 927 928
f 937 830 829
f 938 928 929
f 937 831 830
f 938 929 930
f 937 832 831
f 938 930 931
f 937 833 832
f 938 931 932
f 937 834 833
f 938 932 933
f 937 835 834
f 938 933 934
f 937 836 835
f 938 934 935
f 937 837 836
f 938 935 936
f 937 805 837
f 938 936 904
f 939 940 973
f 939 973 972
f 940 941 974
f 940 974 973
f 941 942 975
f 941 975 974
f 942 943 976
f 942 976 975
f 943 944 977
f 943 977 976
f 944 945 978
f 944 978 977
f 945 946 979
f 945 979 978
f 946 947 980
f 946 980 979
f 947 948 981
f 947 981 980
f 948 949 982
f 948 982 981
f 949 950 983
f 949 983 982
f 950 951 984
f 950 984 983
f 951 952 985
f 951 985 984
f 952 953 986
f 952 986 985
f 953 954 987
f 953 987 986
f 954 955 988
f 954 988 987
f 955 956 989
f 955 989 988
f 956 957 990
f 956 990 989
f 957 958 991
f 957 991 990
f 958 959 992
f 958 992 991
f 959 960 993
f 959 993 992
f 960 961 994
f 960 994 993
f 961 962 995
f 961 995 994
f 962 963 996
f 962 996 995
f 963 964 997
f 963 997 996
f 964 965 998
f 964 998 997
f 965 966 999
f 965 999 998
f 966 967 1000
f 966 1000 999
f 967 968 1001
f 967 1001 1000
f 968 969 1002
f 968 1002 1001
f 969 970 1003
f 969 1003 1002
f 970 971 1004
f 970 1004 1003
f 971 939 972
f 971 972 1004
f 972 973 1006
f 972 1006 1005
f 973 974 1007
f 973 1007 1006
f 974 975 1008
f 974 1008 1007
f 975 976 1009
f 975 1009 1008
f 976 977 1010
f 976 1010 1009
f 977 978 1011
f 977 1011 1010
f 978 979 1012
f 978 1012 1011
f 979 980 1013
f 979 1013 1012
f 980 981 1014
f 980 1014 1013
f 981 982 1015
f 981 1015 1014
f 982 983 1016
f 982 1016 1015
f 983 984 1017
f 983 1017 1016
f 984 985 1018
f 984 1018 1017
f 985 986 1019
f 985 1019 1018
f 986 987 1020
f 986 1020 1019
f 987 988 1021
f 987 1021 1020
f 988 989 1022
f 988 1022 1021
f 989 990 1023
f 989 1023 1022
f 990 991 1024
f 990 1024 1023
f 991 992 1025
f 991 1025 1024
f 992 993 1026
f 992 1026 1025
f 993 994 1027
f 993 1027 1026
f 994 995 1028
f 994 1028 1027
f 995 996 1029
f 995 1029 1028
f 996 997 1030
f 996 1030 1029
f 997 998 1031
f 997 1031 1030
f 998 999 1032
f 998 1032 1031
f 999 1000 1033
f 999 1033 1032
f 1000 1001 1034
f 1000 1034 1033
f 1001 1002 1035
f 1001 1035 1034
f 1002 1003 1036
f 1002 1036 1035
f 1003 1004 1037
f 1003 1037 1036
f 1004 972 1005
f 1004 1005 1037
f 1005 1006 1039
f 1005 1039 1038
f 1006 1007 1040
f 1006 1040 1039
f 1007 1008 1041
f 1007 1041 1040
f 1008 1009 1042
f 1008 1042 1041
f 1009 1010 1043
f 1009 1043 1042
f 1010 1011 1044
f 1010 1044 1043
f 1011 1012 1045
f 1011 1045 1044
f 1012 1013 1046
f 1012 1046 1045
f 1013 1014 1047
f 1013 1047 1046
f 1014 1015 1048
f 1014 1048 1047
f 1015 1016 1049
f 1015 1049 1048
f 1016 1017 1050
f 1016 1050 1049
f 1017 1018 1051
f 1017 1051 1050
f 1018 1019 1052
f 1018 1052 1051
f 1019 1020 1053
f 1019 1053 1052
f 1020 1021 1054
f 1020 1054 1053
f 1021 1022 1055
f 1021 1055 1054
f 1022 1023 1056
f 1022 1056 1055
f 1023 1024 1057
f 1023 1057 1056
f 1024 1025 1058
f 1024 1058 1057
f 1025 1026 1059
f 1025 1059 1058
f 1026 1027 1060
f 1026 1060 1059
f 1027 1028 1061
f 1027 1061 1060
f 1028 1029 1062
f 1028 1062 1061
f 1029 1030 1063
f 1029 1063 1062
f 1030 1031 1064
f 1030 1064 1063
f 1031 1032 1065
f 1031 1065 1064
f 1032 1033 1066
f 1032 1066 1065
f 1033 1034 1067
f 1033 1067 1066
f 1034 1035 1068
f 1034 1068 1067
f 1035 1036 1069
f 1035 1069 1068
f 1036 1037 1070
f 1036 1070 1069
f 1037 1005 1038
f 1037 1038 1070
f 1071 940 939
f 1072 1038 1039
f 1071 941 940
f 1072 1039 1040
f 1071 942 941
f 1072 1040 1041
f 1071 943 942
f 1072 1041 1042
f 1071 944 943
f 1072 1042 1043
f 1071 945 944
f 1072 1043 1044
f 1071 946 945
f 1072 1044 1045
f 1071 947 946
f 1072 1045 1046
f 1071 948 947
f 1072 1046 1047
f 1071 949 948
f 1072 1047 1048
f 1071 950 949
f 1072 1048 1049
f 1071 951 950
f 1072 1049 1050
f 1071 952 951
f 1072 1050 1051
f 1071 953 952
f 1072 1051 1052
f 1071 954 953
f 1072 1052 1053
f 1071 955 954
f 1072 1053 1054
f 1071 956 955
f 1072 1054 1055
f 1071 957 956
f 1072 1055 1056
f 1071 958 957
f 1072 1056 1057
f 1071 959 958
f 1072 1057 1058
f 1071 960 959
f 1072 1058 1059
f 1071 961 960
f 1072 1059 1060
f 1071 962 961
f 1072 1060 1061
f 1071 963 962
f 1072 1061 1062
f 1071 964 963
f 1072 1062 1063
f 1071 965 964
f 1072 1063 1064
f 1071 966 965
f 1072 1064 1065
f 1071 967 966
f 1072 1065 1066
f 1071 968 967
f 1072 1066 1067
f 1071 969 968
f 1072 1067 1068
f 1071 970 969
f 1072 1068 1069
f 1071 971 970
f 1072 1069 1070
f 1071 939 971
f 1072 1070 1038
f 1073 1074 1107
f 1073 1107 1106
f 1074 1075 1108
f 1074 1108 1107
f 1075 1076 1109
f 1075 1109 1108
f 1076 1077 1110
f 1076 1110 1109
f 1077 1078 1111
f 1077 1111 1110
f 1078 1079 1112
f 1078 1112 1111
f 1079 1080 1113
f 1079 1113 1112
f 1080 1081 1114
f 1080 1114 1113
f 1081 1082 1115
f 1081 1115 1114
f 1082 1083 1116
f 1082 1116 1115
f 1083 1084 1117
f 1083 1117 1116
f 1084 1085 1118
f 1084 1118 1117
f 1085 1086 1119
f 1085 1119 1118
f 1086 1087 1120
f 1086 1120 1119
f 1087 1088 1121
f 1087 1121 1120
f 1088 1089 1122
f 1088 1122 1121
f 1089 1090 1123
f 1089 1123 1122
f 1090 1091 1124
f 1090 1124 1123
f 1091 1092 1125
f 1091 1125 1124
f 1092 1093 1126
f 1092 1126 1125
f 1093 1094 1127
f 1093 1127 1126
f 1094 1095 1128
f 1094 1128 1127
f 1095 1096 1129
f 1095 1129 1128
f 1096 1097 1130
f 1096 1130 1129
f 1097 1098 1131
f 1097 1131 1130
f 1098 1099 1132
f 1098 1132 1131
f 1099 1100 1133
f 1099 1133 1132
f 1100 1101 1134
f 1100 1134 1133
f 1101 1102 1135
f 1101 1135 1134
f 1102 1103 1136
f 1102 1136 1135
f 1103 1104 1137
f 1103 1137 1136
f 1104 1105 1138
f 1104 1138 1137
f 1105 1073 1106
f 1105 1106 1138
f 1106 1107 1140
f 1106 1140 1139
f 1107 1108 1141
f 1107 1141 1140
f 1108 1109 1142
f 1108 1142 1141
f 1109 1110 1143
f 1109 1143 1142
f 1110 1111 1144
f 1110 1144 1143
f 1111 1112 1145
f 1111 1145 1144
f 1112 1113 1146
f 1112 1146 1145
f 1113 1114 1147
f 1113 1147 1146
f 1114 1115 1148
f 1114 1148 1147
f 1115 1116 1149
f 1115 1149 1148
f 1116 1117 1150
f 1116 1150 1149
f 1117 1118 1151
f 1117 1151 1150
f 1118 1119 1152
f 1118 1152 1151
f 1119 1120 1153
f 1119 1153 1152
f 1120 1121 1154
f 1120 1154 1153
f 1121 1122 1155
f 1121 1155 1154
f 1122 1123 1156
f 1122 1156 1155
f 1123 1124 1157
f 1123 1157 1156
f 1124 1125 1158
f 1124 1158 1157
f 1125 1126 1159
f 1125 1159 1158
f 1126 1127 1160
f 1126 1160 1159
f 1127 1128 1161
f 1127 1161 1160
f 1128 1129 1162
f 1128 1162 1161
f 1129 1130 1163
f 1129 1163 1162
f 1130 1131 1164
f 1130 1164 1163
f 1131 1132 1165
f 1131 1165 1164
f 1132 1133 1166
f 1132 1166 1165
f 1133 1134 1167
f 1133 1167 1166
f 1134 1135 1168
f 1134 1168 1167
f 1135 1136 1169
f 1135 1169 1168
f 1136 1137 1170
f 1136 1170 1169
f 1137 1138 1171
f 1137 1171 1170
f 1138 1106 1139
f 1138 1139 1171
f 1139 1140 1173
f 1139 1173 1172
f 1140 1141 1174
f 1140 1174 1173
f 1141 1142 1175
f 1141 1175 1174
f 1142 1143 1176
f 1142 1176 1175
f 1143 1144 1177
f 1143 1177 1176
f 1144 1145 1178
f 1144 1178 1177
f 1145 1146 1179
f 1145 1179 1178
f 1146 1147 1180
f 1146 1180 1179
f 1147 1148 1181
f 1147 1181 1180
f 1148 1149 1182
f 1148 1182 1181
f 1149 1150 1183
f 1149 1183 1182
f 1150 1151 1184
f 1150 1184 1183
f 1151 1152 1185
f 1151 1185 1184
f 1152 1153 1186
f 1152 1186 1185
f 1153 1154 1187
f 1153 1187 1186
f 1154 1155 1188
f 1154 1188 1187
f 1155 1156 1189
f 1155 1189 1188
f 1156 1157 1190
f 1156 1190 1189
f 1157 1158 1191
f 1157 1191 1190
f 1158 1159 1192
f 1158 1192 1191
f 1159 1160 1193
f 1159 1193 1192
f 1160 1161 1194
f 1160 1194 1193
f 1161 1162 1195
f 1161 1195 1194
f 1162 1163 1196
f 1162 1196 1195
f 1163 1164 1197
f 1163 1197 1196
f 1164 1165 1198
f 1164 1198 1197
f 1165 1166 1199
f 1165 1199 1198
f 1166 1167 1200
f 1166 1200 1199
f 1167 1168 1201
f 1167 1201 1200
f 1168 1169 1202
f 1168 1202 1201
f 1169 1170 1203
f 1169 1203 1202
f 1170 1171 1204
f 1170 1204 1203
f 1171 1139 1172
f 1171 1172 1204
f 1205 1074 1073
f 1206 1172 1173
f 1205 1075 1074
f 1206 1173 1174
f 1205 1076 1075
f 1206 1174 1175
f 1205 1077 1076
f 1206 1175 1176
f 1205 1078 1077
f 1206 1176 1177
f 1205 1079 1078
f 1206 1177 1178
f 1205 1080 1079
f 1206 1178 1179
f 1205 1081 1080
f 1206 1179 1180
f 1205 1082 1081
f 1206 1180 1181
f 1205 1083 1082
f 1206 1181 1182
f 1205 1084 1083
f 1206 1182 1183
f 1205 1085 1084
f 1206 1183 1184
f 1205 1086 1085
f 1206 1184 1185
f 1205 1087 1086
f 1206 1185 1186
f 1205 1088 1087
f 1206 1186 1187
f 1205 1089 1088
f 1206 1187 1188
f 1205 1090 1089
f 1206 1188 1189
f 1205 1091 1090
f 1206 1189 1190
f 1205 1092 1091
f 1206 1190 1191
f 1205 1093 1092
f 1206 1191 1192
f 1205 1094 1093
f 1206 1192 1193
f 1205 1095 1094
f 1206 1193 1194
f 1205 1096 1095
f 1206 1194 1195
f 1205 1097 1096
f 1206 1195 1196
f 1205 1098 1097
f 1206 1196 1197
f 1205 1099 1098
f 1206 1197 1198
f 1205 1100 1099
f 1206 1198 1199
f 1205 1101 1100
f 1206 1199 1200
f 1205 1102 1101
f 1206 1200 1201
f 1205 1103 1102
f 1206 1201 1202
f 1205 1104 1103
f 1206 1202 1203
f 1205 1105 1104
f 1206 1203 1204
f 1205 1073 1105
f 1206 1204 1172
f 1207 1208 1241
f 1207 1241 1240
f 1208 1209 1242
f 1208 1242 1241
f 1209 1210 1243
f 1209 1243 1242
f 1210 1211 1244
f 1210 1244 1243
f 1211 1212 1245
f 1211 1245 1244
f 1212 1213 1246
f 1212 1246 1245
f 1213 1214 1247
f 1213 1247 1246
f 1214 1215 1248
f 1214 1248 1247
f 1215 1216 1249
f 1215 1249 1248
f 1216 1217 1250
f 1216 1250 1249
f 1217 1218 1251
f 1217 1251 1250
f 1218 1219 1252
f 1218 1252 1251
f 1219 1220 1253
f 1219 1253 1252
f 1220 1221 1254
f 1220 1254 1253
f 1221 1222 1255
f 1221 1255 1254
f 1222 1223 1256
f 1222 1256 1255
f 1223 1224 1257
f 1223 1257 1256
f 1224 1225 1258
f 1224 1258 1257
f 1225 1226 1259
f 1225 1259 1258
f 1226 1227 1260
f 1226 1260 1259
f 1227 1228 1261
f 1227 1261 1260
f 1228 1229 1262
f 1228 1262 1261
f 1229 1230 1263
f 1229 1263 1262
f 1230 1231 1264
f 1230 1264 1263
f 1231 1232 1265
f 1231 1265 1264
f 1232 1233 1266
f 1232 1266 1265
f 1233 1234 1267
f 1233 1267 1266
f 1234 1235 1268
f 1234 1268 1267
f 1235 1236 1269
f 1235 1269 1268
f 1236 1237 1270
f 1236 1270 1269
f 1237 1238 1271
f 1237 1271 1270
f 1238 1239 1272
f 1238 1272 1271
f 1239 1207 1240
f 1239 1240 1272
f 1240 1241 1274
f 1240 1274 1273
f 1241 1242 1275
f 1241 1275 1274
f 1242 1243 1276
f 1242 1276 1275
f 1243 1244 1277
f 1243 1277 1276
f 1244 1245 1278
f 1244 1278 1277
f 1245 1246 1279
f 1245 1279 1278
f 1246 1247 1280
f 1246 1280 1279
f 1247 1248 1281
f 1247 1281 1280
f 1248 1249 1282
f 1248 1282 1281
f 1249 1250 1283
f 1249 1283 1282
f 1250 1251 1284
f 1250 1284 1283
f 1251 1252 1285
f 1251 1285 1284
f 1252 1253 1286
f 1252 1286 1285
f 1253 1254 1287
f 1253 1287 1286
f 1254 1255 1288
f 1254 1288 1287
f 1255 1256 1289
f 1255 1289 1288
f 1256 1257 1290
f 1256 1290 1289
f 1257 1258 1291
f 1257 1291 1290
f 1258 1259 1292
f 1258 1292 1291
f 1259 1260 1293
f 1259 1293 1292
f 1260 1261 1294
f 1260 1294 1293
f 1261 1262 1295
f 1261 1295 1294
f 1262 1263 1296
f 1262 1296 1295
f 1263 1264 1297
f 1263 1297 1296
f 1264 1265 1298
f 1264 1298 1297
f 1265 1266 1299
f 1265 1299 1298
f 1266 1267 1300
f 1266 1300 1299
f 1267 1268 1301
f 1267 1301 1300
f 1268 1269 1302
f 1268 1302 1301
f 1269 1270 1303
f 1269 1303 1302
f 1270 1271 1304
f 1270 1304 1303
f 1271 1272 1305
f 1271 1305 1304
f 1272 1240 1273
f 1272 1273 1305
f 1273 1274 1307
f 1273 1307 1306
f 1274 1275 1308
f 1274 1308 1307
f 1275 1276 1309
f 1275 1309 1308
f 1276 1277 1310
f 1276 1310 1309
f 1277 1278 1311
f 1277 1311 1310
f 1278 1279 1312
f 1278 1312 1311
f 1279 1280 1313
f 1279 1313 1312
f 1280 1281 1314
f 1280 1314 1313
f 1281 1282 1315
f 1281 1315 1314
f 1282 1283 1316
f 1282 1316 1315
f 1283 1284 1317
f 1283 1317 1316
f 1284 1285 1318
f 1284 1318 1317
f 1285 1286 1319
f 1285 1319 1318
f 1286 1287 1320
f 1286 1320 1319
f 1287 1288 1321
f 1287 1321 1320
f 1288 1289 1322
f 1288 1322 1321
f 1289 1290 1323
f 1289 1323 1322
f 1290 1291 1324
f 1290 1324 1323
f 1291 1292 1325
f 1291 1325 1324
f 1292 1293 1326
f 1292 1326 1325
f 1293 1294 1327
f 1293 1327 1326
f 1294 1295 1328
f 1294 1328 1327
f 1295 1296 1329
f 1295 1329 1328
f 1296 1297 1330
f 1296 1330 1329
f 1297 1298 1331
f 1297 1331 1330
f 1298 1299 1332
f 1298 1332 1331
f 1299 1300 1333
f 1299 1333 1332
f 1300 1301 1334
f 1300 1334 1333
f 1301 1302 1335
f 1301 1335 1334
f 1302 1303 1336
f 1302 1336 1335
f 1303 1304 1337
f 1303 1337 1336
f 1304 1305 1338
f 1304 1338 1337
f 1305 1273 1306
f 1305 1306 1338
f 1339 1208 1207
f 1340 1306 1307
f 1339 1209 1208
f 1340 1307 1308
f 1339 1210 1209
f 1340 1308 1309
f 1339 1211 1210
f 1340 1309 1310
f 1339 1212 1211
f 1340 1310 1311
f 1339 1213 1212
f 1340 1311 1312
f 1339 1214 1213
f 1340 1312 1313
f 1339 1215 1214
f 1340 1313 1314
f 1339 1216 1215
f 1340 1314 1315
f 1339 1217 1216
f 1340 1315 1316
f 1339 1218 1217
f 1340 1316 1317
f 1339 1219 1218
f 1340 1317 1318
f 1339 1220 1219
f 1340 1318 1319
f 1339 1221 1220
f 1340 1319 1320
f 1339 1222 1221
f 1340 1320 1321
f 1339 1223 1222
f 1340 1321 1322
f 1339 1224 1223
f 1340 1322 1323
f 1339 1225 1224
f 1340 1323 1324
f 1339 1226 1225
f 1340 1324 1325
f 1339 1227 1226
f 1340 1325 1326
f 1339 1228 1227
f 1340 1326 1327
f 1339 1229 1228
f 1340 1327 1328
f 1339 1230 1229
f 1340 1328 1329
f 1339 1231 1230
f 1340 1329 1330
f 1339 1232 1231
f 1340 1330 1331
f 1339 1233 1232
f 1340 1331 1332
f 1339 1234 1233
f 1340 1332 1333
f 1339 1235 1234
f 1340 1333 1334
f 1339 1236 1235
f 1340 1334 1335
f 1339 1237 1236
f 1340 1335 1336
f 1339 1238 1237
f 1340 1336 1337
f 1339 1239 1238
f 1340 1337 1338
f 1339 1207 1239
f 1340 1338 1306
f 1341 1342 1423
f 1341 1423 1422
f 1342 1343 1424
f 1342 1424 1423
f 1343 1344 1425
f 1343 1425 1424
f 1344 1345 1426
f 1344 1426 1425
f 1345 1346 1427
f 1345 1427 1426
f 1346 1347 1428
f 1346 1428 1427
f 1347 1348 1429
f 1347 1429 1428
f 1348 1349 1430
f 1348 1430 1429
f 1349 1350 1431
f 1349 1431 1430
f 1350 1351 1432
f 1350 1432 1431
f 1351 1352 1433
f 1351 1433 1432
f 1352 1353 1434
f 1352 1434 1433
f 1353 1354 1435
f 1353 1435 1434
f 1354 1355 1436
f 1354 1436 1435
f 1355 1356 1437
f 1355 1437 1436
f 1356 1357 1438
f 1356 1438 1437
f 1357 1358 1439
f 1357 1439 1438
f 1358 1359 1440
f 1358 1440 1439
f 1359 1360 1441
f 1359 1441 1440
f 1360 1361 1442
f 1360 1442 1441
f 1361 1362 1443
f 1361 1443 1442
f 1362 1363 1444
f 1362 1444 1443
f 1363 1364 1445
f 1363 1445 1444
f 1364 1365 1446
f 1364 1446 1445
f 1365 1366 1447
f 1365 1447 1446
f 1366 1367 1448
f 1366 1448 1447
f 1367 1368 1449
f 1367 1449 1448
f 1368 1369 1450
f 1368 1450 1449
f 1369 1370 1451
f 1369 1451 1450
f 1370 1371 1452
f 1370 1452 1451
f 1371 1372 1453
f 1371 1453 1452
f 1372 1373 1454
f 1372 1454 1453
f 1373 1374 1455
f 1373 1455 1454
f 1374 1375 1456
f 1374 1456 1455
f 1375 1376 1457
f 1375 1457 1456
f 1376 1377 1458
f 1376 1458 1457
f 1377 1378 1459
f 1377 1459 1458
f 1378 1379 1460
f 1378 1460 1459
f 1379 1380 1461
f 1379 1461 1460
f 1380 1381 1462
f 1380 1462 1461
f 1381 1382 1463
f 1381 1463 1462
f 1382 1383 1464
f 1382 1464 1463
f 1383 1384 1465
f 1383 1465 1464
f 1384 1385 1466
f 1384 1466 1465
f 1385 1386 1467
f 1385 1467 1466
f 1386 1387 1468
f 1386 1468 1467
f 1387 1388 1469
f 1387 1469 1468
f 1388 1389 1470
f 1388 1470 1469
f 1389 1390 1471
f 1389 1471 1470
f 1390 1391 1472
f 1390 1472 1471
f 1391 1392 1473
f 1391 1473 1472
f 1392 1393 1474
f 1392 1474 1473
f 1393 1394 1475
f 1393 1475 1474
f 1394 1395 1476
f 1394 1476 1475
f 1395 1396 1477
f 1395 1477 1476
f 1396 1397 1478
f 1396 1478 1477
f 1397 1398 1479
f 1397 1479 1478
f 1398 1399 1480
f 1398 1480 1479
f 1399 1400 1481
f 1399 1481 1480
f 1400 1401 1482
f 1400 1482 1481
f 1401 1402 1483
f 1401 1483 1482
f 1402 1403 1484
f 1402 1484 1483
f 1403 1404 1485
f 1403 1485 1484
f 1404 1405 1486
f 1404 1486 1485
f 1405 1406 1487
f 1405 1487 1486
f 1406 1407 1488
f 1406 1488 1487
f 1407 1408 1489
f 1407 1489 1488
f 1408 1409 1490
f 1408 1490 1489
f 1409 1410 1491
f 1409 1491 1490
f 1410 1411 1492
f 1410 1492 1491
f 1411 1412 1493
f 1411 1493 1492
f 1412 1413 1494
f 1412 1494 1493
f 1413 1414 1495
f 1413 1495 1494
f 1414 1415 1496
f 1414 1496 1495
f 1415 1416 1497
f 1415 1497 1496
f 1416 1417 1498
f 1416 1498 1497
f 1417 1418 1499
f 1417 1499 1498
f 1418 1419 1500
f 1418 1500 1499
f 1419 1420 1501
f 1419 1501 1500
f 1420 1421 1502
f 1420 1502 1501
f 1421 1341 1422
f 1421 1422 1502
f 1422 1423 1504
f 1422 1504 1503
f 1423 1424 1505
f 1423 1505 1504
f 1424 1425 1506
f 1424 1506 1505
f 1425 1426 1507
f 1425 1507 1506
f 1426 1427 1508
f 1426 1508 1507
f 1427 1428 1509
f 1427 1509 1508
f 1428 1429 1510
f 1428 1510 1509
f 1429 1430 1511
f 1429 1511 1510
f 1430 1431 1512
f 1430 1512 1511
f 1431 1432 1513
f 1431 1513 1512
f 1432 1433 1514
f 1432 1514 1513
f 1433 1434 1515
f 1433 1515 1514
f 1434 1435 1516
f 1434 1516 1515
f 1435 1436 1517
f 1435 1517 1516
f 1436 1437 1518
f 1436 1518 1517
f 1437 1438 1519
f 1437 1519 1518
f 1438 1439 1520
f 1438 1520 1519
f 1439 1440 1521
f 1439 1521 1520
f 1440 1441 1522
f 1440 1522 1521
f 1441 1442 1523
f 1441 1523 1522
f 1442 1443 1524
f 1442 1524 1523
f 1443 1444 1525
f 1443 1525 1524
f 1444 1445 1526
f 1444 1526 1525
f 1445 1446 1527
f 1445 1527 1526
f 1446 1447 1528
f 1446 1528 1527
f 1447 1448 1529
f 1447 1529 1528
f 1448 1449 1530
f 1448 1530 1529
f 1449 1450 1531
f 1449 1531 1530
f 1450 1451 1532
f 1450 1532 1531
f 1451 1452 1533
f 1451 1533 1532
f 1452 1453 1534
f 1452 1534 1533
f 1453 1454 1535
f 1453 1535 1534
f 1454 1455 1536
f 1454 1536 1535
f 1455 1456 1537
f 1455 1537 1536
f 1456 1457 1538
f 1456 1538 1537
f 1457 1458 1539
f 1457 1539 1538
f 1458 1459 1540
f 1458 1540 1539
f 1459 1460 1541
f 1459 1541 1540
f 1460 1461 1542
f 1460 1542 1541
f 1461 1462 1543
f 1461 1543 1542
f 1462 1463 1544
f 1462 1544 1543
f 1463 1464 1545
f 1463 1545 1544
f 1464 1465 1546
f 1464 1546 1545
f 1465 1466 1547
f 1465 1547 1546
f 1466 1467 1548
f 1466 1548 1547
f 1467 1468 1549
f 1467 1549 1548
f 1468 1469 1550
f 1468 1550 1549
f 1469 1470 1551
f 1469 1551 1550
f 1470 1471 1552
f 1470 1552 1551
f 1471 1472 1553
f 1471 1553 1552
f 1472 1473 1554
f 1472 1554 1553
f 1473 1474 1555
f 1473 1555 1554
f 1474 1475 1556
f 1474 1556 1555
f 1475 1476 1557
f 1475 1557 1556
f 1476 1477 1558
f 1476 1558 1557
f 1477 1478 1559
f 1477 1559 1558
f 1478 1479 1560
f 1478 1560 1559
f 1479 1480 1561
f 1479 1561 1560
f 1480 1481 1562
f 1480 1562 1561
f 1481 1482 1563
f 1481 1563 1562
f 1482 1483 1564
f 1482 1564 1563
f 1483 1484 1565
f 1483 1565 1564
f 1484 1485 1566
f 1484 1566 1565
f 1485 1486 1567
f 1485 1567 1566
f 1486 1487 1568
f 1486 1568 1567
f 1487 1488 1569
f 1487 1569 1568
f 1488 1489 1570
f 1488 1570 1569
f 1489 1490 1571
f 1489 1571 1570
f 1490 1491 1572
f 1490 1572 1571
f 1491 1492 1573
f 1491 1573 1572
f 1492 1493 1574
f 1492 1574 1573
f 1493 1494 1575
f 1493 1575 1574
f 1494 1495 1576
f 1494 1576 1575
f 1495 1496 1577
f 1495 1577 1576
f 1496 1497 1578
f 1496 1578 1577
f 1497 1498 1579
f 1497 1579 1578
f 1498 1499 1580
f 1498 1580 1579
f 1499 1500 1581
f 1499 1581 1580
f 1500 1501 1582
f 1500 1582 1581
f 1501 1502 1583
f 1501 1583 1582
f 1502 1422 1503
f 1502 1503 1583
f 1503 1504 1585
f 1503 1585 1584
f 1504 1505 1586
f 1504 1586 1585
f 1505 1506 1587
f 1505 1587 1586
f 1506 1507 1588
f 1506 1588 1587
f 1507 1508 1589
f 1507 1589 1588
f 1508 1509 1590
f 1508 1590 1589
f 1509 1510 1591
f 1509 1591 1590
f 1510 1511 1592
f 1510 1592 1591
f 1511 1512 1593
f 1511 1593 1592
f 1512 1513 1594
f 1512 1594 1593
f 1513 1514 1595
f 1513 1595 1594
f 1514 1515 1596
f 1514 1596 1595
f 1515 1516 1597
f 1515 1597 1596
f 1516 1517 1598
f 1516 1598 1597
f 1517 1518 1599
f 1517 1599 1598
f 1518 1519 1600
f 1518 1600 1599
f 1519 1520 1601
f 1519 1601 1600
f 1520 1521 1602
f 1520 1602 1601
f 1521 1522 1603
f 1521 1603 1602
f 1522 1523 1604
f 1522 1604 1603
f 1523 1524 1605
f 1523 1605 1604
f 1524 1525 1606
f 1524 1606 1605
f 1525 1526 1607
f 1525 1607 1606
f 1526 1527 1608
f 1526 1608 1607
f 1527 1528 1609
f 1527 1609 1608
f 1528 1529 1610
f 1528 1610 1609
f 1529 1530 1611
f 1529 1611 1610
f 1530 1531 1612
f 1530 1612 1611
f 1531 1532 1613
f 1531 1613 1612
f 1532 1533 1614
f 1532 1614 1613
f 1533 1534 1615
f 1533 1615 1614
f 1534 1535 1616
f 1534 1616 1615
f 1535 1536 1617
f 1535 1617 1616
f 1536 1537 1618
f 1536 1618 1617
f 1537 1538 1619
f 1537 1619 1618
f 1538 1539 1620
f 1538 1620 1619
f 1539 1540 1621
f 1539 1621 1620
f 1540 1541 1622
f 1540 1622 1621
f 1541 1542 1623
f 1541 1623 1622
f 1542 1543 1624
f 1542 1624 1623
f 1543 1544 1625
f 1543 1625 1624
f 1544 1545 1626
f 1544 1626 1625
f 1545 1546 1627
f 1545 1627 1626
f 1546 1547 1628
f 1546 1628 1627
f 1547 1548 1629
f 1547 1629 1628
f 1548 1549 1630
f 1548 1630 1629
f 1549 1550 1631
f 1549 1631 1630
f 1550 1551 1632
f 1550 1632 1631
f 1551 1552 1633
f 1551 1633 1632
f 1552 1553 1634
f 1552 1634 1633
f 1553 1554 1635
f 1553 1635 1634
f 1554 1555 1636
f 1554 1636 1635
f 1555 1556 1637
f 1555 1637 1636
f 1556 1557 1638
f 1556 1638 1637
f 1557 1558 1639
f 1557 1639 1638
f 1558 1559 1640
f 1558 1640 1639
f 1559 1560 1641
f 1559 1641 1640
f 1560 1561 1642
f 1560 1642 1641
f 1561 1562 1643
f 1561 1643 1642
f 1562 1563 1644
f 1562 1644 1643
f 1563 1564 1645
f 1563 1645 1644
f 1564 1565 1646
f 1564 1646 1645
f 1565 1566 1647
f 1565 1647 1646
f 1566 1567 1648
f 1566 1648 1647
f 1567 1568 1649
f 1567 1649 1648
f 1568 1569 1650
f 1568 1650 1649
f 1569 1570 1651
f 1569 1651 1650
f 1570 1571 1652
f 1570 1652 1651
f 1571 1572 1653
f 1571 1653 1652
f 1572 1573 1654
f 1572 1654 1653
f 1573 1574 1655
f 1573 1655 1654
f 1574 1575 1656
f 1574 1656 1655
f 1575 1576 1657
f 1575 1657 1656
f 1576 1577 1658
f 1576 1658 1657
f 1577 1578 1659
f 1577 1659 1658
f 1578 1579 1660
f 1578 1660 1659
f 1579 1580 1661
f 1579 1661 1660
f 1580 1581 1662
f 1580 1662 1661
f 1581 1582 1663
f 1581 1663 1662
f 1582 1583 1664
f 1582 1664 1663
f 1583 1503 1584
f 1583 1584 1664
f 1665 1342 1341
f 1666 1584 1585
f 1665 1343 1342
f 1666 1585 1586
f 1665 1344 1343
f 1666 1586 1587
f 1665 1345 1344
f 1666 1587 1588
f 1665 1346 1345
f 1666 1588 1589
f 1665 1347 1346
f 1666 1589 1590
f 1665 1348 1347
f 1666 1590 1591
f 1665 1349 1348
f 1666 1591 1592
f 1665 1350 1349
f 1666 1592 1593
f 1665 1351 1350
f 1666 1593 1594
f 1665 1352 1351
f 1666 1594 1595
f 1665 1353 1352
f 1666 1595 1596
f 1665 1354 1353
f 1666 1596 1597
f 1665 1355 1354
f 1666 1597 1598
f 1665 1356 1355
f 1666 1598 1599
f 1665 1357 1356
f 1666 1599 1600
f 1665 1358 1357
f 1666 1600 1601
f 1665 1359 1358
f 1666 1601 1602
f 1665 1360 1359
f 1666 1602 1603
f 1665 1361 1360
f 1666 1603 1604
f 1665 1362 1361
f 1666 1604 1605
f 1665 1363 1362
f 1666 1605 1606
f 1665 1364 1363
f 1666 1606 1607
f 1665 1365 1364
f 1666 1607 1608
f 1665 1366 1365
f 1666 1608 1609
f 1665 1367 1366
f 1666 1609 1610
f 1665 1368 1367
f 1666 1610 1611
f 1665 1369 1368
f 1666 1611 1612
f 1665 1370 1369
f 1666 1612 1613
f 1665 1371 1370
f 1666 1613 1614
f 1665 1372 1371
f 1666 1614 1615
f 1665 1373 1372
f 1666 1615 1616
f 1665 1374 1373
f 1666 1616 1617
f 1665 1375 1374
f 1666 1617 1618
f 1665 1376 1375
f 1666 1618 1619
f 1665 1377 1376
f 1666 1619 1620
f 1665 1378 1377
f 1666 1620 1621
f 1665 1379 1378
f 1666 1621 1622
f 1665 1380 1379
f 1666 1622 1623
f 1665 1381 1380
f 1666 1623 1624
f 1665 1382 1381
f 1666 1624 1625
f 1665 1383 1382
f 1666 1625 1626
f 1665 1384 1383
f 1666 1626 1627
f 1665 1385 1384
f 1666 1627 1628
f 1665 1386 1385
f 1666 1628 1629
f 1665 1387 1386
f 1666 1629 1630
f 1665 1388 1387
f 1666 1630 1631
f 1665 1389 1388
f 1666 1631 1632
f 1665 1390 1389
f 1666 1632 1633
f 1665 1391 1390
f 1666 1633 1634
f 1665 1392 1391
f 1666 1634 1635
f 1665 1393 1392
f 1666 1635 1636
f 1665 1394 1393
f 1666 1636 1637
f 1665 1395 1394
f 1666 1637 1638
f 1665 1396 1395
f 1666 1638 1639
f 1665 1397 1396
f 1666 1639 1640
f 1665 1398 1397
f 1666 1640 1641
f 1665 1399 1398
f 1666 1641 1642
f 1665 1400 1399
f 1666 1642 1643
f 1665 1401 1400
f 1666 1643 1644
f 1665 1402 1401
f 1666 1644 1645
f 1665 1403 1402
f 1666 1645 1646
f 1665 1404 1403
f 1666 1646 1647
f 1665 1405 1404
f 1666 1647 1648
f 1665 1406 1405
f 1666 1648 1649
f 1665 1407 1406
f 1666 1649 1650
f 1665 1408 1407
f 1666 1650 1651
f 1665 1409 1408
f 1666 1651 1652
f 1665 1410 1409
f 1666 1652 1653
f 1665 1411 1410
f 1666 1653 1654
f 1665 1412 1411
f 1666 1654 1655
f 1665 1413 1412
f 1666 1655 1656
f 1665 1414 1413
f 1666 1656 1657
f 1665 1415 1414
f 1666 1657 1658
f 1665 1416 1415
f 1666 1658 1659
f 1665 1417 1416
f 1666 1659 1660
f 1665 1418 1417
f 1666 1660 1661
f 1665 1419 1418
f 1666 1661 1662
f 1665 1420 1419
f 1666 1662 1663
f 1665 1421 1420
f 1666 1663 1664
f 1665 1341 1421
f 1666 1664 1584
f 1667 1668 1704
f 1667 1704 1703
f 1739 1668 1667
f 1740 1703 1704
f 1668 1669 1705
f 1668 1705 1704
f 1739 1669 1668
f 1740 1704 1705
f 1669 1670 1706
f 1669 1706 1705
f 1739 1670 1669
f 1740 1705 1706
f 1670 1671 1707
f 1670 1707 1706
f 1739 1671 1670
f 1740 1706 1707
f 1671 1672 1708
f 1671 1708 1707
f 1739 1672 1671
f 1740 1707 1708
f 1672 1673 1709
f 1672 1709 1708
f 1739 1673 1672
f 1740 1708 1709
f 1673 1674 1710
f 1673 1710 1709
f 1739 1674 1673
f 1740 1709 1710
f 1674 1675 1711
f 1674 1711 1710
f 1739 1675 1674
f 1740 1710 1711
f 1675 1676 1712
f 1675 1712 1711
f 1739 1676 1675
f 1740 1711 1712
f 1676 1677 1713
f 1676 1713 1712
f 1739 1677 1676
f 1740 1712 1713
f 1677 1678 1714
f 1677 1714 1713
f 1739 1678 1677
f 1740 1713 1714
f 1678 1679 1715
f 1678 1715 1714
f 1739 1679 1678
f 1740 1714 1715
f 1679 1680 1716
f 1679 1716 1715
f 1739 1680 1679
f 1740 1715 1716
f 1680 1681 1717
f 1680 1717 1716
f 1739 1681 1680
f 1740 1716 1717
f 1681 1682 1718
f 1681 1718 1717
f 1739 1682 1681
f 1740 1717 1718
f 1682 1683 1719
f 1682 1719 1718
f 1739 1683 1682
f 1740 1718 1719
f 1683 1684 1720
f 1683 1720 1719
f 1739 1684 1683
f 1740 1719 1720
f 1684 1685 1721
f 1684 1721 1720
f 1739 1685 1684
f 1740 1720 1721
f 1685 1686 1722
f 1685 1722 1721
f 1739 1686 1685
f 1740 1721 1722
f 1686 1687 1723
f 1686 1723 1722
f 1739 1687 1686
f 1740 1722 1723
f 1687 1688 1724
f 1687 1724 1723
f 1739 1688 1687
f 1740 1723 1724
f 1688 1689 1725
f 1688 1725 1724
f 1739 1689 1688
f 1740 1724 1725
f 1689 1690 1726
f 1689 1726 1725
f 1739 1690 1689
f 1740 1725 1726
f 1690 1691 1727
f 1690 1727 1726
f 1739 1691 1690
f 1740 1726 1727
f 1691 1692 1728
f 1691 1728 1727
f 1739 1692 1691
f 1740 1727 1728
f 1692 1693 1729
f 1692 1729 1728
f 1739 1693 1692
f 1740 1728 1729
f 1693 1694 1730
f 1693 1730 1729
f 1739 1694 1693
f 1740 1729 1730
f 1694 1695 1731
f 1694 1731 1730
f 1739 1695 1694
f 1740 1730 1731
f 1695 1696 1732
f 1695 1732 1731
f 1739 1696 1695
f 1740 1731 1732
f 1696 1697 1733
f 1696 1733 1732
f 1739 1697 1696
f 1740 1732 1733
f 1697 1698 1734
f 1697 1734 1733
f 1739 1698 1697
f 1740 1733 1734
f 1698 1699 1735
f 1698 1735 1734
f 1739 1699 1698
f 1740 1734 1735
f 1699 1700 1736
f 1699 1736 1735
f 1739 1700 1699
f 1740 1735 1736
f 1700 1701 1737
f 1700 1737 1736
f 1739 1701 1700
f 1740 1736 1737
f 1701 1702 1738
f 1701 1738 1737
f 1739 1702 1701
f 1740 1737 1738
f 1702 1667 1703
f 1702 1703 1738
f 1739 1667 1702
f 1740 1738 1703
f 1741 1742 1778
f 1741 1778 1777
f 1813 1742 1741
f 1814 1777 1778
f 1742 1743 1779
f 1742 1779 1778
f 1813 1743 1742
f 1814 1778 1779
f 1743 1744 1780
f 1743 1780 1779
f 1813 1744 1743
f 1814 1779 1780
f 1744 1745 1781
f 1744 1781 1780
f 1813 1745 1744
f 1814 1780 1781
f 1745 1746 1782
f 1745 1782 1781
f 1813 1746 1745
f 1814 1781 1782
f 1746 1747 1783
f 1746 1783 1782
f 1813 1747 1746
f 1814 1782 1783
f 1747 1748 1784
f 1747 1784 1783
f 1813 1748 1747
f 1814 1783 1784
f 1748 1749 1785
f 1748 1785 1784
f 1813 1749 1748
f 1814 1784 1785
f 1749 1750 1786
f 1749 1786 1785
f 1813 1750 1749
f 1814 1785 1786
f 1750 1751 1787
f 1750 1787 1786
f 1813 1751 1750
f 1814 1786 1787
f 1751 1752 1788
f 1751 1788 1787
f 1813 1752 1751
f 1814 1787 1788
f 1752 1753 1789
f 1752 1789 1788
f 1813 1753 1752
f 1814 1788 1789
f 1753 1754 1790
f 1753 1790 1789
f 1813 1754 1753
f 1814 1789 1790
f 1754 1755 1791
f 1754 1791 1790
f 1813 1755 1754
f 1814 1790 1791
f 1755 1756 1792
f 1755 1792 1791
f 1813 1756 1755
f 1814 1791 1792
f 1756 1757 1793
f 1756 1793 1792
f 1813 1757 1756
f 1814 1792 1793
f 1757 1758 1794
f 1757 1794 1793
f 1813 1758 1757
f 1814 1793 1794
f 1758 1759 1795
f 1758 1795 1794
f 1813 1759 1758
f 1814 1794 1795
f 1759 1760 1796
f 1759 1796 1795
f 1813 1760 1759
f 1814 1795 1796
f 1760 1761 1797
f 1760 1797 1796
f 1813 1761 1760
f 1814 1796 1797
f 1761 1762 1798
f 1761 1798 1797
f 1813 1762 1761
f 1814 1797 1798
f 1762 1763 1799
f 1762 1799 1798
f 1813 1763 1762
f 1814 1798 1799
f 1763 1764 1800
f 1763 1800 1799
f 1813 1764 1763
f 1814 1799 1800
f 1764 1765 1801
f 1764 1801 1800
f 1813 1765 1764
f 1814 1800 1801
f 1765 1766 1802
f 1765 1802 1801
f 1813 1766 1765
f 1814 1801 1802
f 1766 1767 1803
f 1766 1803 1802
f 1813 1767 1766
f 1814 1802 1803
f 1767 1768 1804
f 1767 1804 1803
f 1813 1768 1767
f 1814 1803 1804
f 1768 1769 1805
f 1768 1805 1804
f 1813 1769 1768
f 1814 1804 1805
f 1769 1770 1806
f 1769 1806 1805
f 1813 1770 1769
f 1814 1805 1806
f 1770 1771 1807
f 1770 1807 1806
f 1813 1771 1770
f 1814 1806 1807
f 1771 1772 1808
f 1771 1808 1807
f 1813 1772 1771
f 1814 1807 1808
f 1772 1773 1809
f 1772 1809 1808
f 1813 1773 1772
f 1814 1808 1809
f 1773 1774 1810
f 1773 1810 1809
f 1813 1774 1773
f 1814 1809 1810
f 1774 1775 1811
f 1774 1811 1810
f 1813 1775 1774
f 1814 1810 1811
f 1775 1776 1812
f 1775 1812 1811
f 1813 1776 1775
f 1814 1811 1812
f 1776 1741 1777
f 1776 1777 1812
f 1813 1741 1776
f 1814 1812 1777
