# snes_ntsc_u_front_shell_v3
# SPDX-License-Identifier: CC0-1.0
o snes_ntsc_u_front_shell_v3
v -0.064000000 0.000000000 0.008638034
v -0.063965734 0.000000000 0.008640500
v -0.063862971 0.000000000 0.008647878
v -0.063691823 0.000000000 0.008660102
v -0.063452471 0.000000000 0.008677066
v -0.063145173 0.000000000 0.008698624
v -0.062770258 0.000000000 0.008724589
v -0.062328127 0.000000000 0.008754738
v -0.061819253 0.000000000 0.008788813
v -0.061244181 0.000000000 0.008826524
v -0.060603528 0.000000000 0.008867553
v -0.059897979 0.000000000 0.008911559
v -0.059128290 0.000000000 0.008958176
v -0.058295285 0.000000000 0.009007026
v -0.057399855 0.000000000 0.009057715
v -0.056442961 0.000000000 0.009109841
v -0.055425626 0.000000000 0.009162999
v -0.054348940 0.000000000 0.009216785
v -0.053214055 0.000000000 0.009270798
v -0.052022188 0.000000000 0.009324647
v -0.050774614 0.000000000 0.009377956
v -0.049472669 0.000000000 0.009430364
v -0.048117748 0.000000000 0.009487653
v -0.046711301 0.000000000 0.009566749
v -0.045254834 0.000000000 0.009658760
v -0.043749907 0.000000000 0.009750027
v -0.042198132 0.000000000 0.009824030
v -0.040601170 0.000000000 0.009868762
v -0.038960731 0.000000000 0.009906923
v -0.037278573 0.000000000 0.009942296
v -0.035556495 0.000000000 0.009974800
v -0.033796342 0.000000000 0.010004392
v -0.032000000 0.000000000 0.010031063
v -0.030169391 0.000000000 0.010054844
v -0.028306476 0.000000000 0.010075795
v -0.026413250 0.000000000 0.010094013
v -0.024491740 0.000000000 0.010109622
v -0.022544003 0.000000000 0.010122774
v -0.020572126 0.000000000 0.010133646
v -0.018578219 0.000000000 0.010142432
v -0.016564419 0.000000000 0.010149348
v -0.014532881 0.000000000 0.010154617
v -0.012485781 0.000000000 0.010158473
v -0.010425310 0.000000000 0.010161152
v -0.008353676 0.000000000 0.010162888
v -0.006273097 0.000000000 0.010163907
v -0.004185800 0.000000000 0.010164422
v -0.002094021 0.000000000 0.010164621
v 0.000000000 0.000000000 0.010164661
v 0.002094021 0.000000000 0.010164621
v 0.004185800 0.000000000 0.010164422
v 0.006273097 0.000000000 0.010163907
v 0.008353676 0.000000000 0.010162888
v 0.010425310 0.000000000 0.010161152
v 0.012485781 0.000000000 0.010158473
v 0.014532881 0.000000000 0.010154617
v 0.016564419 0.000000000 0.010149348
v 0.018578219 0.000000000 0.010142432
v 0.020572126 0.000000000 0.010133646
v 0.022544003 0.000000000 0.010122774
v 0.024491740 0.000000000 0.010109622
v 0.026413250 0.000000000 0.010094013
v 0.028306476 0.000000000 0.010075795
v 0.030169391 0.000000000 0.010054844
v 0.032000000 0.000000000 0.010031063
v 0.033796342 0.000000000 0.010004392
v 0.035556495 0.000000000 0.009974800
v 0.037278573 0.000000000 0.009942296
v 0.038960731 0.000000000 0.009906923
v 0.040601170 0.000000000 0.009868762
v 0.042198132 0.000000000 0.009824030
v 0.043749907 0.000000000 0.009750027
v 0.045254834 0.000000000 0.009658760
v 0.046711301 0.000000000 0.009566749
v 0.048117748 0.000000000 0.009487653
v 0.049472669 0.000000000 0.009430364
v 0.050774614 0.000000000 0.009377956
v 0.052022188 0.000000000 0.009324647
v 0.053214055 0.000000000 0.009270798
v 0.054348940 0.000000000 0.009216785
v 0.055425626 0.000000000 0.009162999
v 0.056442961 0.000000000 0.009109841
v 0.057399855 0.000000000 0.009057715
v 0.058295285 0.000000000 0.009007026
v 0.059128290 0.000000000 0.008958176
v 0.059897979 0.000000000 0.008911559
v 0.060603528 0.000000000 0.008867553
v 0.061244181 0.000000000 0.008826524
v 0.061819253 0.000000000 0.008788813
v 0.062328127 0.000000000 0.008754738
v 0.062770258 0.000000000 0.008724589
v 0.063145173 0.000000000 0.008698624
v 0.063452471 0.000000000 0.008677066
v 0.063691823 0.000000000 0.008660102
v 0.063862971 0.000000000 0.008647878
v 0.063965734 0.000000000 0.008640500
v 0.064000000 0.000000000 0.008638034
v -0.065800000 0.000700000 0.008648753
v -0.065764770 0.000700000 0.008651225
v -0.065659117 0.000700000 0.008658618
v -0.065483155 0.000700000 0.008670869
v -0.065237072 0.000700000 0.008687871
v -0.064921131 0.000700000 0.008709477
v -0.064535671 0.000700000 0.008735500
v -0.064081105 0.000700000 0.008765717
v -0.063557919 0.000700000 0.008799869
v -0.062966674 0.000700000 0.008837667
v -0.062308003 0.000700000 0.008878793
v -0.061582610 0.000700000 0.008922903
v -0.060791273 0.000700000 0.008969633
v -0.059934840 0.000700000 0.009018604
v -0.059014226 0.000700000 0.009069420
v -0.058030419 0.000700000 0.009121680
v -0.056984472 0.000700000 0.009174978
v -0.055877504 0.000700000 0.009228909
v -0.054710700 0.000700000 0.009283072
v -0.053485312 0.000700000 0.009337076
v -0.052202650 0.000700000 0.009390543
v -0.050864088 0.000700000 0.009443111
v -0.049471059 0.000700000 0.009494442
v -0.048025056 0.000700000 0.009551627
v -0.046527626 0.000700000 0.009632852
v -0.044980373 0.000700000 0.009726602
v -0.043384955 0.000700000 0.009816260
v -0.041743078 0.000700000 0.009882000
v -0.040056502 0.000700000 0.009920815
v -0.038327032 0.000700000 0.009956346
v -0.036556521 0.000700000 0.009989004
v -0.034746865 0.000700000 0.010018746
v -0.032900000 0.000700000 0.010045563
v -0.031017905 0.000700000 0.010069483
v -0.029102596 0.000700000 0.010090569
v -0.027156123 0.000700000 0.010108914
v -0.025180570 0.000700000 0.010124644
v -0.023178053 0.000700000 0.010137909
v -0.021150717 0.000700000 0.010148885
v -0.019100732 0.000700000 0.010157768
v -0.017030293 0.000700000 0.010164770
v -0.014941618 0.000700000 0.010170117
v -0.012836943 0.000700000 0.010174041
v -0.010718522 0.000700000 0.010176778
v -0.008588623 0.000700000 0.010178562
v -0.006449528 0.000700000 0.010179619
v -0.004303526 0.000700000 0.010180160
v -0.002152916 0.000700000 0.010180375
v 0.000000000 0.000700000 0.010180421
v 0.002152916 0.000700000 0.010180375
v 0.004303526 0.000700000 0.010180160
v 0.006449528 0.000700000 0.010179619
v 0.008588623 0.000700000 0.010178562
v 0.010718522 0.000700000 0.010176778
v 0.012836943 0.000700000 0.010174041
v 0.014941618 0.000700000 0.010170117
v 0.017030293 0.000700000 0.010164770
v 0.019100732 0.000700000 0.010157768
v 0.021150717 0.000700000 0.010148885
v 0.023178053 0.000700000 0.010137909
v 0.025180570 0.000700000 0.010124644
v 0.027156123 0.000700000 0.010108914
v 0.029102596 0.000700000 0.010090569
v 0.031017905 0.000700000 0.010069483
v 0.032900000 0.000700000 0.010045563
v 0.034746865 0.000700000 0.010018746
v 0.036556521 0.000700000 0.009989004
v 0.038327032 0.000700000 0.009956346
v 0.040056502 0.000700000 0.009920815
v 0.041743078 0.000700000 0.009882000
v 0.043384955 0.000700000 0.009816260
v 0.044980373 0.000700000 0.009726602
v 0.046527626 0.000700000 0.009632852
v 0.048025056 0.000700000 0.009551627
v 0.049471059 0.000700000 0.009494442
v 0.050864088 0.000700000 0.009443111
v 0.052202650 0.000700000 0.009390543
v 0.053485312 0.000700000 0.009337076
v 0.054710700 0.000700000 0.009283072
v 0.055877504 0.000700000 0.009228909
v 0.056984472 0.000700000 0.009174978
v 0.058030419 0.000700000 0.009121680
v 0.059014226 0.000700000 0.009069420
v 0.059934840 0.000700000 0.009018604
v 0.060791273 0.000700000 0.008969633
v 0.061582610 0.000700000 0.008922903
v 0.062308003 0.000700000 0.008878793
v 0.062966674 0.000700000 0.008837667
v 0.063557919 0.000700000 0.008799869
v 0.064081105 0.000700000 0.008765717
v 0.064535671 0.000700000 0.008735500
v 0.064921131 0.000700000 0.008709477
v 0.065237072 0.000700000 0.008687871
v 0.065483155 0.000700000 0.008670869
v 0.065659117 0.000700000 0.008658618
v 0.065764770 0.000700000 0.008651225
v 0.065800000 0.000700000 0.008648753
v -0.066500000 0.001400000 0.008659204
v -0.066464395 0.001400000 0.008661681
v -0.066357618 0.001400000 0.008669090
v -0.066179784 0.001400000 0.008681368
v -0.065931083 0.001400000 0.008698407
v -0.065611782 0.001400000 0.008720060
v -0.065222221 0.001400000 0.008746140
v -0.064762819 0.001400000 0.008776424
v -0.064234067 0.001400000 0.008810652
v -0.063636532 0.001400000 0.008848536
v -0.062970854 0.001400000 0.008889756
v -0.062237744 0.001400000 0.008933969
v -0.061437989 0.001400000 0.008980810
v -0.060572444 0.001400000 0.009029899
v -0.059642037 0.001400000 0.009080841
v -0.058647764 0.001400000 0.009133233
v -0.057590689 0.001400000 0.009186669
v -0.056471945 0.001400000 0.009240743
v -0.055292729 0.001400000 0.009295053
v -0.054054305 0.001400000 0.009349209
v -0.052757997 0.001400000 0.009402831
v -0.051405195 0.001400000 0.009455557
v -0.049997347 0.001400000 0.009507048
v -0.048535961 0.001400000 0.009558748
v -0.047022601 0.001400000 0.009632585
v -0.045458888 0.001400000 0.009724403
v -0.043846497 0.001400000 0.009817568
v -0.042187153 0.001400000 0.009892123
v -0.040482635 0.001400000 0.009934386
v -0.038734767 0.001400000 0.009970072
v -0.036945420 0.001400000 0.010002882
v -0.035116512 0.001400000 0.010032772
v -0.033250000 0.001400000 0.010059732
v -0.031347883 0.001400000 0.010083790
v -0.029412198 0.001400000 0.010105007
v -0.027445017 0.001400000 0.010123478
v -0.025448448 0.001400000 0.010139326
v -0.023424628 0.001400000 0.010152702
v -0.021375724 0.001400000 0.010163781
v -0.019303931 0.001400000 0.010172758
v -0.017211466 0.001400000 0.010179846
v -0.015100571 0.001400000 0.010185270
v -0.012973506 0.001400000 0.010189261
v -0.010832549 0.001400000 0.010192055
v -0.008679992 0.001400000 0.010193886
v -0.006518140 0.001400000 0.010194979
v -0.004349308 0.001400000 0.010195547
v -0.002175819 0.001400000 0.010195778
v 0.000000000 0.001400000 0.010195829
v 0.002175819 0.001400000 0.010195778
v 0.004349308 0.001400000 0.010195547
v 0.006518140 0.001400000 0.010194979
v 0.008679992 0.001400000 0.010193886
v 0.010832549 0.001400000 0.010192055
v 0.012973506 0.001400000 0.010189261
v 0.015100571 0.001400000 0.010185270
v 0.017211466 0.001400000 0.010179846
v 0.019303931 0.001400000 0.010172758
v 0.021375724 0.001400000 0.010163781
v 0.023424628 0.001400000 0.010152702
v 0.025448448 0.001400000 0.010139326
v 0.027445017 0.001400000 0.010123478
v 0.029412198 0.001400000 0.010105007
v 0.031347883 0.001400000 0.010083790
v 0.033250000 0.001400000 0.010059732
v 0.035116512 0.001400000 0.010032772
v 0.036945420 0.001400000 0.010002882
v 0.038734767 0.001400000 0.009970072
v 0.040482635 0.001400000 0.009934386
v 0.042187153 0.001400000 0.009892123
v 0.043846497 0.001400000 0.009817568
v 0.045458888 0.001400000 0.009724403
v 0.047022601 0.001400000 0.009632585
v 0.048535961 0.001400000 0.009558748
v 0.049997347 0.001400000 0.009507048
v 0.051405195 0.001400000 0.009455557
v 0.052757997 0.001400000 0.009402831
v 0.054054305 0.001400000 0.009349209
v 0.055292729 0.001400000 0.009295053
v 0.056471945 0.001400000 0.009240743
v 0.057590689 0.001400000 0.009186669
v 0.058647764 0.001400000 0.009133233
v 0.059642037 0.001400000 0.009080841
v 0.060572444 0.001400000 0.009029899
v 0.061437989 0.001400000 0.008980810
v 0.062237744 0.001400000 0.008933969
v 0.062970854 0.001400000 0.008889756
v 0.063636532 0.001400000 0.008848536
v 0.064234067 0.001400000 0.008810652
v 0.064762819 0.001400000 0.008776424
v 0.065222221 0.001400000 0.008746140
v 0.065611782 0.001400000 0.008720060
v 0.065931083 0.001400000 0.008698407
v 0.066179784 0.001400000 0.008681368
v 0.066357618 0.001400000 0.008669090
v 0.066464395 0.001400000 0.008661681
v 0.066500000 0.001400000 0.008659204
v -0.067200000 0.002100000 0.008669390
v -0.067164020 0.002100000 0.008671872
v -0.067056120 0.002100000 0.008679297
v -0.066876414 0.002100000 0.008691600
v -0.066625095 0.002100000 0.008708676
v -0.066302432 0.002100000 0.008730375
v -0.065908771 0.002100000 0.008756511
v -0.065444533 0.002100000 0.008786861
v -0.064910216 0.002100000 0.008821165
v -0.064306391 0.002100000 0.008859132
v -0.063633705 0.002100000 0.008900445
v -0.062892878 0.002100000 0.008944759
v -0.062084705 0.002100000 0.008991710
v -0.061210049 0.002100000 0.009040915
v -0.060269848 0.002100000 0.009091980
v -0.059265109 0.002100000 0.009144501
v -0.058196907 0.002100000 0.009198073
v -0.057066387 0.002100000 0.009252287
v -0.055874758 0.002100000 0.009306743
v -0.054623297 0.002100000 0.009361048
v -0.053313344 0.002100000 0.009414823
v -0.051946302 0.002100000 0.009467704
v -0.050523635 0.002100000 0.009519352
v -0.049046866 0.002100000 0.009569449
v -0.047517576 0.002100000 0.009633987
v -0.045937403 0.002100000 0.009722112
v -0.044308039 0.002100000 0.009817202
v -0.042631229 0.002100000 0.009899182
v -0.040908768 0.002100000 0.009947639
v -0.039142501 0.002100000 0.009983477
v -0.037334320 0.002100000 0.010016437
v -0.035486160 0.002100000 0.010046472
v -0.033600000 0.002100000 0.010073572
v -0.031677861 0.002100000 0.010097766
v -0.029721800 0.002100000 0.010119113
v -0.027733912 0.002100000 0.010137707
v -0.025716327 0.002100000 0.010153671
v -0.023671203 0.002100000 0.010167156
v -0.021600732 0.002100000 0.010178336
v -0.019507130 0.002100000 0.010187406
v -0.017392640 0.002100000 0.010194578
v -0.015259525 0.002100000 0.010200077
v -0.013110070 0.002100000 0.010204134
v -0.010946576 0.002100000 0.010206984
v -0.008771360 0.002100000 0.010208861
v -0.006586752 0.002100000 0.010209991
v -0.004395090 0.002100000 0.010210585
v -0.002198722 0.002100000 0.010210832
v 0.000000000 0.002100000 0.010210888
v 0.002198722 0.002100000 0.010210832
v 0.004395090 0.002100000 0.010210585
v 0.006586752 0.002100000 0.010209991
v 0.008771360 0.002100000 0.010208861
v 0.010946576 0.002100000 0.010206984
v 0.013110070 0.002100000 0.010204134
v 0.015259525 0.002100000 0.010200077
v 0.017392640 0.002100000 0.010194578
v 0.019507130 0.002100000 0.010187406
v 0.021600732 0.002100000 0.010178336
v 0.023671203 0.002100000 0.010167156
v 0.025716327 0.002100000 0.010153671
v 0.027733912 0.002100000 0.010137707
v 0.029721800 0.002100000 0.010119113
v 0.031677861 0.002100000 0.010097766
v 0.033600000 0.002100000 0.010073572
v 0.035486160 0.002100000 0.010046472
v 0.037334320 0.002100000 0.010016437
v 0.039142501 0.002100000 0.009983477
v 0.040908768 0.002100000 0.009947639
v 0.042631229 0.002100000 0.009899182
v 0.044308039 0.002100000 0.009817202
v 0.045937403 0.002100000 0.009722112
v 0.047517576 0.002100000 0.009633987
v 0.049046866 0.002100000 0.009569449
v 0.050523635 0.002100000 0.009519352
v 0.051946302 0.002100000 0.009467704
v 0.053313344 0.002100000 0.009414823
v 0.054623297 0.002100000 0.009361048
v 0.055874758 0.002100000 0.009306743
v 0.057066387 0.002100000 0.009252287
v 0.058196907 0.002100000 0.009198073
v 0.059265109 0.002100000 0.009144501
v 0.060269848 0.002100000 0.009091980
v 0.061210049 0.002100000 0.009040915
v 0.062084705 0.002100000 0.008991710
v 0.062892878 0.002100000 0.008944759
v 0.063633705 0.002100000 0.008900445
v 0.064306391 0.002100000 0.008859132
v 0.064910216 0.002100000 0.008821165
v 0.065444533 0.002100000 0.008786861
v 0.065908771 0.002100000 0.008756511
v 0.066302432 0.002100000 0.008730375
v 0.066625095 0.002100000 0.008708676
v 0.066876414 0.002100000 0.008691600
v 0.067056120 0.002100000 0.008679297
v 0.067164020 0.002100000 0.008671872
v 0.067200000 0.002100000 0.008669390
v -0.067466667 0.002866667 0.008680244
v -0.067430544 0.002866667 0.008682732
v -0.067322215 0.002866667 0.008690174
v -0.067141796 0.002866667 0.008702505
v -0.066889480 0.002866667 0.008719619
v -0.066565537 0.002866667 0.008741368
v -0.066170314 0.002866667 0.008767565
v -0.065704234 0.002866667 0.008797985
v -0.065167796 0.002866667 0.008832370
v -0.064561575 0.002866667 0.008870428
v -0.063886219 0.002866667 0.008911841
v -0.063142453 0.002866667 0.008956264
v -0.062331072 0.002866667 0.009003332
v -0.061452946 0.002866667 0.009052662
v -0.060509014 0.002866667 0.009103859
v -0.059500288 0.002866667 0.009156520
v -0.058427847 0.002866667 0.009210237
v -0.057292841 0.002866667 0.009264603
v -0.056096483 0.002866667 0.009319215
v -0.054840056 0.002866667 0.009373680
v -0.053524905 0.002866667 0.009427619
v -0.052152439 0.002866667 0.009480668
v -0.050724126 0.002866667 0.009532485
v -0.049241496 0.002866667 0.009582752
v -0.047706138 0.002866667 0.009643823
v -0.046119694 0.002866667 0.009730177
v -0.044483864 0.002866667 0.009825684
v -0.042800400 0.002866667 0.009910227
v -0.041071104 0.002866667 0.009961791
v -0.039297829 0.002866667 0.009997794
v -0.037482472 0.002866667 0.010030914
v -0.035626978 0.002866667 0.010061105
v -0.033733333 0.002866667 0.010088357
v -0.031803567 0.002866667 0.010112696
v -0.029839744 0.002866667 0.010134182
v -0.027843968 0.002866667 0.010152909
v -0.025818376 0.002866667 0.010168998
v -0.023765137 0.002866667 0.010182600
v -0.021686449 0.002866667 0.010193889
v -0.019584540 0.002866667 0.010203059
v -0.017461658 0.002866667 0.010210322
v -0.015320079 0.002866667 0.010215901
v -0.013162094 0.002866667 0.010220029
v -0.010990015 0.002866667 0.010222940
v -0.008806167 0.002866667 0.010224867
v -0.006612890 0.002866667 0.010226035
v -0.004412531 0.002866667 0.010226657
v -0.002207447 0.002866667 0.010226921
v 0.000000000 0.002866667 0.010226983
v 0.002207447 0.002866667 0.010226921
v 0.004412531 0.002866667 0.010226657
v 0.006612890 0.002866667 0.010226035
v 0.008806167 0.002866667 0.010224867
v 0.010990015 0.002866667 0.010222940
v 0.013162094 0.002866667 0.010220029
v 0.015320079 0.002866667 0.010215901
v 0.017461658 0.002866667 0.010210322
v 0.019584540 0.002866667 0.010203059
v 0.021686449 0.002866667 0.010193889
v 0.023765137 0.002866667 0.010182600
v 0.025818376 0.002866667 0.010168998
v 0.027843968 0.002866667 0.010152909
v 0.029839744 0.002866667 0.010134182
v 0.031803567 0.002866667 0.010112696
v 0.033733333 0.002866667 0.010088357
v 0.035626978 0.002866667 0.010061105
v 0.037482472 0.002866667 0.010030914
v 0.039297829 0.002866667 0.009997794
v 0.041071104 0.002866667 0.009961791
v 0.042800400 0.002866667 0.009910227
v 0.044483864 0.002866667 0.009825684
v 0.046119694 0.002866667 0.009730177
v 0.047706138 0.002866667 0.009643823
v 0.049241496 0.002866667 0.009582752
v 0.050724126 0.002866667 0.009532485
v 0.052152439 0.002866667 0.009480668
v 0.053524905 0.002866667 0.009427619
v 0.054840056 0.002866667 0.009373680
v 0.056096483 0.002866667 0.009319215
v 0.057292841 0.002866667 0.009264603
v 0.058427847 0.002866667 0.009210237
v 0.059500288 0.002866667 0.009156520
v 0.060509014 0.002866667 0.009103859
v 0.061452946 0.002866667 0.009052662
v 0.062331072 0.002866667 0.009003332
v 0.063142453 0.002866667 0.008956264
v 0.063886219 0.002866667 0.008911841
v 0.064561575 0.002866667 0.008870428
v 0.065167796 0.002866667 0.008832370
v 0.065704234 0.002866667 0.008797985
v 0.066170314 0.002866667 0.008767565
v 0.066565537 0.002866667 0.008741368
v 0.066889480 0.002866667 0.008719619
v 0.067141796 0.002866667 0.008702505
v 0.067322215 0.002866667 0.008690174
v 0.067430544 0.002866667 0.008682732
v 0.067466667 0.002866667 0.008680244
v -0.067733333 0.003633333 0.008690786
v -0.067697068 0.003633333 0.008693279
v -0.067588311 0.003633333 0.008700738
v -0.067407179 0.003633333 0.008713096
v -0.067153865 0.003633333 0.008730249
v -0.066828642 0.003633333 0.008752046
v -0.066431856 0.003633333 0.008778302
v -0.065963934 0.003633333 0.008808792
v -0.065425376 0.003633333 0.008843256
v -0.064816759 0.003633333 0.008881403
v -0.064138734 0.003633333 0.008922914
v -0.063392028 0.003633333 0.008967443
v -0.062577440 0.003633333 0.009014626
v -0.061695843 0.003633333 0.009064079
v -0.060748180 0.003633333 0.009115406
v -0.059735467 0.003633333 0.009168204
v -0.058658787 0.003633333 0.009222064
v -0.057519294 0.003633333 0.009276578
v -0.056318208 0.003633333 0.009331343
v -0.055056815 0.003633333 0.009385966
v -0.053736466 0.003633333 0.009440065
v -0.052358575 0.003633333 0.009493278
v -0.050924616 0.003633333 0.009545261
v -0.049436127 0.003633333 0.009595695
v -0.047894699 0.003633333 0.009653692
v -0.046301985 0.003633333 0.009738007
v -0.044659690 0.003633333 0.009833690
v -0.042969572 0.003633333 0.009920580
v -0.041233441 0.003633333 0.009975568
v -0.039453156 0.003633333 0.010001421
v -0.037630624 0.003633333 0.010030595
v -0.035767796 0.003633333 0.010060939
v -0.033866667 0.003633333 0.010088339
v -0.031929272 0.003633333 0.010112821
v -0.029957687 0.003633333 0.010134444
v -0.027954023 0.003633333 0.010153300
v -0.025920424 0.003633333 0.010169512
v -0.023859070 0.003633333 0.010183229
v -0.021772166 0.003633333 0.010194625
v -0.019661949 0.003633333 0.010203893
v -0.017530677 0.003633333 0.010211245
v -0.015380632 0.003633333 0.010216903
v -0.013214118 0.003633333 0.010221100
v -0.011033453 0.003633333 0.010224070
v -0.008840974 0.003633333 0.010226046
v -0.006639028 0.003633333 0.010227253
v -0.004429972 0.003633333 0.010227902
v -0.002216173 0.003633333 0.010228182
v 0.000000000 0.003633333 0.010228250
v 0.002216173 0.003633333 0.010228182
v 0.004429972 0.003633333 0.010227902
v 0.006639028 0.003633333 0.010227253
v 0.008840974 0.003633333 0.010226046
v 0.011033453 0.003633333 0.010224070
v 0.013214118 0.003633333 0.010221100
v 0.015380632 0.003633333 0.010216903
v 0.017530677 0.003633333 0.010211245
v 0.019661949 0.003633333 0.010203893
v 0.021772166 0.003633333 0.010194625
v 0.023859070 0.003633333 0.010183229
v 0.025920424 0.003633333 0.010169512
v 0.027954023 0.003633333 0.010153300
v 0.029957687 0.003633333 0.010134444
v 0.031929272 0.003633333 0.010112821
v 0.033866667 0.003633333 0.010088339
v 0.035767796 0.003633333 0.010060939
v 0.037630624 0.003633333 0.010030595
v 0.039453156 0.003633333 0.010001421
v 0.041233441 0.003633333 0.009975568
v 0.042969572 0.003633333 0.009920580
v 0.044659690 0.003633333 0.009833690
v 0.046301985 0.003633333 0.009738007
v 0.047894699 0.003633333 0.009653692
v 0.049436127 0.003633333 0.009595695
v 0.050924616 0.003633333 0.009545261
v 0.052358575 0.003633333 0.009493278
v 0.053736466 0.003633333 0.009440065
v 0.055056815 0.003633333 0.009385966
v 0.056318208 0.003633333 0.009331343
v 0.057519294 0.003633333 0.009276578
v 0.058658787 0.003633333 0.009222064
v 0.059735467 0.003633333 0.009168204
v 0.060748180 0.003633333 0.009115406
v 0.061695843 0.003633333 0.009064079
v 0.062577440 0.003633333 0.009014626
v 0.063392028 0.003633333 0.008967443
v 0.064138734 0.003633333 0.008922914
v 0.064816759 0.003633333 0.008881403
v 0.065425376 0.003633333 0.008843256
v 0.065963934 0.003633333 0.008808792
v 0.066431856 0.003633333 0.008778302
v 0.066828642 0.003633333 0.008752046
v 0.067153865 0.003633333 0.008730249
v 0.067407179 0.003633333 0.008713096
v 0.067588311 0.003633333 0.008700738
v 0.067697068 0.003633333 0.008693279
v 0.067733333 0.003633333 0.008690786
v -0.068000000 0.004400000 0.008701018
v -0.067963592 0.004400000 0.008703517
v -0.067854407 0.004400000 0.008710992
v -0.067672561 0.004400000 0.008723377
v -0.067418251 0.004400000 0.008740567
v -0.067091747 0.004400000 0.008762412
v -0.066693399 0.004400000 0.008788727
v -0.066223635 0.004400000 0.008819284
v -0.065682956 0.004400000 0.008853826
v -0.065071943 0.004400000 0.008892060
v -0.064391249 0.004400000 0.008933667
v -0.063641603 0.004400000 0.008978301
v -0.062823808 0.004400000 0.009025596
v -0.061938740 0.004400000 0.009075169
v -0.060987346 0.004400000 0.009126624
v -0.059970646 0.004400000 0.009179556
v -0.058889727 0.004400000 0.009233556
v -0.057745748 0.004400000 0.009288215
v -0.056539934 0.004400000 0.009343131
v -0.055273575 0.004400000 0.009397908
v -0.053948027 0.004400000 0.009452165
v -0.052564711 0.004400000 0.009505538
v -0.051125107 0.004400000 0.009557683
v -0.049630757 0.004400000 0.009608282
v -0.048083261 0.004400000 0.009663630
v -0.046484277 0.004400000 0.009745633
v -0.044835515 0.004400000 0.009841246
v -0.043138743 0.004400000 0.009930267
v -0.041395777 0.004400000 0.009985240
v -0.039608483 0.004400000 0.009982716
v -0.037778776 0.004400000 0.010005485
v -0.035908614 0.004400000 0.010035979
v -0.034000000 0.004400000 0.010063524
v -0.032054978 0.004400000 0.010088146
v -0.030075631 0.004400000 0.010109903
v -0.028064078 0.004400000 0.010128887
v -0.026022473 0.004400000 0.010145219
v -0.023953003 0.004400000 0.010159049
v -0.021857884 0.004400000 0.010170549
v -0.019739358 0.004400000 0.010179913
v -0.017599695 0.004400000 0.010187352
v -0.015441186 0.004400000 0.010193088
v -0.013266142 0.004400000 0.010197353
v -0.011076892 0.004400000 0.010200381
v -0.008875781 0.004400000 0.010202405
v -0.006665166 0.004400000 0.010203649
v -0.004447413 0.004400000 0.010204325
v -0.002224898 0.004400000 0.010204622
v 0.000000000 0.004400000 0.010204694
v 0.002224898 0.004400000 0.010204622
v 0.004447413 0.004400000 0.010204325
v 0.006665166 0.004400000 0.010203649
v 0.008875781 0.004400000 0.010202405
v 0.011076892 0.004400000 0.010200381
v 0.013266142 0.004400000 0.010197353
v 0.015441186 0.004400000 0.010193088
v 0.017599695 0.004400000 0.010187352
v 0.019739358 0.004400000 0.010179913
v 0.021857884 0.004400000 0.010170549
v 0.023953003 0.004400000 0.010159049
v 0.026022473 0.004400000 0.010145219
v 0.028064078 0.004400000 0.010128887
v 0.030075631 0.004400000 0.010109903
v 0.032054978 0.004400000 0.010088146
v 0.034000000 0.004400000 0.010063524
v 0.035908614 0.004400000 0.010035979
v 0.037778776 0.004400000 0.010005485
v 0.039608483 0.004400000 0.009982716
v 0.041395777 0.004400000 0.009985240
v 0.043138743 0.004400000 0.009930267
v 0.044835515 0.004400000 0.009841246
v 0.046484277 0.004400000 0.009745633
v 0.048083261 0.004400000 0.009663630
v 0.049630757 0.004400000 0.009608282
v 0.051125107 0.004400000 0.009557683
v 0.052564711 0.004400000 0.009505538
v 0.053948027 0.004400000 0.009452165
v 0.055273575 0.004400000 0.009397908
v 0.056539934 0.004400000 0.009343131
v 0.057745748 0.004400000 0.009288215
v 0.058889727 0.004400000 0.009233556
v 0.059970646 0.004400000 0.009179556
v 0.060987346 0.004400000 0.009126624
v 0.061938740 0.004400000 0.009075169
v 0.062823808 0.004400000 0.009025596
v 0.063641603 0.004400000 0.008978301
v 0.064391249 0.004400000 0.008933667
v 0.065071943 0.004400000 0.008892060
v 0.065682956 0.004400000 0.008853826
v 0.066223635 0.004400000 0.008819284
v 0.066693399 0.004400000 0.008788727
v 0.067091747 0.004400000 0.008762412
v 0.067418251 0.004400000 0.008740567
v 0.067672561 0.004400000 0.008723377
v 0.067854407 0.004400000 0.008710992
v 0.067963592 0.004400000 0.008703517
v 0.068000000 0.004400000 0.008701018
v -0.068000000 0.005387671 0.008713750
v -0.067963592 0.005387671 0.008716255
v -0.067854407 0.005387671 0.008723750
v -0.067672561 0.005387671 0.008736169
v -0.067418251 0.005387671 0.008753406
v -0.067091747 0.005387671 0.008775312
v -0.066693399 0.005387671 0.008801699
v -0.066223635 0.005387671 0.008832342
v -0.065682956 0.005387671 0.008866982
v -0.065071943 0.005387671 0.008905326
v -0.064391249 0.005387671 0.008947053
v -0.063641603 0.005387671 0.008991819
v -0.062823808 0.005387671 0.009039256
v -0.061938740 0.005387671 0.009088981
v -0.060987346 0.005387671 0.009140596
v -0.059970646 0.005387671 0.009193696
v -0.058889727 0.005387671 0.009247872
v -0.057745748 0.005387671 0.009302715
v -0.056539934 0.005387671 0.009357819
v -0.055273575 0.005387671 0.009412790
v -0.053948027 0.005387671 0.009467246
v -0.052564711 0.005387671 0.009520821
v -0.051125107 0.005387671 0.009573171
v -0.049630757 0.005387671 0.009623977
v -0.048083261 0.005387671 0.009679532
v -0.046484277 0.005387671 0.009761743
v -0.044835515 0.005387671 0.009857561
v -0.043138743 0.005387671 0.009946787
v -0.041395777 0.005387671 0.009976824
v -0.039608483 0.005387671 0.009947211
v -0.037778776 0.005387671 0.009967831
v -0.035908614 0.005387671 0.009998514
v -0.034000000 0.005387671 0.010026243
v -0.032054978 0.005387671 0.010051041
v -0.030075631 0.005387671 0.010072966
v -0.028064078 0.005387671 0.010092111
v -0.026022473 0.005387671 0.010108594
v -0.023953003 0.005387671 0.010122566
v -0.021857884 0.005387671 0.010134198
v -0.019739358 0.005387671 0.010143683
v -0.017599695 0.005387671 0.010151231
v -0.015441186 0.005387671 0.010157065
v -0.013266142 0.005387671 0.010161416
v -0.011076892 0.005387671 0.010164517
v -0.008875781 0.005387671 0.010166601
v -0.006665166 0.005387671 0.010167892
v -0.004447413 0.005387671 0.010168602
v -0.002224898 0.005387671 0.010168918
v 0.000000000 0.005387671 0.010168998
v 0.002224898 0.005387671 0.010168918
v 0.004447413 0.005387671 0.010168602
v 0.006665166 0.005387671 0.010167892
v 0.008875781 0.005387671 0.010166601
v 0.011076892 0.005387671 0.010164517
v 0.013266142 0.005387671 0.010161416
v 0.015441186 0.005387671 0.010157065
v 0.017599695 0.005387671 0.010151231
v 0.019739358 0.005387671 0.010143683
v 0.021857884 0.005387671 0.010134198
v 0.023953003 0.005387671 0.010122566
v 0.026022473 0.005387671 0.010108594
v 0.028064078 0.005387671 0.010092111
v 0.030075631 0.005387671 0.010072966
v 0.032054978 0.005387671 0.010051041
v 0.034000000 0.005387671 0.010026243
v 0.035908614 0.005387671 0.009998514
v 0.037778776 0.005387671 0.009967831
v 0.039608483 0.005387671 0.009947211
v 0.041395777 0.005387671 0.009976824
v 0.043138743 0.005387671 0.009946787
v 0.044835515 0.005387671 0.009857561
v 0.046484277 0.005387671 0.009761743
v 0.048083261 0.005387671 0.009679532
v 0.049630757 0.005387671 0.009623977
v 0.051125107 0.005387671 0.009573171
v 0.052564711 0.005387671 0.009520821
v 0.053948027 0.005387671 0.009467246
v 0.055273575 0.005387671 0.009412790
v 0.056539934 0.005387671 0.009357819
v 0.057745748 0.005387671 0.009302715
v 0.058889727 0.005387671 0.009247872
v 0.059970646 0.005387671 0.009193696
v 0.060987346 0.005387671 0.009140596
v 0.061938740 0.005387671 0.009088981
v 0.062823808 0.005387671 0.009039256
v 0.063641603 0.005387671 0.008991819
v 0.064391249 0.005387671 0.008947053
v 0.065071943 0.005387671 0.008905326
v 0.065682956 0.005387671 0.008866982
v 0.066223635 0.005387671 0.008832342
v 0.066693399 0.005387671 0.008801699
v 0.067091747 0.005387671 0.008775312
v 0.067418251 0.005387671 0.008753406
v 0.067672561 0.005387671 0.008736169
v 0.067854407 0.005387671 0.008723750
v 0.067963592 0.005387671 0.008716255
v 0.068000000 0.005387671 0.008713750
v -0.068000000 0.006375342 0.008725979
v -0.067963592 0.006375342 0.008728491
v -0.067854407 0.006375342 0.008736006
v -0.067672561 0.006375342 0.008748458
v -0.067418251 0.006375342 0.008765741
v -0.067091747 0.006375342 0.008787705
v -0.066693399 0.006375342 0.008814163
v -0.066223635 0.006375342 0.008844890
v -0.065682956 0.006375342 0.008879625
v -0.065071943 0.006375342 0.008918075
v -0.064391249 0.006375342 0.008959921
v -0.063641603 0.006375342 0.009004814
v -0.062823808 0.006375342 0.009052390
v -0.061938740 0.006375342 0.009102262
v -0.060987346 0.006375342 0.009154033
v -0.059970646 0.006375342 0.009207297
v -0.058889727 0.006375342 0.009261645
v -0.057745748 0.006375342 0.009316666
v -0.056539934 0.006375342 0.009371954
v -0.055273575 0.006375342 0.009357880
v -0.053948027 0.006375342 0.009389976
v -0.052564711 0.006375342 0.009535535
v -0.051125107 0.006375342 0.009588085
v -0.049630757 0.006375342 0.009639091
v -0.048083261 0.006375342 0.009694848
v -0.046484277 0.006375342 0.009777261
v -0.044835515 0.006375342 0.009873281
v -0.043138743 0.006375342 0.009962706
v -0.041395777 0.006375342 0.009965302
v -0.039608483 0.006375342 0.009931586
v -0.037778776 0.006375342 0.009962337
v -0.035908614 0.006375342 0.009993204
v -0.034000000 0.006375342 0.010021111
v -0.032054978 0.006375342 0.010046080
v -0.030075631 0.006375342 0.010068170
v -0.028064078 0.006375342 0.010087471
v -0.026022473 0.006375342 0.010104102
v -0.023953003 0.006375342 0.010118212
v -0.021857884 0.006375342 0.010129972
v -0.019739358 0.006375342 0.010139574
v -0.017599695 0.006375342 0.010147229
v -0.015441186 0.006375342 0.010153158
v -0.013266142 0.006375342 0.010157592
v -0.011076892 0.006375342 0.010160765
v -0.008875781 0.006375342 0.010162907
v -0.006665166 0.006375342 0.010164244
v -0.004447413 0.006375342 0.010164987
v -0.002224898 0.006375342 0.010165324
v 0.000000000 0.006375342 0.010165410
v 0.002224898 0.006375342 0.010165324
v 0.004447413 0.006375342 0.010164987
v 0.006665166 0.006375342 0.010164244
v 0.008875781 0.006375342 0.010162907
v 0.011076892 0.006375342 0.010160765
v 0.013266142 0.006375342 0.010157592
v 0.015441186 0.006375342 0.010153158
v 0.017599695 0.006375342 0.010147229
v 0.019739358 0.006375342 0.010139574
v 0.021857884 0.006375342 0.010129972
v 0.023953003 0.006375342 0.010118212
v 0.026022473 0.006375342 0.010104102
v 0.028064078 0.006375342 0.010087471
v 0.030075631 0.006375342 0.010068170
v 0.032054978 0.006375342 0.010046080
v 0.034000000 0.006375342 0.010021111
v 0.035908614 0.006375342 0.009993204
v 0.037778776 0.006375342 0.009962337
v 0.039608483 0.006375342 0.009931586
v 0.041395777 0.006375342 0.009965302
v 0.043138743 0.006375342 0.009962706
v 0.044835515 0.006375342 0.009873281
v 0.046484277 0.006375342 0.009777261
v 0.048083261 0.006375342 0.009694848
v 0.049630757 0.006375342 0.009639091
v 0.051125107 0.006375342 0.009588085
v 0.052564711 0.006375342 0.009535535
v 0.053948027 0.006375342 0.009389976
v 0.055273575 0.006375342 0.009357880
v 0.056539934 0.006375342 0.009371954
v 0.057745748 0.006375342 0.009316666
v 0.058889727 0.006375342 0.009261645
v 0.059970646 0.006375342 0.009207297
v 0.060987346 0.006375342 0.009154033
v 0.061938740 0.006375342 0.009102262
v 0.062823808 0.006375342 0.009052390
v 0.063641603 0.006375342 0.009004814
v 0.064391249 0.006375342 0.008959921
v 0.065071943 0.006375342 0.008918075
v 0.065682956 0.006375342 0.008879625
v 0.066223635 0.006375342 0.008844890
v 0.066693399 0.006375342 0.008814163
v 0.067091747 0.006375342 0.008787705
v 0.067418251 0.006375342 0.008765741
v 0.067672561 0.006375342 0.008748458
v 0.067854407 0.006375342 0.008736006
v 0.067963592 0.006375342 0.008728491
v 0.068000000 0.006375342 0.008725979
v -0.068000000 0.007363014 0.008737714
v -0.067963592 0.007363014 0.008740232
v -0.067854407 0.007363014 0.008747766
v -0.067672561 0.007363014 0.008760250
v -0.067418251 0.007363014 0.008777577
v -0.067091747 0.007363014 0.008799599
v -0.066693399 0.007363014 0.008826126
v -0.066223635 0.007363014 0.008856934
v -0.065682956 0.007363014 0.008891762
v -0.065071943 0.007363014 0.008930316
v -0.064391249 0.007363014 0.008972276
v -0.063641603 0.007363014 0.009017294
v -0.062823808 0.007363014 0.009065004
v -0.061938740 0.007363014 0.009115019
v -0.060987346 0.007363014 0.009166942
v -0.059970646 0.007363014 0.009220367
v -0.058889727 0.007363014 0.009274881
v -0.057745748 0.007363014 0.009330075
v -0.056539934 0.007363014 0.009028425
v -0.055273575 0.007363014 0.008592478
v -0.053948027 0.007363014 0.008620783
v -0.052564711 0.007363014 0.009133349
v -0.051125107 0.007363014 0.009602430
v -0.049630757 0.007363014 0.009653632
v -0.048083261 0.007363014 0.009709586
v -0.046484277 0.007363014 0.009792195
v -0.044835515 0.007363014 0.009888410
v -0.043138743 0.007363014 0.009978028
v -0.041395777 0.007363014 0.009966743
v -0.039608483 0.007363014 0.009944225
v -0.037778776 0.007363014 0.009978224
v -0.035908614 0.007363014 0.010009270
v -0.034000000 0.007363014 0.010037350
v -0.032054978 0.007363014 0.010062486
v -0.030075631 0.007363014 0.010084736
v -0.028064078 0.007363014 0.010104188
v -0.026022473 0.007363014 0.010120963
v -0.023953003 0.007363014 0.010135207
v -0.021857884 0.007363014 0.010147092
v -0.019739358 0.007363014 0.010156809
v -0.017599695 0.007363014 0.010164567
v -0.015441186 0.007363014 0.010170589
v -0.013266142 0.007363014 0.010175104
v -0.011076892 0.007363014 0.010178346
v -0.008875781 0.007363014 0.010180546
v -0.006665166 0.007363014 0.010181927
v -0.004447413 0.007363014 0.010182702
v -0.002224898 0.007363014 0.010183058
v 0.000000000 0.007363014 0.010183150
v 0.002224898 0.007363014 0.010183058
v 0.004447413 0.007363014 0.010182702
v 0.006665166 0.007363014 0.010181927
v 0.008875781 0.007363014 0.010180546
v 0.011076892 0.007363014 0.010178346
v 0.013266142 0.007363014 0.010175104
v 0.015441186 0.007363014 0.010170589
v 0.017599695 0.007363014 0.010164567
v 0.019739358 0.007363014 0.010156809
v 0.021857884 0.007363014 0.010147092
v 0.023953003 0.007363014 0.010135207
v 0.026022473 0.007363014 0.010120963
v 0.028064078 0.007363014 0.010104188
v 0.030075631 0.007363014 0.010084736
v 0.032054978 0.007363014 0.010062486
v 0.034000000 0.007363014 0.010037350
v 0.035908614 0.007363014 0.010009270
v 0.037778776 0.007363014 0.009978224
v 0.039608483 0.007363014 0.009944225
v 0.041395777 0.007363014 0.009966743
v 0.043138743 0.007363014 0.009978028
v 0.044835515 0.007363014 0.009888410
v 0.046484277 0.007363014 0.009792195
v 0.048083261 0.007363014 0.009709586
v 0.049630757 0.007363014 0.009653632
v 0.051125107 0.007363014 0.009602430
v 0.052564711 0.007363014 0.009133349
v 0.053948027 0.007363014 0.008620783
v 0.055273575 0.007363014 0.008592478
v 0.056539934 0.007363014 0.009028425
v 0.057745748 0.007363014 0.009330075
v 0.058889727 0.007363014 0.009274881
v 0.059970646 0.007363014 0.009220367
v 0.060987346 0.007363014 0.009166942
v 0.061938740 0.007363014 0.009115019
v 0.062823808 0.007363014 0.009065004
v 0.063641603 0.007363014 0.009017294
v 0.064391249 0.007363014 0.008972276
v 0.065071943 0.007363014 0.008930316
v 0.065682956 0.007363014 0.008891762
v 0.066223635 0.007363014 0.008856934
v 0.066693399 0.007363014 0.008826126
v 0.067091747 0.007363014 0.008799599
v 0.067418251 0.007363014 0.008777577
v 0.067672561 0.007363014 0.008760250
v 0.067854407 0.007363014 0.008747766
v 0.067963592 0.007363014 0.008740232
v 0.068000000 0.007363014 0.008737714
v -0.068000000 0.008350685 0.008748960
v -0.067963592 0.008350685 0.008751485
v -0.067854407 0.008350685 0.008759037
v -0.067672561 0.008350685 0.008771553
v -0.067418251 0.008350685 0.008788923
v -0.067091747 0.008350685 0.008811000
v -0.066693399 0.008350685 0.008837595
v -0.066223635 0.008350685 0.008868482
v -0.065682956 0.008350685 0.008903399
v -0.065071943 0.008350685 0.008942054
v -0.064391249 0.008350685 0.008984125
v -0.063641603 0.008350685 0.009029265
v -0.062823808 0.008350685 0.009077105
v -0.061938740 0.008350685 0.009127260
v -0.060987346 0.008350685 0.009179331
v -0.059970646 0.008350685 0.009232910
v -0.058889727 0.008350685 0.009287587
v -0.057745748 0.008350685 0.009235262
v -0.056539934 0.008350685 0.008497409
v -0.055273575 0.008350685 0.008534114
v -0.053948027 0.008350685 0.008589134
v -0.052564711 0.008350685 0.008645635
v -0.051125107 0.008350685 0.009571369
v -0.049630757 0.008350685 0.009667607
v -0.048083261 0.008350685 0.009723751
v -0.046484277 0.008350685 0.009806551
v -0.044835515 0.008350685 0.009902957
v -0.043138743 0.008350685 0.009992760
v -0.041395777 0.008350685 0.009981094
v -0.039608483 0.008350685 0.009959329
v -0.037778776 0.008350685 0.009993507
v -0.035908614 0.008350685 0.010024727
v -0.034000000 0.008350685 0.010052975
v -0.032054978 0.008350685 0.010078274
v -0.030075631 0.008350685 0.010100679
v -0.028064078 0.008350685 0.010120279
v -0.026022473 0.008350685 0.010137193
v -0.023953003 0.008350685 0.010151567
v -0.021857884 0.008350685 0.010163573
v -0.019739358 0.008350685 0.010173401
v -0.017599695 0.008350685 0.010181261
v -0.015441186 0.008350685 0.010187373
v -0.013266142 0.008350685 0.010191967
v -0.011076892 0.008350685 0.010195276
v -0.008875781 0.008350685 0.010197531
v -0.006665166 0.008350685 0.010198956
v -0.004447413 0.008350685 0.010199762
v -0.002224898 0.008350685 0.010200136
v 0.000000000 0.008350685 0.010200235
v 0.002224898 0.008350685 0.010200136
v 0.004447413 0.008350685 0.010199762
v 0.006665166 0.008350685 0.010198956
v 0.008875781 0.008350685 0.010197531
v 0.011076892 0.008350685 0.010195276
v 0.013266142 0.008350685 0.010191967
v 0.015441186 0.008350685 0.010187373
v 0.017599695 0.008350685 0.010181261
v 0.019739358 0.008350685 0.010173401
v 0.021857884 0.008350685 0.010163573
v 0.023953003 0.008350685 0.010151567
v 0.026022473 0.008350685 0.010137193
v 0.028064078 0.008350685 0.010120279
v 0.030075631 0.008350685 0.010100679
v 0.032054978 0.008350685 0.010078274
v 0.034000000 0.008350685 0.010052975
v 0.035908614 0.008350685 0.010024727
v 0.037778776 0.008350685 0.009993507
v 0.039608483 0.008350685 0.009959329
v 0.041395777 0.008350685 0.009981094
v 0.043138743 0.008350685 0.009992760
v 0.044835515 0.008350685 0.009902957
v 0.046484277 0.008350685 0.009806551
v 0.048083261 0.008350685 0.009723751
v 0.049630757 0.008350685 0.009667607
v 0.051125107 0.008350685 0.009571369
v 0.052564711 0.008350685 0.008645635
v 0.053948027 0.008350685 0.008589134
v 0.055273575 0.008350685 0.008534114
v 0.056539934 0.008350685 0.008497409
v 0.057745748 0.008350685 0.009235262
v 0.058889727 0.008350685 0.009287587
v 0.059970646 0.008350685 0.009232910
v 0.060987346 0.008350685 0.009179331
v 0.061938740 0.008350685 0.009127260
v 0.062823808 0.008350685 0.009077105
v 0.063641603 0.008350685 0.009029265
v 0.064391249 0.008350685 0.008984125
v 0.065071943 0.008350685 0.008942054
v 0.065682956 0.008350685 0.008903399
v 0.066223635 0.008350685 0.008868482
v 0.066693399 0.008350685 0.008837595
v 0.067091747 0.008350685 0.008811000
v 0.067418251 0.008350685 0.008788923
v 0.067672561 0.008350685 0.008771553
v 0.067854407 0.008350685 0.008759037
v 0.067963592 0.008350685 0.008751485
v 0.068000000 0.008350685 0.008748960
v -0.068000000 0.009338356 0.008759725
v -0.067963592 0.009338356 0.008762256
v -0.067854407 0.009338356 0.008769827
v -0.067672561 0.009338356 0.008782373
v -0.067418251 0.009338356 0.008799785
v -0.067091747 0.009338356 0.008821916
v -0.066693399 0.009338356 0.008848576
v -0.066223635 0.009338356 0.008879540
v -0.065682956 0.009338356 0.008914545
v -0.065071943 0.009338356 0.008953298
v -0.064391249 0.009338356 0.008995477
v -0.063641603 0.009338356 0.009040734
v -0.062823808 0.009338356 0.009088701
v -0.061938740 0.009338356 0.009138991
v -0.060987346 0.009338356 0.009191206
v -0.059970646 0.009338356 0.009244936
v -0.058889727 0.009338356 0.009299770
v -0.057745748 0.009338356 0.008978167
v -0.056539934 0.009338356 0.008491107
v -0.055273575 0.009338356 0.008318108
v -0.053948027 0.009338356 0.008285192
v -0.052564711 0.009338356 0.008656331
v -0.051125107 0.009338356 0.009367320
v -0.049630757 0.009338356 0.009681022
v -0.048083261 0.009338356 0.009737352
v -0.046484277 0.009338356 0.009820337
v -0.044835515 0.009338356 0.009916928
v -0.043138743 0.009338356 0.010006914
v -0.041395777 0.009338356 0.009995429
v -0.039608483 0.009338356 0.009973841
v -0.037778776 0.009338356 0.010008192
v -0.035908614 0.009338356 0.010039581
v -0.034000000 0.009338356 0.010067994
v -0.032054978 0.009338356 0.010093450
v -0.030075631 0.009338356 0.010116006
v -0.028064078 0.009338356 0.010135749
v -0.026022473 0.009338356 0.010152799
v -0.023953003 0.009338356 0.010167300
v -0.021857884 0.009338356 0.010179423
v -0.019739358 0.009338356 0.010189360
v -0.017599695 0.009338356 0.010197317
v -0.015441186 0.009338356 0.010203517
v -0.013266142 0.009338356 0.010208187
v -0.011076892 0.009338356 0.010211561
v -0.008875781 0.009338356 0.010213870
v -0.006665166 0.009338356 0.010215338
v -0.004447413 0.009338356 0.010216173
v -0.002224898 0.009338356 0.010216566
v 0.000000000 0.009338356 0.010216671
v 0.002224898 0.009338356 0.010216566
v 0.004447413 0.009338356 0.010216173
v 0.006665166 0.009338356 0.010215338
v 0.008875781 0.009338356 0.010213870
v 0.011076892 0.009338356 0.010211561
v 0.013266142 0.009338356 0.010208187
v 0.015441186 0.009338356 0.010203517
v 0.017599695 0.009338356 0.010197317
v 0.019739358 0.009338356 0.010189360
v 0.021857884 0.009338356 0.010179423
v 0.023953003 0.009338356 0.010167300
v 0.026022473 0.009338356 0.010152799
v 0.028064078 0.009338356 0.010135749
v 0.030075631 0.009338356 0.010116006
v 0.032054978 0.009338356 0.010093450
v 0.034000000 0.009338356 0.010067994
v 0.035908614 0.009338356 0.010039581
v 0.037778776 0.009338356 0.010008192
v 0.039608483 0.009338356 0.009973841
v 0.041395777 0.009338356 0.009995429
v 0.043138743 0.009338356 0.010006914
v 0.044835515 0.009338356 0.009916928
v 0.046484277 0.009338356 0.009820337
v 0.048083261 0.009338356 0.009737352
v 0.049630757 0.009338356 0.009681022
v 0.051125107 0.009338356 0.009367320
v 0.052564711 0.009338356 0.008656331
v 0.053948027 0.009338356 0.008285192
v 0.055273575 0.009338356 0.008318108
v 0.056539934 0.009338356 0.008491107
v 0.057745748 0.009338356 0.008978167
v 0.058889727 0.009338356 0.009299770
v 0.059970646 0.009338356 0.009244936
v 0.060987346 0.009338356 0.009191206
v 0.061938740 0.009338356 0.009138991
v 0.062823808 0.009338356 0.009088701
v 0.063641603 0.009338356 0.009040734
v 0.064391249 0.009338356 0.008995477
v 0.065071943 0.009338356 0.008953298
v 0.065682956 0.009338356 0.008914545
v 0.066223635 0.009338356 0.008879540
v 0.066693399 0.009338356 0.008848576
v 0.067091747 0.009338356 0.008821916
v 0.067418251 0.009338356 0.008799785
v 0.067672561 0.009338356 0.008782373
v 0.067854407 0.009338356 0.008769827
v 0.067963592 0.009338356 0.008762256
v 0.068000000 0.009338356 0.008759725
v -0.068000000 0.010326027 0.008770017
v -0.067963592 0.010326027 0.008772554
v -0.067854407 0.010326027 0.008780142
v -0.067672561 0.010326027 0.008792717
v -0.067418251 0.010326027 0.008810171
v -0.067091747 0.010326027 0.008832354
v -0.066693399 0.010326027 0.008859077
v -0.066223635 0.010326027 0.008890115
v -0.065682956 0.010326027 0.008925205
v -0.065071943 0.010326027 0.008964053
v -0.064391249 0.010326027 0.009006337
v -0.063641603 0.010326027 0.009051708
v -0.062823808 0.010326027 0.009099798
v -0.061938740 0.010326027 0.009150220
v -0.060987346 0.010326027 0.009202574
v -0.059970646 0.010326027 0.009256450
v -0.058889727 0.010326027 0.009311437
v -0.057745748 0.010326027 0.008942383
v -0.056539934 0.010326027 0.008503097
v -0.055273575 0.010326027 0.008234205
v -0.053948027 0.010326027 0.008274331
v -0.052564711 0.010326027 0.008668837
v -0.051125107 0.010326027 0.009336998
v -0.049630757 0.010326027 0.009693885
v -0.048083261 0.010326027 0.009750395
v -0.046484277 0.010326027 0.009833560
v -0.044835515 0.010326027 0.009930330
v -0.043138743 0.010326027 0.010020493
v -0.041395777 0.010326027 0.010009184
v -0.039608483 0.010326027 0.009987768
v -0.037778776 0.010326027 0.010022288
v -0.035908614 0.010326027 0.010053841
v -0.034000000 0.010326027 0.010082412
v -0.032054978 0.010326027 0.010108021
v -0.030075631 0.010326027 0.010130723
v -0.028064078 0.010326027 0.010150606
v -0.026022473 0.010326027 0.010167787
v -0.023953003 0.010326027 0.010182411
v -0.021857884 0.010326027 0.010194649
v -0.019739358 0.010326027 0.010204690
v -0.017599695 0.010326027 0.010212743
v -0.015441186 0.010326027 0.010219027
v -0.013266142 0.010326027 0.010223772
v -0.011076892 0.010326027 0.010227210
v -0.008875781 0.010326027 0.010229571
v -0.006665166 0.010326027 0.010231079
v -0.004447413 0.010326027 0.010231944
v -0.002224898 0.010326027 0.010232355
v 0.000000000 0.010326027 0.010232466
v 0.002224898 0.010326027 0.010232355
v 0.004447413 0.010326027 0.010231944
v 0.006665166 0.010326027 0.010231079
v 0.008875781 0.010326027 0.010229571
v 0.011076892 0.010326027 0.010227210
v 0.013266142 0.010326027 0.010223772
v 0.015441186 0.010326027 0.010219027
v 0.017599695 0.010326027 0.010212743
v 0.019739358 0.010326027 0.010204690
v 0.021857884 0.010326027 0.010194649
v 0.023953003 0.010326027 0.010182411
v 0.026022473 0.010326027 0.010167787
v 0.028064078 0.010326027 0.010150606
v 0.030075631 0.010326027 0.010130723
v 0.032054978 0.010326027 0.010108021
v 0.034000000 0.010326027 0.010082412
v 0.035908614 0.010326027 0.010053841
v 0.037778776 0.010326027 0.010022288
v 0.039608483 0.010326027 0.009987768
v 0.041395777 0.010326027 0.010009184
v 0.043138743 0.010326027 0.010020493
v 0.044835515 0.010326027 0.009930330
v 0.046484277 0.010326027 0.009833560
v 0.048083261 0.010326027 0.009750395
v 0.049630757 0.010326027 0.009693885
v 0.051125107 0.010326027 0.009336998
v 0.052564711 0.010326027 0.008668837
v 0.053948027 0.010326027 0.008274331
v 0.055273575 0.010326027 0.008234205
v 0.056539934 0.010326027 0.008503097
v 0.057745748 0.010326027 0.008942383
v 0.058889727 0.010326027 0.009311437
v 0.059970646 0.010326027 0.009256450
v 0.060987346 0.010326027 0.009202574
v 0.061938740 0.010326027 0.009150220
v 0.062823808 0.010326027 0.009099798
v 0.063641603 0.010326027 0.009051708
v 0.064391249 0.010326027 0.009006337
v 0.065071943 0.010326027 0.008964053
v 0.065682956 0.010326027 0.008925205
v 0.066223635 0.010326027 0.008890115
v 0.066693399 0.010326027 0.008859077
v 0.067091747 0.010326027 0.008832354
v 0.067418251 0.010326027 0.008810171
v 0.067672561 0.010326027 0.008792717
v 0.067854407 0.010326027 0.008780142
v 0.067963592 0.010326027 0.008772554
v 0.068000000 0.010326027 0.008770017
v -0.068000000 0.011313699 0.008779841
v -0.067963592 0.011313699 0.008782384
v -0.067854407 0.011313699 0.008789989
v -0.067672561 0.011313699 0.008802593
v -0.067418251 0.011313699 0.008820086
v -0.067091747 0.011313699 0.008842320
v -0.066693399 0.011313699 0.008869105
v -0.066223635 0.011313699 0.008900214
v -0.065682956 0.011313699 0.008935387
v -0.065071943 0.011313699 0.008974327
v -0.064391249 0.011313699 0.009016713
v -0.063641603 0.011313699 0.009062195
v -0.062823808 0.011313699 0.009110404
v -0.061938740 0.011313699 0.009160953
v -0.060987346 0.011313699 0.009213442
v -0.059970646 0.011313699 0.009267460
v -0.058889727 0.011313699 0.009322596
v -0.057745748 0.011313699 0.009168849
v -0.056539934 0.011313699 0.008514568
v -0.055273575 0.011313699 0.008570596
v -0.053948027 0.011313699 0.008624858
v -0.052564711 0.011313699 0.008680808
v -0.051125107 0.011313699 0.009534051
v -0.049630757 0.011313699 0.009706203
v -0.048083261 0.011313699 0.009762887
v -0.046484277 0.011313699 0.009846227
v -0.044835515 0.011313699 0.009943170
v -0.043138743 0.011313699 0.010033506
v -0.041395777 0.011313699 0.010022367
v -0.039608483 0.011313699 0.010001118
v -0.037778776 0.011313699 0.010035801
v -0.035908614 0.011313699 0.010067513
v -0.034000000 0.011313699 0.010096238
v -0.032054978 0.011313699 0.010121995
v -0.030075631 0.011313699 0.010144839
v -0.028064078 0.011313699 0.010164857
v -0.026022473 0.011313699 0.010182165
v -0.023953003 0.011313699 0.010196909
v -0.021857884 0.011313699 0.010209257
v -0.019739358 0.011313699 0.010219400
v -0.017599695 0.011313699 0.010227545
v -0.015441186 0.011313699 0.010233912
v -0.013266142 0.011313699 0.010238729
v -0.011076892 0.011313699 0.010242228
v -0.008875781 0.011313699 0.010244640
v -0.006665166 0.011313699 0.010246188
v -0.004447413 0.011313699 0.010247081
v -0.002224898 0.011313699 0.010247509
v 0.000000000 0.011313699 0.010247625
v 0.002224898 0.011313699 0.010247509
v 0.004447413 0.011313699 0.010247081
v 0.006665166 0.011313699 0.010246188
v 0.008875781 0.011313699 0.010244640
v 0.011076892 0.011313699 0.010242228
v 0.013266142 0.011313699 0.010238729
v 0.015441186 0.011313699 0.010233912
v 0.017599695 0.011313699 0.010227545
v 0.019739358 0.011313699 0.010219400
v 0.021857884 0.011313699 0.010209257
v 0.023953003 0.011313699 0.010196909
v 0.026022473 0.011313699 0.010182165
v 0.028064078 0.011313699 0.010164857
v 0.030075631 0.011313699 0.010144839
v 0.032054978 0.011313699 0.010121995
v 0.034000000 0.011313699 0.010096238
v 0.035908614 0.011313699 0.010067513
v 0.037778776 0.011313699 0.010035801
v 0.039608483 0.011313699 0.010001118
v 0.041395777 0.011313699 0.010022367
v 0.043138743 0.011313699 0.010033506
v 0.044835515 0.011313699 0.009943170
v 0.046484277 0.011313699 0.009846227
v 0.048083261 0.011313699 0.009762887
v 0.049630757 0.011313699 0.009706203
v 0.051125107 0.011313699 0.009534051
v 0.052564711 0.011313699 0.008680808
v 0.053948027 0.011313699 0.008624858
v 0.055273575 0.011313699 0.008570596
v 0.056539934 0.011313699 0.008514568
v 0.057745748 0.011313699 0.009168849
v 0.058889727 0.011313699 0.009322596
v 0.059970646 0.011313699 0.009267460
v 0.060987346 0.011313699 0.009213442
v 0.061938740 0.011313699 0.009160953
v 0.062823808 0.011313699 0.009110404
v 0.063641603 0.011313699 0.009062195
v 0.064391249 0.011313699 0.009016713
v 0.065071943 0.011313699 0.008974327
v 0.065682956 0.011313699 0.008935387
v 0.066223635 0.011313699 0.008900214
v 0.066693399 0.011313699 0.008869105
v 0.067091747 0.011313699 0.008842320
v 0.067418251 0.011313699 0.008820086
v 0.067672561 0.011313699 0.008802593
v 0.067854407 0.011313699 0.008789989
v 0.067963592 0.011313699 0.008782384
v 0.068000000 0.011313699 0.008779841
v -0.068000000 0.012301370 0.008789206
v -0.067963592 0.012301370 0.008791754
v -0.067854407 0.012301370 0.008799376
v -0.067672561 0.012301370 0.008812007
v -0.067418251 0.012301370 0.008829539
v -0.067091747 0.012301370 0.008851822
v -0.066693399 0.012301370 0.008878667
v -0.066223635 0.012301370 0.008909846
v -0.065682956 0.012301370 0.008945098
v -0.065071943 0.012301370 0.008984127
v -0.064391249 0.012301370 0.009026611
v -0.063641603 0.012301370 0.009072201
v -0.062823808 0.012301370 0.009120526
v -0.061938740 0.012301370 0.009171199
v -0.060987346 0.012301370 0.009223818
v -0.059970646 0.012301370 0.009277974
v -0.058889727 0.012301370 0.009333252
v -0.057745748 0.012301370 0.009389240
v -0.056539934 0.012301370 0.008845104
v -0.055273575 0.012301370 0.008581715
v -0.053948027 0.012301370 0.008637413
v -0.052564711 0.012301370 0.008950972
v -0.051125107 0.012301370 0.009665885
v -0.049630757 0.012301370 0.009717983
v -0.048083261 0.012301370 0.009774836
v -0.046484277 0.012301370 0.009858345
v -0.044835515 0.012301370 0.009955456
v -0.043138743 0.012301370 0.010045959
v -0.041395777 0.012301370 0.010034984
v -0.039608483 0.012301370 0.010013897
v -0.037778776 0.012301370 0.010048739
v -0.035908614 0.012301370 0.010080605
v -0.034000000 0.012301370 0.010109479
v -0.032054978 0.012301370 0.010135380
v -0.030075631 0.012301370 0.010158361
v -0.028064078 0.012301370 0.010178509
v -0.026022473 0.012301370 0.010195941
v -0.023953003 0.012301370 0.010210800
v -0.021857884 0.012301370 0.010223256
v -0.019739358 0.012301370 0.010233498
v -0.017599695 0.012301370 0.010241732
v -0.015441186 0.012301370 0.010248178
v -0.013266142 0.012301370 0.010253065
v -0.011076892 0.012301370 0.010256623
v -0.008875781 0.012301370 0.010259084
v -0.006665166 0.012301370 0.010260670
v -0.004447413 0.012301370 0.010261592
v -0.002224898 0.012301370 0.010262036
v 0.000000000 0.012301370 0.010262158
v 0.002224898 0.012301370 0.010262036
v 0.004447413 0.012301370 0.010261592
v 0.006665166 0.012301370 0.010260670
v 0.008875781 0.012301370 0.010259084
v 0.011076892 0.012301370 0.010256623
v 0.013266142 0.012301370 0.010253065
v 0.015441186 0.012301370 0.010248178
v 0.017599695 0.012301370 0.010241732
v 0.019739358 0.012301370 0.010233498
v 0.021857884 0.012301370 0.010223256
v 0.023953003 0.012301370 0.010210800
v 0.026022473 0.012301370 0.010195941
v 0.028064078 0.012301370 0.010178509
v 0.030075631 0.012301370 0.010158361
v 0.032054978 0.012301370 0.010135380
v 0.034000000 0.012301370 0.010109479
v 0.035908614 0.012301370 0.010080605
v 0.037778776 0.012301370 0.010048739
v 0.039608483 0.012301370 0.010013897
v 0.041395777 0.012301370 0.010034984
v 0.043138743 0.012301370 0.010045959
v 0.044835515 0.012301370 0.009955456
v 0.046484277 0.012301370 0.009858345
v 0.048083261 0.012301370 0.009774836
v 0.049630757 0.012301370 0.009717983
v 0.051125107 0.012301370 0.009665885
v 0.052564711 0.012301370 0.008950972
v 0.053948027 0.012301370 0.008637413
v 0.055273575 0.012301370 0.008581715
v 0.056539934 0.012301370 0.008845104
v 0.057745748 0.012301370 0.009389240
v 0.058889727 0.012301370 0.009333252
v 0.059970646 0.012301370 0.009277974
v 0.060987346 0.012301370 0.009223818
v 0.061938740 0.012301370 0.009171199
v 0.062823808 0.012301370 0.009120526
v 0.063641603 0.012301370 0.009072201
v 0.064391249 0.012301370 0.009026611
v 0.065071943 0.012301370 0.008984127
v 0.065682956 0.012301370 0.008945098
v 0.066223635 0.012301370 0.008909846
v 0.066693399 0.012301370 0.008878667
v 0.067091747 0.012301370 0.008851822
v 0.067418251 0.012301370 0.008829539
v 0.067672561 0.012301370 0.008812007
v 0.067854407 0.012301370 0.008799376
v 0.067963592 0.012301370 0.008791754
v 0.068000000 0.012301370 0.008789206
v -0.068000000 0.013289041 0.008798119
v -0.067963592 0.013289041 0.008800673
v -0.067854407 0.013289041 0.008808311
v -0.067672561 0.013289041 0.008820968
v -0.067418251 0.013289041 0.008838537
v -0.067091747 0.013289041 0.008860867
v -0.066693399 0.013289041 0.008887770
v -0.066223635 0.013289041 0.008919017
v -0.065682956 0.013289041 0.008954345
v -0.065071943 0.013289041 0.008993461
v -0.064391249 0.013289041 0.009036041
v -0.063641603 0.013289041 0.009081734
v -0.062823808 0.013289041 0.009130171
v -0.061938740 0.013289041 0.009180963
v -0.060987346 0.013289041 0.009233708
v -0.059970646 0.013289041 0.009287997
v -0.058889727 0.013289041 0.009343415
v -0.057745748 0.013289041 0.009399547
v -0.056539934 0.013289041 0.009447948
v -0.055273575 0.013289041 0.009196492
v -0.053948027 0.013289041 0.009212099
v -0.052564711 0.013289041 0.009601112
v -0.051125107 0.013289041 0.009676971
v -0.049630757 0.013289041 0.009729232
v -0.048083261 0.013289041 0.009786249
v -0.046484277 0.013289041 0.009869921
v -0.044835515 0.013289041 0.009967195
v -0.043138743 0.013289041 0.010057859
v -0.041395777 0.013289041 0.010047044
v -0.039608483 0.013289041 0.010026114
v -0.037778776 0.013289041 0.010061108
v -0.035908614 0.013289041 0.010093123
v -0.034000000 0.013289041 0.010122141
v -0.032054978 0.013289041 0.010148181
v -0.030075631 0.013289041 0.010171296
v -0.028064078 0.013289041 0.010191570
v -0.026022473 0.013289041 0.010209121
v -0.023953003 0.013289041 0.010224093
v -0.021857884 0.013289041 0.010236652
v -0.019739358 0.013289041 0.010246989
v -0.017599695 0.013289041 0.010255309
v -0.015441186 0.013289041 0.010261833
v -0.013266142 0.013289041 0.010266787
v -0.011076892 0.013289041 0.010270403
v -0.008875781 0.013289041 0.010272912
v -0.006665166 0.013289041 0.010274535
v -0.004447413 0.013289041 0.010275483
v -0.002224898 0.013289041 0.010275943
v 0.000000000 0.013289041 0.010276070
v 0.002224898 0.013289041 0.010275943
v 0.004447413 0.013289041 0.010275483
v 0.006665166 0.013289041 0.010274535
v 0.008875781 0.013289041 0.010272912
v 0.011076892 0.013289041 0.010270403
v 0.013266142 0.013289041 0.010266787
v 0.015441186 0.013289041 0.010261833
v 0.017599695 0.013289041 0.010255309
v 0.019739358 0.013289041 0.010246989
v 0.021857884 0.013289041 0.010236652
v 0.023953003 0.013289041 0.010224093
v 0.026022473 0.013289041 0.010209121
v 0.028064078 0.013289041 0.010191570
v 0.030075631 0.013289041 0.010171296
v 0.032054978 0.013289041 0.010148181
v 0.034000000 0.013289041 0.010122141
v 0.035908614 0.013289041 0.010093123
v 0.037778776 0.013289041 0.010061108
v 0.039608483 0.013289041 0.010026114
v 0.041395777 0.013289041 0.010047044
v 0.043138743 0.013289041 0.010057859
v 0.044835515 0.013289041 0.009967195
v 0.046484277 0.013289041 0.009869921
v 0.048083261 0.013289041 0.009786249
v 0.049630757 0.013289041 0.009729232
v 0.051125107 0.013289041 0.009676971
v 0.052564711 0.013289041 0.009601112
v 0.053948027 0.013289041 0.009212099
v 0.055273575 0.013289041 0.009196492
v 0.056539934 0.013289041 0.009447948
v 0.057745748 0.013289041 0.009399547
v 0.058889727 0.013289041 0.009343415
v 0.059970646 0.013289041 0.009287997
v 0.060987346 0.013289041 0.009233708
v 0.061938740 0.013289041 0.009180963
v 0.062823808 0.013289041 0.009130171
v 0.063641603 0.013289041 0.009081734
v 0.064391249 0.013289041 0.009036041
v 0.065071943 0.013289041 0.008993461
v 0.065682956 0.013289041 0.008954345
v 0.066223635 0.013289041 0.008919017
v 0.066693399 0.013289041 0.008887770
v 0.067091747 0.013289041 0.008860867
v 0.067418251 0.013289041 0.008838537
v 0.067672561 0.013289041 0.008820968
v 0.067854407 0.013289041 0.008808311
v 0.067963592 0.013289041 0.008800673
v 0.068000000 0.013289041 0.008798119
v -0.068000000 0.014276712 0.008806587
v -0.067963592 0.014276712 0.008809146
v -0.067854407 0.014276712 0.008816800
v -0.067672561 0.014276712 0.008829483
v -0.067418251 0.014276712 0.008847088
v -0.067091747 0.014276712 0.008869464
v -0.066693399 0.014276712 0.008896422
v -0.066223635 0.014276712 0.008927734
v -0.065682956 0.014276712 0.008963137
v -0.065071943 0.014276712 0.009002337
v -0.064391249 0.014276712 0.009045008
v -0.063641603 0.014276712 0.009090802
v -0.062823808 0.014276712 0.009139347
v -0.061938740 0.014276712 0.009190254
v -0.060987346 0.014276712 0.009243122
v -0.059970646 0.014276712 0.009297539
v -0.058889727 0.014276712 0.009353091
v -0.057745748 0.014276712 0.009409363
v -0.056539934 0.014276712 0.009465944
v -0.055273575 0.014276712 0.009522431
v -0.053948027 0.014276712 0.009578438
v -0.052564711 0.014276712 0.009633591
v -0.051125107 0.014276712 0.009687540
v -0.049630757 0.014276712 0.009739958
v -0.048083261 0.014276712 0.009797133
v -0.046484277 0.014276712 0.009880963
v -0.044835515 0.014276712 0.009978395
v -0.043138743 0.014276712 0.010069215
v -0.041395777 0.014276712 0.010058553
v -0.039608483 0.014276712 0.010037774
v -0.037778776 0.014276712 0.010072917
v -0.035908614 0.014276712 0.010105076
v -0.034000000 0.014276712 0.010134234
v -0.032054978 0.014276712 0.010160408
v -0.030075631 0.014276712 0.010183651
v -0.028064078 0.014276712 0.010204048
v -0.026022473 0.014276712 0.010221714
v -0.023953003 0.014276712 0.010236793
v -0.021857884 0.014276712 0.010249453
v -0.019739358 0.014276712 0.010259882
v -0.017599695 0.014276712 0.010268286
v -0.015441186 0.014276712 0.010274884
v -0.013266142 0.014276712 0.010279903
v -0.011076892 0.014276712 0.010283575
v -0.008875781 0.014276712 0.010286130
v -0.006665166 0.014276712 0.010287789
v -0.004447413 0.014276712 0.010288762
v -0.002224898 0.014276712 0.010289238
v 0.000000000 0.014276712 0.010289371
v 0.002224898 0.014276712 0.010289238
v 0.004447413 0.014276712 0.010288762
v 0.006665166 0.014276712 0.010287789
v 0.008875781 0.014276712 0.010286130
v 0.011076892 0.014276712 0.010283575
v 0.013266142 0.014276712 0.010279903
v 0.015441186 0.014276712 0.010274884
v 0.017599695 0.014276712 0.010268286
v 0.019739358 0.014276712 0.010259882
v 0.021857884 0.014276712 0.010249453
v 0.023953003 0.014276712 0.010236793
v 0.026022473 0.014276712 0.010221714
v 0.028064078 0.014276712 0.010204048
v 0.030075631 0.014276712 0.010183651
v 0.032054978 0.014276712 0.010160408
v 0.034000000 0.014276712 0.010134234
v 0.035908614 0.014276712 0.010105076
v 0.037778776 0.014276712 0.010072917
v 0.039608483 0.014276712 0.010037774
v 0.041395777 0.014276712 0.010058553
v 0.043138743 0.014276712 0.010069215
v 0.044835515 0.014276712 0.009978395
v 0.046484277 0.014276712 0.009880963
v 0.048083261 0.014276712 0.009797133
v 0.049630757 0.014276712 0.009739958
v 0.051125107 0.014276712 0.009687540
v 0.052564711 0.014276712 0.009633591
v 0.053948027 0.014276712 0.009578438
v 0.055273575 0.014276712 0.009522431
v 0.056539934 0.014276712 0.009465944
v 0.057745748 0.014276712 0.009409363
v 0.058889727 0.014276712 0.009353091
v 0.059970646 0.014276712 0.009297539
v 0.060987346 0.014276712 0.009243122
v 0.061938740 0.014276712 0.009190254
v 0.062823808 0.014276712 0.009139347
v 0.063641603 0.014276712 0.009090802
v 0.064391249 0.014276712 0.009045008
v 0.065071943 0.014276712 0.009002337
v 0.065682956 0.014276712 0.008963137
v 0.066223635 0.014276712 0.008927734
v 0.066693399 0.014276712 0.008896422
v 0.067091747 0.014276712 0.008869464
v 0.067418251 0.014276712 0.008847088
v 0.067672561 0.014276712 0.008829483
v 0.067854407 0.014276712 0.008816800
v 0.067963592 0.014276712 0.008809146
v 0.068000000 0.014276712 0.008806587
v -0.068000000 0.015264384 0.008814619
v -0.067963592 0.015264384 0.008817182
v -0.067854407 0.015264384 0.008824851
v -0.067672561 0.015264384 0.008837559
v -0.067418251 0.015264384 0.008855198
v -0.067091747 0.015264384 0.008877619
v -0.066693399 0.015264384 0.008904630
v -0.066223635 0.015264384 0.008936006
v -0.065682956 0.015264384 0.008971481
v -0.065071943 0.015264384 0.009010761
v -0.064391249 0.015264384 0.009053521
v -0.063641603 0.015264384 0.009099412
v -0.062823808 0.015264384 0.009148061
v -0.061938740 0.015264384 0.009199080
v -0.060987346 0.015264384 0.009252066
v -0.059970646 0.015264384 0.009306607
v -0.058889727 0.015264384 0.009362289
v -0.057745748 0.015264384 0.009418695
v -0.056539934 0.015264384 0.009475415
v -0.055273575 0.015264384 0.009532045
v -0.053948027 0.015264384 0.009588198
v -0.052564711 0.015264384 0.009643499
v -0.051125107 0.015264384 0.009697599
v -0.049630757 0.015264384 0.009750169
v -0.048083261 0.015264384 0.009807496
v -0.046484277 0.015264384 0.009891479
v -0.044835515 0.015264384 0.009989062
v -0.043138743 0.015264384 0.010080033
v -0.041395777 0.015264384 0.010069520
v -0.039608483 0.015264384 0.010048887
v -0.037778776 0.015264384 0.010084173
v -0.035908614 0.015264384 0.010116471
v -0.034000000 0.015264384 0.010145763
v -0.032054978 0.015264384 0.010172067
v -0.030075631 0.015264384 0.010195434
v -0.028064078 0.015264384 0.010215949
v -0.026022473 0.015264384 0.010233727
v -0.023953003 0.015264384 0.010248910
v -0.021857884 0.015264384 0.010261667
v -0.019739358 0.015264384 0.010272184
v -0.017599695 0.015264384 0.010280669
v -0.015441186 0.015264384 0.010287339
v -0.013266142 0.015264384 0.010292421
v -0.011076892 0.015264384 0.010296147
v -0.008875781 0.015264384 0.010298746
v -0.006665166 0.015264384 0.010300440
v -0.004447413 0.015264384 0.010301438
v -0.002224898 0.015264384 0.010301929
v 0.000000000 0.015264384 0.010302066
v 0.002224898 0.015264384 0.010301929
v 0.004447413 0.015264384 0.010301438
v 0.006665166 0.015264384 0.010300440
v 0.008875781 0.015264384 0.010298746
v 0.011076892 0.015264384 0.010296147
v 0.013266142 0.015264384 0.010292421
v 0.015441186 0.015264384 0.010287339
v 0.017599695 0.015264384 0.010280669
v 0.019739358 0.015264384 0.010272184
v 0.021857884 0.015264384 0.010261667
v 0.023953003 0.015264384 0.010248910
v 0.026022473 0.015264384 0.010233727
v 0.028064078 0.015264384 0.010215949
v 0.030075631 0.015264384 0.010195434
v 0.032054978 0.015264384 0.010172067
v 0.034000000 0.015264384 0.010145763
v 0.035908614 0.015264384 0.010116471
v 0.037778776 0.015264384 0.010084173
v 0.039608483 0.015264384 0.010048887
v 0.041395777 0.015264384 0.010069520
v 0.043138743 0.015264384 0.010080033
v 0.044835515 0.015264384 0.009989062
v 0.046484277 0.015264384 0.009891479
v 0.048083261 0.015264384 0.009807496
v 0.049630757 0.015264384 0.009750169
v 0.051125107 0.015264384 0.009697599
v 0.052564711 0.015264384 0.009643499
v 0.053948027 0.015264384 0.009588198
v 0.055273575 0.015264384 0.009532045
v 0.056539934 0.015264384 0.009475415
v 0.057745748 0.015264384 0.009418695
v 0.058889727 0.015264384 0.009362289
v 0.059970646 0.015264384 0.009306607
v 0.060987346 0.015264384 0.009252066
v 0.061938740 0.015264384 0.009199080
v 0.062823808 0.015264384 0.009148061
v 0.063641603 0.015264384 0.009099412
v 0.064391249 0.015264384 0.009053521
v 0.065071943 0.015264384 0.009010761
v 0.065682956 0.015264384 0.008971481
v 0.066223635 0.015264384 0.008936006
v 0.066693399 0.015264384 0.008904630
v 0.067091747 0.015264384 0.008877619
v 0.067418251 0.015264384 0.008855198
v 0.067672561 0.015264384 0.008837559
v 0.067854407 0.015264384 0.008824851
v 0.067963592 0.015264384 0.008817182
v 0.068000000 0.015264384 0.008814619
v -0.068000000 0.016252055 0.008822221
v -0.067963592 0.016252055 0.008824789
v -0.067854407 0.016252055 0.008832472
v -0.067672561 0.016252055 0.008845204
v -0.067418251 0.016252055 0.008862877
v -0.067091747 0.016252055 0.008885340
v -0.066693399 0.016252055 0.008912404
v -0.066223635 0.016252055 0.008943839
v -0.065682956 0.016252055 0.008979384
v -0.065071943 0.016252055 0.009018742
v -0.064391249 0.016252055 0.009061588
v -0.063641603 0.016252055 0.009107572
v -0.062823808 0.016252055 0.009156322
v -0.061938740 0.016252055 0.009207448
v -0.060987346 0.016252055 0.009260547
v -0.059970646 0.016252055 0.009315208
v -0.058889727 0.016252055 0.009371015
v -0.057745748 0.016252055 0.009427551
v -0.056539934 0.016252055 0.009484404
v -0.055273575 0.016252055 0.009541173
v -0.053948027 0.016252055 0.009597466
v -0.052564711 0.016252055 0.009652911
v -0.051125107 0.016252055 0.009707156
v -0.049630757 0.016252055 0.009759872
v -0.048083261 0.016252055 0.009817346
v -0.046484277 0.016252055 0.009901476
v -0.044835515 0.016252055 0.009999206
v -0.043138743 0.016252055 0.010090322
v -0.041395777 0.016252055 0.010079952
v -0.039608483 0.016252055 0.010059460
v -0.037778776 0.016252055 0.010094883
v -0.035908614 0.016252055 0.010127316
v -0.034000000 0.016252055 0.010156738
v -0.032054978 0.016252055 0.010183166
v -0.030075631 0.016252055 0.010206653
v -0.028064078 0.016252055 0.010227281
v -0.026022473 0.016252055 0.010245167
v -0.023953003 0.016252055 0.010260451
v -0.021857884 0.016252055 0.010273301
v -0.019739358 0.016252055 0.010283904
v -0.017599695 0.016252055 0.010292466
v -0.015441186 0.016252055 0.010299206
v -0.013266142 0.016252055 0.010304349
v -0.011076892 0.016252055 0.010308126
v -0.008875781 0.016252055 0.010310768
v -0.006665166 0.016252055 0.010312495
v -0.004447413 0.016252055 0.010313517
v -0.002224898 0.016252055 0.010314022
v 0.000000000 0.016252055 0.010314165
v 0.002224898 0.016252055 0.010314022
v 0.004447413 0.016252055 0.010313517
v 0.006665166 0.016252055 0.010312495
v 0.008875781 0.016252055 0.010310768
v 0.011076892 0.016252055 0.010308126
v 0.013266142 0.016252055 0.010304349
v 0.015441186 0.016252055 0.010299206
v 0.017599695 0.016252055 0.010292466
v 0.019739358 0.016252055 0.010283904
v 0.021857884 0.016252055 0.010273301
v 0.023953003 0.016252055 0.010260451
v 0.026022473 0.016252055 0.010245167
v 0.028064078 0.016252055 0.010227281
v 0.030075631 0.016252055 0.010206653
v 0.032054978 0.016252055 0.010183166
v 0.034000000 0.016252055 0.010156738
v 0.035908614 0.016252055 0.010127316
v 0.037778776 0.016252055 0.010094883
v 0.039608483 0.016252055 0.010059460
v 0.041395777 0.016252055 0.010079952
v 0.043138743 0.016252055 0.010090322
v 0.044835515 0.016252055 0.009999206
v 0.046484277 0.016252055 0.009901476
v 0.048083261 0.016252055 0.009817346
v 0.049630757 0.016252055 0.009759872
v 0.051125107 0.016252055 0.009707156
v 0.052564711 0.016252055 0.009652911
v 0.053948027 0.016252055 0.009597466
v 0.055273575 0.016252055 0.009541173
v 0.056539934 0.016252055 0.009484404
v 0.057745748 0.016252055 0.009427551
v 0.058889727 0.016252055 0.009371015
v 0.059970646 0.016252055 0.009315208
v 0.060987346 0.016252055 0.009260547
v 0.061938740 0.016252055 0.009207448
v 0.062823808 0.016252055 0.009156322
v 0.063641603 0.016252055 0.009107572
v 0.064391249 0.016252055 0.009061588
v 0.065071943 0.016252055 0.009018742
v 0.065682956 0.016252055 0.008979384
v 0.066223635 0.016252055 0.008943839
v 0.066693399 0.016252055 0.008912404
v 0.067091747 0.016252055 0.008885340
v 0.067418251 0.016252055 0.008862877
v 0.067672561 0.016252055 0.008845204
v 0.067854407 0.016252055 0.008832472
v 0.067963592 0.016252055 0.008824789
v 0.068000000 0.016252055 0.008822221
v -0.068000000 0.017239726 0.008829401
v -0.067963592 0.017239726 0.008831974
v -0.067854407 0.017239726 0.008839671
v -0.067672561 0.017239726 0.008852426
v -0.067418251 0.017239726 0.008870131
v -0.067091747 0.017239726 0.008755869
v -0.066693399 0.017239726 0.008474901
v -0.066223635 0.017239726 0.008471817
v -0.065682956 0.017239726 0.008507429
v -0.065071943 0.017239726 0.008546861
v -0.064391249 0.017239726 0.008589790
v -0.063641603 0.017239726 0.008635864
v -0.062823808 0.017239726 0.008684710
v -0.061938740 0.017239726 0.008735940
v -0.060987346 0.017239726 0.008789149
v -0.059970646 0.017239726 0.008843925
v -0.058889727 0.017239726 0.008899852
v -0.057745748 0.017239726 0.008956513
v -0.056539934 0.017239726 0.009013495
v -0.055273575 0.017239726 0.009070396
v -0.053948027 0.017239726 0.009126825
v -0.052564711 0.017239726 0.009182408
v -0.051125107 0.017239726 0.009236792
v -0.049630757 0.017239726 0.009289650
v -0.048083261 0.017239726 0.009347265
v -0.046484277 0.017239726 0.009431537
v -0.044835515 0.017239726 0.009529408
v -0.043138743 0.017239726 0.009620663
v -0.041395777 0.017239726 0.010089858
v -0.039608483 0.017239726 0.010069501
v -0.037778776 0.017239726 0.010105057
v -0.035908614 0.017239726 0.010137618
v -0.034000000 0.017239726 0.010167165
v -0.032054978 0.017239726 0.010193714
v -0.030075631 0.017239726 0.010217316
v -0.028064078 0.017239726 0.010238054
v -0.026022473 0.017239726 0.010256042
v -0.023953003 0.017239726 0.010271423
v -0.021857884 0.017239726 0.010284363
v -0.019739358 0.017239726 0.010295049
v -0.017599695 0.017239726 0.010303686
v -0.015441186 0.017239726 0.010310492
v -0.013266142 0.017239726 0.010315694
v -0.011076892 0.017239726 0.010319521
v -0.008875781 0.017239726 0.010322204
v -0.006665166 0.017239726 0.010323963
v -0.004447413 0.017239726 0.010325009
v -0.002224898 0.017239726 0.010325527
v 0.000000000 0.017239726 0.010325675
v 0.002224898 0.017239726 0.010325527
v 0.004447413 0.017239726 0.010325009
v 0.006665166 0.017239726 0.010323963
v 0.008875781 0.017239726 0.010322204
v 0.011076892 0.017239726 0.010319521
v 0.013266142 0.017239726 0.010315694
v 0.015441186 0.017239726 0.010310492
v 0.017599695 0.017239726 0.010303686
v 0.019739358 0.017239726 0.010295049
v 0.021857884 0.017239726 0.010284363
v 0.023953003 0.017239726 0.010271423
v 0.026022473 0.017239726 0.010256042
v 0.028064078 0.017239726 0.010238054
v 0.030075631 0.017239726 0.010217316
v 0.032054978 0.017239726 0.010193714
v 0.034000000 0.017239726 0.010167165
v 0.035908614 0.017239726 0.010137618
v 0.037778776 0.017239726 0.010105057
v 0.039608483 0.017239726 0.010069501
v 0.041395777 0.017239726 0.010089858
v 0.043138743 0.017239726 0.009620663
v 0.044835515 0.017239726 0.009529408
v 0.046484277 0.017239726 0.009431537
v 0.048083261 0.017239726 0.009347265
v 0.049630757 0.017239726 0.009289650
v 0.051125107 0.017239726 0.009236792
v 0.052564711 0.017239726 0.009182408
v 0.053948027 0.017239726 0.009126825
v 0.055273575 0.017239726 0.009070396
v 0.056539934 0.017239726 0.009013495
v 0.057745748 0.017239726 0.008956513
v 0.058889727 0.017239726 0.008899852
v 0.059970646 0.017239726 0.008843925
v 0.060987346 0.017239726 0.008789149
v 0.061938740 0.017239726 0.008735940
v 0.062823808 0.017239726 0.008684710
v 0.063641603 0.017239726 0.008635864
v 0.064391249 0.017239726 0.008589790
v 0.065071943 0.017239726 0.008546861
v 0.065682956 0.017239726 0.008507429
v 0.066223635 0.017239726 0.008471817
v 0.066693399 0.017239726 0.008474901
v 0.067091747 0.017239726 0.008755869
v 0.067418251 0.017239726 0.008870131
v 0.067672561 0.017239726 0.008852426
v 0.067854407 0.017239726 0.008839671
v 0.067963592 0.017239726 0.008831974
v 0.068000000 0.017239726 0.008829401
v -0.068000000 0.018227397 0.008836169
v -0.067963592 0.018227397 0.008838746
v -0.067854407 0.018227397 0.008846456
v -0.067672561 0.018227397 0.008859234
v -0.067418251 0.018227397 0.008876970
v -0.067091747 0.018227397 0.008897962
v -0.066693399 0.018227397 0.008812751
v -0.066223635 0.018227397 0.008812885
v -0.065682956 0.018227397 0.008848561
v -0.065071943 0.018227397 0.008888066
v -0.064391249 0.018227397 0.008931073
v -0.063641603 0.018227397 0.008977234
v -0.062823808 0.018227397 0.009026173
v -0.061938740 0.018227397 0.009077502
v -0.060987346 0.018227397 0.009130816
v -0.059970646 0.018227397 0.009185703
v -0.058889727 0.018227397 0.009241746
v -0.057745748 0.018227397 0.009298527
v -0.056539934 0.018227397 0.009355633
v -0.055273575 0.018227397 0.009412661
v -0.053948027 0.018227397 0.009469220
v -0.052564711 0.018227397 0.009524936
v -0.051125107 0.018227397 0.009579455
v -0.049630757 0.018227397 0.009632448
v -0.048083261 0.018227397 0.009690200
v -0.046484277 0.018227397 0.009774607
v -0.044835515 0.018227397 0.009872614
v -0.043138743 0.018227397 0.009964004
v -0.041395777 0.018227397 0.010099245
v -0.039608483 0.018227397 0.010079018
v -0.037778776 0.018227397 0.010114701
v -0.035908614 0.018227397 0.010147386
v -0.034000000 0.018227397 0.010177053
v -0.032054978 0.018227397 0.010203718
v -0.030075631 0.018227397 0.010227430
v -0.028064078 0.018227397 0.010248274
v -0.026022473 0.018227397 0.010266362
v -0.023953003 0.018227397 0.010281836
v -0.021857884 0.018227397 0.010294862
v -0.019739358 0.018227397 0.010305627
v -0.017599695 0.018227397 0.010314336
v -0.015441186 0.018227397 0.010321206
v -0.013266142 0.018227397 0.010326464
v -0.011076892 0.018227397 0.010330339
v -0.008875781 0.018227397 0.010333061
v -0.006665166 0.018227397 0.010334852
v -0.004447413 0.018227397 0.010335919
v -0.002224898 0.018227397 0.010336452
v 0.000000000 0.018227397 0.010336603
v 0.002224898 0.018227397 0.010336452
v 0.004447413 0.018227397 0.010335919
v 0.006665166 0.018227397 0.010334852
v 0.008875781 0.018227397 0.010333061
v 0.011076892 0.018227397 0.010330339
v 0.013266142 0.018227397 0.010326464
v 0.015441186 0.018227397 0.010321206
v 0.017599695 0.018227397 0.010314336
v 0.019739358 0.018227397 0.010305627
v 0.021857884 0.018227397 0.010294862
v 0.023953003 0.018227397 0.010281836
v 0.026022473 0.018227397 0.010266362
v 0.028064078 0.018227397 0.010248274
v 0.030075631 0.018227397 0.010227430
v 0.032054978 0.018227397 0.010203718
v 0.034000000 0.018227397 0.010177053
v 0.035908614 0.018227397 0.010147386
v 0.037778776 0.018227397 0.010114701
v 0.039608483 0.018227397 0.010079018
v 0.041395777 0.018227397 0.010099245
v 0.043138743 0.018227397 0.009964004
v 0.044835515 0.018227397 0.009872614
v 0.046484277 0.018227397 0.009774607
v 0.048083261 0.018227397 0.009690200
v 0.049630757 0.018227397 0.009632448
v 0.051125107 0.018227397 0.009579455
v 0.052564711 0.018227397 0.009524936
v 0.053948027 0.018227397 0.009469220
v 0.055273575 0.018227397 0.009412661
v 0.056539934 0.018227397 0.009355633
v 0.057745748 0.018227397 0.009298527
v 0.058889727 0.018227397 0.009241746
v 0.059970646 0.018227397 0.009185703
v 0.060987346 0.018227397 0.009130816
v 0.061938740 0.018227397 0.009077502
v 0.062823808 0.018227397 0.009026173
v 0.063641603 0.018227397 0.008977234
v 0.064391249 0.018227397 0.008931073
v 0.065071943 0.018227397 0.008888066
v 0.065682956 0.018227397 0.008848561
v 0.066223635 0.018227397 0.008812885
v 0.066693399 0.018227397 0.008812751
v 0.067091747 0.018227397 0.008897962
v 0.067418251 0.018227397 0.008876970
v 0.067672561 0.018227397 0.008859234
v 0.067854407 0.018227397 0.008846456
v 0.067963592 0.018227397 0.008838746
v 0.068000000 0.018227397 0.008836169
v -0.068000000 0.019215068 0.008842531
v -0.067963592 0.019215068 0.008845113
v -0.067854407 0.019215068 0.008852836
v -0.067672561 0.019215068 0.008865635
v -0.067418251 0.019215068 0.008883400
v -0.067091747 0.019215068 0.008905982
v -0.066693399 0.019215068 0.008933190
v -0.066223635 0.019215068 0.008964794
v -0.065682956 0.019215068 0.009000531
v -0.065071943 0.019215068 0.009040105
v -0.064391249 0.019215068 0.009083189
v -0.063641603 0.019215068 0.009129432
v -0.062823808 0.019215068 0.009178461
v -0.061938740 0.019215068 0.009229885
v -0.060987346 0.019215068 0.009283300
v -0.059970646 0.019215068 0.009338293
v -0.058889727 0.019215068 0.009394447
v -0.057745748 0.019215068 0.009451343
v -0.056539934 0.019215068 0.009508568
v -0.055273575 0.019215068 0.009565719
v -0.053948027 0.019215068 0.009622403
v -0.052564711 0.019215068 0.009678246
v -0.051125107 0.019215068 0.009732894
v -0.049630757 0.019215068 0.009786017
v -0.048083261 0.019215068 0.009843899
v -0.046484277 0.019215068 0.009928437
v -0.044835515 0.019215068 0.010026574
v -0.043138743 0.019215068 0.010118092
v -0.041395777 0.019215068 0.010108121
v -0.039608483 0.019215068 0.010088019
v -0.037778776 0.019215068 0.010123825
v -0.035908614 0.019215068 0.010156629
v -0.034000000 0.019215068 0.010186411
v -0.032054978 0.019215068 0.010213187
v -0.030075631 0.019215068 0.010237005
v -0.028064078 0.019215068 0.010257950
v -0.026022473 0.019215068 0.010276133
v -0.023953003 0.019215068 0.010291696
v -0.021857884 0.019215068 0.010304805
v -0.019739358 0.019215068 0.010315647
v -0.017599695 0.019215068 0.010324425
v -0.015441186 0.019215068 0.010331356
v -0.013266142 0.019215068 0.010336668
v -0.011076892 0.019215068 0.010340590
v -0.008875781 0.019215068 0.010343350
v -0.006665166 0.019215068 0.010345170
v -0.004447413 0.019215068 0.010346259
v -0.002224898 0.019215068 0.010346804
v 0.000000000 0.019215068 0.010346959
v 0.002224898 0.019215068 0.010346804
v 0.004447413 0.019215068 0.010346259
v 0.006665166 0.019215068 0.010345170
v 0.008875781 0.019215068 0.010343350
v 0.011076892 0.019215068 0.010340590
v 0.013266142 0.019215068 0.010336668
v 0.015441186 0.019215068 0.010331356
v 0.017599695 0.019215068 0.010324425
v 0.019739358 0.019215068 0.010315647
v 0.021857884 0.019215068 0.010304805
v 0.023953003 0.019215068 0.010291696
v 0.026022473 0.019215068 0.010276133
v 0.028064078 0.019215068 0.010257950
v 0.030075631 0.019215068 0.010237005
v 0.032054978 0.019215068 0.010213187
v 0.034000000 0.019215068 0.010186411
v 0.035908614 0.019215068 0.010156629
v 0.037778776 0.019215068 0.010123825
v 0.039608483 0.019215068 0.010088019
v 0.041395777 0.019215068 0.010108121
v 0.043138743 0.019215068 0.010118092
v 0.044835515 0.019215068 0.010026574
v 0.046484277 0.019215068 0.009928437
v 0.048083261 0.019215068 0.009843899
v 0.049630757 0.019215068 0.009786017
v 0.051125107 0.019215068 0.009732894
v 0.052564711 0.019215068 0.009678246
v 0.053948027 0.019215068 0.009622403
v 0.055273575 0.019215068 0.009565719
v 0.056539934 0.019215068 0.009508568
v 0.057745748 0.019215068 0.009451343
v 0.058889727 0.019215068 0.009394447
v 0.059970646 0.019215068 0.009338293
v 0.060987346 0.019215068 0.009283300
v 0.061938740 0.019215068 0.009229885
v 0.062823808 0.019215068 0.009178461
v 0.063641603 0.019215068 0.009129432
v 0.064391249 0.019215068 0.009083189
v 0.065071943 0.019215068 0.009040105
v 0.065682956 0.019215068 0.009000531
v 0.066223635 0.019215068 0.008964794
v 0.066693399 0.019215068 0.008933190
v 0.067091747 0.019215068 0.008905982
v 0.067418251 0.019215068 0.008883400
v 0.067672561 0.019215068 0.008865635
v 0.067854407 0.019215068 0.008852836
v 0.067963592 0.019215068 0.008845113
v 0.068000000 0.019215068 0.008842531
v -0.068000000 0.020202740 0.008848497
v -0.067963592 0.020202740 0.008851083
v -0.067854407 0.020202740 0.008858819
v -0.067672561 0.020202740 0.008871638
v -0.067418251 0.020202740 0.008889432
v -0.067091747 0.020202740 0.008912050
v -0.066693399 0.020202740 0.008939301
v -0.066223635 0.020202740 0.008970957
v -0.065682956 0.020202740 0.009006754
v -0.065071943 0.020202740 0.009046393
v -0.064391249 0.020202740 0.009089550
v -0.063641603 0.020202740 0.009135872
v -0.062823808 0.020202740 0.009184987
v -0.061938740 0.020202740 0.009236503
v -0.060987346 0.020202740 0.009290014
v -0.059970646 0.020202740 0.009345109
v -0.058889727 0.020202740 0.009401369
v -0.057745748 0.020202740 0.009458376
v -0.056539934 0.020202740 0.009515715
v -0.055273575 0.020202740 0.009572983
v -0.053948027 0.020202740 0.009629787
v -0.052564711 0.020202740 0.009685752
v -0.051125107 0.020202740 0.009740523
v -0.049630757 0.020202740 0.009793770
v -0.048083261 0.020202740 0.009851778
v -0.046484277 0.020202740 0.009936441
v -0.044835515 0.020202740 0.010034702
v -0.043138743 0.020202740 0.010126345
v -0.041395777 0.020202740 0.010116495
v -0.039608483 0.020202740 0.010096513
v -0.037778776 0.020202740 0.010132436
v -0.035908614 0.020202740 0.010165354
v -0.034000000 0.020202740 0.010195247
v -0.032054978 0.020202740 0.010222128
v -0.030075631 0.020202740 0.010246049
v -0.028064078 0.020202740 0.010267090
v -0.026022473 0.020202740 0.010285365
v -0.023953003 0.020202740 0.010301014
v -0.021857884 0.020202740 0.010314202
v -0.019739358 0.020202740 0.010325116
v -0.017599695 0.020202740 0.010333960
v -0.015441186 0.020202740 0.010340951
v -0.013266142 0.020202740 0.010346314
v -0.011076892 0.020202740 0.010350280
v -0.008875781 0.020202740 0.010353076
v -0.006665166 0.020202740 0.010354925
v -0.004447413 0.020202740 0.010356034
v -0.002224898 0.020202740 0.010356591
v 0.000000000 0.020202740 0.010356751
v 0.002224898 0.020202740 0.010356591
v 0.004447413 0.020202740 0.010356034
v 0.006665166 0.020202740 0.010354925
v 0.008875781 0.020202740 0.010353076
v 0.011076892 0.020202740 0.010350280
v 0.013266142 0.020202740 0.010346314
v 0.015441186 0.020202740 0.010340951
v 0.017599695 0.020202740 0.010333960
v 0.019739358 0.020202740 0.010325116
v 0.021857884 0.020202740 0.010314202
v 0.023953003 0.020202740 0.010301014
v 0.026022473 0.020202740 0.010285365
v 0.028064078 0.020202740 0.010267090
v 0.030075631 0.020202740 0.010246049
v 0.032054978 0.020202740 0.010222128
v 0.034000000 0.020202740 0.010195247
v 0.035908614 0.020202740 0.010165354
v 0.037778776 0.020202740 0.010132436
v 0.039608483 0.020202740 0.010096513
v 0.041395777 0.020202740 0.010116495
v 0.043138743 0.020202740 0.010126345
v 0.044835515 0.020202740 0.010034702
v 0.046484277 0.020202740 0.009936441
v 0.048083261 0.020202740 0.009851778
v 0.049630757 0.020202740 0.009793770
v 0.051125107 0.020202740 0.009740523
v 0.052564711 0.020202740 0.009685752
v 0.053948027 0.020202740 0.009629787
v 0.055273575 0.020202740 0.009572983
v 0.056539934 0.020202740 0.009515715
v 0.057745748 0.020202740 0.009458376
v 0.058889727 0.020202740 0.009401369
v 0.059970646 0.020202740 0.009345109
v 0.060987346 0.020202740 0.009290014
v 0.061938740 0.020202740 0.009236503
v 0.062823808 0.020202740 0.009184987
v 0.063641603 0.020202740 0.009135872
v 0.064391249 0.020202740 0.009089550
v 0.065071943 0.020202740 0.009046393
v 0.065682956 0.020202740 0.009006754
v 0.066223635 0.020202740 0.008970957
v 0.066693399 0.020202740 0.008939301
v 0.067091747 0.020202740 0.008912050
v 0.067418251 0.020202740 0.008889432
v 0.067672561 0.020202740 0.008871638
v 0.067854407 0.020202740 0.008858819
v 0.067963592 0.020202740 0.008851083
v 0.068000000 0.020202740 0.008848497
v -0.068000000 0.021190411 0.008854076
v -0.067963592 0.021190411 0.008856665
v -0.067854407 0.021190411 0.008864412
v -0.067672561 0.021190411 0.008877251
v -0.067418251 0.021190411 0.008895072
v -0.067091747 0.021190411 0.008917725
v -0.066693399 0.021190411 0.008945019
v -0.066223635 0.021190411 0.008976724
v -0.065682956 0.021190411 0.009012577
v -0.065071943 0.021190411 0.009052280
v -0.064391249 0.021190411 0.009095506
v -0.063641603 0.021190411 0.009141905
v -0.062823808 0.021190411 0.009191101
v -0.061938740 0.021190411 0.009242704
v -0.060987346 0.021190411 0.009296308
v -0.059970646 0.021190411 0.009351500
v -0.058889727 0.021190411 0.009407862
v -0.057745748 0.021190411 0.009464974
v -0.056539934 0.021190411 0.009522423
v -0.055273575 0.021190411 0.009579802
v -0.053948027 0.021190411 0.009636721
v -0.052564711 0.021190411 0.009692802
v -0.051125107 0.021190411 0.009747691
v -0.049630757 0.021190411 0.009801058
v -0.048083261 0.021190411 0.009859185
v -0.046484277 0.021190411 0.009943968
v -0.044835515 0.021190411 0.010042348
v -0.043138743 0.021190411 0.010134109
v -0.041395777 0.021190411 0.010124375
v -0.039608483 0.021190411 0.010104508
v -0.037778776 0.021190411 0.010140543
v -0.035908614 0.021190411 0.010173570
v -0.034000000 0.021190411 0.010203568
v -0.032054978 0.021190411 0.010230552
v -0.030075631 0.021190411 0.010254569
v -0.028064078 0.021190411 0.010275703
v -0.026022473 0.021190411 0.010294065
v -0.023953003 0.021190411 0.010309796
v -0.021857884 0.021190411 0.010323060
v -0.019739358 0.021190411 0.010334044
v -0.017599695 0.021190411 0.010342951
v -0.015441186 0.021190411 0.010349999
v -0.013266142 0.021190411 0.010355411
v -0.011076892 0.021190411 0.010359419
v -0.008875781 0.021190411 0.010362250
v -0.006665166 0.021190411 0.010364126
v -0.004447413 0.021190411 0.010365255
v -0.002224898 0.021190411 0.010365824
v 0.000000000 0.021190411 0.010365988
v 0.002224898 0.021190411 0.010365824
v 0.004447413 0.021190411 0.010365255
v 0.006665166 0.021190411 0.010364126
v 0.008875781 0.021190411 0.010362250
v 0.011076892 0.021190411 0.010359419
v 0.013266142 0.021190411 0.010355411
v 0.015441186 0.021190411 0.010349999
v 0.017599695 0.021190411 0.010342951
v 0.019739358 0.021190411 0.010334044
v 0.021857884 0.021190411 0.010323060
v 0.023953003 0.021190411 0.010309796
v 0.026022473 0.021190411 0.010294065
v 0.028064078 0.021190411 0.010275703
v 0.030075631 0.021190411 0.010254569
v 0.032054978 0.021190411 0.010230552
v 0.034000000 0.021190411 0.010203568
v 0.035908614 0.021190411 0.010173570
v 0.037778776 0.021190411 0.010140543
v 0.039608483 0.021190411 0.010104508
v 0.041395777 0.021190411 0.010124375
v 0.043138743 0.021190411 0.010134109
v 0.044835515 0.021190411 0.010042348
v 0.046484277 0.021190411 0.009943968
v 0.048083261 0.021190411 0.009859185
v 0.049630757 0.021190411 0.009801058
v 0.051125107 0.021190411 0.009747691
v 0.052564711 0.021190411 0.009692802
v 0.053948027 0.021190411 0.009636721
v 0.055273575 0.021190411 0.009579802
v 0.056539934 0.021190411 0.009522423
v 0.057745748 0.021190411 0.009464974
v 0.058889727 0.021190411 0.009407862
v 0.059970646 0.021190411 0.009351500
v 0.060987346 0.021190411 0.009296308
v 0.061938740 0.021190411 0.009242704
v 0.062823808 0.021190411 0.009191101
v 0.063641603 0.021190411 0.009141905
v 0.064391249 0.021190411 0.009095506
v 0.065071943 0.021190411 0.009052280
v 0.065682956 0.021190411 0.009012577
v 0.066223635 0.021190411 0.008976724
v 0.066693399 0.021190411 0.008945019
v 0.067091747 0.021190411 0.008917725
v 0.067418251 0.021190411 0.008895072
v 0.067672561 0.021190411 0.008877251
v 0.067854407 0.021190411 0.008864412
v 0.067963592 0.021190411 0.008856665
v 0.068000000 0.021190411 0.008854076
v -0.068000000 0.022178082 0.008859275
v -0.067963592 0.022178082 0.008861868
v -0.067854407 0.022178082 0.008869626
v -0.067672561 0.022178082 0.008882483
v -0.067418251 0.022178082 0.008900330
v -0.067091747 0.022178082 0.008923016
v -0.066693399 0.022178082 0.008950350
v -0.066223635 0.022178082 0.008982103
v -0.065682956 0.022178082 0.009018009
v -0.065071943 0.022178082 0.009057773
v -0.064391249 0.022178082 0.009101066
v -0.063641603 0.022178082 0.009147537
v -0.062823808 0.022178082 0.009196811
v -0.061938740 0.022178082 0.009248497
v -0.060987346 0.022178082 0.009302190
v -0.059970646 0.022178082 0.009357475
v -0.058889727 0.022178082 0.009413933
v -0.057745748 0.022178082 0.009471146
v -0.056539934 0.022178082 0.009528699
v -0.055273575 0.022178082 0.009586186
v -0.053948027 0.022178082 0.009643213
v -0.052564711 0.022178082 0.009699406
v -0.051125107 0.022178082 0.009754408
v -0.049630757 0.022178082 0.009807888
v -0.048083261 0.022178082 0.009866129
v -0.046484277 0.022178082 0.009951027
v -0.044835515 0.022178082 0.010049520
v -0.043138743 0.022178082 0.010141393
v -0.041395777 0.022178082 0.010131771
v -0.039608483 0.022178082 0.010112014
v -0.037778776 0.022178082 0.010148155
v -0.035908614 0.022178082 0.010181286
v -0.034000000 0.022178082 0.010211385
v -0.032054978 0.022178082 0.010238466
v -0.030075631 0.022178082 0.010262576
v -0.028064078 0.022178082 0.010283798
v -0.026022473 0.022178082 0.010302243
v -0.023953003 0.022178082 0.010318052
v -0.021857884 0.022178082 0.010331389
v -0.019739358 0.022178082 0.010342439
v -0.017599695 0.022178082 0.010351407
v -0.015441186 0.022178082 0.010358508
v -0.013266142 0.022178082 0.010363968
v -0.011076892 0.022178082 0.010368016
v -0.008875781 0.022178082 0.010370880
v -0.006665166 0.022178082 0.010372782
v -0.004447413 0.022178082 0.010373929
v -0.002224898 0.022178082 0.010374509
v 0.000000000 0.022178082 0.010374677
v 0.002224898 0.022178082 0.010374509
v 0.004447413 0.022178082 0.010373929
v 0.006665166 0.022178082 0.010372782
v 0.008875781 0.022178082 0.010370880
v 0.011076892 0.022178082 0.010368016
v 0.013266142 0.022178082 0.010363968
v 0.015441186 0.022178082 0.010358508
v 0.017599695 0.022178082 0.010351407
v 0.019739358 0.022178082 0.010342439
v 0.021857884 0.022178082 0.010331389
v 0.023953003 0.022178082 0.010318052
v 0.026022473 0.022178082 0.010302243
v 0.028064078 0.022178082 0.010283798
v 0.030075631 0.022178082 0.010262576
v 0.032054978 0.022178082 0.010238466
v 0.034000000 0.022178082 0.010211385
v 0.035908614 0.022178082 0.010181286
v 0.037778776 0.022178082 0.010148155
v 0.039608483 0.022178082 0.010112014
v 0.041395777 0.022178082 0.010131771
v 0.043138743 0.022178082 0.010141393
v 0.044835515 0.022178082 0.010049520
v 0.046484277 0.022178082 0.009951027
v 0.048083261 0.022178082 0.009866129
v 0.049630757 0.022178082 0.009807888
v 0.051125107 0.022178082 0.009754408
v 0.052564711 0.022178082 0.009699406
v 0.053948027 0.022178082 0.009643213
v 0.055273575 0.022178082 0.009586186
v 0.056539934 0.022178082 0.009528699
v 0.057745748 0.022178082 0.009471146
v 0.058889727 0.022178082 0.009413933
v 0.059970646 0.022178082 0.009357475
v 0.060987346 0.022178082 0.009302190
v 0.061938740 0.022178082 0.009248497
v 0.062823808 0.022178082 0.009196811
v 0.063641603 0.022178082 0.009147537
v 0.064391249 0.022178082 0.009101066
v 0.065071943 0.022178082 0.009057773
v 0.065682956 0.022178082 0.009018009
v 0.066223635 0.022178082 0.008982103
v 0.066693399 0.022178082 0.008950350
v 0.067091747 0.022178082 0.008923016
v 0.067418251 0.022178082 0.008900330
v 0.067672561 0.022178082 0.008882483
v 0.067854407 0.022178082 0.008869626
v 0.067963592 0.022178082 0.008861868
v 0.068000000 0.022178082 0.008859275
v -0.068000000 0.023165753 0.008864103
v -0.067963592 0.023165753 0.008866700
v -0.067854407 0.023165753 0.008874469
v -0.067672561 0.023165753 0.008887344
v -0.067418251 0.023165753 0.008905216
v -0.067091747 0.023165753 0.008927934
v -0.066693399 0.023165753 0.008955306
v -0.066223635 0.023165753 0.008987103
v -0.065682956 0.023165753 0.009023061
v -0.065071943 0.023165753 0.009062881
v -0.064391249 0.023165753 0.009106238
v -0.063641603 0.023165753 0.009152778
v -0.062823808 0.023165753 0.009202126
v -0.061938740 0.023165753 0.009253892
v -0.060987346 0.023165753 0.009307669
v -0.059970646 0.023165753 0.009363042
v -0.058889727 0.023165753 0.009419593
v -0.057745748 0.023165753 0.009476902
v -0.056539934 0.023165753 0.009534553
v -0.055273575 0.023165753 0.009592142
v -0.053948027 0.023165753 0.009649273
v -0.052564711 0.023165753 0.009705572
v -0.051125107 0.023165753 0.009760681
v -0.049630757 0.023165753 0.009814270
v -0.048083261 0.023165753 0.009872620
v -0.046484277 0.023165753 0.009957625
v -0.044835515 0.023165753 0.010056227
v -0.043138743 0.023165753 0.010148208
v -0.041395777 0.023165753 0.010138691
v -0.039608483 0.023165753 0.010119038
v -0.037778776 0.023165753 0.010155281
v -0.035908614 0.023165753 0.010188511
v -0.034000000 0.023165753 0.010218706
v -0.032054978 0.023165753 0.010245879
v -0.030075631 0.023165753 0.010270078
v -0.028064078 0.023165753 0.010291384
v -0.026022473 0.023165753 0.010309908
v -0.023953003 0.023165753 0.010325791
v -0.021857884 0.023165753 0.010339197
v -0.019739358 0.023165753 0.010350311
v -0.017599695 0.023165753 0.010359336
v -0.015441186 0.023165753 0.010366488
v -0.013266142 0.023165753 0.010371993
v -0.011076892 0.023165753 0.010376079
v -0.008875781 0.023165753 0.010378975
v -0.006665166 0.023165753 0.010380901
v -0.004447413 0.023165753 0.010382066
v -0.002224898 0.023165753 0.010382657
v 0.000000000 0.023165753 0.010382829
v 0.002224898 0.023165753 0.010382657
v 0.004447413 0.023165753 0.010382066
v 0.006665166 0.023165753 0.010380901
v 0.008875781 0.023165753 0.010378975
v 0.011076892 0.023165753 0.010376079
v 0.013266142 0.023165753 0.010371993
v 0.015441186 0.023165753 0.010366488
v 0.017599695 0.023165753 0.010359336
v 0.019739358 0.023165753 0.010350311
v 0.021857884 0.023165753 0.010339197
v 0.023953003 0.023165753 0.010325791
v 0.026022473 0.023165753 0.010309908
v 0.028064078 0.023165753 0.010291384
v 0.030075631 0.023165753 0.010270078
v 0.032054978 0.023165753 0.010245879
v 0.034000000 0.023165753 0.010218706
v 0.035908614 0.023165753 0.010188511
v 0.037778776 0.023165753 0.010155281
v 0.039608483 0.023165753 0.010119038
v 0.041395777 0.023165753 0.010138691
v 0.043138743 0.023165753 0.010148208
v 0.044835515 0.023165753 0.010056227
v 0.046484277 0.023165753 0.009957625
v 0.048083261 0.023165753 0.009872620
v 0.049630757 0.023165753 0.009814270
v 0.051125107 0.023165753 0.009760681
v 0.052564711 0.023165753 0.009705572
v 0.053948027 0.023165753 0.009649273
v 0.055273575 0.023165753 0.009592142
v 0.056539934 0.023165753 0.009534553
v 0.057745748 0.023165753 0.009476902
v 0.058889727 0.023165753 0.009419593
v 0.059970646 0.023165753 0.009363042
v 0.060987346 0.023165753 0.009307669
v 0.061938740 0.023165753 0.009253892
v 0.062823808 0.023165753 0.009202126
v 0.063641603 0.023165753 0.009152778
v 0.064391249 0.023165753 0.009106238
v 0.065071943 0.023165753 0.009062881
v 0.065682956 0.023165753 0.009023061
v 0.066223635 0.023165753 0.008987103
v 0.066693399 0.023165753 0.008955306
v 0.067091747 0.023165753 0.008927934
v 0.067418251 0.023165753 0.008905216
v 0.067672561 0.023165753 0.008887344
v 0.067854407 0.023165753 0.008874469
v 0.067963592 0.023165753 0.008866700
v 0.068000000 0.023165753 0.008864103
v -0.068000000 0.024153425 0.008868571
v -0.067963592 0.024153425 0.008871172
v -0.067854407 0.024153425 0.008878951
v -0.067672561 0.024153425 0.008891842
v -0.067418251 0.024153425 0.008909738
v -0.067091747 0.024153425 0.008932485
v -0.066693399 0.024153425 0.008959894
v -0.066223635 0.024153425 0.008991734
v -0.065682956 0.024153425 0.009027740
v -0.065071943 0.024153425 0.009067615
v -0.064391249 0.024153425 0.009111032
v -0.063641603 0.024153425 0.009157637
v -0.062823808 0.024153425 0.009207056
v -0.061938740 0.024153425 0.009258897
v -0.060987346 0.024153425 0.009312754
v -0.059970646 0.024153425 0.009368211
v -0.058889727 0.024153425 0.009424850
v -0.057745748 0.024153425 0.009482249
v -0.056539934 0.024153425 0.009539995
v -0.055273575 0.024153425 0.009597680
v -0.053948027 0.024153425 0.009654911
v -0.052564711 0.024153425 0.009711310
v -0.051125107 0.024153425 0.009766521
v -0.049630757 0.024153425 0.009820212
v -0.048083261 0.024153425 0.009878665
v -0.046484277 0.024153425 0.009963774
v -0.044835515 0.024153425 0.010062479
v -0.043138743 0.024153425 0.010154561
v -0.041395777 0.024153425 0.010145145
v -0.039608483 0.024153425 0.010125590
v -0.037778776 0.024153425 0.010161930
v -0.035908614 0.024153425 0.010195254
v -0.034000000 0.024153425 0.010225540
v -0.032054978 0.024153425 0.010252801
v -0.030075631 0.024153425 0.010277083
v -0.028064078 0.024153425 0.010298469
v -0.026022473 0.024153425 0.010317069
v -0.023953003 0.024153425 0.010333023
v -0.021857884 0.024153425 0.010346494
v -0.019739358 0.024153425 0.010357668
v -0.017599695 0.024153425 0.010366748
v -0.015441186 0.024153425 0.010373949
v -0.013266142 0.024153425 0.010379496
v -0.011076892 0.024153425 0.010383619
v -0.008875781 0.024153425 0.010386544
v -0.006665166 0.024153425 0.010388494
v -0.004447413 0.024153425 0.010389676
v -0.002224898 0.024153425 0.010390277
v 0.000000000 0.024153425 0.010390451
v 0.002224898 0.024153425 0.010390277
v 0.004447413 0.024153425 0.010389676
v 0.006665166 0.024153425 0.010388494
v 0.008875781 0.024153425 0.010386544
v 0.011076892 0.024153425 0.010383619
v 0.013266142 0.024153425 0.010379496
v 0.015441186 0.024153425 0.010373949
v 0.017599695 0.024153425 0.010366748
v 0.019739358 0.024153425 0.010357668
v 0.021857884 0.024153425 0.010346494
v 0.023953003 0.024153425 0.010333023
v 0.026022473 0.024153425 0.010317069
v 0.028064078 0.024153425 0.010298469
v 0.030075631 0.024153425 0.010277083
v 0.032054978 0.024153425 0.010252801
v 0.034000000 0.024153425 0.010225540
v 0.035908614 0.024153425 0.010195254
v 0.037778776 0.024153425 0.010161930
v 0.039608483 0.024153425 0.010125590
v 0.041395777 0.024153425 0.010145145
v 0.043138743 0.024153425 0.010154561
v 0.044835515 0.024153425 0.010062479
v 0.046484277 0.024153425 0.009963774
v 0.048083261 0.024153425 0.009878665
v 0.049630757 0.024153425 0.009820212
v 0.051125107 0.024153425 0.009766521
v 0.052564711 0.024153425 0.009711310
v 0.053948027 0.024153425 0.009654911
v 0.055273575 0.024153425 0.009597680
v 0.056539934 0.024153425 0.009539995
v 0.057745748 0.024153425 0.009482249
v 0.058889727 0.024153425 0.009424850
v 0.059970646 0.024153425 0.009368211
v 0.060987346 0.024153425 0.009312754
v 0.061938740 0.024153425 0.009258897
v 0.062823808 0.024153425 0.009207056
v 0.063641603 0.024153425 0.009157637
v 0.064391249 0.024153425 0.009111032
v 0.065071943 0.024153425 0.009067615
v 0.065682956 0.024153425 0.009027740
v 0.066223635 0.024153425 0.008991734
v 0.066693399 0.024153425 0.008959894
v 0.067091747 0.024153425 0.008932485
v 0.067418251 0.024153425 0.008909738
v 0.067672561 0.024153425 0.008891842
v 0.067854407 0.024153425 0.008878951
v 0.067963592 0.024153425 0.008871172
v 0.068000000 0.024153425 0.008868571
v -0.068000000 0.025141096 0.008872688
v -0.067963592 0.025141096 0.008875291
v -0.067854407 0.025141096 0.008883080
v -0.067672561 0.025141096 0.008895988
v -0.067418251 0.025141096 0.008913905
v -0.067091747 0.025141096 0.008936681
v -0.066693399 0.025141096 0.008964124
v -0.066223635 0.025141096 0.008996004
v -0.065682956 0.025141096 0.009032057
v -0.065071943 0.025141096 0.009071984
v -0.064391249 0.025141096 0.009115457
v -0.063641603 0.025141096 0.009162124
v -0.062823808 0.025141096 0.009211610
v -0.061938740 0.025141096 0.009263523
v -0.060987346 0.025141096 0.009317455
v -0.059970646 0.025141096 0.009372992
v -0.058889727 0.025141096 0.009429713
v -0.057745748 0.025141096 0.009487199
v -0.056539934 0.025141096 0.009545034
v -0.055273575 0.025141096 0.009602810
v -0.053948027 0.025141096 0.009660134
v -0.052564711 0.025141096 0.009716628
v -0.051125107 0.025141096 0.009771936
v -0.049630757 0.025141096 0.009825724
v -0.048083261 0.025141096 0.009884275
v -0.046484277 0.025141096 0.009969482
v -0.044835515 0.025141096 0.010068284
v -0.043138743 0.025141096 0.010160462
v -0.041395777 0.025141096 0.010151142
v -0.039608483 0.025141096 0.010131681
v -0.037778776 0.025141096 0.010168112
v -0.035908614 0.025141096 0.010201525
v -0.034000000 0.025141096 0.010174694
v -0.032054978 0.025141096 0.009855918
v -0.030075631 0.025141096 0.009880281
v -0.028064078 0.025141096 0.009901742
v -0.026022473 0.025141096 0.009920413
v -0.023953003 0.025141096 0.009936434
v -0.021857884 0.025141096 0.009949967
v -0.019739358 0.025141096 0.009961198
v -0.017599695 0.025141096 0.009970329
v -0.015441186 0.025141096 0.009977576
v -0.013266142 0.025141096 0.009983164
v -0.011076892 0.025141096 0.009987321
v -0.008875781 0.025141096 0.009990275
v -0.006665166 0.025141096 0.009992247
v -0.004447413 0.025141096 0.009993445
v -0.002224898 0.025141096 0.009994055
v 0.000000000 0.025141096 0.009994233
v 0.002224898 0.025141096 0.009994055
v 0.004447413 0.025141096 0.009993445
v 0.006665166 0.025141096 0.009992247
v 0.008875781 0.025141096 0.009990275
v 0.011076892 0.025141096 0.009987321
v 0.013266142 0.025141096 0.009983164
v 0.015441186 0.025141096 0.009977576
v 0.017599695 0.025141096 0.009970329
v 0.019739358 0.025141096 0.009961198
v 0.021857884 0.025141096 0.009949967
v 0.023953003 0.025141096 0.009936434
v 0.026022473 0.025141096 0.009920413
v 0.028064078 0.025141096 0.009901742
v 0.030075631 0.025141096 0.009880281
v 0.032054978 0.025141096 0.009855918
v 0.034000000 0.025141096 0.010174694
v 0.035908614 0.025141096 0.010201525
v 0.037778776 0.025141096 0.010168112
v 0.039608483 0.025141096 0.010131681
v 0.041395777 0.025141096 0.010151142
v 0.043138743 0.025141096 0.010160462
v 0.044835515 0.025141096 0.010068284
v 0.046484277 0.025141096 0.009969482
v 0.048083261 0.025141096 0.009884275
v 0.049630757 0.025141096 0.009825724
v 0.051125107 0.025141096 0.009771936
v 0.052564711 0.025141096 0.009716628
v 0.053948027 0.025141096 0.009660134
v 0.055273575 0.025141096 0.009602810
v 0.056539934 0.025141096 0.009545034
v 0.057745748 0.025141096 0.009487199
v 0.058889727 0.025141096 0.009429713
v 0.059970646 0.025141096 0.009372992
v 0.060987346 0.025141096 0.009317455
v 0.061938740 0.025141096 0.009263523
v 0.062823808 0.025141096 0.009211610
v 0.063641603 0.025141096 0.009162124
v 0.064391249 0.025141096 0.009115457
v 0.065071943 0.025141096 0.009071984
v 0.065682956 0.025141096 0.009032057
v 0.066223635 0.025141096 0.008996004
v 0.066693399 0.025141096 0.008964124
v 0.067091747 0.025141096 0.008936681
v 0.067418251 0.025141096 0.008913905
v 0.067672561 0.025141096 0.008895988
v 0.067854407 0.025141096 0.008883080
v 0.067963592 0.025141096 0.008875291
v 0.068000000 0.025141096 0.008872688
v -0.068000000 0.026128767 0.008876463
v -0.067963592 0.026128767 0.008879069
v -0.067854407 0.026128767 0.008886867
v -0.067672561 0.026128767 0.008899790
v -0.067418251 0.026128767 0.008917728
v -0.067091747 0.026128767 0.008940531
v -0.066693399 0.026128767 0.008968006
v -0.066223635 0.026128767 0.008999925
v -0.065682956 0.026128767 0.009036021
v -0.065071943 0.026128767 0.009075996
v -0.064391249 0.026128767 0.009119523
v -0.063641603 0.026128767 0.009166249
v -0.062823808 0.026128767 0.009215798
v -0.061938740 0.026128767 0.009267778
v -0.060987346 0.026128767 0.009321781
v -0.059970646 0.026128767 0.009377393
v -0.058889727 0.026128767 0.009434193
v -0.057745748 0.026128767 0.009491760
v -0.056539934 0.026128767 0.009549679
v -0.055273575 0.026128767 0.009607542
v -0.053948027 0.026128767 0.009664954
v -0.052564711 0.026128767 0.009721538
v -0.051125107 0.026128767 0.009776936
v -0.049630757 0.026128767 0.009830817
v -0.048083261 0.026128767 0.009889460
v -0.046484277 0.026128767 0.009974759
v -0.044835515 0.026128767 0.010073652
v -0.043138743 0.026128767 0.010165922
v -0.041395777 0.026128767 0.010156691
v -0.039608483 0.026128767 0.010137318
v -0.037778776 0.026128767 0.010173836
v -0.035908614 0.026128767 0.010207333
v -0.034000000 0.026128767 0.009667687
v -0.032054978 0.026128767 0.009445208
v -0.030075631 0.026128767 0.009469646
v -0.028064078 0.026128767 0.009491178
v -0.026022473 0.026128767 0.009509917
v -0.023953003 0.026128767 0.009526001
v -0.021857884 0.026128767 0.009539592
v -0.019739358 0.026128767 0.009550877
v -0.017599695 0.026128767 0.009560057
v -0.015441186 0.026128767 0.009567347
v -0.013266142 0.026128767 0.009572973
v -0.011076892 0.026128767 0.009577163
v -0.008875781 0.026128767 0.009580143
v -0.006665166 0.026128767 0.009582136
v -0.004447413 0.026128767 0.009583349
v -0.002224898 0.026128767 0.009583969
v 0.000000000 0.026128767 0.009584150
v 0.002224898 0.026128767 0.009583969
v 0.004447413 0.026128767 0.009583349
v 0.006665166 0.026128767 0.009582136
v 0.008875781 0.026128767 0.009580143
v 0.011076892 0.026128767 0.009577163
v 0.013266142 0.026128767 0.009572973
v 0.015441186 0.026128767 0.009567347
v 0.017599695 0.026128767 0.009560057
v 0.019739358 0.026128767 0.009550877
v 0.021857884 0.026128767 0.009539592
v 0.023953003 0.026128767 0.009526001
v 0.026022473 0.026128767 0.009509917
v 0.028064078 0.026128767 0.009491178
v 0.030075631 0.026128767 0.009469646
v 0.032054978 0.026128767 0.009445208
v 0.034000000 0.026128767 0.009667687
v 0.035908614 0.026128767 0.010207333
v 0.037778776 0.026128767 0.010173836
v 0.039608483 0.026128767 0.010137318
v 0.041395777 0.026128767 0.010156691
v 0.043138743 0.026128767 0.010165922
v 0.044835515 0.026128767 0.010073652
v 0.046484277 0.026128767 0.009974759
v 0.048083261 0.026128767 0.009889460
v 0.049630757 0.026128767 0.009830817
v 0.051125107 0.026128767 0.009776936
v 0.052564711 0.026128767 0.009721538
v 0.053948027 0.026128767 0.009664954
v 0.055273575 0.026128767 0.009607542
v 0.056539934 0.026128767 0.009549679
v 0.057745748 0.026128767 0.009491760
v 0.058889727 0.026128767 0.009434193
v 0.059970646 0.026128767 0.009377393
v 0.060987346 0.026128767 0.009321781
v 0.061938740 0.026128767 0.009267778
v 0.062823808 0.026128767 0.009215798
v 0.063641603 0.026128767 0.009166249
v 0.064391249 0.026128767 0.009119523
v 0.065071943 0.026128767 0.009075996
v 0.065682956 0.026128767 0.009036021
v 0.066223635 0.026128767 0.008999925
v 0.066693399 0.026128767 0.008968006
v 0.067091747 0.026128767 0.008940531
v 0.067418251 0.026128767 0.008917728
v 0.067672561 0.026128767 0.008899790
v 0.067854407 0.026128767 0.008886867
v 0.067963592 0.026128767 0.008879069
v 0.068000000 0.026128767 0.008876463
v -0.068000000 0.027116438 0.008879906
v -0.067963592 0.027116438 0.008882515
v -0.067854407 0.027116438 0.008890321
v -0.067672561 0.027116438 0.008903258
v -0.067418251 0.027116438 0.008921216
v -0.067091747 0.027116438 0.008944044
v -0.066693399 0.027116438 0.008971550
v -0.066223635 0.027116438 0.009003504
v -0.065682956 0.027116438 0.009039641
v -0.065071943 0.027116438 0.009079663
v -0.064391249 0.027116438 0.009123240
v -0.063641603 0.027116438 0.009170021
v -0.062823808 0.027116438 0.009219630
v -0.061938740 0.027116438 0.009271673
v -0.060987346 0.027116438 0.009325743
v -0.059970646 0.027116438 0.009381425
v -0.058889727 0.027116438 0.009438299
v -0.057745748 0.027116438 0.009495943
v -0.056539934 0.027116438 0.009553940
v -0.055273575 0.027116438 0.009611885
v -0.053948027 0.027116438 0.009669380
v -0.052564711 0.027116438 0.009726048
v -0.051125107 0.027116438 0.009781532
v -0.049630757 0.027116438 0.009835499
v -0.048083261 0.027116438 0.009894229
v -0.046484277 0.027116438 0.009979614
v -0.044835515 0.027116438 0.010078594
v -0.043138743 0.027116438 0.010170950
v -0.041395777 0.027116438 0.010161804
v -0.039608483 0.027116438 0.010142514
v -0.037778776 0.027116438 0.010179112
v -0.035908614 0.027116438 0.010212689
v -0.034000000 0.027116438 0.009423588
v -0.032054978 0.027116438 0.009450714
v -0.030075631 0.027116438 0.009475222
v -0.028064078 0.027116438 0.009496822
v -0.026022473 0.027116438 0.009515624
v -0.023953003 0.027116438 0.009531767
v -0.021857884 0.027116438 0.009545413
v -0.019739358 0.027116438 0.009556749
v -0.017599695 0.027116438 0.009565974
v -0.015441186 0.027116438 0.009573306
v -0.013266142 0.027116438 0.009578967
v -0.011076892 0.027116438 0.009583187
v -0.008875781 0.027116438 0.009586193
v -0.006665166 0.027116438 0.009588206
v -0.004447413 0.027116438 0.009589433
v -0.002224898 0.027116438 0.009590061
v 0.000000000 0.027116438 0.009590245
v 0.002224898 0.027116438 0.009590061
v 0.004447413 0.027116438 0.009589433
v 0.006665166 0.027116438 0.009588206
v 0.008875781 0.027116438 0.009586193
v 0.011076892 0.027116438 0.009583187
v 0.013266142 0.027116438 0.009578967
v 0.015441186 0.027116438 0.009573306
v 0.017599695 0.027116438 0.009565974
v 0.019739358 0.027116438 0.009556749
v 0.021857884 0.027116438 0.009545413
v 0.023953003 0.027116438 0.009531767
v 0.026022473 0.027116438 0.009515624
v 0.028064078 0.027116438 0.009496822
v 0.030075631 0.027116438 0.009475222
v 0.032054978 0.027116438 0.009450714
v 0.034000000 0.027116438 0.009423588
v 0.035908614 0.027116438 0.010212689
v 0.037778776 0.027116438 0.010179112
v 0.039608483 0.027116438 0.010142514
v 0.041395777 0.027116438 0.010161804
v 0.043138743 0.027116438 0.010170950
v 0.044835515 0.027116438 0.010078594
v 0.046484277 0.027116438 0.009979614
v 0.048083261 0.027116438 0.009894229
v 0.049630757 0.027116438 0.009835499
v 0.051125107 0.027116438 0.009781532
v 0.052564711 0.027116438 0.009726048
v 0.053948027 0.027116438 0.009669380
v 0.055273575 0.027116438 0.009611885
v 0.056539934 0.027116438 0.009553940
v 0.057745748 0.027116438 0.009495943
v 0.058889727 0.027116438 0.009438299
v 0.059970646 0.027116438 0.009381425
v 0.060987346 0.027116438 0.009325743
v 0.061938740 0.027116438 0.009271673
v 0.062823808 0.027116438 0.009219630
v 0.063641603 0.027116438 0.009170021
v 0.064391249 0.027116438 0.009123240
v 0.065071943 0.027116438 0.009079663
v 0.065682956 0.027116438 0.009039641
v 0.066223635 0.027116438 0.009003504
v 0.066693399 0.027116438 0.008971550
v 0.067091747 0.027116438 0.008944044
v 0.067418251 0.027116438 0.008921216
v 0.067672561 0.027116438 0.008903258
v 0.067854407 0.027116438 0.008890321
v 0.067963592 0.027116438 0.008882515
v 0.068000000 0.027116438 0.008879906
v -0.068000000 0.028104110 0.008883028
v -0.067963592 0.028104110 0.008885640
v -0.067854407 0.028104110 0.008893454
v -0.067672561 0.028104110 0.008906404
v -0.067418251 0.028104110 0.008924380
v -0.067091747 0.028104110 0.008947232
v -0.066693399 0.028104110 0.008974767
v -0.066223635 0.028104110 0.009006754
v -0.065682956 0.028104110 0.009042930
v -0.065071943 0.028104110 0.009082994
v -0.064391249 0.028104110 0.009126619
v -0.063641603 0.028104110 0.009173451
v -0.062823808 0.028104110 0.009223115
v -0.061938740 0.028104110 0.009275218
v -0.060987346 0.028104110 0.009329351
v -0.059970646 0.028104110 0.009385099
v -0.058889727 0.028104110 0.009442042
v -0.057745748 0.028104110 0.009499757
v -0.056539934 0.028104110 0.009557829
v -0.055273575 0.028104110 0.009615849
v -0.053948027 0.028104110 0.009673422
v -0.052564711 0.028104110 0.009730170
v -0.051125107 0.028104110 0.009785734
v -0.049630757 0.028104110 0.009839782
v -0.048083261 0.028104110 0.009898593
v -0.046484277 0.028104110 0.009984060
v -0.044835515 0.028104110 0.010083120
v -0.043138743 0.028104110 0.010175556
v -0.041395777 0.028104110 0.010166489
v -0.039608483 0.028104110 0.010147277
v -0.037778776 0.028104110 0.010183952
v -0.035908614 0.028104110 0.010217602
v -0.034000000 0.028104110 0.009428204
v -0.032054978 0.028104110 0.009455768
v -0.030075631 0.028104110 0.009480342
v -0.028064078 0.028104110 0.009502004
v -0.026022473 0.028104110 0.009520866
v -0.023953003 0.028104110 0.009537064
v -0.021857884 0.028104110 0.009550763
v -0.019739358 0.028104110 0.009562145
v -0.017599695 0.028104110 0.009571414
v -0.015441186 0.028104110 0.009578783
v -0.013266142 0.028104110 0.009584479
v -0.011076892 0.028104110 0.009588727
v -0.008875781 0.028104110 0.009591757
v -0.006665166 0.028104110 0.009593788
v -0.004447413 0.028104110 0.009595028
v -0.002224898 0.028104110 0.009595664
v 0.000000000 0.028104110 0.009595851
v 0.002224898 0.028104110 0.009595664
v 0.004447413 0.028104110 0.009595028
v 0.006665166 0.028104110 0.009593788
v 0.008875781 0.028104110 0.009591757
v 0.011076892 0.028104110 0.009588727
v 0.013266142 0.028104110 0.009584479
v 0.015441186 0.028104110 0.009578783
v 0.017599695 0.028104110 0.009571414
v 0.019739358 0.028104110 0.009562145
v 0.021857884 0.028104110 0.009550763
v 0.023953003 0.028104110 0.009537064
v 0.026022473 0.028104110 0.009520866
v 0.028064078 0.028104110 0.009502004
v 0.030075631 0.028104110 0.009480342
v 0.032054978 0.028104110 0.009455768
v 0.034000000 0.028104110 0.009428204
v 0.035908614 0.028104110 0.010217602
v 0.037778776 0.028104110 0.010183952
v 0.039608483 0.028104110 0.010147277
v 0.041395777 0.028104110 0.010166489
v 0.043138743 0.028104110 0.010175556
v 0.044835515 0.028104110 0.010083120
v 0.046484277 0.028104110 0.009984060
v 0.048083261 0.028104110 0.009898593
v 0.049630757 0.028104110 0.009839782
v 0.051125107 0.028104110 0.009785734
v 0.052564711 0.028104110 0.009730170
v 0.053948027 0.028104110 0.009673422
v 0.055273575 0.028104110 0.009615849
v 0.056539934 0.028104110 0.009557829
v 0.057745748 0.028104110 0.009499757
v 0.058889727 0.028104110 0.009442042
v 0.059970646 0.028104110 0.009385099
v 0.060987346 0.028104110 0.009329351
v 0.061938740 0.028104110 0.009275218
v 0.062823808 0.028104110 0.009223115
v 0.063641603 0.028104110 0.009173451
v 0.064391249 0.028104110 0.009126619
v 0.065071943 0.028104110 0.009082994
v 0.065682956 0.028104110 0.009042930
v 0.066223635 0.028104110 0.009006754
v 0.066693399 0.028104110 0.008974767
v 0.067091747 0.028104110 0.008947232
v 0.067418251 0.028104110 0.008924380
v 0.067672561 0.028104110 0.008906404
v 0.067854407 0.028104110 0.008893454
v 0.067963592 0.028104110 0.008885640
v 0.068000000 0.028104110 0.008883028
v -0.068000000 0.029091781 0.008885839
v -0.067963592 0.029091781 0.008888453
v -0.067854407 0.029091781 0.008896275
v -0.067672561 0.029091781 0.008909237
v -0.067418251 0.029091781 0.008927231
v -0.067091747 0.029091781 0.008950104
v -0.066693399 0.029091781 0.008977666
v -0.066223635 0.029091781 0.009009685
v -0.065682956 0.029091781 0.009045896
v -0.065071943 0.029091781 0.009086000
v -0.064391249 0.029091781 0.009129669
v -0.063641603 0.029091781 0.009176550
v -0.062823808 0.029091781 0.009226266
v -0.061938740 0.029091781 0.009278423
v -0.060987346 0.029091781 0.009332615
v -0.059970646 0.029091781 0.009388425
v -0.058889727 0.029091781 0.009445432
v -0.057745748 0.029091781 0.009503214
v -0.056539934 0.029091781 0.009561355
v -0.055273575 0.029091781 0.009619446
v -0.053948027 0.029091781 0.009677092
v -0.052564711 0.029091781 0.009733913
v -0.051125107 0.029091781 0.009789552
v -0.049630757 0.029091781 0.009843675
v -0.048083261 0.029091781 0.009902562
v -0.046484277 0.029091781 0.009988105
v -0.044835515 0.029091781 0.010087241
v -0.043138743 0.029091781 0.010179751
v -0.041395777 0.029091781 0.010170758
v -0.039608483 0.029091781 0.010151618
v -0.037778776 0.029091781 0.010188364
v -0.035908614 0.029091781 0.010222084
v -0.034000000 0.029091781 0.009444904
v -0.032054978 0.029091781 0.009460381
v -0.030075631 0.029091781 0.009485016
v -0.028064078 0.029091781 0.009506737
v -0.026022473 0.029091781 0.009525654
v -0.023953003 0.029091781 0.009541904
v -0.021857884 0.029091781 0.009555651
v -0.019739358 0.029091781 0.009567078
v -0.017599695 0.029091781 0.009576386
v -0.015441186 0.029091781 0.009583792
v -0.013266142 0.029091781 0.009589518
v -0.011076892 0.029091781 0.009593793
v -0.008875781 0.029091781 0.009596845
v -0.006665166 0.029091781 0.009598893
v -0.004447413 0.029091781 0.009600146
v -0.002224898 0.029091781 0.009600789
v 0.000000000 0.029091781 0.009600978
v 0.002224898 0.029091781 0.009600789
v 0.004447413 0.029091781 0.009600146
v 0.006665166 0.029091781 0.009598893
v 0.008875781 0.029091781 0.009596845
v 0.011076892 0.029091781 0.009593793
v 0.013266142 0.029091781 0.009589518
v 0.015441186 0.029091781 0.009583792
v 0.017599695 0.029091781 0.009576386
v 0.019739358 0.029091781 0.009567078
v 0.021857884 0.029091781 0.009555651
v 0.023953003 0.029091781 0.009541904
v 0.026022473 0.029091781 0.009525654
v 0.028064078 0.029091781 0.009506737
v 0.030075631 0.029091781 0.009485016
v 0.032054978 0.029091781 0.009460381
v 0.034000000 0.029091781 0.009444904
v 0.035908614 0.029091781 0.010222084
v 0.037778776 0.029091781 0.010188364
v 0.039608483 0.029091781 0.010151618
v 0.041395777 0.029091781 0.010170758
v 0.043138743 0.029091781 0.010179751
v 0.044835515 0.029091781 0.010087241
v 0.046484277 0.029091781 0.009988105
v 0.048083261 0.029091781 0.009902562
v 0.049630757 0.029091781 0.009843675
v 0.051125107 0.029091781 0.009789552
v 0.052564711 0.029091781 0.009733913
v 0.053948027 0.029091781 0.009677092
v 0.055273575 0.029091781 0.009619446
v 0.056539934 0.029091781 0.009561355
v 0.057745748 0.029091781 0.009503214
v 0.058889727 0.029091781 0.009445432
v 0.059970646 0.029091781 0.009388425
v 0.060987346 0.029091781 0.009332615
v 0.061938740 0.029091781 0.009278423
v 0.062823808 0.029091781 0.009226266
v 0.063641603 0.029091781 0.009176550
v 0.064391249 0.029091781 0.009129669
v 0.065071943 0.029091781 0.009086000
v 0.065682956 0.029091781 0.009045896
v 0.066223635 0.029091781 0.009009685
v 0.066693399 0.029091781 0.008977666
v 0.067091747 0.029091781 0.008950104
v 0.067418251 0.029091781 0.008927231
v 0.067672561 0.029091781 0.008909237
v 0.067854407 0.029091781 0.008896275
v 0.067963592 0.029091781 0.008888453
v 0.068000000 0.029091781 0.008885839
v -0.068000000 0.030079452 0.008888350
v -0.067963592 0.030079452 0.008890967
v -0.067854407 0.030079452 0.008898796
v -0.067672561 0.030079452 0.008911769
v -0.067418251 0.030079452 0.008929779
v -0.067091747 0.030079452 0.008952673
v -0.066693399 0.030079452 0.008980259
v -0.066223635 0.030079452 0.009012307
v -0.065682956 0.030079452 0.009048551
v -0.065071943 0.030079452 0.009088693
v -0.064391249 0.030079452 0.009132403
v -0.063641603 0.030079452 0.009179328
v -0.062823808 0.030079452 0.009229092
v -0.061938740 0.030079452 0.009281301
v -0.060987346 0.030079452 0.009335547
v -0.059970646 0.030079452 0.009391414
v -0.058889727 0.030079452 0.009448480
v -0.057745748 0.030079452 0.009506325
v -0.056539934 0.030079452 0.009564530
v -0.055273575 0.030079452 0.009622687
v -0.053948027 0.030079452 0.009680400
v -0.052564711 0.030079452 0.009737289
v -0.051125107 0.030079452 0.009792998
v -0.049630757 0.030079452 0.009847191
v -0.048083261 0.030079452 0.009906148
v -0.046484277 0.030079452 0.009991761
v -0.044835515 0.030079452 0.010090967
v -0.043138743 0.030079452 0.010183547
v -0.041395777 0.030079452 0.010174622
v -0.039608483 0.030079452 0.010155550
v -0.037778776 0.030079452 0.010192361
v -0.035908614 0.030079452 0.010226145
v -0.034000000 0.030079452 0.009796942
v -0.032054978 0.030079452 0.009466755
v -0.030075631 0.030079452 0.009491448
v -0.028064078 0.030079452 0.009513223
v -0.026022473 0.030079452 0.009532192
v -0.023953003 0.030079452 0.009548490
v -0.021857884 0.030079452 0.009562281
v -0.019739358 0.030079452 0.009573749
v -0.017599695 0.030079452 0.009583094
v -0.015441186 0.030079452 0.009590533
v -0.013266142 0.030079452 0.009596288
v -0.011076892 0.030079452 0.009600588
v -0.008875781 0.030079452 0.009603660
v -0.006665166 0.030079452 0.009605725
v -0.004447413 0.030079452 0.009606989
v -0.002224898 0.030079452 0.009607639
v 0.000000000 0.030079452 0.009607830
v 0.002224898 0.030079452 0.009607639
v 0.004447413 0.030079452 0.009606989
v 0.006665166 0.030079452 0.009605725
v 0.008875781 0.030079452 0.009603660
v 0.011076892 0.030079452 0.009600588
v 0.013266142 0.030079452 0.009596288
v 0.015441186 0.030079452 0.009590533
v 0.017599695 0.030079452 0.009583094
v 0.019739358 0.030079452 0.009573749
v 0.021857884 0.030079452 0.009562281
v 0.023953003 0.030079452 0.009548490
v 0.026022473 0.030079452 0.009532192
v 0.028064078 0.030079452 0.009513223
v 0.030075631 0.030079452 0.009491448
v 0.032054978 0.030079452 0.009466755
v 0.034000000 0.030079452 0.009796942
v 0.035908614 0.030079452 0.010226145
v 0.037778776 0.030079452 0.010192361
v 0.039608483 0.030079452 0.010155550
v 0.041395777 0.030079452 0.010174622
v 0.043138743 0.030079452 0.010183547
v 0.044835515 0.030079452 0.010090967
v 0.046484277 0.030079452 0.009991761
v 0.048083261 0.030079452 0.009906148
v 0.049630757 0.030079452 0.009847191
v 0.051125107 0.030079452 0.009792998
v 0.052564711 0.030079452 0.009737289
v 0.053948027 0.030079452 0.009680400
v 0.055273575 0.030079452 0.009622687
v 0.056539934 0.030079452 0.009564530
v 0.057745748 0.030079452 0.009506325
v 0.058889727 0.030079452 0.009448480
v 0.059970646 0.030079452 0.009391414
v 0.060987346 0.030079452 0.009335547
v 0.061938740 0.030079452 0.009281301
v 0.062823808 0.030079452 0.009229092
v 0.063641603 0.030079452 0.009179328
v 0.064391249 0.030079452 0.009132403
v 0.065071943 0.030079452 0.009088693
v 0.065682956 0.030079452 0.009048551
v 0.066223635 0.030079452 0.009012307
v 0.066693399 0.030079452 0.008980259
v 0.067091747 0.030079452 0.008952673
v 0.067418251 0.030079452 0.008929779
v 0.067672561 0.030079452 0.008911769
v 0.067854407 0.030079452 0.008898796
v 0.067963592 0.030079452 0.008890967
v 0.068000000 0.030079452 0.008888350
v -0.068000000 0.031067123 0.008890574
v -0.067963592 0.031067123 0.008893193
v -0.067854407 0.031067123 0.008901027
v -0.067672561 0.031067123 0.008914012
v -0.067418251 0.031067123 0.008932036
v -0.067091747 0.031067123 0.008869648
v -0.066693399 0.031067123 0.008626828
v -0.066223635 0.031067123 0.008608130
v -0.065682956 0.031067123 0.008644404
v -0.065071943 0.031067123 0.008684580
v -0.064391249 0.031067123 0.008728328
v -0.063641603 0.031067123 0.008775294
v -0.062823808 0.031067123 0.008825102
v -0.061938740 0.031067123 0.008877358
v -0.060987346 0.031067123 0.008931655
v -0.059970646 0.031067123 0.008987575
v -0.058889727 0.031067123 0.009044696
v -0.057745748 0.031067123 0.009102598
v -0.056539934 0.031067123 0.009160862
v -0.055273575 0.031067123 0.009219079
v -0.053948027 0.031067123 0.009276854
v -0.052564711 0.031067123 0.009333807
v -0.051125107 0.031067123 0.009389580
v -0.049630757 0.031067123 0.009443837
v -0.048083261 0.031067123 0.009502859
v -0.046484277 0.031067123 0.009588536
v -0.044835515 0.031067123 0.009687807
v -0.043138743 0.031067123 0.009780451
v -0.041395777 0.031067123 0.010178092
v -0.039608483 0.031067123 0.010159082
v -0.037778776 0.031067123 0.010195954
v -0.035908614 0.031067123 0.010229797
v -0.034000000 0.031067123 0.010253734
v -0.032054978 0.031067123 0.010037365
v -0.030075631 0.031067123 0.010062110
v -0.028064078 0.031067123 0.010083935
v -0.026022473 0.031067123 0.010102951
v -0.023953003 0.031067123 0.010119293
v -0.021857884 0.031067123 0.010133126
v -0.019739358 0.031067123 0.010144631
v -0.017599695 0.031067123 0.010154011
v -0.015441186 0.031067123 0.010161480
v -0.013266142 0.031067123 0.010167262
v -0.011076892 0.031067123 0.010171585
v -0.008875781 0.031067123 0.010174676
v -0.006665166 0.031067123 0.010176755
v -0.004447413 0.031067123 0.010178030
v -0.002224898 0.031067123 0.010178686
v 0.000000000 0.031067123 0.010178880
v 0.002224898 0.031067123 0.010178686
v 0.004447413 0.031067123 0.010178030
v 0.006665166 0.031067123 0.010176755
v 0.008875781 0.031067123 0.010174676
v 0.011076892 0.031067123 0.010171585
v 0.013266142 0.031067123 0.010167262
v 0.015441186 0.031067123 0.010161480
v 0.017599695 0.031067123 0.010154011
v 0.019739358 0.031067123 0.010144631
v 0.021857884 0.031067123 0.010133126
v 0.023953003 0.031067123 0.010119293
v 0.026022473 0.031067123 0.010102951
v 0.028064078 0.031067123 0.010083935
v 0.030075631 0.031067123 0.010062110
v 0.032054978 0.031067123 0.010037365
v 0.034000000 0.031067123 0.010253734
v 0.035908614 0.031067123 0.010229797
v 0.037778776 0.031067123 0.010195954
v 0.039608483 0.031067123 0.010159082
v 0.041395777 0.031067123 0.010178092
v 0.043138743 0.031067123 0.009780451
v 0.044835515 0.031067123 0.009687807
v 0.046484277 0.031067123 0.009588536
v 0.048083261 0.031067123 0.009502859
v 0.049630757 0.031067123 0.009443837
v 0.051125107 0.031067123 0.009389580
v 0.052564711 0.031067123 0.009333807
v 0.053948027 0.031067123 0.009276854
v 0.055273575 0.031067123 0.009219079
v 0.056539934 0.031067123 0.009160862
v 0.057745748 0.031067123 0.009102598
v 0.058889727 0.031067123 0.009044696
v 0.059970646 0.031067123 0.008987575
v 0.060987346 0.031067123 0.008931655
v 0.061938740 0.031067123 0.008877358
v 0.062823808 0.031067123 0.008825102
v 0.063641603 0.031067123 0.008775294
v 0.064391249 0.031067123 0.008728328
v 0.065071943 0.031067123 0.008684580
v 0.065682956 0.031067123 0.008644404
v 0.066223635 0.031067123 0.008608130
v 0.066693399 0.031067123 0.008626828
v 0.067091747 0.031067123 0.008869648
v 0.067418251 0.031067123 0.008932036
v 0.067672561 0.031067123 0.008914012
v 0.067854407 0.031067123 0.008901027
v 0.067963592 0.031067123 0.008893193
v 0.068000000 0.031067123 0.008890574
v -0.068000000 0.032054795 0.008892521
v -0.067963592 0.032054795 0.008895142
v -0.067854407 0.032054795 0.008902982
v -0.067672561 0.032054795 0.008915976
v -0.067418251 0.032054795 0.008934014
v -0.067091747 0.032054795 0.008914818
v -0.066693399 0.032054795 0.008725187
v -0.066223635 0.032054795 0.008710920
v -0.065682956 0.032054795 0.008747222
v -0.065071943 0.032054795 0.008787429
v -0.064391249 0.032054795 0.008831212
v -0.063641603 0.032054795 0.008878215
v -0.062823808 0.032054795 0.008928064
v -0.061938740 0.032054795 0.008980364
v -0.060987346 0.032054795 0.009034706
v -0.059970646 0.032054795 0.009090674
v -0.058889727 0.032054795 0.009147846
v -0.057745748 0.032054795 0.009205800
v -0.056539934 0.032054795 0.009264118
v -0.055273575 0.032054795 0.009322391
v -0.053948027 0.032054795 0.009380223
v -0.052564711 0.032054795 0.009437233
v -0.051125107 0.032054795 0.009493064
v -0.049630757 0.032054795 0.009547381
v -0.048083261 0.032054795 0.009606462
v -0.046484277 0.032054795 0.009692199
v -0.044835515 0.032054795 0.009791529
v -0.043138743 0.032054795 0.009884231
v -0.041395777 0.032054795 0.010181181
v -0.039608483 0.032054795 0.010162227
v -0.037778776 0.032054795 0.010199155
v -0.035908614 0.032054795 0.010233051
v -0.034000000 0.032054795 0.010263891
v -0.032054978 0.032054795 0.010291685
v -0.030075631 0.032054795 0.010316479
v -0.028064078 0.032054795 0.010338350
v -0.026022473 0.032054795 0.010357409
v -0.023953003 0.032054795 0.010373792
v -0.021857884 0.032054795 0.010387662
v -0.019739358 0.032054795 0.010399202
v -0.017599695 0.032054795 0.010408613
v -0.015441186 0.032054795 0.010416110
v -0.013266142 0.032054795 0.010421917
v -0.011076892 0.032054795 0.010426261
v -0.008875781 0.032054795 0.010429369
v -0.006665166 0.032054795 0.010431461
v -0.004447413 0.032054795 0.010432746
v -0.002224898 0.032054795 0.010433408
v 0.000000000 0.032054795 0.010433603
v 0.002224898 0.032054795 0.010433408
v 0.004447413 0.032054795 0.010432746
v 0.006665166 0.032054795 0.010431461
v 0.008875781 0.032054795 0.010429369
v 0.011076892 0.032054795 0.010426261
v 0.013266142 0.032054795 0.010421917
v 0.015441186 0.032054795 0.010416110
v 0.017599695 0.032054795 0.010408613
v 0.019739358 0.032054795 0.010399202
v 0.021857884 0.032054795 0.010387662
v 0.023953003 0.032054795 0.010373792
v 0.026022473 0.032054795 0.010357409
v 0.028064078 0.032054795 0.010338350
v 0.030075631 0.032054795 0.010316479
v 0.032054978 0.032054795 0.010291685
v 0.034000000 0.032054795 0.010263891
v 0.035908614 0.032054795 0.010233051
v 0.037778776 0.032054795 0.010199155
v 0.039608483 0.032054795 0.010162227
v 0.041395777 0.032054795 0.010181181
v 0.043138743 0.032054795 0.009884231
v 0.044835515 0.032054795 0.009791529
v 0.046484277 0.032054795 0.009692199
v 0.048083261 0.032054795 0.009606462
v 0.049630757 0.032054795 0.009547381
v 0.051125107 0.032054795 0.009493064
v 0.052564711 0.032054795 0.009437233
v 0.053948027 0.032054795 0.009380223
v 0.055273575 0.032054795 0.009322391
v 0.056539934 0.032054795 0.009264118
v 0.057745748 0.032054795 0.009205800
v 0.058889727 0.032054795 0.009147846
v 0.059970646 0.032054795 0.009090674
v 0.060987346 0.032054795 0.009034706
v 0.061938740 0.032054795 0.008980364
v 0.062823808 0.032054795 0.008928064
v 0.063641603 0.032054795 0.008878215
v 0.064391249 0.032054795 0.008831212
v 0.065071943 0.032054795 0.008787429
v 0.065682956 0.032054795 0.008747222
v 0.066223635 0.032054795 0.008710920
v 0.066693399 0.032054795 0.008725187
v 0.067091747 0.032054795 0.008914818
v 0.067418251 0.032054795 0.008934014
v 0.067672561 0.032054795 0.008915976
v 0.067854407 0.032054795 0.008902982
v 0.067963592 0.032054795 0.008895142
v 0.068000000 0.032054795 0.008892521
v -0.068000000 0.033042466 0.008894204
v -0.067963592 0.033042466 0.008896827
v -0.067854407 0.033042466 0.008904673
v -0.067672561 0.033042466 0.008917676
v -0.067418251 0.033042466 0.008935726
v -0.067091747 0.033042466 0.008958671
v -0.066693399 0.033042466 0.008986320
v -0.066223635 0.033042466 0.009018442
v -0.065682956 0.033042466 0.009054770
v -0.065071943 0.033042466 0.009095005
v -0.064391249 0.033042466 0.009138819
v -0.063641603 0.033042466 0.009185857
v -0.062823808 0.033042466 0.009235742
v -0.061938740 0.033042466 0.009288081
v -0.060987346 0.033042466 0.009342465
v -0.059970646 0.033042466 0.009398477
v -0.058889727 0.033042466 0.009455694
v -0.057745748 0.033042466 0.009513696
v -0.056539934 0.033042466 0.009572063
v -0.055273575 0.033042466 0.009630386
v -0.053948027 0.033042466 0.009688270
v -0.052564711 0.033042466 0.009745333
v -0.051125107 0.033042466 0.009801217
v -0.049630757 0.033042466 0.009855587
v -0.048083261 0.033042466 0.009914722
v -0.046484277 0.033042466 0.010000513
v -0.044835515 0.033042466 0.010099896
v -0.043138743 0.033042466 0.010192651
v -0.041395777 0.033042466 0.010183900
v -0.039608483 0.033042466 0.010164998
v -0.037778776 0.033042466 0.010201976
v -0.035908614 0.033042466 0.010235922
v -0.034000000 0.033042466 0.010266809
v -0.032054978 0.033042466 0.010294649
v -0.030075631 0.033042466 0.010319486
v -0.028064078 0.033042466 0.010341399
v -0.026022473 0.033042466 0.010360497
v -0.023953003 0.033042466 0.010376917
v -0.021857884 0.033042466 0.010390821
v -0.019739358 0.033042466 0.010402392
v -0.017599695 0.033042466 0.010411832
v -0.015441186 0.033042466 0.010419354
v -0.013266142 0.033042466 0.010425183
v -0.011076892 0.033042466 0.010429546
v -0.008875781 0.033042466 0.010432670
v -0.006665166 0.033042466 0.010434775
v -0.004447413 0.033042466 0.010436068
v -0.002224898 0.033042466 0.010436736
v 0.000000000 0.033042466 0.010436932
v 0.002224898 0.033042466 0.010436736
v 0.004447413 0.033042466 0.010436068
v 0.006665166 0.033042466 0.010434775
v 0.008875781 0.033042466 0.010432670
v 0.011076892 0.033042466 0.010429546
v 0.013266142 0.033042466 0.010425183
v 0.015441186 0.033042466 0.010419354
v 0.017599695 0.033042466 0.010411832
v 0.019739358 0.033042466 0.010402392
v 0.021857884 0.033042466 0.010390821
v 0.023953003 0.033042466 0.010376917
v 0.026022473 0.033042466 0.010360497
v 0.028064078 0.033042466 0.010341399
v 0.030075631 0.033042466 0.010319486
v 0.032054978 0.033042466 0.010294649
v 0.034000000 0.033042466 0.010266809
v 0.035908614 0.033042466 0.010235922
v 0.037778776 0.033042466 0.010201976
v 0.039608483 0.033042466 0.010164998
v 0.041395777 0.033042466 0.010183900
v 0.043138743 0.033042466 0.010192651
v 0.044835515 0.033042466 0.010099896
v 0.046484277 0.033042466 0.010000513
v 0.048083261 0.033042466 0.009914722
v 0.049630757 0.033042466 0.009855587
v 0.051125107 0.033042466 0.009801217
v 0.052564711 0.033042466 0.009745333
v 0.053948027 0.033042466 0.009688270
v 0.055273575 0.033042466 0.009630386
v 0.056539934 0.033042466 0.009572063
v 0.057745748 0.033042466 0.009513696
v 0.058889727 0.033042466 0.009455694
v 0.059970646 0.033042466 0.009398477
v 0.060987346 0.033042466 0.009342465
v 0.061938740 0.033042466 0.009288081
v 0.062823808 0.033042466 0.009235742
v 0.063641603 0.033042466 0.009185857
v 0.064391249 0.033042466 0.009138819
v 0.065071943 0.033042466 0.009095005
v 0.065682956 0.033042466 0.009054770
v 0.066223635 0.033042466 0.009018442
v 0.066693399 0.033042466 0.008986320
v 0.067091747 0.033042466 0.008958671
v 0.067418251 0.033042466 0.008935726
v 0.067672561 0.033042466 0.008917676
v 0.067854407 0.033042466 0.008904673
v 0.067963592 0.033042466 0.008896827
v 0.068000000 0.033042466 0.008894204
v -0.068000000 0.034030137 0.008895637
v -0.067963592 0.034030137 0.008898261
v -0.067854407 0.034030137 0.008906112
v -0.067672561 0.034030137 0.008919123
v -0.067418251 0.034030137 0.008937184
v -0.067091747 0.034030137 0.008960143
v -0.066693399 0.034030137 0.008987809
v -0.066223635 0.034030137 0.009019951
v -0.065682956 0.034030137 0.009056302
v -0.065071943 0.034030137 0.009096562
v -0.064391249 0.034030137 0.009140404
v -0.063641603 0.034030137 0.009187473
v -0.062823808 0.034030137 0.009237392
v -0.061938740 0.034030137 0.009289766
v -0.060987346 0.034030137 0.009344187
v -0.059970646 0.034030137 0.009400238
v -0.058889727 0.034030137 0.009457497
v -0.057745748 0.034030137 0.009515541
v -0.056539934 0.034030137 0.009573952
v -0.055273575 0.034030137 0.009632321
v -0.053948027 0.034030137 0.009690250
v -0.052564711 0.034030137 0.009747361
v -0.051125107 0.034030137 0.009803292
v -0.049630757 0.034030137 0.009857710
v -0.048083261 0.034030137 0.009916894
v -0.046484277 0.034030137 0.010002733
v -0.044835515 0.034030137 0.010102164
v -0.043138743 0.034030137 0.010194967
v -0.041395777 0.034030137 0.010186263
v -0.039608483 0.034030137 0.010167407
v -0.037778776 0.034030137 0.010204431
v -0.035908614 0.034030137 0.010238420
v -0.034000000 0.034030137 0.010269350
v -0.032054978 0.034030137 0.010297231
v -0.030075631 0.034030137 0.010322108
v -0.028064078 0.034030137 0.010344058
v -0.026022473 0.034030137 0.010363191
v -0.023953003 0.034030137 0.010379644
v -0.021857884 0.034030137 0.010393579
v -0.019739358 0.034030137 0.010405179
v -0.017599695 0.034030137 0.010414644
v -0.015441186 0.034030137 0.010422189
v -0.013266142 0.034030137 0.010428038
v -0.011076892 0.034030137 0.010432418
v -0.008875781 0.034030137 0.010435556
v -0.006665166 0.034030137 0.010437671
v -0.004447413 0.034030137 0.010438972
v -0.002224898 0.034030137 0.010439645
v 0.000000000 0.034030137 0.010439843
v 0.002224898 0.034030137 0.010439645
v 0.004447413 0.034030137 0.010438972
v 0.006665166 0.034030137 0.010437671
v 0.008875781 0.034030137 0.010435556
v 0.011076892 0.034030137 0.010432418
v 0.013266142 0.034030137 0.010428038
v 0.015441186 0.034030137 0.010422189
v 0.017599695 0.034030137 0.010414644
v 0.019739358 0.034030137 0.010405179
v 0.021857884 0.034030137 0.010393579
v 0.023953003 0.034030137 0.010379644
v 0.026022473 0.034030137 0.010363191
v 0.028064078 0.034030137 0.010344058
v 0.030075631 0.034030137 0.010322108
v 0.032054978 0.034030137 0.010297231
v 0.034000000 0.034030137 0.010269350
v 0.035908614 0.034030137 0.010238420
v 0.037778776 0.034030137 0.010204431
v 0.039608483 0.034030137 0.010167407
v 0.041395777 0.034030137 0.010186263
v 0.043138743 0.034030137 0.010194967
v 0.044835515 0.034030137 0.010102164
v 0.046484277 0.034030137 0.010002733
v 0.048083261 0.034030137 0.009916894
v 0.049630757 0.034030137 0.009857710
v 0.051125107 0.034030137 0.009803292
v 0.052564711 0.034030137 0.009747361
v 0.053948027 0.034030137 0.009690250
v 0.055273575 0.034030137 0.009632321
v 0.056539934 0.034030137 0.009573952
v 0.057745748 0.034030137 0.009515541
v 0.058889727 0.034030137 0.009457497
v 0.059970646 0.034030137 0.009400238
v 0.060987346 0.034030137 0.009344187
v 0.061938740 0.034030137 0.009289766
v 0.062823808 0.034030137 0.009237392
v 0.063641603 0.034030137 0.009187473
v 0.064391249 0.034030137 0.009140404
v 0.065071943 0.034030137 0.009096562
v 0.065682956 0.034030137 0.009056302
v 0.066223635 0.034030137 0.009019951
v 0.066693399 0.034030137 0.008987809
v 0.067091747 0.034030137 0.008960143
v 0.067418251 0.034030137 0.008937184
v 0.067672561 0.034030137 0.008919123
v 0.067854407 0.034030137 0.008906112
v 0.067963592 0.034030137 0.008898261
v 0.068000000 0.034030137 0.008895637
v -0.068000000 0.035017808 0.008896833
v -0.067963592 0.035017808 0.008899459
v -0.067854407 0.035017808 0.008907314
v -0.067672561 0.035017808 0.008920331
v -0.067418251 0.035017808 0.008938402
v -0.067091747 0.035017808 0.008961374
v -0.066693399 0.035017808 0.008989055
v -0.066223635 0.035017808 0.009021215
v -0.065682956 0.035017808 0.009057585
v -0.065071943 0.035017808 0.009097869
v -0.064391249 0.035017808 0.009141736
v -0.063641603 0.035017808 0.009188832
v -0.062823808 0.035017808 0.009238780
v -0.061938740 0.035017808 0.009291185
v -0.060987346 0.035017808 0.009345640
v -0.059970646 0.035017808 0.009401725
v -0.058889727 0.035017808 0.009459021
v -0.057745748 0.035017808 0.009517102
v -0.056539934 0.035017808 0.009575553
v -0.055273575 0.035017808 0.009633961
v -0.053948027 0.035017808 0.009691932
v -0.052564711 0.035017808 0.009749084
v -0.051125107 0.035017808 0.009805058
v -0.049630757 0.035017808 0.009859519
v -0.048083261 0.035017808 0.009918745
v -0.046484277 0.035017808 0.010004627
v -0.044835515 0.035017808 0.010104101
v -0.043138743 0.035017808 0.010196946
v -0.041395777 0.035017808 0.010188284
v -0.039608483 0.035017808 0.010169469
v -0.037778776 0.035017808 0.010206533
v -0.035908614 0.035017808 0.010240561
v -0.034000000 0.035017808 0.010271529
v -0.032054978 0.035017808 0.010299446
v -0.030075631 0.035017808 0.010324358
v -0.028064078 0.035017808 0.010346341
v -0.026022473 0.035017808 0.010365506
v -0.023953003 0.035017808 0.010381988
v -0.021857884 0.035017808 0.010395950
v -0.019739358 0.035017808 0.010407575
v -0.017599695 0.035017808 0.010417062
v -0.015441186 0.035017808 0.010424628
v -0.013266142 0.035017808 0.010430494
v -0.011076892 0.035017808 0.010434889
v -0.008875781 0.035017808 0.010438040
v -0.006665166 0.035017808 0.010440165
v -0.004447413 0.035017808 0.010441473
v -0.002224898 0.035017808 0.010442150
v 0.000000000 0.035017808 0.010442350
v 0.002224898 0.035017808 0.010442150
v 0.004447413 0.035017808 0.010441473
v 0.006665166 0.035017808 0.010440165
v 0.008875781 0.035017808 0.010438040
v 0.011076892 0.035017808 0.010434889
v 0.013266142 0.035017808 0.010430494
v 0.015441186 0.035017808 0.010424628
v 0.017599695 0.035017808 0.010417062
v 0.019739358 0.035017808 0.010407575
v 0.021857884 0.035017808 0.010395950
v 0.023953003 0.035017808 0.010381988
v 0.026022473 0.035017808 0.010365506
v 0.028064078 0.035017808 0.010346341
v 0.030075631 0.035017808 0.010324358
v 0.032054978 0.035017808 0.010299446
v 0.034000000 0.035017808 0.010271529
v 0.035908614 0.035017808 0.010240561
v 0.037778776 0.035017808 0.010206533
v 0.039608483 0.035017808 0.010169469
v 0.041395777 0.035017808 0.010188284
v 0.043138743 0.035017808 0.010196946
v 0.044835515 0.035017808 0.010104101
v 0.046484277 0.035017808 0.010004627
v 0.048083261 0.035017808 0.009918745
v 0.049630757 0.035017808 0.009859519
v 0.051125107 0.035017808 0.009805058
v 0.052564711 0.035017808 0.009749084
v 0.053948027 0.035017808 0.009691932
v 0.055273575 0.035017808 0.009633961
v 0.056539934 0.035017808 0.009575553
v 0.057745748 0.035017808 0.009517102
v 0.058889727 0.035017808 0.009459021
v 0.059970646 0.035017808 0.009401725
v 0.060987346 0.035017808 0.009345640
v 0.061938740 0.035017808 0.009291185
v 0.062823808 0.035017808 0.009238780
v 0.063641603 0.035017808 0.009188832
v 0.064391249 0.035017808 0.009141736
v 0.065071943 0.035017808 0.009097869
v 0.065682956 0.035017808 0.009057585
v 0.066223635 0.035017808 0.009021215
v 0.066693399 0.035017808 0.008989055
v 0.067091747 0.035017808 0.008961374
v 0.067418251 0.035017808 0.008938402
v 0.067672561 0.035017808 0.008920331
v 0.067854407 0.035017808 0.008907314
v 0.067963592 0.035017808 0.008899459
v 0.068000000 0.035017808 0.008896833
v -0.068000000 0.036005479 0.008897807
v -0.067963592 0.036005479 0.008900434
v -0.067854407 0.036005479 0.008908293
v -0.067672561 0.036005479 0.008921317
v -0.067418251 0.036005479 0.008939396
v -0.067091747 0.036005479 0.008962379
v -0.066693399 0.036005479 0.008990073
v -0.066223635 0.036005479 0.009022248
v -0.065682956 0.036005479 0.009058636
v -0.065071943 0.036005479 0.009098939
v -0.064391249 0.036005479 0.009142828
v -0.063641603 0.036005479 0.009189948
v -0.062823808 0.036005479 0.009239921
v -0.061938740 0.036005479 0.009292354
v -0.060987346 0.036005479 0.009346837
v -0.059970646 0.036005479 0.009402954
v -0.058889727 0.036005479 0.009460280
v -0.057745748 0.036005479 0.009518395
v -0.056539934 0.036005479 0.009576879
v -0.055273575 0.036005479 0.009635323
v -0.053948027 0.036005479 0.009693329
v -0.052564711 0.036005479 0.009750518
v -0.051125107 0.036005479 0.009806529
v -0.049630757 0.036005479 0.009861027
v -0.048083261 0.036005479 0.009920291
v -0.046484277 0.036005479 0.010006210
v -0.044835515 0.036005479 0.010105721
v -0.043138743 0.036005479 0.010198603
v -0.041395777 0.036005479 0.010189977
v -0.039608483 0.036005479 0.010171198
v -0.037778776 0.036005479 0.010208297
v -0.035908614 0.036005479 0.010242359
v -0.034000000 0.036005479 0.010273360
v -0.032054978 0.036005479 0.010301309
v -0.030075631 0.036005479 0.010326251
v -0.028064078 0.036005479 0.010348263
v -0.026022473 0.036005479 0.010367455
v -0.023953003 0.036005479 0.010383963
v -0.021857884 0.036005479 0.010397949
v -0.019739358 0.036005479 0.010409595
v -0.017599695 0.036005479 0.010419103
v -0.015441186 0.036005479 0.010426686
v -0.013266142 0.036005479 0.010432568
v -0.011076892 0.036005479 0.010436976
v -0.008875781 0.036005479 0.010440137
v -0.006665166 0.036005479 0.010442271
v -0.004447413 0.036005479 0.010443585
v -0.002224898 0.036005479 0.010444265
v 0.000000000 0.036005479 0.010444466
v 0.002224898 0.036005479 0.010444265
v 0.004447413 0.036005479 0.010443585
v 0.006665166 0.036005479 0.010442271
v 0.008875781 0.036005479 0.010440137
v 0.011076892 0.036005479 0.010436976
v 0.013266142 0.036005479 0.010432568
v 0.015441186 0.036005479 0.010426686
v 0.017599695 0.036005479 0.010419103
v 0.019739358 0.036005479 0.010409595
v 0.021857884 0.036005479 0.010397949
v 0.023953003 0.036005479 0.010383963
v 0.026022473 0.036005479 0.010367455
v 0.028064078 0.036005479 0.010348263
v 0.030075631 0.036005479 0.010326251
v 0.032054978 0.036005479 0.010301309
v 0.034000000 0.036005479 0.010273360
v 0.035908614 0.036005479 0.010242359
v 0.037778776 0.036005479 0.010208297
v 0.039608483 0.036005479 0.010171198
v 0.041395777 0.036005479 0.010189977
v 0.043138743 0.036005479 0.010198603
v 0.044835515 0.036005479 0.010105721
v 0.046484277 0.036005479 0.010006210
v 0.048083261 0.036005479 0.009920291
v 0.049630757 0.036005479 0.009861027
v 0.051125107 0.036005479 0.009806529
v 0.052564711 0.036005479 0.009750518
v 0.053948027 0.036005479 0.009693329
v 0.055273575 0.036005479 0.009635323
v 0.056539934 0.036005479 0.009576879
v 0.057745748 0.036005479 0.009518395
v 0.058889727 0.036005479 0.009460280
v 0.059970646 0.036005479 0.009402954
v 0.060987346 0.036005479 0.009346837
v 0.061938740 0.036005479 0.009292354
v 0.062823808 0.036005479 0.009239921
v 0.063641603 0.036005479 0.009189948
v 0.064391249 0.036005479 0.009142828
v 0.065071943 0.036005479 0.009098939
v 0.065682956 0.036005479 0.009058636
v 0.066223635 0.036005479 0.009022248
v 0.066693399 0.036005479 0.008990073
v 0.067091747 0.036005479 0.008962379
v 0.067418251 0.036005479 0.008939396
v 0.067672561 0.036005479 0.008921317
v 0.067854407 0.036005479 0.008908293
v 0.067963592 0.036005479 0.008900434
v 0.068000000 0.036005479 0.008897807
v -0.068000000 0.036993151 0.008898575
v -0.067963592 0.036993151 0.008901203
v -0.067854407 0.036993151 0.008909065
v -0.067672561 0.036993151 0.008922094
v -0.067418251 0.036993151 0.008940180
v -0.067091747 0.036993151 0.008963173
v -0.066693399 0.036993151 0.008990878
v -0.066223635 0.036993151 0.009023066
v -0.065682956 0.036993151 0.009059469
v -0.065071943 0.036993151 0.009099789
v -0.064391249 0.036993151 0.009143697
v -0.063641603 0.036993151 0.009190837
v -0.062823808 0.036993151 0.009240832
v -0.061938740 0.036993151 0.009293288
v -0.060987346 0.036993151 0.009347796
v -0.059970646 0.036993151 0.009403938
v -0.058889727 0.036993151 0.009461292
v -0.057745748 0.036993151 0.009519435
v -0.056539934 0.036993151 0.009577948
v -0.055273575 0.036993151 0.009636422
v -0.053948027 0.036993151 0.009694459
v -0.052564711 0.036993151 0.009751678
v -0.051125107 0.036993151 0.009807721
v -0.049630757 0.036993151 0.009862250
v -0.048083261 0.036993151 0.009921546
v -0.046484277 0.036993151 0.010007497
v -0.044835515 0.036993151 0.010107040
v -0.043138743 0.036993151 0.010199954
v -0.041395777 0.036993151 0.010191359
v -0.039608483 0.036993151 0.010172610
v -0.037778776 0.036993151 0.010209738
v -0.035908614 0.036993151 0.010243830
v -0.034000000 0.036993151 0.010274859
v -0.032054978 0.036993151 0.010302835
v -0.030075631 0.036993151 0.010327803
v -0.028064078 0.036993151 0.010349840
v -0.026022473 0.036993151 0.010369055
v -0.023953003 0.036993151 0.010385585
v -0.021857884 0.036993151 0.010399591
v -0.019739358 0.036993151 0.010411256
v -0.017599695 0.036993151 0.010420780
v -0.015441186 0.036993151 0.010428378
v -0.013266142 0.036993151 0.010434273
v -0.011076892 0.036993151 0.010438693
v -0.008875781 0.036993151 0.010441863
v -0.006665166 0.036993151 0.010444004
v -0.004447413 0.036993151 0.010445323
v -0.002224898 0.036993151 0.010446007
v 0.000000000 0.036993151 0.010446209
v 0.002224898 0.036993151 0.010446007
v 0.004447413 0.036993151 0.010445323
v 0.006665166 0.036993151 0.010444004
v 0.008875781 0.036993151 0.010441863
v 0.011076892 0.036993151 0.010438693
v 0.013266142 0.036993151 0.010434273
v 0.015441186 0.036993151 0.010428378
v 0.017599695 0.036993151 0.010420780
v 0.019739358 0.036993151 0.010411256
v 0.021857884 0.036993151 0.010399591
v 0.023953003 0.036993151 0.010385585
v 0.026022473 0.036993151 0.010369055
v 0.028064078 0.036993151 0.010349840
v 0.030075631 0.036993151 0.010327803
v 0.032054978 0.036993151 0.010302835
v 0.034000000 0.036993151 0.010274859
v 0.035908614 0.036993151 0.010243830
v 0.037778776 0.036993151 0.010209738
v 0.039608483 0.036993151 0.010172610
v 0.041395777 0.036993151 0.010191359
v 0.043138743 0.036993151 0.010199954
v 0.044835515 0.036993151 0.010107040
v 0.046484277 0.036993151 0.010007497
v 0.048083261 0.036993151 0.009921546
v 0.049630757 0.036993151 0.009862250
v 0.051125107 0.036993151 0.009807721
v 0.052564711 0.036993151 0.009751678
v 0.053948027 0.036993151 0.009694459
v 0.055273575 0.036993151 0.009636422
v 0.056539934 0.036993151 0.009577948
v 0.057745748 0.036993151 0.009519435
v 0.058889727 0.036993151 0.009461292
v 0.059970646 0.036993151 0.009403938
v 0.060987346 0.036993151 0.009347796
v 0.061938740 0.036993151 0.009293288
v 0.062823808 0.036993151 0.009240832
v 0.063641603 0.036993151 0.009190837
v 0.064391249 0.036993151 0.009143697
v 0.065071943 0.036993151 0.009099789
v 0.065682956 0.036993151 0.009059469
v 0.066223635 0.036993151 0.009023066
v 0.066693399 0.036993151 0.008990878
v 0.067091747 0.036993151 0.008963173
v 0.067418251 0.036993151 0.008940180
v 0.067672561 0.036993151 0.008922094
v 0.067854407 0.036993151 0.008909065
v 0.067963592 0.036993151 0.008901203
v 0.068000000 0.036993151 0.008898575
v -0.068000000 0.037980822 0.008899154
v -0.067963592 0.037980822 0.008901783
v -0.067854407 0.037980822 0.008909647
v -0.067672561 0.037980822 0.008922680
v -0.067418251 0.037980822 0.008940773
v -0.067091747 0.037980822 0.008963773
v -0.066693399 0.037980822 0.008991488
v -0.066223635 0.037980822 0.009023686
v -0.065682956 0.037980822 0.009060102
v -0.065071943 0.037980822 0.009100436
v -0.064391249 0.037980822 0.009144359
v -0.063641603 0.037980822 0.009191516
v -0.062823808 0.037980822 0.009241529
v -0.061938740 0.037980822 0.009294004
v -0.060987346 0.037980822 0.009348533
v -0.059970646 0.037980822 0.009404696
v -0.058889727 0.037980822 0.009462073
v -0.057745748 0.037980822 0.009520239
v -0.056539934 0.037980822 0.009578776
v -0.055273575 0.037980822 0.009637274
v -0.053948027 0.037980822 0.009695337
v -0.052564711 0.037980822 0.009752582
v -0.051125107 0.037980822 0.009808650
v -0.049630757 0.037980822 0.009863206
v -0.048083261 0.037980822 0.009922528
v -0.046484277 0.037980822 0.010008506
v -0.044835515 0.037980822 0.010108075
v -0.043138743 0.037980822 0.010201015
v -0.041395777 0.037980822 0.010192445
v -0.039608483 0.037980822 0.010173722
v -0.037778776 0.037980822 0.010210875
v -0.035908614 0.037980822 0.010244991
v -0.034000000 0.037980822 0.010276043
v -0.032054978 0.037980822 0.010304042
v -0.030075631 0.037980822 0.010329031
v -0.028064078 0.037980822 0.010351089
v -0.026022473 0.037980822 0.010370323
v -0.023953003 0.037980822 0.010386871
v -0.021857884 0.037980822 0.010400893
v -0.019739358 0.037980822 0.010412573
v -0.017599695 0.037980822 0.010422112
v -0.015441186 0.037980822 0.010429722
v -0.013266142 0.037980822 0.010435628
v -0.011076892 0.037980822 0.010440057
v -0.008875781 0.037980822 0.010443235
v -0.006665166 0.037980822 0.010445382
v -0.004447413 0.037980822 0.010446706
v -0.002224898 0.037980822 0.010447392
v 0.000000000 0.037980822 0.010447595
v 0.002224898 0.037980822 0.010447392
v 0.004447413 0.037980822 0.010446706
v 0.006665166 0.037980822 0.010445382
v 0.008875781 0.037980822 0.010443235
v 0.011076892 0.037980822 0.010440057
v 0.013266142 0.037980822 0.010435628
v 0.015441186 0.037980822 0.010429722
v 0.017599695 0.037980822 0.010422112
v 0.019739358 0.037980822 0.010412573
v 0.021857884 0.037980822 0.010400893
v 0.023953003 0.037980822 0.010386871
v 0.026022473 0.037980822 0.010370323
v 0.028064078 0.037980822 0.010351089
v 0.030075631 0.037980822 0.010329031
v 0.032054978 0.037980822 0.010304042
v 0.034000000 0.037980822 0.010276043
v 0.035908614 0.037980822 0.010244991
v 0.037778776 0.037980822 0.010210875
v 0.039608483 0.037980822 0.010173722
v 0.041395777 0.037980822 0.010192445
v 0.043138743 0.037980822 0.010201015
v 0.044835515 0.037980822 0.010108075
v 0.046484277 0.037980822 0.010008506
v 0.048083261 0.037980822 0.009922528
v 0.049630757 0.037980822 0.009863206
v 0.051125107 0.037980822 0.009808650
v 0.052564711 0.037980822 0.009752582
v 0.053948027 0.037980822 0.009695337
v 0.055273575 0.037980822 0.009637274
v 0.056539934 0.037980822 0.009578776
v 0.057745748 0.037980822 0.009520239
v 0.058889727 0.037980822 0.009462073
v 0.059970646 0.037980822 0.009404696
v 0.060987346 0.037980822 0.009348533
v 0.061938740 0.037980822 0.009294004
v 0.062823808 0.037980822 0.009241529
v 0.063641603 0.037980822 0.009191516
v 0.064391249 0.037980822 0.009144359
v 0.065071943 0.037980822 0.009100436
v 0.065682956 0.037980822 0.009060102
v 0.066223635 0.037980822 0.009023686
v 0.066693399 0.037980822 0.008991488
v 0.067091747 0.037980822 0.008963773
v 0.067418251 0.037980822 0.008940773
v 0.067672561 0.037980822 0.008922680
v 0.067854407 0.037980822 0.008909647
v 0.067963592 0.037980822 0.008901783
v 0.068000000 0.037980822 0.008899154
v -0.068000000 0.038968493 0.008899563
v -0.067963592 0.038968493 0.008902192
v -0.067854407 0.038968493 0.008910058
v -0.067672561 0.038968493 0.008923095
v -0.067418251 0.038968493 0.008941192
v -0.067091747 0.038968493 0.008964198
v -0.066693399 0.038968493 0.008991920
v -0.066223635 0.038968493 0.009024128
v -0.065682956 0.038968493 0.009060554
v -0.065071943 0.038968493 0.009100899
v -0.064391249 0.038968493 0.009144834
v -0.063641603 0.038968493 0.009192003
v -0.062823808 0.038968493 0.009242031
v -0.061938740 0.038968493 0.009294522
v -0.060987346 0.038968493 0.009349066
v -0.059970646 0.038968493 0.009405247
v -0.058889727 0.038968493 0.009462641
v -0.057745748 0.038968493 0.009520826
v -0.056539934 0.038968493 0.009579382
v -0.055273575 0.038968493 0.009637900
v -0.053948027 0.038968493 0.009695982
v -0.052564711 0.038968493 0.009753248
v -0.051125107 0.038968493 0.009809337
v -0.049630757 0.038968493 0.009863914
v -0.048083261 0.038968493 0.009923256
v -0.046484277 0.038968493 0.010009255
v -0.044835515 0.038968493 0.010108845
v -0.043138743 0.038968493 0.010201810
v -0.041395777 0.038968493 0.010202564
v -0.039608483 0.038968493 0.010175073
v -0.037778776 0.038968493 0.010211726
v -0.035908614 0.038968493 0.010245861
v -0.034000000 0.038968493 0.010276931
v -0.032054978 0.038968493 0.010304948
v -0.030075631 0.038968493 0.010329954
v -0.028064078 0.038968493 0.010352027
v -0.026022473 0.038968493 0.010371277
v -0.023953003 0.038968493 0.010387839
v -0.021857884 0.038968493 0.010401875
v -0.019739358 0.038968493 0.010413567
v -0.017599695 0.038968493 0.010423117
v -0.015441186 0.038968493 0.010430737
v -0.013266142 0.038968493 0.010436652
v -0.011076892 0.038968493 0.010441088
v -0.008875781 0.038968493 0.010444272
v -0.006665166 0.038968493 0.010446424
v -0.004447413 0.038968493 0.010447751
v -0.002224898 0.038968493 0.010448439
v 0.000000000 0.038968493 0.010448643
v 0.002224898 0.038968493 0.010448439
v 0.004447413 0.038968493 0.010447751
v 0.006665166 0.038968493 0.010446424
v 0.008875781 0.038968493 0.010444272
v 0.011076892 0.038968493 0.010441088
v 0.013266142 0.038968493 0.010436652
v 0.015441186 0.038968493 0.010430737
v 0.017599695 0.038968493 0.010423117
v 0.019739358 0.038968493 0.010413567
v 0.021857884 0.038968493 0.010401875
v 0.023953003 0.038968493 0.010387839
v 0.026022473 0.038968493 0.010371277
v 0.028064078 0.038968493 0.010352027
v 0.030075631 0.038968493 0.010329954
v 0.032054978 0.038968493 0.010304948
v 0.034000000 0.038968493 0.010276931
v 0.035908614 0.038968493 0.010245861
v 0.037778776 0.038968493 0.010211726
v 0.039608483 0.038968493 0.010175073
v 0.041395777 0.038968493 0.010202564
v 0.043138743 0.038968493 0.010201810
v 0.044835515 0.038968493 0.010108845
v 0.046484277 0.038968493 0.010009255
v 0.048083261 0.038968493 0.009923256
v 0.049630757 0.038968493 0.009863914
v 0.051125107 0.038968493 0.009809337
v 0.052564711 0.038968493 0.009753248
v 0.053948027 0.038968493 0.009695982
v 0.055273575 0.038968493 0.009637900
v 0.056539934 0.038968493 0.009579382
v 0.057745748 0.038968493 0.009520826
v 0.058889727 0.038968493 0.009462641
v 0.059970646 0.038968493 0.009405247
v 0.060987346 0.038968493 0.009349066
v 0.061938740 0.038968493 0.009294522
v 0.062823808 0.038968493 0.009242031
v 0.063641603 0.038968493 0.009192003
v 0.064391249 0.038968493 0.009144834
v 0.065071943 0.038968493 0.009100899
v 0.065682956 0.038968493 0.009060554
v 0.066223635 0.038968493 0.009024128
v 0.066693399 0.038968493 0.008991920
v 0.067091747 0.038968493 0.008964198
v 0.067418251 0.038968493 0.008941192
v 0.067672561 0.038968493 0.008923095
v 0.067854407 0.038968493 0.008910058
v 0.067963592 0.038968493 0.008902192
v 0.068000000 0.038968493 0.008899563
v -0.068000000 0.039956164 0.008899822
v -0.067963592 0.039956164 0.008902452
v -0.067854407 0.039956164 0.008910320
v -0.067672561 0.039956164 0.008923359
v -0.067418251 0.039956164 0.008941460
v -0.067091747 0.039956164 0.008964470
v -0.066693399 0.039956164 0.008992198
v -0.066223635 0.039956164 0.009024411
v -0.065682956 0.039956164 0.009060844
v -0.065071943 0.039956164 0.009101198
v -0.064391249 0.039956164 0.009145142
v -0.063641603 0.039956164 0.009192321
v -0.062823808 0.039956164 0.009242359
v -0.061938740 0.039956164 0.009294861
v -0.060987346 0.039956164 0.009349418
v -0.059970646 0.039956164 0.009405611
v -0.058889727 0.039956164 0.009463018
v -0.057745748 0.039956164 0.009521216
v -0.056539934 0.039956164 0.009579787
v -0.055273575 0.039956164 0.009638319
v -0.053948027 0.039956164 0.009696416
v -0.052564711 0.039956164 0.009753697
v -0.051125107 0.039956164 0.009809801
v -0.049630757 0.039956164 0.009864393
v -0.048083261 0.039956164 0.009923751
v -0.046484277 0.039956164 0.010009765
v -0.044835515 0.039956164 0.010109371
v -0.043138743 0.039956164 0.010202351
v -0.041395777 0.039956164 0.010228313
v -0.039608483 0.039956164 0.010198783
v -0.037778776 0.039956164 0.010223858
v -0.035908614 0.039956164 0.010258007
v -0.034000000 0.039956164 0.010289092
v -0.032054978 0.039956164 0.010317121
v -0.030075631 0.039956164 0.010342140
v -0.028064078 0.039956164 0.010364225
v -0.026022473 0.039956164 0.010383486
v -0.023953003 0.039956164 0.010400059
v -0.021857884 0.039956164 0.010414105
v -0.019739358 0.039956164 0.010425806
v -0.017599695 0.039956164 0.010435364
v -0.015441186 0.039956164 0.010442991
v -0.013266142 0.039956164 0.010448912
v -0.011076892 0.039956164 0.010453354
v -0.008875781 0.039956164 0.010456542
v -0.006665166 0.039956164 0.010458698
v -0.004447413 0.039956164 0.010460027
v -0.002224898 0.039956164 0.010460717
v 0.000000000 0.039956164 0.010460921
v 0.002224898 0.039956164 0.010460717
v 0.004447413 0.039956164 0.010460027
v 0.006665166 0.039956164 0.010458698
v 0.008875781 0.039956164 0.010456542
v 0.011076892 0.039956164 0.010453354
v 0.013266142 0.039956164 0.010448912
v 0.015441186 0.039956164 0.010442991
v 0.017599695 0.039956164 0.010435364
v 0.019739358 0.039956164 0.010425806
v 0.021857884 0.039956164 0.010414105
v 0.023953003 0.039956164 0.010400059
v 0.026022473 0.039956164 0.010383486
v 0.028064078 0.039956164 0.010364225
v 0.030075631 0.039956164 0.010342140
v 0.032054978 0.039956164 0.010317121
v 0.034000000 0.039956164 0.010289092
v 0.035908614 0.039956164 0.010258007
v 0.037778776 0.039956164 0.010223858
v 0.039608483 0.039956164 0.010198783
v 0.041395777 0.039956164 0.010228313
v 0.043138743 0.039956164 0.010202351
v 0.044835515 0.039956164 0.010109371
v 0.046484277 0.039956164 0.010009765
v 0.048083261 0.039956164 0.009923751
v 0.049630757 0.039956164 0.009864393
v 0.051125107 0.039956164 0.009809801
v 0.052564711 0.039956164 0.009753697
v 0.053948027 0.039956164 0.009696416
v 0.055273575 0.039956164 0.009638319
v 0.056539934 0.039956164 0.009579787
v 0.057745748 0.039956164 0.009521216
v 0.058889727 0.039956164 0.009463018
v 0.059970646 0.039956164 0.009405611
v 0.060987346 0.039956164 0.009349418
v 0.061938740 0.039956164 0.009294861
v 0.062823808 0.039956164 0.009242359
v 0.063641603 0.039956164 0.009192321
v 0.064391249 0.039956164 0.009145142
v 0.065071943 0.039956164 0.009101198
v 0.065682956 0.039956164 0.009060844
v 0.066223635 0.039956164 0.009024411
v 0.066693399 0.039956164 0.008992198
v 0.067091747 0.039956164 0.008964470
v 0.067418251 0.039956164 0.008941460
v 0.067672561 0.039956164 0.008923359
v 0.067854407 0.039956164 0.008910320
v 0.067963592 0.039956164 0.008902452
v 0.068000000 0.039956164 0.008899822
v -0.068000000 0.040943836 0.008899957
v -0.067963592 0.040943836 0.008902587
v -0.067854407 0.040943836 0.008910456
v -0.067672561 0.040943836 0.008923497
v -0.067418251 0.040943836 0.008941600
v -0.067091747 0.040943836 0.008964613
v -0.066693399 0.040943836 0.008992344
v -0.066223635 0.040943836 0.009024562
v -0.065682956 0.040943836 0.009061000
v -0.065071943 0.040943836 0.009101358
v -0.064391249 0.040943836 0.009145308
v -0.063641603 0.040943836 0.009192494
v -0.062823808 0.040943836 0.009242539
v -0.061938740 0.040943836 0.009295048
v -0.060987346 0.040943836 0.009349612
v -0.059970646 0.040943836 0.009405813
v -0.058889727 0.040943836 0.009463229
v -0.057745748 0.040943836 0.009521436
v -0.056539934 0.040943836 0.009580015
v -0.055273575 0.040943836 0.009638557
v -0.053948027 0.040943836 0.009696664
v -0.052564711 0.040943836 0.009753954
v -0.051125107 0.040943836 0.009810068
v -0.049630757 0.040943836 0.009864670
v -0.048083261 0.040943836 0.009924038
v -0.046484277 0.040943836 0.010010062
v -0.044835515 0.040943836 0.010109677
v -0.043138743 0.040943836 0.010202667
v -0.041395777 0.040943836 0.010256603
v -0.039608483 0.040943836 0.010249042
v -0.037778776 0.040943836 0.010274339
v -0.035908614 0.040943836 0.010308497
v -0.034000000 0.040943836 0.010339590
v -0.032054978 0.040943836 0.010367627
v -0.030075631 0.040943836 0.010392654
v -0.028064078 0.040943836 0.010414748
v -0.026022473 0.040943836 0.010434016
v -0.023953003 0.040943836 0.010450595
v -0.021857884 0.040943836 0.010464647
v -0.019739358 0.040943836 0.010476354
v -0.017599695 0.040943836 0.010485917
v -0.015441186 0.040943836 0.010493549
v -0.013266142 0.040943836 0.010499475
v -0.011076892 0.040943836 0.010503920
v -0.008875781 0.040943836 0.010507111
v -0.006665166 0.040943836 0.010509269
v -0.004447413 0.040943836 0.010510600
v -0.002224898 0.040943836 0.010511290
v 0.000000000 0.040943836 0.010511495
v 0.002224898 0.040943836 0.010511290
v 0.004447413 0.040943836 0.010510600
v 0.006665166 0.040943836 0.010509269
v 0.008875781 0.040943836 0.010507111
v 0.011076892 0.040943836 0.010503920
v 0.013266142 0.040943836 0.010499475
v 0.015441186 0.040943836 0.010493549
v 0.017599695 0.040943836 0.010485917
v 0.019739358 0.040943836 0.010476354
v 0.021857884 0.040943836 0.010464647
v 0.023953003 0.040943836 0.010450595
v 0.026022473 0.040943836 0.010434016
v 0.028064078 0.040943836 0.010414748
v 0.030075631 0.040943836 0.010392654
v 0.032054978 0.040943836 0.010367627
v 0.034000000 0.040943836 0.010339590
v 0.035908614 0.040943836 0.010308497
v 0.037778776 0.040943836 0.010274339
v 0.039608483 0.040943836 0.010249042
v 0.041395777 0.040943836 0.010256603
v 0.043138743 0.040943836 0.010202667
v 0.044835515 0.040943836 0.010109677
v 0.046484277 0.040943836 0.010010062
v 0.048083261 0.040943836 0.009924038
v 0.049630757 0.040943836 0.009864670
v 0.051125107 0.040943836 0.009810068
v 0.052564711 0.040943836 0.009753954
v 0.053948027 0.040943836 0.009696664
v 0.055273575 0.040943836 0.009638557
v 0.056539934 0.040943836 0.009580015
v 0.057745748 0.040943836 0.009521436
v 0.058889727 0.040943836 0.009463229
v 0.059970646 0.040943836 0.009405813
v 0.060987346 0.040943836 0.009349612
v 0.061938740 0.040943836 0.009295048
v 0.062823808 0.040943836 0.009242539
v 0.063641603 0.040943836 0.009192494
v 0.064391249 0.040943836 0.009145308
v 0.065071943 0.040943836 0.009101358
v 0.065682956 0.040943836 0.009061000
v 0.066223635 0.040943836 0.009024562
v 0.066693399 0.040943836 0.008992344
v 0.067091747 0.040943836 0.008964613
v 0.067418251 0.040943836 0.008941600
v 0.067672561 0.040943836 0.008923497
v 0.067854407 0.040943836 0.008910456
v 0.067963592 0.040943836 0.008902587
v 0.068000000 0.040943836 0.008899957
v -0.068000000 0.041931507 0.008899999
v -0.067963592 0.041931507 0.008902629
v -0.067854407 0.041931507 0.008910498
v -0.067672561 0.041931507 0.008923540
v -0.067418251 0.041931507 0.008941644
v -0.067091747 0.041931507 0.008964659
v -0.066693399 0.041931507 0.008992391
v -0.066223635 0.041931507 0.009024611
v -0.065682956 0.041931507 0.009061051
v -0.065071943 0.041931507 0.009101412
v -0.064391249 0.041931507 0.009145364
v -0.063641603 0.041931507 0.009192553
v -0.062823808 0.041931507 0.009242601
v -0.061938740 0.041931507 0.009295113
v -0.060987346 0.041931507 0.009349681
v -0.059970646 0.041931507 0.009405886
v -0.058889727 0.041931507 0.009463305
v -0.057745748 0.041931507 0.009521516
v -0.056539934 0.041931507 0.009580099
v -0.055273575 0.041931507 0.009638645
v -0.053948027 0.041931507 0.009696756
v -0.052564711 0.041931507 0.009754051
v -0.051125107 0.041931507 0.009810169
v -0.049630757 0.041931507 0.009864776
v -0.048083261 0.041931507 0.009924148
v -0.046484277 0.041931507 0.010010177
v -0.044835515 0.041931507 0.010109796
v -0.043138743 0.041931507 0.010202791
v -0.041395777 0.041931507 0.010265417
v -0.039608483 0.041931507 0.010295457
v -0.037778776 0.041931507 0.010326988
v -0.035908614 0.041931507 0.010361150
v -0.034000000 0.041931507 0.010392247
v -0.032054978 0.041931507 0.010420289
v -0.030075631 0.041931507 0.010445319
v -0.028064078 0.041931507 0.010467416
v -0.026022473 0.041931507 0.010486687
v -0.023953003 0.041931507 0.010503270
v -0.021857884 0.041931507 0.010517325
v -0.019739358 0.041931507 0.010529034
v -0.017599695 0.041931507 0.010538599
v -0.015441186 0.041931507 0.010546234
v -0.013266142 0.041931507 0.010552161
v -0.011076892 0.041931507 0.010556608
v -0.008875781 0.041931507 0.010559800
v -0.006665166 0.041931507 0.010561959
v -0.004447413 0.041931507 0.010563291
v -0.002224898 0.041931507 0.010563982
v 0.000000000 0.041931507 0.010564186
v 0.002224898 0.041931507 0.010563982
v 0.004447413 0.041931507 0.010563291
v 0.006665166 0.041931507 0.010561959
v 0.008875781 0.041931507 0.010559800
v 0.011076892 0.041931507 0.010556608
v 0.013266142 0.041931507 0.010552161
v 0.015441186 0.041931507 0.010546234
v 0.017599695 0.041931507 0.010538599
v 0.019739358 0.041931507 0.010529034
v 0.021857884 0.041931507 0.010517325
v 0.023953003 0.041931507 0.010503270
v 0.026022473 0.041931507 0.010486687
v 0.028064078 0.041931507 0.010467416
v 0.030075631 0.041931507 0.010445319
v 0.032054978 0.041931507 0.010420289
v 0.034000000 0.041931507 0.010392247
v 0.035908614 0.041931507 0.010361150
v 0.037778776 0.041931507 0.010326988
v 0.039608483 0.041931507 0.010295457
v 0.041395777 0.041931507 0.010265417
v 0.043138743 0.041931507 0.010202791
v 0.044835515 0.041931507 0.010109796
v 0.046484277 0.041931507 0.010010177
v 0.048083261 0.041931507 0.009924148
v 0.049630757 0.041931507 0.009864776
v 0.051125107 0.041931507 0.009810169
v 0.052564711 0.041931507 0.009754051
v 0.053948027 0.041931507 0.009696756
v 0.055273575 0.041931507 0.009638645
v 0.056539934 0.041931507 0.009580099
v 0.057745748 0.041931507 0.009521516
v 0.058889727 0.041931507 0.009463305
v 0.059970646 0.041931507 0.009405886
v 0.060987346 0.041931507 0.009349681
v 0.061938740 0.041931507 0.009295113
v 0.062823808 0.041931507 0.009242601
v 0.063641603 0.041931507 0.009192553
v 0.064391249 0.041931507 0.009145364
v 0.065071943 0.041931507 0.009101412
v 0.065682956 0.041931507 0.009061051
v 0.066223635 0.041931507 0.009024611
v 0.066693399 0.041931507 0.008992391
v 0.067091747 0.041931507 0.008964659
v 0.067418251 0.041931507 0.008941644
v 0.067672561 0.041931507 0.008923540
v 0.067854407 0.041931507 0.008910498
v 0.067963592 0.041931507 0.008902629
v 0.068000000 0.041931507 0.008899999
v -0.068000000 0.042919178 0.008899991
v -0.067963592 0.042919178 0.008902622
v -0.067854407 0.042919178 0.008910491
v -0.067672561 0.042919178 0.008923532
v -0.067418251 0.042919178 0.008941636
v -0.067091747 0.042919178 0.008964650
v -0.066693399 0.042919178 0.008992383
v -0.066223635 0.042919178 0.009024602
v -0.065682956 0.042919178 0.009061041
v -0.065071943 0.042919178 0.009101402
v -0.064391249 0.042919178 0.009145353
v -0.063641603 0.042919178 0.009192541
v -0.062823808 0.042919178 0.009242589
v -0.061938740 0.042919178 0.009295100
v -0.060987346 0.042919178 0.009349667
v -0.059970646 0.042919178 0.009405871
v -0.058889727 0.042919178 0.009463290
v -0.057745748 0.042919178 0.009521500
v -0.056539934 0.042919178 0.009580082
v -0.055273575 0.042919178 0.009638627
v -0.053948027 0.042919178 0.009696737
v -0.052564711 0.042919178 0.009754031
v -0.051125107 0.042919178 0.009810148
v -0.049630757 0.042919178 0.009864754
v -0.048083261 0.042919178 0.009924125
v -0.046484277 0.042919178 0.010010152
v -0.044835515 0.042919178 0.010109771
v -0.043138743 0.042919178 0.010202765
v -0.041395777 0.042919178 0.010265390
v -0.039608483 0.042919178 0.010305564
v -0.037778776 0.042919178 0.010342763
v -0.035908614 0.042919178 0.010376924
v -0.034000000 0.042919178 0.010408020
v -0.032054978 0.042919178 0.010436061
v -0.030075631 0.042919178 0.010461091
v -0.028064078 0.042919178 0.010483187
v -0.026022473 0.042919178 0.010502457
v -0.023953003 0.042919178 0.010519039
v -0.021857884 0.042919178 0.010533093
v -0.019739358 0.042919178 0.010544802
v -0.017599695 0.042919178 0.010554367
v -0.015441186 0.042919178 0.010562001
v -0.013266142 0.042919178 0.010567927
v -0.011076892 0.042919178 0.010572374
v -0.008875781 0.042919178 0.010575566
v -0.006665166 0.042919178 0.010577724
v -0.004447413 0.042919178 0.010579056
v -0.002224898 0.042919178 0.010579747
v 0.000000000 0.042919178 0.010579952
v 0.002224898 0.042919178 0.010579747
v 0.004447413 0.042919178 0.010579056
v 0.006665166 0.042919178 0.010577724
v 0.008875781 0.042919178 0.010575566
v 0.011076892 0.042919178 0.010572374
v 0.013266142 0.042919178 0.010567927
v 0.015441186 0.042919178 0.010562001
v 0.017599695 0.042919178 0.010554367
v 0.019739358 0.042919178 0.010544802
v 0.021857884 0.042919178 0.010533093
v 0.023953003 0.042919178 0.010519039
v 0.026022473 0.042919178 0.010502457
v 0.028064078 0.042919178 0.010483187
v 0.030075631 0.042919178 0.010461091
v 0.032054978 0.042919178 0.010436061
v 0.034000000 0.042919178 0.010408020
v 0.035908614 0.042919178 0.010376924
v 0.037778776 0.042919178 0.010342763
v 0.039608483 0.042919178 0.010305564
v 0.041395777 0.042919178 0.010265390
v 0.043138743 0.042919178 0.010202765
v 0.044835515 0.042919178 0.010109771
v 0.046484277 0.042919178 0.010010152
v 0.048083261 0.042919178 0.009924125
v 0.049630757 0.042919178 0.009864754
v 0.051125107 0.042919178 0.009810148
v 0.052564711 0.042919178 0.009754031
v 0.053948027 0.042919178 0.009696737
v 0.055273575 0.042919178 0.009638627
v 0.056539934 0.042919178 0.009580082
v 0.057745748 0.042919178 0.009521500
v 0.058889727 0.042919178 0.009463290
v 0.059970646 0.042919178 0.009405871
v 0.060987346 0.042919178 0.009349667
v 0.061938740 0.042919178 0.009295100
v 0.062823808 0.042919178 0.009242589
v 0.063641603 0.042919178 0.009192541
v 0.064391249 0.042919178 0.009145353
v 0.065071943 0.042919178 0.009101402
v 0.065682956 0.042919178 0.009061041
v 0.066223635 0.042919178 0.009024602
v 0.066693399 0.042919178 0.008992383
v 0.067091747 0.042919178 0.008964650
v 0.067418251 0.042919178 0.008941636
v 0.067672561 0.042919178 0.008923532
v 0.067854407 0.042919178 0.008910491
v 0.067963592 0.042919178 0.008902622
v 0.068000000 0.042919178 0.008899991
v -0.068000000 0.043906849 0.008899919
v -0.067963592 0.043906849 0.008902549
v -0.067854407 0.043906849 0.008910418
v -0.067672561 0.043906849 0.008923458
v -0.067418251 0.043906849 0.008941560
v -0.067091747 0.043906849 0.008964573
v -0.066693399 0.043906849 0.008992303
v -0.066223635 0.043906849 0.009024519
v -0.065682956 0.043906849 0.009060956
v -0.065071943 0.043906849 0.009101312
v -0.064391249 0.043906849 0.009145260
v -0.063641603 0.043906849 0.009192444
v -0.062823808 0.043906849 0.009242487
v -0.061938740 0.043906849 0.009294994
v -0.060987346 0.043906849 0.009349556
v -0.059970646 0.043906849 0.009405754
v -0.058889727 0.043906849 0.009463167
v -0.057745748 0.043906849 0.009521372
v -0.056539934 0.043906849 0.009579948
v -0.055273575 0.043906849 0.009638487
v -0.053948027 0.043906849 0.009696591
v -0.052564711 0.043906849 0.009753878
v -0.051125107 0.043906849 0.009809989
v -0.049630757 0.043906849 0.009864588
v -0.048083261 0.043906849 0.009923953
v -0.046484277 0.043906849 0.010009974
v -0.044835515 0.043906849 0.010109586
v -0.043138743 0.043906849 0.010202573
v -0.041395777 0.043906849 0.010265192
v -0.039608483 0.043906849 0.010305359
v -0.037778776 0.043906849 0.010342553
v -0.035908614 0.043906849 0.010376708
v -0.034000000 0.043906849 0.010407799
v -0.032054978 0.043906849 0.010435834
v -0.030075631 0.043906849 0.010460858
v -0.028064078 0.043906849 0.010482949
v -0.026022473 0.043906849 0.010502215
v -0.023953003 0.043906849 0.010518792
v -0.021857884 0.043906849 0.010532842
v -0.019739358 0.043906849 0.010544547
v -0.017599695 0.043906849 0.010554109
v -0.015441186 0.043906849 0.010561740
v -0.013266142 0.043906849 0.010567663
v -0.011076892 0.043906849 0.010572107
v -0.008875781 0.043906849 0.010575298
v -0.006665166 0.043906849 0.010577455
v -0.004447413 0.043906849 0.010578785
v -0.002224898 0.043906849 0.010579476
v 0.000000000 0.043906849 0.010579680
v 0.002224898 0.043906849 0.010579476
v 0.004447413 0.043906849 0.010578785
v 0.006665166 0.043906849 0.010577455
v 0.008875781 0.043906849 0.010575298
v 0.011076892 0.043906849 0.010572107
v 0.013266142 0.043906849 0.010567663
v 0.015441186 0.043906849 0.010561740
v 0.017599695 0.043906849 0.010554109
v 0.019739358 0.043906849 0.010544547
v 0.021857884 0.043906849 0.010532842
v 0.023953003 0.043906849 0.010518792
v 0.026022473 0.043906849 0.010502215
v 0.028064078 0.043906849 0.010482949
v 0.030075631 0.043906849 0.010460858
v 0.032054978 0.043906849 0.010435834
v 0.034000000 0.043906849 0.010407799
v 0.035908614 0.043906849 0.010376708
v 0.037778776 0.043906849 0.010342553
v 0.039608483 0.043906849 0.010305359
v 0.041395777 0.043906849 0.010265192
v 0.043138743 0.043906849 0.010202573
v 0.044835515 0.043906849 0.010109586
v 0.046484277 0.043906849 0.010009974
v 0.048083261 0.043906849 0.009923953
v 0.049630757 0.043906849 0.009864588
v 0.051125107 0.043906849 0.009809989
v 0.052564711 0.043906849 0.009753878
v 0.053948027 0.043906849 0.009696591
v 0.055273575 0.043906849 0.009638487
v 0.056539934 0.043906849 0.009579948
v 0.057745748 0.043906849 0.009521372
v 0.058889727 0.043906849 0.009463167
v 0.059970646 0.043906849 0.009405754
v 0.060987346 0.043906849 0.009349556
v 0.061938740 0.043906849 0.009294994
v 0.062823808 0.043906849 0.009242487
v 0.063641603 0.043906849 0.009192444
v 0.064391249 0.043906849 0.009145260
v 0.065071943 0.043906849 0.009101312
v 0.065682956 0.043906849 0.009060956
v 0.066223635 0.043906849 0.009024519
v 0.066693399 0.043906849 0.008992303
v 0.067091747 0.043906849 0.008964573
v 0.067418251 0.043906849 0.008941560
v 0.067672561 0.043906849 0.008923458
v 0.067854407 0.043906849 0.008910418
v 0.067963592 0.043906849 0.008902549
v 0.068000000 0.043906849 0.008899919
v -0.068000000 0.044894521 0.008899741
v -0.067963592 0.044894521 0.008902370
v -0.067854407 0.044894521 0.008910238
v -0.067672561 0.044894521 0.008923276
v -0.067418251 0.044894521 0.008941376
v -0.067091747 0.044894521 0.008938256
v -0.066693399 0.044894521 0.008776367
v -0.066223635 0.044894521 0.008765845
v -0.065682956 0.044894521 0.008802276
v -0.065071943 0.044894521 0.008842626
v -0.064391249 0.044894521 0.008886567
v -0.063641603 0.044894521 0.008933744
v -0.062823808 0.044894521 0.008983778
v -0.061938740 0.044894521 0.009036276
v -0.060987346 0.044894521 0.009090829
v -0.059970646 0.044894521 0.009147018
v -0.058889727 0.044894521 0.009204421
v -0.057745748 0.044894521 0.009262614
v -0.056539934 0.044894521 0.009321180
v -0.055273575 0.044894521 0.009379708
v -0.053948027 0.044894521 0.009437800
v -0.052564711 0.044894521 0.009495075
v -0.051125107 0.044894521 0.009551175
v -0.049630757 0.044894521 0.009605762
v -0.048083261 0.044894521 0.009665115
v -0.046484277 0.044894521 0.009751123
v -0.044835515 0.044894521 0.009850724
v -0.043138743 0.044894521 0.009943699
v -0.041395777 0.044894521 0.010264783
v -0.039608483 0.044894521 0.010304939
v -0.037778776 0.044894521 0.010342121
v -0.035908614 0.044894521 0.010376265
v -0.034000000 0.044894521 0.010407345
v -0.032054978 0.044894521 0.010435370
v -0.030075631 0.044894521 0.010460384
v -0.028064078 0.044894521 0.010482466
v -0.026022473 0.044894521 0.010501723
v -0.023953003 0.044894521 0.010518292
v -0.021857884 0.044894521 0.010532335
v -0.019739358 0.044894521 0.010544033
v -0.017599695 0.044894521 0.010553588
v -0.015441186 0.044894521 0.010561213
v -0.013266142 0.044894521 0.010567132
v -0.011076892 0.044894521 0.010571572
v -0.008875781 0.044894521 0.010574759
v -0.006665166 0.044894521 0.010576913
v -0.004447413 0.044894521 0.010578242
v -0.002224898 0.044894521 0.010578931
v 0.000000000 0.044894521 0.010579135
v 0.002224898 0.044894521 0.010578931
v 0.004447413 0.044894521 0.010578242
v 0.006665166 0.044894521 0.010576913
v 0.008875781 0.044894521 0.010574759
v 0.011076892 0.044894521 0.010571572
v 0.013266142 0.044894521 0.010567132
v 0.015441186 0.044894521 0.010561213
v 0.017599695 0.044894521 0.010553588
v 0.019739358 0.044894521 0.010544033
v 0.021857884 0.044894521 0.010532335
v 0.023953003 0.044894521 0.010518292
v 0.026022473 0.044894521 0.010501723
v 0.028064078 0.044894521 0.010482466
v 0.030075631 0.044894521 0.010460384
v 0.032054978 0.044894521 0.010435370
v 0.034000000 0.044894521 0.010407345
v 0.035908614 0.044894521 0.010376265
v 0.037778776 0.044894521 0.010342121
v 0.039608483 0.044894521 0.010304939
v 0.041395777 0.044894521 0.010264783
v 0.043138743 0.044894521 0.009943699
v 0.044835515 0.044894521 0.009850724
v 0.046484277 0.044894521 0.009751123
v 0.048083261 0.044894521 0.009665115
v 0.049630757 0.044894521 0.009605762
v 0.051125107 0.044894521 0.009551175
v 0.052564711 0.044894521 0.009495075
v 0.053948027 0.044894521 0.009437800
v 0.055273575 0.044894521 0.009379708
v 0.056539934 0.044894521 0.009321180
v 0.057745748 0.044894521 0.009262614
v 0.058889727 0.044894521 0.009204421
v 0.059970646 0.044894521 0.009147018
v 0.060987346 0.044894521 0.009090829
v 0.061938740 0.044894521 0.009036276
v 0.062823808 0.044894521 0.008983778
v 0.063641603 0.044894521 0.008933744
v 0.064391249 0.044894521 0.008886567
v 0.065071943 0.044894521 0.008842626
v 0.065682956 0.044894521 0.008802276
v 0.066223635 0.044894521 0.008765845
v 0.066693399 0.044894521 0.008776367
v 0.067091747 0.044894521 0.008938256
v 0.067418251 0.044894521 0.008941376
v 0.067672561 0.044894521 0.008923276
v 0.067854407 0.044894521 0.008910238
v 0.067963592 0.044894521 0.008902370
v 0.068000000 0.044894521 0.008899741
v -0.068000000 0.045882192 0.008899428
v -0.067963592 0.045882192 0.008902057
v -0.067854407 0.045882192 0.008909923
v -0.067672561 0.045882192 0.008922958
v -0.067418251 0.045882192 0.008941054
v -0.067091747 0.045882192 0.008861362
v -0.066693399 0.045882192 0.008602862
v -0.066223635 0.045882192 0.008585258
v -0.065682956 0.045882192 0.008621681
v -0.065071943 0.045882192 0.008662022
v -0.064391249 0.045882192 0.008705953
v -0.063641603 0.045882192 0.008753118
v -0.062823808 0.045882192 0.008803141
v -0.061938740 0.045882192 0.008855626
v -0.060987346 0.045882192 0.008910165
v -0.059970646 0.045882192 0.008966340
v -0.058889727 0.045882192 0.009023728
v -0.057745748 0.045882192 0.009081906
v -0.056539934 0.045882192 0.009140456
v -0.055273575 0.045882192 0.009198967
v -0.053948027 0.045882192 0.009257042
v -0.052564711 0.045882192 0.009314301
v -0.051125107 0.045882192 0.009370383
v -0.049630757 0.045882192 0.009424953
v -0.048083261 0.045882192 0.009484288
v -0.046484277 0.045882192 0.009570279
v -0.044835515 0.045882192 0.009669862
v -0.043138743 0.045882192 0.009762820
v -0.041395777 0.045882192 0.010264133
v -0.039608483 0.045882192 0.010304273
v -0.037778776 0.045882192 0.010323567
v -0.035908614 0.045882192 0.010355791
v -0.034000000 0.045882192 0.010386206
v -0.032054978 0.045882192 0.010413630
v -0.030075631 0.045882192 0.010438108
v -0.028064078 0.045882192 0.010459714
v -0.026022473 0.045882192 0.010478556
v -0.023953003 0.045882192 0.010494767
v -0.021857884 0.045882192 0.010508505
v -0.019739358 0.045882192 0.010519948
v -0.017599695 0.045882192 0.010529294
v -0.015441186 0.045882192 0.010536752
v -0.013266142 0.045882192 0.010542540
v -0.011076892 0.045882192 0.010546881
v -0.008875781 0.045882192 0.010549996
v -0.006665166 0.045882192 0.010552102
v -0.004447413 0.045882192 0.010553400
v -0.002224898 0.045882192 0.010554073
v 0.000000000 0.045882192 0.010554272
v 0.002224898 0.045882192 0.010554073
v 0.004447413 0.045882192 0.010553400
v 0.006665166 0.045882192 0.010552102
v 0.008875781 0.045882192 0.010549996
v 0.011076892 0.045882192 0.010546881
v 0.013266142 0.045882192 0.010542540
v 0.015441186 0.045882192 0.010536752
v 0.017599695 0.045882192 0.010529294
v 0.019739358 0.045882192 0.010519948
v 0.021857884 0.045882192 0.010508505
v 0.023953003 0.045882192 0.010494767
v 0.026022473 0.045882192 0.010478556
v 0.028064078 0.045882192 0.010459714
v 0.030075631 0.045882192 0.010438108
v 0.032054978 0.045882192 0.010413630
v 0.034000000 0.045882192 0.010386206
v 0.035908614 0.045882192 0.010355791
v 0.037778776 0.045882192 0.010323567
v 0.039608483 0.045882192 0.010304273
v 0.041395777 0.045882192 0.010264133
v 0.043138743 0.045882192 0.009762820
v 0.044835515 0.045882192 0.009669862
v 0.046484277 0.045882192 0.009570279
v 0.048083261 0.045882192 0.009484288
v 0.049630757 0.045882192 0.009424953
v 0.051125107 0.045882192 0.009370383
v 0.052564711 0.045882192 0.009314301
v 0.053948027 0.045882192 0.009257042
v 0.055273575 0.045882192 0.009198967
v 0.056539934 0.045882192 0.009140456
v 0.057745748 0.045882192 0.009081906
v 0.058889727 0.045882192 0.009023728
v 0.059970646 0.045882192 0.008966340
v 0.060987346 0.045882192 0.008910165
v 0.061938740 0.045882192 0.008855626
v 0.062823808 0.045882192 0.008803141
v 0.063641603 0.045882192 0.008753118
v 0.064391249 0.045882192 0.008705953
v 0.065071943 0.045882192 0.008662022
v 0.065682956 0.045882192 0.008621681
v 0.066223635 0.045882192 0.008585258
v 0.066693399 0.045882192 0.008602862
v 0.067091747 0.045882192 0.008861362
v 0.067418251 0.045882192 0.008941054
v 0.067672561 0.045882192 0.008922958
v 0.067854407 0.045882192 0.008909923
v 0.067963592 0.045882192 0.008902057
v 0.068000000 0.045882192 0.008899428
v -0.068000000 0.046869863 0.008898958
v -0.067963592 0.046869863 0.008901587
v -0.067854407 0.046869863 0.008909450
v -0.067672561 0.046869863 0.008922482
v -0.067418251 0.046869863 0.008940572
v -0.067091747 0.046869863 0.008963569
v -0.066693399 0.046869863 0.008991281
v -0.066223635 0.046869863 0.009023475
v -0.065682956 0.046869863 0.009059887
v -0.065071943 0.046869863 0.009100216
v -0.064391249 0.046869863 0.009144134
v -0.063641603 0.046869863 0.009191284
v -0.062823808 0.046869863 0.009241291
v -0.061938740 0.046869863 0.009293760
v -0.060987346 0.046869863 0.009348281
v -0.059970646 0.046869863 0.009404437
v -0.058889727 0.046869863 0.009461806
v -0.057745748 0.046869863 0.009519964
v -0.056539934 0.046869863 0.009578492
v -0.055273575 0.046869863 0.009636982
v -0.053948027 0.046869863 0.009695035
v -0.052564711 0.046869863 0.009752272
v -0.051125107 0.046869863 0.009808331
v -0.049630757 0.046869863 0.009862878
v -0.048083261 0.046869863 0.009922190
v -0.046484277 0.046869863 0.010008159
v -0.044835515 0.046869863 0.010107719
v -0.043138743 0.046869863 0.010200654
v -0.041395777 0.046869863 0.010263221
v -0.039608483 0.046869863 0.010152877
v -0.037778776 0.046869863 0.009955570
v -0.035908614 0.046869863 0.009970376
v -0.034000000 0.046869863 0.009988136
v -0.032054978 0.046869863 0.010004148
v -0.030075631 0.046869863 0.010018440
v -0.028064078 0.046869863 0.010031054
v -0.026022473 0.046869863 0.010042054
v -0.023953003 0.046869863 0.010051517
v -0.021857884 0.046869863 0.010059535
v -0.019739358 0.046869863 0.010066214
v -0.017599695 0.046869863 0.010071668
v -0.015441186 0.046869863 0.010076019
v -0.013266142 0.046869863 0.010079396
v -0.011076892 0.046869863 0.010081927
v -0.008875781 0.046869863 0.010083744
v -0.006665166 0.046869863 0.010084971
v -0.004447413 0.046869863 0.010085727
v -0.002224898 0.046869863 0.010086119
v 0.000000000 0.046869863 0.010086235
v 0.002224898 0.046869863 0.010086119
v 0.004447413 0.046869863 0.010085727
v 0.006665166 0.046869863 0.010084971
v 0.008875781 0.046869863 0.010083744
v 0.011076892 0.046869863 0.010081927
v 0.013266142 0.046869863 0.010079396
v 0.015441186 0.046869863 0.010076019
v 0.017599695 0.046869863 0.010071668
v 0.019739358 0.046869863 0.010066214
v 0.021857884 0.046869863 0.010059535
v 0.023953003 0.046869863 0.010051517
v 0.026022473 0.046869863 0.010042054
v 0.028064078 0.046869863 0.010031054
v 0.030075631 0.046869863 0.010018440
v 0.032054978 0.046869863 0.010004148
v 0.034000000 0.046869863 0.009988136
v 0.035908614 0.046869863 0.009970376
v 0.037778776 0.046869863 0.009955570
v 0.039608483 0.046869863 0.010152877
v 0.041395777 0.046869863 0.010263221
v 0.043138743 0.046869863 0.010200654
v 0.044835515 0.046869863 0.010107719
v 0.046484277 0.046869863 0.010008159
v 0.048083261 0.046869863 0.009922190
v 0.049630757 0.046869863 0.009862878
v 0.051125107 0.046869863 0.009808331
v 0.052564711 0.046869863 0.009752272
v 0.053948027 0.046869863 0.009695035
v 0.055273575 0.046869863 0.009636982
v 0.056539934 0.046869863 0.009578492
v 0.057745748 0.046869863 0.009519964
v 0.058889727 0.046869863 0.009461806
v 0.059970646 0.046869863 0.009404437
v 0.060987346 0.046869863 0.009348281
v 0.061938740 0.046869863 0.009293760
v 0.062823808 0.046869863 0.009241291
v 0.063641603 0.046869863 0.009191284
v 0.064391249 0.046869863 0.009144134
v 0.065071943 0.046869863 0.009100216
v 0.065682956 0.046869863 0.009059887
v 0.066223635 0.046869863 0.009023475
v 0.066693399 0.046869863 0.008991281
v 0.067091747 0.046869863 0.008963569
v 0.067418251 0.046869863 0.008940572
v 0.067672561 0.046869863 0.008922482
v 0.067854407 0.046869863 0.008909450
v 0.067963592 0.046869863 0.008901587
v 0.068000000 0.046869863 0.008898958
v -0.068000000 0.047857534 0.008898310
v -0.067963592 0.047857534 0.008900938
v -0.067854407 0.047857534 0.008908798
v -0.067672561 0.047857534 0.008921826
v -0.067418251 0.047857534 0.008939909
v -0.067091747 0.047857534 0.008962898
v -0.066693399 0.047857534 0.008990600
v -0.066223635 0.047857534 0.009022783
v -0.065682956 0.047857534 0.009059181
v -0.065071943 0.047857534 0.009099495
v -0.064391249 0.047857534 0.009143396
v -0.063641603 0.047857534 0.009190529
v -0.062823808 0.047857534 0.009240516
v -0.061938740 0.047857534 0.009292964
v -0.060987346 0.047857534 0.009347463
v -0.059970646 0.047857534 0.009403596
v -0.058889727 0.047857534 0.009460940
v -0.057745748 0.047857534 0.009519073
v -0.056539934 0.047857534 0.009577576
v -0.055273575 0.047857534 0.009636039
v -0.053948027 0.047857534 0.009694065
v -0.052564711 0.047857534 0.009751274
v -0.051125107 0.047857534 0.009807305
v -0.049630757 0.047857534 0.009861824
v -0.048083261 0.047857534 0.009921108
v -0.046484277 0.047857534 0.010007047
v -0.044835515 0.047857534 0.010106579
v -0.043138743 0.047857534 0.010199486
v -0.041395777 0.047857534 0.010224788
v -0.039608483 0.047857534 0.009762431
v -0.037778776 0.047857534 0.009513465
v -0.035908614 0.047857534 0.009512698
v -0.034000000 0.047857534 0.009515418
v -0.032054978 0.047857534 0.009517869
v -0.030075631 0.047857534 0.009520058
v -0.028064078 0.047857534 0.009521989
v -0.026022473 0.047857534 0.009523673
v -0.023953003 0.047857534 0.009525121
v -0.021857884 0.047857534 0.009526348
v -0.019739358 0.047857534 0.009527370
v -0.017599695 0.047857534 0.009528205
v -0.015441186 0.047857534 0.009528870
v -0.013266142 0.047857534 0.009529387
v -0.011076892 0.047857534 0.009529774
v -0.008875781 0.047857534 0.009530051
v -0.006665166 0.047857534 0.009530239
v -0.004447413 0.047857534 0.009530354
v -0.002224898 0.047857534 0.009530414
v 0.000000000 0.047857534 0.009530432
v 0.002224898 0.047857534 0.009530414
v 0.004447413 0.047857534 0.009530354
v 0.006665166 0.047857534 0.009530239
v 0.008875781 0.047857534 0.009530051
v 0.011076892 0.047857534 0.009529774
v 0.013266142 0.047857534 0.009529387
v 0.015441186 0.047857534 0.009528870
v 0.017599695 0.047857534 0.009528205
v 0.019739358 0.047857534 0.009527370
v 0.021857884 0.047857534 0.009526348
v 0.023953003 0.047857534 0.009525121
v 0.026022473 0.047857534 0.009523673
v 0.028064078 0.047857534 0.009521989
v 0.030075631 0.047857534 0.009520058
v 0.032054978 0.047857534 0.009517869
v 0.034000000 0.047857534 0.009515418
v 0.035908614 0.047857534 0.009512698
v 0.037778776 0.047857534 0.009513465
v 0.039608483 0.047857534 0.009762431
v 0.041395777 0.047857534 0.010224788
v 0.043138743 0.047857534 0.010199486
v 0.044835515 0.047857534 0.010106579
v 0.046484277 0.047857534 0.010007047
v 0.048083261 0.047857534 0.009921108
v 0.049630757 0.047857534 0.009861824
v 0.051125107 0.047857534 0.009807305
v 0.052564711 0.047857534 0.009751274
v 0.053948027 0.047857534 0.009694065
v 0.055273575 0.047857534 0.009636039
v 0.056539934 0.047857534 0.009577576
v 0.057745748 0.047857534 0.009519073
v 0.058889727 0.047857534 0.009460940
v 0.059970646 0.047857534 0.009403596
v 0.060987346 0.047857534 0.009347463
v 0.061938740 0.047857534 0.009292964
v 0.062823808 0.047857534 0.009240516
v 0.063641603 0.047857534 0.009190529
v 0.064391249 0.047857534 0.009143396
v 0.065071943 0.047857534 0.009099495
v 0.065682956 0.047857534 0.009059181
v 0.066223635 0.047857534 0.009022783
v 0.066693399 0.047857534 0.008990600
v 0.067091747 0.047857534 0.008962898
v 0.067418251 0.047857534 0.008939909
v 0.067672561 0.047857534 0.008921826
v 0.067854407 0.047857534 0.008908798
v 0.067963592 0.047857534 0.008900938
v 0.068000000 0.047857534 0.008898310
v -0.068000000 0.048845205 0.008897467
v -0.067963592 0.048845205 0.008900093
v -0.067854407 0.048845205 0.008907951
v -0.067672561 0.048845205 0.008920972
v -0.067418251 0.048845205 0.008939048
v -0.067091747 0.048845205 0.008962027
v -0.066693399 0.048845205 0.008989717
v -0.066223635 0.048845205 0.009021886
v -0.065682956 0.048845205 0.009058268
v -0.065071943 0.048845205 0.009098564
v -0.064391249 0.048845205 0.009142445
v -0.063641603 0.048845205 0.009189556
v -0.062823808 0.048845205 0.009239521
v -0.061938740 0.048845205 0.009291944
v -0.060987346 0.048845205 0.009346417
v -0.059970646 0.048845205 0.009402522
v -0.058889727 0.048845205 0.009459838
v -0.057745748 0.048845205 0.009517940
v -0.056539934 0.048845205 0.009576413
v -0.055273575 0.048845205 0.009634844
v -0.053948027 0.048845205 0.009692837
v -0.052564711 0.048845205 0.009750013
v -0.051125107 0.048845205 0.009806011
v -0.049630757 0.048845205 0.009860495
v -0.048083261 0.048845205 0.009919745
v -0.046484277 0.048845205 0.010005651
v -0.044835515 0.048845205 0.010105149
v -0.043138743 0.048845205 0.010198023
v -0.041395777 0.048845205 0.010046023
v -0.039608483 0.048845205 0.009473377
v -0.037778776 0.048845205 0.009430000
v -0.035908614 0.048845205 0.009430000
v -0.034000000 0.048845205 0.009430000
v -0.032054978 0.048845205 0.009430000
v -0.030075631 0.048845205 0.009430000
v -0.028064078 0.048845205 0.009430000
v -0.026022473 0.048845205 0.009430000
v -0.023953003 0.048845205 0.009430000
v -0.021857884 0.048845205 0.009430000
v -0.019739358 0.048845205 0.009430000
v -0.017599695 0.048845205 0.009430000
v -0.015441186 0.048845205 0.009430000
v -0.013266142 0.048845205 0.009430000
v -0.011076892 0.048845205 0.009430000
v -0.008875781 0.048845205 0.009430000
v -0.006665166 0.048845205 0.009430000
v -0.004447413 0.048845205 0.009430000
v -0.002224898 0.048845205 0.009430000
v 0.000000000 0.048845205 0.009430000
v 0.002224898 0.048845205 0.009430000
v 0.004447413 0.048845205 0.009430000
v 0.006665166 0.048845205 0.009430000
v 0.008875781 0.048845205 0.009430000
v 0.011076892 0.048845205 0.009430000
v 0.013266142 0.048845205 0.009430000
v 0.015441186 0.048845205 0.009430000
v 0.017599695 0.048845205 0.009430000
v 0.019739358 0.048845205 0.009430000
v 0.021857884 0.048845205 0.009430000
v 0.023953003 0.048845205 0.009430000
v 0.026022473 0.048845205 0.009430000
v 0.028064078 0.048845205 0.009430000
v 0.030075631 0.048845205 0.009430000
v 0.032054978 0.048845205 0.009430000
v 0.034000000 0.048845205 0.009430000
v 0.035908614 0.048845205 0.009430000
v 0.037778776 0.048845205 0.009430000
v 0.039608483 0.048845205 0.009473377
v 0.041395777 0.048845205 0.010046023
v 0.043138743 0.048845205 0.010198023
v 0.044835515 0.048845205 0.010105149
v 0.046484277 0.048845205 0.010005651
v 0.048083261 0.048845205 0.009919745
v 0.049630757 0.048845205 0.009860495
v 0.051125107 0.048845205 0.009806011
v 0.052564711 0.048845205 0.009750013
v 0.053948027 0.048845205 0.009692837
v 0.055273575 0.048845205 0.009634844
v 0.056539934 0.048845205 0.009576413
v 0.057745748 0.048845205 0.009517940
v 0.058889727 0.048845205 0.009459838
v 0.059970646 0.048845205 0.009402522
v 0.060987346 0.048845205 0.009346417
v 0.061938740 0.048845205 0.009291944
v 0.062823808 0.048845205 0.009239521
v 0.063641603 0.048845205 0.009189556
v 0.064391249 0.048845205 0.009142445
v 0.065071943 0.048845205 0.009098564
v 0.065682956 0.048845205 0.009058268
v 0.066223635 0.048845205 0.009021886
v 0.066693399 0.048845205 0.008989717
v 0.067091747 0.048845205 0.008962027
v 0.067418251 0.048845205 0.008939048
v 0.067672561 0.048845205 0.008920972
v 0.067854407 0.048845205 0.008907951
v 0.067963592 0.048845205 0.008900093
v 0.068000000 0.048845205 0.008897467
v -0.068000000 0.049832877 0.008896411
v -0.067963592 0.049832877 0.008899036
v -0.067854407 0.049832877 0.008906890
v -0.067672561 0.049832877 0.008919905
v -0.067418251 0.049832877 0.008937972
v -0.067091747 0.049832877 0.008960940
v -0.066693399 0.049832877 0.008988615
v -0.066223635 0.049832877 0.009020768
v -0.065682956 0.049832877 0.009057132
v -0.065071943 0.049832877 0.009097407
v -0.064391249 0.049832877 0.009141265
v -0.063641603 0.049832877 0.009188351
v -0.062823808 0.049832877 0.009238289
v -0.061938740 0.049832877 0.009290683
v -0.060987346 0.049832877 0.009345125
v -0.059970646 0.049832877 0.009401198
v -0.058889727 0.049832877 0.009458480
v -0.057745748 0.049832877 0.009516549
v -0.056539934 0.049832877 0.009574985
v -0.055273575 0.049832877 0.009633379
v -0.053948027 0.049832877 0.009691335
v -0.052564711 0.049832877 0.009748472
v -0.051125107 0.049832877 0.009804431
v -0.049630757 0.049832877 0.009858876
v -0.048083261 0.049832877 0.009918087
v -0.046484277 0.049832877 0.010003953
v -0.044835515 0.049832877 0.010103412
v -0.043138743 0.049832877 0.010196247
v -0.041395777 0.049832877 0.009875109
v -0.039608483 0.049832877 0.009430000
v -0.037778776 0.049832877 0.009430000
v -0.035908614 0.049832877 0.009430000
v -0.034000000 0.049832877 0.009430000
v -0.032054978 0.049832877 0.009430000
v -0.030075631 0.049832877 0.009430000
v -0.028064078 0.049832877 0.009430000
v -0.026022473 0.049832877 0.009430000
v -0.023953003 0.049832877 0.009430000
v -0.021857884 0.049832877 0.009430000
v -0.019739358 0.049832877 0.009430000
v -0.017599695 0.049832877 0.009430000
v -0.015441186 0.049832877 0.009430000
v -0.013266142 0.049832877 0.009430000
v -0.011076892 0.049832877 0.009430000
v -0.008875781 0.049832877 0.009430000
v -0.006665166 0.049832877 0.009430000
v -0.004447413 0.049832877 0.009430000
v -0.002224898 0.049832877 0.009430000
v 0.000000000 0.049832877 0.009430000
v 0.002224898 0.049832877 0.009430000
v 0.004447413 0.049832877 0.009430000
v 0.006665166 0.049832877 0.009430000
v 0.008875781 0.049832877 0.009430000
v 0.011076892 0.049832877 0.009430000
v 0.013266142 0.049832877 0.009430000
v 0.015441186 0.049832877 0.009430000
v 0.017599695 0.049832877 0.009430000
v 0.019739358 0.049832877 0.009430000
v 0.021857884 0.049832877 0.009430000
v 0.023953003 0.049832877 0.009430000
v 0.026022473 0.049832877 0.009430000
v 0.028064078 0.049832877 0.009430000
v 0.030075631 0.049832877 0.009430000
v 0.032054978 0.049832877 0.009430000
v 0.034000000 0.049832877 0.009430000
v 0.035908614 0.049832877 0.009430000
v 0.037778776 0.049832877 0.009430000
v 0.039608483 0.049832877 0.009430000
v 0.041395777 0.049832877 0.009875109
v 0.043138743 0.049832877 0.010196247
v 0.044835515 0.049832877 0.010103412
v 0.046484277 0.049832877 0.010003953
v 0.048083261 0.049832877 0.009918087
v 0.049630757 0.049832877 0.009858876
v 0.051125107 0.049832877 0.009804431
v 0.052564711 0.049832877 0.009748472
v 0.053948027 0.049832877 0.009691335
v 0.055273575 0.049832877 0.009633379
v 0.056539934 0.049832877 0.009574985
v 0.057745748 0.049832877 0.009516549
v 0.058889727 0.049832877 0.009458480
v 0.059970646 0.049832877 0.009401198
v 0.060987346 0.049832877 0.009345125
v 0.061938740 0.049832877 0.009290683
v 0.062823808 0.049832877 0.009238289
v 0.063641603 0.049832877 0.009188351
v 0.064391249 0.049832877 0.009141265
v 0.065071943 0.049832877 0.009097407
v 0.065682956 0.049832877 0.009057132
v 0.066223635 0.049832877 0.009020768
v 0.066693399 0.049832877 0.008988615
v 0.067091747 0.049832877 0.008960940
v 0.067418251 0.049832877 0.008937972
v 0.067672561 0.049832877 0.008919905
v 0.067854407 0.049832877 0.008906890
v 0.067963592 0.049832877 0.008899036
v 0.068000000 0.049832877 0.008896411
v -0.068000000 0.050820548 0.008895128
v -0.067963592 0.050820548 0.008897752
v -0.067854407 0.050820548 0.008905600
v -0.067672561 0.050820548 0.008918608
v -0.067418251 0.050820548 0.008936665
v -0.067091747 0.050820548 0.008959620
v -0.066693399 0.050820548 0.008987280
v -0.066223635 0.050820548 0.009019414
v -0.065682956 0.050820548 0.009055756
v -0.065071943 0.050820548 0.009096008
v -0.064391249 0.050820548 0.009139840
v -0.063641603 0.050820548 0.009186897
v -0.062823808 0.050820548 0.009236804
v -0.061938740 0.050820548 0.009289165
v -0.060987346 0.050820548 0.009343573
v -0.059970646 0.050820548 0.009399610
v -0.058889727 0.050820548 0.009456854
v -0.057745748 0.050820548 0.009514882
v -0.056539934 0.050820548 0.009573278
v -0.055273575 0.050820548 0.009631630
v -0.053948027 0.050820548 0.009689543
v -0.052564711 0.050820548 0.009746636
v -0.051125107 0.050820548 0.009802550
v -0.049630757 0.050820548 0.009856951
v -0.048083261 0.050820548 0.009916117
v -0.046484277 0.050820548 0.010001939
v -0.044835515 0.050820548 0.010101353
v -0.043138743 0.050820548 0.010194143
v -0.041395777 0.050820548 0.009797405
v -0.039608483 0.050820548 0.009430000
v -0.037778776 0.050820548 0.009430000
v -0.035908614 0.050820548 0.009430000
v -0.034000000 0.050820548 0.009430000
v -0.032054978 0.050820548 0.009430000
v -0.030075631 0.050820548 0.009430000
v -0.028064078 0.050820548 0.009430000
v -0.026022473 0.050820548 0.009430000
v -0.023953003 0.050820548 0.009430000
v -0.021857884 0.050820548 0.009430000
v -0.019739358 0.050820548 0.009430000
v -0.017599695 0.050820548 0.009430000
v -0.015441186 0.050820548 0.009430000
v -0.013266142 0.050820548 0.009430000
v -0.011076892 0.050820548 0.009430000
v -0.008875781 0.050820548 0.009430000
v -0.006665166 0.050820548 0.009430000
v -0.004447413 0.050820548 0.009430000
v -0.002224898 0.050820548 0.009430000
v 0.000000000 0.050820548 0.009430000
v 0.002224898 0.050820548 0.009430000
v 0.004447413 0.050820548 0.009430000
v 0.006665166 0.050820548 0.009430000
v 0.008875781 0.050820548 0.009430000
v 0.011076892 0.050820548 0.009430000
v 0.013266142 0.050820548 0.009430000
v 0.015441186 0.050820548 0.009430000
v 0.017599695 0.050820548 0.009430000
v 0.019739358 0.050820548 0.009430000
v 0.021857884 0.050820548 0.009430000
v 0.023953003 0.050820548 0.009430000
v 0.026022473 0.050820548 0.009430000
v 0.028064078 0.050820548 0.009430000
v 0.030075631 0.050820548 0.009430000
v 0.032054978 0.050820548 0.009430000
v 0.034000000 0.050820548 0.009430000
v 0.035908614 0.050820548 0.009430000
v 0.037778776 0.050820548 0.009430000
v 0.039608483 0.050820548 0.009430000
v 0.041395777 0.050820548 0.009797405
v 0.043138743 0.050820548 0.010194143
v 0.044835515 0.050820548 0.010101353
v 0.046484277 0.050820548 0.010001939
v 0.048083261 0.050820548 0.009916117
v 0.049630757 0.050820548 0.009856951
v 0.051125107 0.050820548 0.009802550
v 0.052564711 0.050820548 0.009746636
v 0.053948027 0.050820548 0.009689543
v 0.055273575 0.050820548 0.009631630
v 0.056539934 0.050820548 0.009573278
v 0.057745748 0.050820548 0.009514882
v 0.058889727 0.050820548 0.009456854
v 0.059970646 0.050820548 0.009399610
v 0.060987346 0.050820548 0.009343573
v 0.061938740 0.050820548 0.009289165
v 0.062823808 0.050820548 0.009236804
v 0.063641603 0.050820548 0.009186897
v 0.064391249 0.050820548 0.009139840
v 0.065071943 0.050820548 0.009096008
v 0.065682956 0.050820548 0.009055756
v 0.066223635 0.050820548 0.009019414
v 0.066693399 0.050820548 0.008987280
v 0.067091747 0.050820548 0.008959620
v 0.067418251 0.050820548 0.008936665
v 0.067672561 0.050820548 0.008918608
v 0.067854407 0.050820548 0.008905600
v 0.067963592 0.050820548 0.008897752
v 0.068000000 0.050820548 0.008895128
v -0.068000000 0.051808219 0.008893602
v -0.067963592 0.051808219 0.008896225
v -0.067854407 0.051808219 0.008904068
v -0.067672561 0.051808219 0.008917068
v -0.067418251 0.051808219 0.008935114
v -0.067091747 0.051808219 0.008958054
v -0.066693399 0.051808219 0.008985696
v -0.066223635 0.051808219 0.009017809
v -0.065682956 0.051808219 0.009054128
v -0.065071943 0.051808219 0.009094353
v -0.064391249 0.051808219 0.009138155
v -0.063641603 0.051808219 0.009185181
v -0.062823808 0.051808219 0.009235053
v -0.061938740 0.051808219 0.009287378
v -0.060987346 0.051808219 0.009341746
v -0.059970646 0.051808219 0.009397742
v -0.058889727 0.051808219 0.009454943
v -0.057745748 0.051808219 0.009512927
v -0.056539934 0.051808219 0.009571277
v -0.055273575 0.051808219 0.009629582
v -0.053948027 0.051808219 0.009687446
v -0.052564711 0.051808219 0.009744490
v -0.051125107 0.051808219 0.009800355
v -0.049630757 0.051808219 0.009854706
v -0.048083261 0.051808219 0.009913821
v -0.046484277 0.051808219 0.009999592
v -0.044835515 0.051808219 0.010098956
v -0.043138743 0.051808219 0.010191697
v -0.041395777 0.051808219 0.009794416
v -0.039608483 0.051808219 0.009430000
v -0.037778776 0.051808219 0.009430000
v -0.035908614 0.051808219 0.009430000
v -0.034000000 0.051808219 0.009430000
v -0.032054978 0.051808219 0.009430000
v -0.030075631 0.051808219 0.009430000
v -0.028064078 0.051808219 0.009430000
v -0.026022473 0.051808219 0.009430000
v -0.023953003 0.051808219 0.009430000
v -0.021857884 0.051808219 0.009430000
v -0.019739358 0.051808219 0.009430000
v -0.017599695 0.051808219 0.009430000
v -0.015441186 0.051808219 0.009430000
v -0.013266142 0.051808219 0.009430000
v -0.011076892 0.051808219 0.009430000
v -0.008875781 0.051808219 0.009430000
v -0.006665166 0.051808219 0.009430000
v -0.004447413 0.051808219 0.009430000
v -0.002224898 0.051808219 0.009430000
v 0.000000000 0.051808219 0.009430000
v 0.002224898 0.051808219 0.009430000
v 0.004447413 0.051808219 0.009430000
v 0.006665166 0.051808219 0.009430000
v 0.008875781 0.051808219 0.009430000
v 0.011076892 0.051808219 0.009430000
v 0.013266142 0.051808219 0.009430000
v 0.015441186 0.051808219 0.009430000
v 0.017599695 0.051808219 0.009430000
v 0.019739358 0.051808219 0.009430000
v 0.021857884 0.051808219 0.009430000
v 0.023953003 0.051808219 0.009430000
v 0.026022473 0.051808219 0.009430000
v 0.028064078 0.051808219 0.009430000
v 0.030075631 0.051808219 0.009430000
v 0.032054978 0.051808219 0.009430000
v 0.034000000 0.051808219 0.009430000
v 0.035908614 0.051808219 0.009430000
v 0.037778776 0.051808219 0.009430000
v 0.039608483 0.051808219 0.009430000
v 0.041395777 0.051808219 0.009794416
v 0.043138743 0.051808219 0.010191697
v 0.044835515 0.051808219 0.010098956
v 0.046484277 0.051808219 0.009999592
v 0.048083261 0.051808219 0.009913821
v 0.049630757 0.051808219 0.009854706
v 0.051125107 0.051808219 0.009800355
v 0.052564711 0.051808219 0.009744490
v 0.053948027 0.051808219 0.009687446
v 0.055273575 0.051808219 0.009629582
v 0.056539934 0.051808219 0.009571277
v 0.057745748 0.051808219 0.009512927
v 0.058889727 0.051808219 0.009454943
v 0.059970646 0.051808219 0.009397742
v 0.060987346 0.051808219 0.009341746
v 0.061938740 0.051808219 0.009287378
v 0.062823808 0.051808219 0.009235053
v 0.063641603 0.051808219 0.009185181
v 0.064391249 0.051808219 0.009138155
v 0.065071943 0.051808219 0.009094353
v 0.065682956 0.051808219 0.009054128
v 0.066223635 0.051808219 0.009017809
v 0.066693399 0.051808219 0.008985696
v 0.067091747 0.051808219 0.008958054
v 0.067418251 0.051808219 0.008935114
v 0.067672561 0.051808219 0.008917068
v 0.067854407 0.051808219 0.008904068
v 0.067963592 0.051808219 0.008896225
v 0.068000000 0.051808219 0.008893602
v -0.068000000 0.052795890 0.008891822
v -0.067963592 0.052795890 0.008894442
v -0.067854407 0.052795890 0.008902280
v -0.067672561 0.052795890 0.008915271
v -0.067418251 0.052795890 0.008933304
v -0.067091747 0.052795890 0.008956227
v -0.066693399 0.052795890 0.008983850
v -0.066223635 0.052795890 0.009015940
v -0.065682956 0.052795890 0.009052232
v -0.065071943 0.052795890 0.009092428
v -0.064391249 0.052795890 0.009136198
v -0.063641603 0.052795890 0.009183188
v -0.062823808 0.052795890 0.009233022
v -0.061938740 0.052795890 0.009285306
v -0.060987346 0.052795890 0.009339631
v -0.059970646 0.052795890 0.009395582
v -0.058889727 0.052795890 0.009452735
v -0.057745748 0.052795890 0.009510670
v -0.056539934 0.052795890 0.009568968
v -0.055273575 0.052795890 0.009627221
v -0.053948027 0.052795890 0.009685032
v -0.052564711 0.052795890 0.009742022
v -0.051125107 0.052795890 0.009797832
v -0.049630757 0.052795890 0.009852126
v -0.048083261 0.052795890 0.009911186
v -0.046484277 0.052795890 0.009996901
v -0.044835515 0.052795890 0.010096210
v -0.043138743 0.052795890 0.010188895
v -0.041395777 0.052795890 0.009793153
v -0.039608483 0.052795890 0.009430000
v -0.037778776 0.052795890 0.009430000
v -0.035908614 0.052795890 0.009430000
v -0.034000000 0.052795890 0.009430000
v -0.032054978 0.052795890 0.009430000
v -0.030075631 0.052795890 0.009430000
v -0.028064078 0.052795890 0.009430000
v -0.026022473 0.052795890 0.009430000
v -0.023953003 0.052795890 0.009430000
v -0.021857884 0.052795890 0.009430000
v -0.019739358 0.052795890 0.009430000
v -0.017599695 0.052795890 0.009430000
v -0.015441186 0.052795890 0.009430000
v -0.013266142 0.052795890 0.009430000
v -0.011076892 0.052795890 0.009430000
v -0.008875781 0.052795890 0.009430000
v -0.006665166 0.052795890 0.009430000
v -0.004447413 0.052795890 0.009430000
v -0.002224898 0.052795890 0.009430000
v 0.000000000 0.052795890 0.009430000
v 0.002224898 0.052795890 0.009430000
v 0.004447413 0.052795890 0.009430000
v 0.006665166 0.052795890 0.009430000
v 0.008875781 0.052795890 0.009430000
v 0.011076892 0.052795890 0.009430000
v 0.013266142 0.052795890 0.009430000
v 0.015441186 0.052795890 0.009430000
v 0.017599695 0.052795890 0.009430000
v 0.019739358 0.052795890 0.009430000
v 0.021857884 0.052795890 0.009430000
v 0.023953003 0.052795890 0.009430000
v 0.026022473 0.052795890 0.009430000
v 0.028064078 0.052795890 0.009430000
v 0.030075631 0.052795890 0.009430000
v 0.032054978 0.052795890 0.009430000
v 0.034000000 0.052795890 0.009430000
v 0.035908614 0.052795890 0.009430000
v 0.037778776 0.052795890 0.009430000
v 0.039608483 0.052795890 0.009430000
v 0.041395777 0.052795890 0.009793153
v 0.043138743 0.052795890 0.010188895
v 0.044835515 0.052795890 0.010096210
v 0.046484277 0.052795890 0.009996901
v 0.048083261 0.052795890 0.009911186
v 0.049630757 0.052795890 0.009852126
v 0.051125107 0.052795890 0.009797832
v 0.052564711 0.052795890 0.009742022
v 0.053948027 0.052795890 0.009685032
v 0.055273575 0.052795890 0.009627221
v 0.056539934 0.052795890 0.009568968
v 0.057745748 0.052795890 0.009510670
v 0.058889727 0.052795890 0.009452735
v 0.059970646 0.052795890 0.009395582
v 0.060987346 0.052795890 0.009339631
v 0.061938740 0.052795890 0.009285306
v 0.062823808 0.052795890 0.009233022
v 0.063641603 0.052795890 0.009183188
v 0.064391249 0.052795890 0.009136198
v 0.065071943 0.052795890 0.009092428
v 0.065682956 0.052795890 0.009052232
v 0.066223635 0.052795890 0.009015940
v 0.066693399 0.052795890 0.008983850
v 0.067091747 0.052795890 0.008956227
v 0.067418251 0.052795890 0.008933304
v 0.067672561 0.052795890 0.008915271
v 0.067854407 0.052795890 0.008902280
v 0.067963592 0.052795890 0.008894442
v 0.068000000 0.052795890 0.008891822
v -0.068000000 0.053783562 0.008889772
v -0.067963592 0.053783562 0.008892390
v -0.067854407 0.053783562 0.008900223
v -0.067672561 0.053783562 0.008913203
v -0.067418251 0.053783562 0.008931222
v -0.067091747 0.053783562 0.008954128
v -0.066693399 0.053783562 0.008981729
v -0.066223635 0.053783562 0.009013794
v -0.065682956 0.053783562 0.009050057
v -0.065071943 0.053783562 0.009090220
v -0.064391249 0.053783562 0.009133955
v -0.063641603 0.053783562 0.009180906
v -0.062823808 0.053783562 0.009230698
v -0.061938740 0.053783562 0.009282937
v -0.060987346 0.053783562 0.009337215
v -0.059970646 0.053783562 0.009393115
v -0.058889727 0.053783562 0.009450217
v -0.057745748 0.053783562 0.009508097
v -0.056539934 0.053783562 0.009566340
v -0.055273575 0.053783562 0.009624535
v -0.053948027 0.053783562 0.009682287
v -0.052564711 0.053783562 0.009739217
v -0.051125107 0.053783562 0.009794966
v -0.049630757 0.053783562 0.009849200
v -0.048083261 0.053783562 0.009908199
v -0.046484277 0.053783562 0.009993852
v -0.044835515 0.053783562 0.010093100
v -0.043138743 0.053783562 0.010185724
v -0.041395777 0.053783562 0.009791724
v -0.039608483 0.053783562 0.009430000
v -0.037778776 0.053783562 0.009430000
v -0.035908614 0.053783562 0.009430000
v -0.034000000 0.053783562 0.009430000
v -0.032054978 0.053783562 0.009430000
v -0.030075631 0.053783562 0.009430000
v -0.028064078 0.053783562 0.009430000
v -0.026022473 0.053783562 0.009430000
v -0.023953003 0.053783562 0.009430000
v -0.021857884 0.053783562 0.009430000
v -0.019739358 0.053783562 0.009430000
v -0.017599695 0.053783562 0.009430000
v -0.015441186 0.053783562 0.009430000
v -0.013266142 0.053783562 0.009430000
v -0.011076892 0.053783562 0.009430000
v -0.008875781 0.053783562 0.009430000
v -0.006665166 0.053783562 0.009430000
v -0.004447413 0.053783562 0.009430000
v -0.002224898 0.053783562 0.009430000
v 0.000000000 0.053783562 0.009430000
v 0.002224898 0.053783562 0.009430000
v 0.004447413 0.053783562 0.009430000
v 0.006665166 0.053783562 0.009430000
v 0.008875781 0.053783562 0.009430000
v 0.011076892 0.053783562 0.009430000
v 0.013266142 0.053783562 0.009430000
v 0.015441186 0.053783562 0.009430000
v 0.017599695 0.053783562 0.009430000
v 0.019739358 0.053783562 0.009430000
v 0.021857884 0.053783562 0.009430000
v 0.023953003 0.053783562 0.009430000
v 0.026022473 0.053783562 0.009430000
v 0.028064078 0.053783562 0.009430000
v 0.030075631 0.053783562 0.009430000
v 0.032054978 0.053783562 0.009430000
v 0.034000000 0.053783562 0.009430000
v 0.035908614 0.053783562 0.009430000
v 0.037778776 0.053783562 0.009430000
v 0.039608483 0.053783562 0.009430000
v 0.041395777 0.053783562 0.009791724
v 0.043138743 0.053783562 0.010185724
v 0.044835515 0.053783562 0.010093100
v 0.046484277 0.053783562 0.009993852
v 0.048083261 0.053783562 0.009908199
v 0.049630757 0.053783562 0.009849200
v 0.051125107 0.053783562 0.009794966
v 0.052564711 0.053783562 0.009739217
v 0.053948027 0.053783562 0.009682287
v 0.055273575 0.053783562 0.009624535
v 0.056539934 0.053783562 0.009566340
v 0.057745748 0.053783562 0.009508097
v 0.058889727 0.053783562 0.009450217
v 0.059970646 0.053783562 0.009393115
v 0.060987346 0.053783562 0.009337215
v 0.061938740 0.053783562 0.009282937
v 0.062823808 0.053783562 0.009230698
v 0.063641603 0.053783562 0.009180906
v 0.064391249 0.053783562 0.009133955
v 0.065071943 0.053783562 0.009090220
v 0.065682956 0.053783562 0.009050057
v 0.066223635 0.053783562 0.009013794
v 0.066693399 0.053783562 0.008981729
v 0.067091747 0.053783562 0.008954128
v 0.067418251 0.053783562 0.008931222
v 0.067672561 0.053783562 0.008913203
v 0.067854407 0.053783562 0.008900223
v 0.067963592 0.053783562 0.008892390
v 0.068000000 0.053783562 0.008889772
v -0.068000000 0.054771233 0.008887442
v -0.067963592 0.054771233 0.008890058
v -0.067854407 0.054771233 0.008897884
v -0.067672561 0.054771233 0.008910854
v -0.067418251 0.054771233 0.008928857
v -0.067091747 0.054771233 0.008951744
v -0.066693399 0.054771233 0.008979321
v -0.066223635 0.054771233 0.009011358
v -0.065682956 0.054771233 0.009047590
v -0.065071943 0.054771233 0.009087718
v -0.064391249 0.054771233 0.009131413
v -0.063641603 0.054771233 0.009178322
v -0.062823808 0.054771233 0.009228068
v -0.061938740 0.054771233 0.009280258
v -0.060987346 0.054771233 0.009334485
v -0.059970646 0.054771233 0.009390331
v -0.058889727 0.054771233 0.009447376
v -0.057745748 0.054771233 0.009505197
v -0.056539934 0.054771233 0.009563379
v -0.055273575 0.054771233 0.009621512
v -0.053948027 0.054771233 0.009679200
v -0.052564711 0.054771233 0.009736065
v -0.051125107 0.054771233 0.009791748
v -0.049630757 0.054771233 0.009845915
v -0.048083261 0.054771233 0.009904846
v -0.046484277 0.054771233 0.009990433
v -0.044835515 0.054771233 0.010089614
v -0.043138743 0.054771233 0.010182173
v -0.041395777 0.054771233 0.009790125
v -0.039608483 0.054771233 0.009430000
v -0.037778776 0.054771233 0.009430000
v -0.035908614 0.054771233 0.009430000
v -0.034000000 0.054771233 0.009430000
v -0.032054978 0.054771233 0.009430000
v -0.030075631 0.054771233 0.009430000
v -0.028064078 0.054771233 0.009430000
v -0.026022473 0.054771233 0.009430000
v -0.023953003 0.054771233 0.009430000
v -0.021857884 0.054771233 0.009430000
v -0.019739358 0.054771233 0.009430000
v -0.017599695 0.054771233 0.009430000
v -0.015441186 0.054771233 0.009430000
v -0.013266142 0.054771233 0.009430000
v -0.011076892 0.054771233 0.009430000
v -0.008875781 0.054771233 0.009430000
v -0.006665166 0.054771233 0.009430000
v -0.004447413 0.054771233 0.009430000
v -0.002224898 0.054771233 0.009430000
v 0.000000000 0.054771233 0.009430000
v 0.002224898 0.054771233 0.009430000
v 0.004447413 0.054771233 0.009430000
v 0.006665166 0.054771233 0.009430000
v 0.008875781 0.054771233 0.009430000
v 0.011076892 0.054771233 0.009430000
v 0.013266142 0.054771233 0.009430000
v 0.015441186 0.054771233 0.009430000
v 0.017599695 0.054771233 0.009430000
v 0.019739358 0.054771233 0.009430000
v 0.021857884 0.054771233 0.009430000
v 0.023953003 0.054771233 0.009430000
v 0.026022473 0.054771233 0.009430000
v 0.028064078 0.054771233 0.009430000
v 0.030075631 0.054771233 0.009430000
v 0.032054978 0.054771233 0.009430000
v 0.034000000 0.054771233 0.009430000
v 0.035908614 0.054771233 0.009430000
v 0.037778776 0.054771233 0.009430000
v 0.039608483 0.054771233 0.009430000
v 0.041395777 0.054771233 0.009790125
v 0.043138743 0.054771233 0.010182173
v 0.044835515 0.054771233 0.010089614
v 0.046484277 0.054771233 0.009990433
v 0.048083261 0.054771233 0.009904846
v 0.049630757 0.054771233 0.009845915
v 0.051125107 0.054771233 0.009791748
v 0.052564711 0.054771233 0.009736065
v 0.053948027 0.054771233 0.009679200
v 0.055273575 0.054771233 0.009621512
v 0.056539934 0.054771233 0.009563379
v 0.057745748 0.054771233 0.009505197
v 0.058889727 0.054771233 0.009447376
v 0.059970646 0.054771233 0.009390331
v 0.060987346 0.054771233 0.009334485
v 0.061938740 0.054771233 0.009280258
v 0.062823808 0.054771233 0.009228068
v 0.063641603 0.054771233 0.009178322
v 0.064391249 0.054771233 0.009131413
v 0.065071943 0.054771233 0.009087718
v 0.065682956 0.054771233 0.009047590
v 0.066223635 0.054771233 0.009011358
v 0.066693399 0.054771233 0.008979321
v 0.067091747 0.054771233 0.008951744
v 0.067418251 0.054771233 0.008928857
v 0.067672561 0.054771233 0.008910854
v 0.067854407 0.054771233 0.008897884
v 0.067963592 0.054771233 0.008890058
v 0.068000000 0.054771233 0.008887442
v -0.068000000 0.055758904 0.008884819
v -0.067963592 0.055758904 0.008887433
v -0.067854407 0.055758904 0.008895252
v -0.067672561 0.055758904 0.008908210
v -0.067418251 0.055758904 0.008926197
v -0.067091747 0.055758904 0.008949063
v -0.066693399 0.055758904 0.008976614
v -0.066223635 0.055758904 0.009008622
v -0.065682956 0.055758904 0.009044820
v -0.065071943 0.055758904 0.009084909
v -0.064391249 0.055758904 0.009128562
v -0.063641603 0.055758904 0.009175425
v -0.062823808 0.055758904 0.009225122
v -0.061938740 0.055758904 0.009277259
v -0.060987346 0.055758904 0.009331430
v -0.059970646 0.055758904 0.009387217
v -0.058889727 0.055758904 0.009444200
v -0.057745748 0.055758904 0.009501958
v -0.056539934 0.055758904 0.009560074
v -0.055273575 0.055758904 0.009618139
v -0.053948027 0.055758904 0.009675758
v -0.052564711 0.055758904 0.009732552
v -0.051125107 0.055758904 0.009788164
v -0.049630757 0.055758904 0.009842259
v -0.048083261 0.055758904 0.009901118
v -0.046484277 0.055758904 0.009986633
v -0.044835515 0.055758904 0.010085741
v -0.043138743 0.055758904 0.010178229
v -0.041395777 0.055758904 0.009788350
v -0.039608483 0.055758904 0.009430000
v -0.037778776 0.055758904 0.009430000
v -0.035908614 0.055758904 0.009430000
v -0.034000000 0.055758904 0.009430000
v -0.032054978 0.055758904 0.009430000
v -0.030075631 0.055758904 0.009430000
v -0.028064078 0.055758904 0.009430000
v -0.026022473 0.055758904 0.009430000
v -0.023953003 0.055758904 0.009430000
v -0.021857884 0.055758904 0.009430000
v -0.019739358 0.055758904 0.009430000
v -0.017599695 0.055758904 0.009430000
v -0.015441186 0.055758904 0.009430000
v -0.013266142 0.055758904 0.009430000
v -0.011076892 0.055758904 0.009430000
v -0.008875781 0.055758904 0.009430000
v -0.006665166 0.055758904 0.009430000
v -0.004447413 0.055758904 0.009430000
v -0.002224898 0.055758904 0.009430000
v 0.000000000 0.055758904 0.009430000
v 0.002224898 0.055758904 0.009430000
v 0.004447413 0.055758904 0.009430000
v 0.006665166 0.055758904 0.009430000
v 0.008875781 0.055758904 0.009430000
v 0.011076892 0.055758904 0.009430000
v 0.013266142 0.055758904 0.009430000
v 0.015441186 0.055758904 0.009430000
v 0.017599695 0.055758904 0.009430000
v 0.019739358 0.055758904 0.009430000
v 0.021857884 0.055758904 0.009430000
v 0.023953003 0.055758904 0.009430000
v 0.026022473 0.055758904 0.009430000
v 0.028064078 0.055758904 0.009430000
v 0.030075631 0.055758904 0.009430000
v 0.032054978 0.055758904 0.009430000
v 0.034000000 0.055758904 0.009430000
v 0.035908614 0.055758904 0.009430000
v 0.037778776 0.055758904 0.009430000
v 0.039608483 0.055758904 0.009430000
v 0.041395777 0.055758904 0.009788350
v 0.043138743 0.055758904 0.010178229
v 0.044835515 0.055758904 0.010085741
v 0.046484277 0.055758904 0.009986633
v 0.048083261 0.055758904 0.009901118
v 0.049630757 0.055758904 0.009842259
v 0.051125107 0.055758904 0.009788164
v 0.052564711 0.055758904 0.009732552
v 0.053948027 0.055758904 0.009675758
v 0.055273575 0.055758904 0.009618139
v 0.056539934 0.055758904 0.009560074
v 0.057745748 0.055758904 0.009501958
v 0.058889727 0.055758904 0.009444200
v 0.059970646 0.055758904 0.009387217
v 0.060987346 0.055758904 0.009331430
v 0.061938740 0.055758904 0.009277259
v 0.062823808 0.055758904 0.009225122
v 0.063641603 0.055758904 0.009175425
v 0.064391249 0.055758904 0.009128562
v 0.065071943 0.055758904 0.009084909
v 0.065682956 0.055758904 0.009044820
v 0.066223635 0.055758904 0.009008622
v 0.066693399 0.055758904 0.008976614
v 0.067091747 0.055758904 0.008949063
v 0.067418251 0.055758904 0.008926197
v 0.067672561 0.055758904 0.008908210
v 0.067854407 0.055758904 0.008895252
v 0.067963592 0.055758904 0.008887433
v 0.068000000 0.055758904 0.008884819
v -0.068000000 0.056746575 0.008881893
v -0.067963592 0.056746575 0.008884504
v -0.067854407 0.056746575 0.008892315
v -0.067672561 0.056746575 0.008905260
v -0.067418251 0.056746575 0.008923230
v -0.067091747 0.056746575 0.008946073
v -0.066693399 0.056746575 0.008973597
v -0.066223635 0.056746575 0.009005573
v -0.065682956 0.056746575 0.009041734
v -0.065071943 0.056746575 0.009081782
v -0.064391249 0.056746575 0.009125390
v -0.063641603 0.056746575 0.009172203
v -0.062823808 0.056746575 0.009221847
v -0.061938740 0.056746575 0.009273927
v -0.060987346 0.056746575 0.009328038
v -0.059970646 0.056746575 0.009383762
v -0.058889727 0.056746575 0.009440679
v -0.057745748 0.056746575 0.009498368
v -0.056539934 0.056746575 0.009556413
v -0.055273575 0.056746575 0.009614405
v -0.053948027 0.056746575 0.009671949
v -0.052564711 0.056746575 0.009728668
v -0.051125107 0.056746575 0.009784203
v -0.049630757 0.056746575 0.009838221
v -0.048083261 0.056746575 0.009897002
v -0.046484277 0.056746575 0.009982439
v -0.044835515 0.056746575 0.010081470
v -0.043138743 0.056746575 0.010173881
v -0.041395777 0.056746575 0.009786393
v -0.039608483 0.056746575 0.009430000
v -0.037778776 0.056746575 0.009430000
v -0.035908614 0.056746575 0.009430000
v -0.034000000 0.056746575 0.009430000
v -0.032054978 0.056746575 0.009430000
v -0.030075631 0.056746575 0.009430000
v -0.028064078 0.056746575 0.009430000
v -0.026022473 0.056746575 0.009430000
v -0.023953003 0.056746575 0.009430000
v -0.021857884 0.056746575 0.009430000
v -0.019739358 0.056746575 0.009430000
v -0.017599695 0.056746575 0.009430000
v -0.015441186 0.056746575 0.009430000
v -0.013266142 0.056746575 0.009430000
v -0.011076892 0.056746575 0.009430000
v -0.008875781 0.056746575 0.009430000
v -0.006665166 0.056746575 0.009430000
v -0.004447413 0.056746575 0.009430000
v -0.002224898 0.056746575 0.009430000
v 0.000000000 0.056746575 0.009430000
v 0.002224898 0.056746575 0.009430000
v 0.004447413 0.056746575 0.009430000
v 0.006665166 0.056746575 0.009430000
v 0.008875781 0.056746575 0.009430000
v 0.011076892 0.056746575 0.009430000
v 0.013266142 0.056746575 0.009430000
v 0.015441186 0.056746575 0.009430000
v 0.017599695 0.056746575 0.009430000
v 0.019739358 0.056746575 0.009430000
v 0.021857884 0.056746575 0.009430000
v 0.023953003 0.056746575 0.009430000
v 0.026022473 0.056746575 0.009430000
v 0.028064078 0.056746575 0.009430000
v 0.030075631 0.056746575 0.009430000
v 0.032054978 0.056746575 0.009430000
v 0.034000000 0.056746575 0.009430000
v 0.035908614 0.056746575 0.009430000
v 0.037778776 0.056746575 0.009430000
v 0.039608483 0.056746575 0.009430000
v 0.041395777 0.056746575 0.009786393
v 0.043138743 0.056746575 0.010173881
v 0.044835515 0.056746575 0.010081470
v 0.046484277 0.056746575 0.009982439
v 0.048083261 0.056746575 0.009897002
v 0.049630757 0.056746575 0.009838221
v 0.051125107 0.056746575 0.009784203
v 0.052564711 0.056746575 0.009728668
v 0.053948027 0.056746575 0.009671949
v 0.055273575 0.056746575 0.009614405
v 0.056539934 0.056746575 0.009556413
v 0.057745748 0.056746575 0.009498368
v 0.058889727 0.056746575 0.009440679
v 0.059970646 0.056746575 0.009383762
v 0.060987346 0.056746575 0.009328038
v 0.061938740 0.056746575 0.009273927
v 0.062823808 0.056746575 0.009221847
v 0.063641603 0.056746575 0.009172203
v 0.064391249 0.056746575 0.009125390
v 0.065071943 0.056746575 0.009081782
v 0.065682956 0.056746575 0.009041734
v 0.066223635 0.056746575 0.009005573
v 0.066693399 0.056746575 0.008973597
v 0.067091747 0.056746575 0.008946073
v 0.067418251 0.056746575 0.008923230
v 0.067672561 0.056746575 0.008905260
v 0.067854407 0.056746575 0.008892315
v 0.067963592 0.056746575 0.008884504
v 0.068000000 0.056746575 0.008881893
v -0.068000000 0.057734247 0.008878652
v -0.067963592 0.057734247 0.008881260
v -0.067854407 0.057734247 0.008889063
v -0.067672561 0.057734247 0.008901995
v -0.067418251 0.057734247 0.008919946
v -0.067091747 0.057734247 0.008942764
v -0.066693399 0.057734247 0.008970259
v -0.066223635 0.057734247 0.009002200
v -0.065682956 0.057734247 0.009038322
v -0.065071943 0.057734247 0.009078326
v -0.064391249 0.057734247 0.009121886
v -0.063641603 0.057734247 0.009168646
v -0.062823808 0.057734247 0.009218233
v -0.061938740 0.057734247 0.009270252
v -0.060987346 0.057734247 0.009324298
v -0.059970646 0.057734247 0.009379955
v -0.058889727 0.057734247 0.009436801
v -0.057745748 0.057734247 0.009494417
v -0.056539934 0.057734247 0.009552385
v -0.055273575 0.057734247 0.009610299
v -0.053948027 0.057734247 0.009667764
v -0.052564711 0.057734247 0.009724402
v -0.051125107 0.057734247 0.009779854
v -0.049630757 0.057734247 0.009833789
v -0.048083261 0.057734247 0.009892487
v -0.046484277 0.057734247 0.009977841
v -0.044835515 0.057734247 0.010076789
v -0.043138743 0.057734247 0.010169117
v -0.041395777 0.057734247 0.009784251
v -0.039608483 0.057734247 0.009430000
v -0.037778776 0.057734247 0.009430000
v -0.035908614 0.057734247 0.009430000
v -0.034000000 0.057734247 0.009430000
v -0.032054978 0.057734247 0.009430000
v -0.030075631 0.057734247 0.009430000
v -0.028064078 0.057734247 0.009430000
v -0.026022473 0.057734247 0.009430000
v -0.023953003 0.057734247 0.009430000
v -0.021857884 0.057734247 0.009430000
v -0.019739358 0.057734247 0.009430000
v -0.017599695 0.057734247 0.009430000
v -0.015441186 0.057734247 0.009430000
v -0.013266142 0.057734247 0.009430000
v -0.011076892 0.057734247 0.009430000
v -0.008875781 0.057734247 0.009430000
v -0.006665166 0.057734247 0.009430000
v -0.004447413 0.057734247 0.009430000
v -0.002224898 0.057734247 0.009430000
v 0.000000000 0.057734247 0.009430000
v 0.002224898 0.057734247 0.009430000
v 0.004447413 0.057734247 0.009430000
v 0.006665166 0.057734247 0.009430000
v 0.008875781 0.057734247 0.009430000
v 0.011076892 0.057734247 0.009430000
v 0.013266142 0.057734247 0.009430000
v 0.015441186 0.057734247 0.009430000
v 0.017599695 0.057734247 0.009430000
v 0.019739358 0.057734247 0.009430000
v 0.021857884 0.057734247 0.009430000
v 0.023953003 0.057734247 0.009430000
v 0.026022473 0.057734247 0.009430000
v 0.028064078 0.057734247 0.009430000
v 0.030075631 0.057734247 0.009430000
v 0.032054978 0.057734247 0.009430000
v 0.034000000 0.057734247 0.009430000
v 0.035908614 0.057734247 0.009430000
v 0.037778776 0.057734247 0.009430000
v 0.039608483 0.057734247 0.009430000
v 0.041395777 0.057734247 0.009784251
v 0.043138743 0.057734247 0.010169117
v 0.044835515 0.057734247 0.010076789
v 0.046484277 0.057734247 0.009977841
v 0.048083261 0.057734247 0.009892487
v 0.049630757 0.057734247 0.009833789
v 0.051125107 0.057734247 0.009779854
v 0.052564711 0.057734247 0.009724402
v 0.053948027 0.057734247 0.009667764
v 0.055273575 0.057734247 0.009610299
v 0.056539934 0.057734247 0.009552385
v 0.057745748 0.057734247 0.009494417
v 0.058889727 0.057734247 0.009436801
v 0.059970646 0.057734247 0.009379955
v 0.060987346 0.057734247 0.009324298
v 0.061938740 0.057734247 0.009270252
v 0.062823808 0.057734247 0.009218233
v 0.063641603 0.057734247 0.009168646
v 0.064391249 0.057734247 0.009121886
v 0.065071943 0.057734247 0.009078326
v 0.065682956 0.057734247 0.009038322
v 0.066223635 0.057734247 0.009002200
v 0.066693399 0.057734247 0.008970259
v 0.067091747 0.057734247 0.008942764
v 0.067418251 0.057734247 0.008919946
v 0.067672561 0.057734247 0.008901995
v 0.067854407 0.057734247 0.008889063
v 0.067963592 0.057734247 0.008881260
v 0.068000000 0.057734247 0.008878652
v -0.068000000 0.058721918 0.008875085
v -0.067963592 0.058721918 0.008877691
v -0.067854407 0.058721918 0.008885485
v -0.067672561 0.058721918 0.008898402
v -0.067418251 0.058721918 0.008916333
v -0.067091747 0.058721918 0.008939126
v -0.066693399 0.058721918 0.008889723
v -0.066223635 0.058721918 0.008895674
v -0.065682956 0.058721918 0.008931754
v -0.065071943 0.058721918 0.008971711
v -0.064391249 0.058721918 0.009015219
v -0.063641603 0.058721918 0.009061923
v -0.062823808 0.058721918 0.009111449
v -0.061938740 0.058721918 0.009163404
v -0.060987346 0.058721918 0.009217381
v -0.059970646 0.058721918 0.009272965
v -0.058889727 0.058721918 0.009329736
v -0.057745748 0.058721918 0.009387273
v -0.056539934 0.058721918 0.009445161
v -0.055273575 0.058721918 0.009502992
v -0.053948027 0.058721918 0.009560372
v -0.052564711 0.058721918 0.009616923
v -0.051125107 0.058721918 0.009672288
v -0.049630757 0.058721918 0.009726134
v -0.048083261 0.058721918 0.009784743
v -0.046484277 0.058721918 0.009870008
v -0.044835515 0.058721918 0.009968868
v -0.043138743 0.058721918 0.010061109
v -0.041395777 0.058721918 0.009781918
v -0.039608483 0.058721918 0.009430000
v -0.037778776 0.058721918 0.009430000
v -0.035908614 0.058721918 0.009430000
v -0.034000000 0.058721918 0.009430000
v -0.032054978 0.058721918 0.009430000
v -0.030075631 0.058721918 0.009430000
v -0.028064078 0.058721918 0.009430000
v -0.026022473 0.058721918 0.009430000
v -0.023953003 0.058721918 0.009430000
v -0.021857884 0.058721918 0.009430000
v -0.019739358 0.058721918 0.009430000
v -0.017599695 0.058721918 0.009430000
v -0.015441186 0.058721918 0.009430000
v -0.013266142 0.058721918 0.009430000
v -0.011076892 0.058721918 0.009430000
v -0.008875781 0.058721918 0.009430000
v -0.006665166 0.058721918 0.009430000
v -0.004447413 0.058721918 0.009430000
v -0.002224898 0.058721918 0.009430000
v 0.000000000 0.058721918 0.009430000
v 0.002224898 0.058721918 0.009430000
v 0.004447413 0.058721918 0.009430000
v 0.006665166 0.058721918 0.009430000
v 0.008875781 0.058721918 0.009430000
v 0.011076892 0.058721918 0.009430000
v 0.013266142 0.058721918 0.009430000
v 0.015441186 0.058721918 0.009430000
v 0.017599695 0.058721918 0.009430000
v 0.019739358 0.058721918 0.009430000
v 0.021857884 0.058721918 0.009430000
v 0.023953003 0.058721918 0.009430000
v 0.026022473 0.058721918 0.009430000
v 0.028064078 0.058721918 0.009430000
v 0.030075631 0.058721918 0.009430000
v 0.032054978 0.058721918 0.009430000
v 0.034000000 0.058721918 0.009430000
v 0.035908614 0.058721918 0.009430000
v 0.037778776 0.058721918 0.009430000
v 0.039608483 0.058721918 0.009430000
v 0.041395777 0.058721918 0.009781918
v 0.043138743 0.058721918 0.010061109
v 0.044835515 0.058721918 0.009968868
v 0.046484277 0.058721918 0.009870008
v 0.048083261 0.058721918 0.009784743
v 0.049630757 0.058721918 0.009726134
v 0.051125107 0.058721918 0.009672288
v 0.052564711 0.058721918 0.009616923
v 0.053948027 0.058721918 0.009560372
v 0.055273575 0.058721918 0.009502992
v 0.056539934 0.058721918 0.009445161
v 0.057745748 0.058721918 0.009387273
v 0.058889727 0.058721918 0.009329736
v 0.059970646 0.058721918 0.009272965
v 0.060987346 0.058721918 0.009217381
v 0.061938740 0.058721918 0.009163404
v 0.062823808 0.058721918 0.009111449
v 0.063641603 0.058721918 0.009061923
v 0.064391249 0.058721918 0.009015219
v 0.065071943 0.058721918 0.008971711
v 0.065682956 0.058721918 0.008931754
v 0.066223635 0.058721918 0.008895674
v 0.066693399 0.058721918 0.008889723
v 0.067091747 0.058721918 0.008939126
v 0.067418251 0.058721918 0.008916333
v 0.067672561 0.058721918 0.008898402
v 0.067854407 0.058721918 0.008885485
v 0.067963592 0.058721918 0.008877691
v 0.068000000 0.058721918 0.008875085
v -0.068000000 0.059709589 0.008871183
v -0.067963592 0.059709589 0.008873786
v -0.067854407 0.059709589 0.008881571
v -0.067672561 0.059709589 0.008894473
v -0.067418251 0.059709589 0.008912382
v -0.067091747 0.059709589 0.008788937
v -0.066693399 0.059709589 0.008505042
v -0.066223635 0.059709589 0.008514443
v -0.065682956 0.059709589 0.008550479
v -0.065071943 0.059709589 0.008590386
v -0.064391249 0.059709589 0.008633839
v -0.063641603 0.059709589 0.008680483
v -0.062823808 0.059709589 0.008729945
v -0.061938740 0.059709589 0.008781831
v -0.060987346 0.059709589 0.008835735
v -0.059970646 0.059709589 0.008891242
v -0.058889727 0.059709589 0.008947933
v -0.057745748 0.059709589 0.009005387
v -0.056539934 0.059709589 0.009063189
v -0.055273575 0.059709589 0.009120932
v -0.053948027 0.059709589 0.009178222
v -0.052564711 0.059709589 0.009234681
v -0.051125107 0.059709589 0.009289953
v -0.049630757 0.059709589 0.009343705
v -0.048083261 0.059709589 0.009402220
v -0.046484277 0.059709589 0.009487391
v -0.044835515 0.059709589 0.009586157
v -0.043138743 0.059709589 0.009678304
v -0.041395777 0.059709589 0.009779390
v -0.039608483 0.059709589 0.009430000
v -0.037778776 0.059709589 0.009430000
v -0.035908614 0.059709589 0.009430000
v -0.034000000 0.059709589 0.009430000
v -0.032054978 0.059709589 0.009430000
v -0.030075631 0.059709589 0.009430000
v -0.028064078 0.059709589 0.009430000
v -0.026022473 0.059709589 0.009430000
v -0.023953003 0.059709589 0.009430000
v -0.021857884 0.059709589 0.009430000
v -0.019739358 0.059709589 0.009430000
v -0.017599695 0.059709589 0.009430000
v -0.015441186 0.059709589 0.009430000
v -0.013266142 0.059709589 0.009430000
v -0.011076892 0.059709589 0.009430000
v -0.008875781 0.059709589 0.009430000
v -0.006665166 0.059709589 0.009430000
v -0.004447413 0.059709589 0.009430000
v -0.002224898 0.059709589 0.009430000
v 0.000000000 0.059709589 0.009430000
v 0.002224898 0.059709589 0.009430000
v 0.004447413 0.059709589 0.009430000
v 0.006665166 0.059709589 0.009430000
v 0.008875781 0.059709589 0.009430000
v 0.011076892 0.059709589 0.009430000
v 0.013266142 0.059709589 0.009430000
v 0.015441186 0.059709589 0.009430000
v 0.017599695 0.059709589 0.009430000
v 0.019739358 0.059709589 0.009430000
v 0.021857884 0.059709589 0.009430000
v 0.023953003 0.059709589 0.009430000
v 0.026022473 0.059709589 0.009430000
v 0.028064078 0.059709589 0.009430000
v 0.030075631 0.059709589 0.009430000
v 0.032054978 0.059709589 0.009430000
v 0.034000000 0.059709589 0.009430000
v 0.035908614 0.059709589 0.009430000
v 0.037778776 0.059709589 0.009430000
v 0.039608483 0.059709589 0.009430000
v 0.041395777 0.059709589 0.009779390
v 0.043138743 0.059709589 0.009678304
v 0.044835515 0.059709589 0.009586157
v 0.046484277 0.059709589 0.009487391
v 0.048083261 0.059709589 0.009402220
v 0.049630757 0.059709589 0.009343705
v 0.051125107 0.059709589 0.009289953
v 0.052564711 0.059709589 0.009234681
v 0.053948027 0.059709589 0.009178222
v 0.055273575 0.059709589 0.009120932
v 0.056539934 0.059709589 0.009063189
v 0.057745748 0.059709589 0.009005387
v 0.058889727 0.059709589 0.008947933
v 0.059970646 0.059709589 0.008891242
v 0.060987346 0.059709589 0.008835735
v 0.061938740 0.059709589 0.008781831
v 0.062823808 0.059709589 0.008729945
v 0.063641603 0.059709589 0.008680483
v 0.064391249 0.059709589 0.008633839
v 0.065071943 0.059709589 0.008590386
v 0.065682956 0.059709589 0.008550479
v 0.066223635 0.059709589 0.008514443
v 0.066693399 0.059709589 0.008505042
v 0.067091747 0.059709589 0.008788937
v 0.067418251 0.059709589 0.008912382
v 0.067672561 0.059709589 0.008894473
v 0.067854407 0.059709589 0.008881571
v 0.067963592 0.059709589 0.008873786
v 0.068000000 0.059709589 0.008871183
v -0.068000000 0.060697260 0.008866936
v -0.067963592 0.060697260 0.008869535
v -0.067854407 0.060697260 0.008877311
v -0.067672561 0.060697260 0.008890196
v -0.067418251 0.060697260 0.008908083
v -0.067091747 0.060697260 0.008930819
v -0.066693399 0.060697260 0.008958214
v -0.066223635 0.060697260 0.008990039
v -0.065682956 0.060697260 0.009026027
v -0.065071943 0.060697260 0.009065882
v -0.064391249 0.060697260 0.009109276
v -0.063641603 0.060697260 0.009155858
v -0.062823808 0.060697260 0.009205251
v -0.061938740 0.060697260 0.009257064
v -0.060987346 0.060697260 0.009310891
v -0.059970646 0.060697260 0.009366317
v -0.058889727 0.060697260 0.009422923
v -0.057745748 0.060697260 0.009480289
v -0.056539934 0.060697260 0.009538001
v -0.055273575 0.060697260 0.009595650
v -0.053948027 0.060697260 0.009652844
v -0.052564711 0.060697260 0.009709206
v -0.051125107 0.060697260 0.009764379
v -0.049630757 0.060697260 0.009818032
v -0.048083261 0.060697260 0.009876448
v -0.046484277 0.060697260 0.009961519
v -0.044835515 0.060697260 0.010060185
v -0.043138743 0.060697260 0.010152234
v -0.041395777 0.060697260 0.009776663
v -0.039608483 0.060697260 0.009430000
v -0.037778776 0.060697260 0.009430000
v -0.035908614 0.060697260 0.009430000
v -0.034000000 0.060697260 0.009430000
v -0.032054978 0.060697260 0.009430000
v -0.030075631 0.060697260 0.009430000
v -0.028064078 0.060697260 0.009430000
v -0.026022473 0.060697260 0.009430000
v -0.023953003 0.060697260 0.009430000
v -0.021857884 0.060697260 0.009430000
v -0.019739358 0.060697260 0.009430000
v -0.017599695 0.060697260 0.009430000
v -0.015441186 0.060697260 0.009430000
v -0.013266142 0.060697260 0.009430000
v -0.011076892 0.060697260 0.009430000
v -0.008875781 0.060697260 0.009430000
v -0.006665166 0.060697260 0.009430000
v -0.004447413 0.060697260 0.009430000
v -0.002224898 0.060697260 0.009430000
v 0.000000000 0.060697260 0.009430000
v 0.002224898 0.060697260 0.009430000
v 0.004447413 0.060697260 0.009430000
v 0.006665166 0.060697260 0.009430000
v 0.008875781 0.060697260 0.009430000
v 0.011076892 0.060697260 0.009430000
v 0.013266142 0.060697260 0.009430000
v 0.015441186 0.060697260 0.009430000
v 0.017599695 0.060697260 0.009430000
v 0.019739358 0.060697260 0.009430000
v 0.021857884 0.060697260 0.009430000
v 0.023953003 0.060697260 0.009430000
v 0.026022473 0.060697260 0.009430000
v 0.028064078 0.060697260 0.009430000
v 0.030075631 0.060697260 0.009430000
v 0.032054978 0.060697260 0.009430000
v 0.034000000 0.060697260 0.009430000
v 0.035908614 0.060697260 0.009430000
v 0.037778776 0.060697260 0.009430000
v 0.039608483 0.060697260 0.009430000
v 0.041395777 0.060697260 0.009776663
v 0.043138743 0.060697260 0.010152234
v 0.044835515 0.060697260 0.010060185
v 0.046484277 0.060697260 0.009961519
v 0.048083261 0.060697260 0.009876448
v 0.049630757 0.060697260 0.009818032
v 0.051125107 0.060697260 0.009764379
v 0.052564711 0.060697260 0.009709206
v 0.053948027 0.060697260 0.009652844
v 0.055273575 0.060697260 0.009595650
v 0.056539934 0.060697260 0.009538001
v 0.057745748 0.060697260 0.009480289
v 0.058889727 0.060697260 0.009422923
v 0.059970646 0.060697260 0.009366317
v 0.060987346 0.060697260 0.009310891
v 0.061938740 0.060697260 0.009257064
v 0.062823808 0.060697260 0.009205251
v 0.063641603 0.060697260 0.009155858
v 0.064391249 0.060697260 0.009109276
v 0.065071943 0.060697260 0.009065882
v 0.065682956 0.060697260 0.009026027
v 0.066223635 0.060697260 0.008990039
v 0.066693399 0.060697260 0.008958214
v 0.067091747 0.060697260 0.008930819
v 0.067418251 0.060697260 0.008908083
v 0.067672561 0.060697260 0.008890196
v 0.067854407 0.060697260 0.008877311
v 0.067963592 0.060697260 0.008869535
v 0.068000000 0.060697260 0.008866936
v -0.068000000 0.061684932 0.008862334
v -0.067963592 0.061684932 0.008864930
v -0.067854407 0.061684932 0.008872695
v -0.067672561 0.061684932 0.008885563
v -0.067418251 0.061684932 0.008903425
v -0.067091747 0.061684932 0.008926131
v -0.066693399 0.061684932 0.008953489
v -0.066223635 0.061684932 0.008985270
v -0.065682956 0.061684932 0.009021209
v -0.065071943 0.061684932 0.009061009
v -0.064391249 0.061684932 0.009104342
v -0.063641603 0.061684932 0.009150856
v -0.062823808 0.061684932 0.009200177
v -0.061938740 0.061684932 0.009251913
v -0.060987346 0.061684932 0.009305659
v -0.059970646 0.061684932 0.009361000
v -0.058889727 0.061684932 0.009417517
v -0.057745748 0.061684932 0.009474790
v -0.056539934 0.061684932 0.009532405
v -0.055273575 0.061684932 0.009589956
v -0.053948027 0.061684932 0.009647049
v -0.052564711 0.061684932 0.009703308
v -0.051125107 0.061684932 0.009758378
v -0.049630757 0.061684932 0.009811926
v -0.048083261 0.061684932 0.009870236
v -0.046484277 0.061684932 0.009955202
v -0.044835515 0.061684932 0.010053764
v -0.043138743 0.061684932 0.010145709
v -0.041395777 0.061684932 0.009773732
v -0.039608483 0.061684932 0.009430000
v -0.037778776 0.061684932 0.009430000
v -0.035908614 0.061684932 0.009430000
v -0.034000000 0.061684932 0.009430000
v -0.032054978 0.061684932 0.009430000
v -0.030075631 0.061684932 0.009430000
v -0.028064078 0.061684932 0.009430000
v -0.026022473 0.061684932 0.009430000
v -0.023953003 0.061684932 0.009430000
v -0.021857884 0.061684932 0.009430000
v -0.019739358 0.061684932 0.009430000
v -0.017599695 0.061684932 0.009430000
v -0.015441186 0.061684932 0.009430000
v -0.013266142 0.061684932 0.009430000
v -0.011076892 0.061684932 0.009430000
v -0.008875781 0.061684932 0.009430000
v -0.006665166 0.061684932 0.009430000
v -0.004447413 0.061684932 0.009430000
v -0.002224898 0.061684932 0.009430000
v 0.000000000 0.061684932 0.009430000
v 0.002224898 0.061684932 0.009430000
v 0.004447413 0.061684932 0.009430000
v 0.006665166 0.061684932 0.009430000
v 0.008875781 0.061684932 0.009430000
v 0.011076892 0.061684932 0.009430000
v 0.013266142 0.061684932 0.009430000
v 0.015441186 0.061684932 0.009430000
v 0.017599695 0.061684932 0.009430000
v 0.019739358 0.061684932 0.009430000
v 0.021857884 0.061684932 0.009430000
v 0.023953003 0.061684932 0.009430000
v 0.026022473 0.061684932 0.009430000
v 0.028064078 0.061684932 0.009430000
v 0.030075631 0.061684932 0.009430000
v 0.032054978 0.061684932 0.009430000
v 0.034000000 0.061684932 0.009430000
v 0.035908614 0.061684932 0.009430000
v 0.037778776 0.061684932 0.009430000
v 0.039608483 0.061684932 0.009430000
v 0.041395777 0.061684932 0.009773732
v 0.043138743 0.061684932 0.010145709
v 0.044835515 0.061684932 0.010053764
v 0.046484277 0.061684932 0.009955202
v 0.048083261 0.061684932 0.009870236
v 0.049630757 0.061684932 0.009811926
v 0.051125107 0.061684932 0.009758378
v 0.052564711 0.061684932 0.009703308
v 0.053948027 0.061684932 0.009647049
v 0.055273575 0.061684932 0.009589956
v 0.056539934 0.061684932 0.009532405
v 0.057745748 0.061684932 0.009474790
v 0.058889727 0.061684932 0.009417517
v 0.059970646 0.061684932 0.009361000
v 0.060987346 0.061684932 0.009305659
v 0.061938740 0.061684932 0.009251913
v 0.062823808 0.061684932 0.009200177
v 0.063641603 0.061684932 0.009150856
v 0.064391249 0.061684932 0.009104342
v 0.065071943 0.061684932 0.009061009
v 0.065682956 0.061684932 0.009021209
v 0.066223635 0.061684932 0.008985270
v 0.066693399 0.061684932 0.008953489
v 0.067091747 0.061684932 0.008926131
v 0.067418251 0.061684932 0.008903425
v 0.067672561 0.061684932 0.008885563
v 0.067854407 0.061684932 0.008872695
v 0.067963592 0.061684932 0.008864930
v 0.068000000 0.061684932 0.008862334
v -0.068000000 0.062672603 0.008857367
v -0.067963592 0.062672603 0.008859959
v -0.067854407 0.062672603 0.008867713
v -0.067672561 0.062672603 0.008880564
v -0.067418251 0.062672603 0.008898401
v -0.067091747 0.062672603 0.008921075
v -0.066693399 0.062672603 0.008948394
v -0.066223635 0.062672603 0.008980129
v -0.065682956 0.062672603 0.009016016
v -0.065071943 0.062672603 0.009055757
v -0.064391249 0.062672603 0.009099025
v -0.063641603 0.062672603 0.009145469
v -0.062823808 0.062672603 0.009194715
v -0.061938740 0.062672603 0.009246370
v -0.060987346 0.062672603 0.009300030
v -0.059970646 0.062672603 0.009355281
v -0.058889727 0.062672603 0.009411703
v -0.057745748 0.062672603 0.009468879
v -0.056539934 0.062672603 0.009526393
v -0.055273575 0.062672603 0.009583840
v -0.053948027 0.062672603 0.009640828
v -0.052564711 0.062672603 0.009696979
v -0.051125107 0.062672603 0.009751939
v -0.049630757 0.062672603 0.009805378
v -0.048083261 0.062672603 0.009863577
v -0.046484277 0.062672603 0.009948432
v -0.044835515 0.062672603 0.010046883
v -0.043138743 0.062672603 0.010138719
v -0.041395777 0.062672603 0.009770594
v -0.039608483 0.062672603 0.009430000
v -0.037778776 0.062672603 0.009430000
v -0.035908614 0.062672603 0.009430000
v -0.034000000 0.062672603 0.009430000
v -0.032054978 0.062672603 0.009430000
v -0.030075631 0.062672603 0.009430000
v -0.028064078 0.062672603 0.009430000
v -0.026022473 0.062672603 0.009430000
v -0.023953003 0.062672603 0.009430000
v -0.021857884 0.062672603 0.009430000
v -0.019739358 0.062672603 0.009430000
v -0.017599695 0.062672603 0.009430000
v -0.015441186 0.062672603 0.009430000
v -0.013266142 0.062672603 0.009430000
v -0.011076892 0.062672603 0.009430000
v -0.008875781 0.062672603 0.009430000
v -0.006665166 0.062672603 0.009430000
v -0.004447413 0.062672603 0.009430000
v -0.002224898 0.062672603 0.009430000
v 0.000000000 0.062672603 0.009430000
v 0.002224898 0.062672603 0.009430000
v 0.004447413 0.062672603 0.009430000
v 0.006665166 0.062672603 0.009430000
v 0.008875781 0.062672603 0.009430000
v 0.011076892 0.062672603 0.009430000
v 0.013266142 0.062672603 0.009430000
v 0.015441186 0.062672603 0.009430000
v 0.017599695 0.062672603 0.009430000
v 0.019739358 0.062672603 0.009430000
v 0.021857884 0.062672603 0.009430000
v 0.023953003 0.062672603 0.009430000
v 0.026022473 0.062672603 0.009430000
v 0.028064078 0.062672603 0.009430000
v 0.030075631 0.062672603 0.009430000
v 0.032054978 0.062672603 0.009430000
v 0.034000000 0.062672603 0.009430000
v 0.035908614 0.062672603 0.009430000
v 0.037778776 0.062672603 0.009430000
v 0.039608483 0.062672603 0.009430000
v 0.041395777 0.062672603 0.009770594
v 0.043138743 0.062672603 0.010138719
v 0.044835515 0.062672603 0.010046883
v 0.046484277 0.062672603 0.009948432
v 0.048083261 0.062672603 0.009863577
v 0.049630757 0.062672603 0.009805378
v 0.051125107 0.062672603 0.009751939
v 0.052564711 0.062672603 0.009696979
v 0.053948027 0.062672603 0.009640828
v 0.055273575 0.062672603 0.009583840
v 0.056539934 0.062672603 0.009526393
v 0.057745748 0.062672603 0.009468879
v 0.058889727 0.062672603 0.009411703
v 0.059970646 0.062672603 0.009355281
v 0.060987346 0.062672603 0.009300030
v 0.061938740 0.062672603 0.009246370
v 0.062823808 0.062672603 0.009194715
v 0.063641603 0.062672603 0.009145469
v 0.064391249 0.062672603 0.009099025
v 0.065071943 0.062672603 0.009055757
v 0.065682956 0.062672603 0.009016016
v 0.066223635 0.062672603 0.008980129
v 0.066693399 0.062672603 0.008948394
v 0.067091747 0.062672603 0.008921075
v 0.067418251 0.062672603 0.008898401
v 0.067672561 0.062672603 0.008880564
v 0.067854407 0.062672603 0.008867713
v 0.067963592 0.062672603 0.008859959
v 0.068000000 0.062672603 0.008857367
v -0.068000000 0.063660274 0.008852027
v -0.067963592 0.063660274 0.008854615
v -0.067854407 0.063660274 0.008862358
v -0.067672561 0.063660274 0.008875189
v -0.067418251 0.063660274 0.008893000
v -0.067091747 0.063660274 0.008915640
v -0.066693399 0.063660274 0.008942918
v -0.066223635 0.063660274 0.008974606
v -0.065682956 0.063660274 0.009010437
v -0.065071943 0.063660274 0.009050117
v -0.064391249 0.063660274 0.009093318
v -0.063641603 0.063660274 0.009139688
v -0.062823808 0.063660274 0.009188854
v -0.061938740 0.063660274 0.009240425
v -0.060987346 0.063660274 0.009293995
v -0.059970646 0.063660274 0.009349151
v -0.058889727 0.063660274 0.009405475
v -0.057745748 0.063660274 0.009462548
v -0.056539934 0.063660274 0.009519956
v -0.055273575 0.063660274 0.009577295
v -0.053948027 0.063660274 0.009634171
v -0.052564711 0.063660274 0.009690209
v -0.051125107 0.063660274 0.009745054
v -0.049630757 0.063660274 0.009798377
v -0.048083261 0.063660274 0.009856460
v -0.046484277 0.063660274 0.009941199
v -0.044835515 0.063660274 0.010039535
v -0.043138743 0.063660274 0.010131256
v -0.041395777 0.063660274 0.009767243
v -0.039608483 0.063660274 0.009430000
v -0.037778776 0.063660274 0.009430000
v -0.035908614 0.063660274 0.009430000
v -0.034000000 0.063660274 0.009430000
v -0.032054978 0.063660274 0.009430000
v -0.030075631 0.063660274 0.009430000
v -0.028064078 0.063660274 0.009430000
v -0.026022473 0.063660274 0.009430000
v -0.023953003 0.063660274 0.009430000
v -0.021857884 0.063660274 0.009430000
v -0.019739358 0.063660274 0.009430000
v -0.017599695 0.063660274 0.009430000
v -0.015441186 0.063660274 0.009430000
v -0.013266142 0.063660274 0.009430000
v -0.011076892 0.063660274 0.009430000
v -0.008875781 0.063660274 0.009430000
v -0.006665166 0.063660274 0.009430000
v -0.004447413 0.063660274 0.009430000
v -0.002224898 0.063660274 0.009430000
v 0.000000000 0.063660274 0.009430000
v 0.002224898 0.063660274 0.009430000
v 0.004447413 0.063660274 0.009430000
v 0.006665166 0.063660274 0.009430000
v 0.008875781 0.063660274 0.009430000
v 0.011076892 0.063660274 0.009430000
v 0.013266142 0.063660274 0.009430000
v 0.015441186 0.063660274 0.009430000
v 0.017599695 0.063660274 0.009430000
v 0.019739358 0.063660274 0.009430000
v 0.021857884 0.063660274 0.009430000
v 0.023953003 0.063660274 0.009430000
v 0.026022473 0.063660274 0.009430000
v 0.028064078 0.063660274 0.009430000
v 0.030075631 0.063660274 0.009430000
v 0.032054978 0.063660274 0.009430000
v 0.034000000 0.063660274 0.009430000
v 0.035908614 0.063660274 0.009430000
v 0.037778776 0.063660274 0.009430000
v 0.039608483 0.063660274 0.009430000
v 0.041395777 0.063660274 0.009767243
v 0.043138743 0.063660274 0.010131256
v 0.044835515 0.063660274 0.010039535
v 0.046484277 0.063660274 0.009941199
v 0.048083261 0.063660274 0.009856460
v 0.049630757 0.063660274 0.009798377
v 0.051125107 0.063660274 0.009745054
v 0.052564711 0.063660274 0.009690209
v 0.053948027 0.063660274 0.009634171
v 0.055273575 0.063660274 0.009577295
v 0.056539934 0.063660274 0.009519956
v 0.057745748 0.063660274 0.009462548
v 0.058889727 0.063660274 0.009405475
v 0.059970646 0.063660274 0.009349151
v 0.060987346 0.063660274 0.009293995
v 0.061938740 0.063660274 0.009240425
v 0.062823808 0.063660274 0.009188854
v 0.063641603 0.063660274 0.009139688
v 0.064391249 0.063660274 0.009093318
v 0.065071943 0.063660274 0.009050117
v 0.065682956 0.063660274 0.009010437
v 0.066223635 0.063660274 0.008974606
v 0.066693399 0.063660274 0.008942918
v 0.067091747 0.063660274 0.008915640
v 0.067418251 0.063660274 0.008893000
v 0.067672561 0.063660274 0.008875189
v 0.067854407 0.063660274 0.008862358
v 0.067963592 0.063660274 0.008854615
v 0.068000000 0.063660274 0.008852027
v -0.068000000 0.064647945 0.008846304
v -0.067963592 0.064647945 0.008848888
v -0.067854407 0.064647945 0.008856619
v -0.067672561 0.064647945 0.008869431
v -0.067418251 0.064647945 0.008887214
v -0.067091747 0.064647945 0.008909819
v -0.066693399 0.064647945 0.008937054
v -0.066223635 0.064647945 0.008968691
v -0.065682956 0.064647945 0.009004465
v -0.065071943 0.064647945 0.009044081
v -0.064391249 0.064647945 0.009087211
v -0.063641603 0.064647945 0.009133504
v -0.062823808 0.064647945 0.009182586
v -0.061938740 0.064647945 0.009234068
v -0.060987346 0.064647945 0.009287544
v -0.059970646 0.064647945 0.009342601
v -0.058889727 0.064647945 0.009398822
v -0.057745748 0.064647945 0.009455788
v -0.056539934 0.064647945 0.009513085
v -0.055273575 0.064647945 0.009570309
v -0.053948027 0.064647945 0.009627069
v -0.052564711 0.064647945 0.009682989
v -0.051125107 0.064647945 0.009737714
v -0.049630757 0.064647945 0.009790915
v -0.048083261 0.064647945 0.009848877
v -0.046484277 0.064647945 0.009933494
v -0.044835515 0.064647945 0.010031708
v -0.043138743 0.064647945 0.010123310
v -0.041395777 0.064647945 0.009763677
v -0.039608483 0.064647945 0.009430000
v -0.037778776 0.064647945 0.009430000
v -0.035908614 0.064647945 0.009430000
v -0.034000000 0.064647945 0.009430000
v -0.032054978 0.064647945 0.009430000
v -0.030075631 0.064647945 0.009430000
v -0.028064078 0.064647945 0.009430000
v -0.026022473 0.064647945 0.009430000
v -0.023953003 0.064647945 0.009430000
v -0.021857884 0.064647945 0.009430000
v -0.019739358 0.064647945 0.009430000
v -0.017599695 0.064647945 0.009430000
v -0.015441186 0.064647945 0.009430000
v -0.013266142 0.064647945 0.009430000
v -0.011076892 0.064647945 0.009430000
v -0.008875781 0.064647945 0.009430000
v -0.006665166 0.064647945 0.009430000
v -0.004447413 0.064647945 0.009430000
v -0.002224898 0.064647945 0.009430000
v 0.000000000 0.064647945 0.009430000
v 0.002224898 0.064647945 0.009430000
v 0.004447413 0.064647945 0.009430000
v 0.006665166 0.064647945 0.009430000
v 0.008875781 0.064647945 0.009430000
v 0.011076892 0.064647945 0.009430000
v 0.013266142 0.064647945 0.009430000
v 0.015441186 0.064647945 0.009430000
v 0.017599695 0.064647945 0.009430000
v 0.019739358 0.064647945 0.009430000
v 0.021857884 0.064647945 0.009430000
v 0.023953003 0.064647945 0.009430000
v 0.026022473 0.064647945 0.009430000
v 0.028064078 0.064647945 0.009430000
v 0.030075631 0.064647945 0.009430000
v 0.032054978 0.064647945 0.009430000
v 0.034000000 0.064647945 0.009430000
v 0.035908614 0.064647945 0.009430000
v 0.037778776 0.064647945 0.009430000
v 0.039608483 0.064647945 0.009430000
v 0.041395777 0.064647945 0.009763677
v 0.043138743 0.064647945 0.010123310
v 0.044835515 0.064647945 0.010031708
v 0.046484277 0.064647945 0.009933494
v 0.048083261 0.064647945 0.009848877
v 0.049630757 0.064647945 0.009790915
v 0.051125107 0.064647945 0.009737714
v 0.052564711 0.064647945 0.009682989
v 0.053948027 0.064647945 0.009627069
v 0.055273575 0.064647945 0.009570309
v 0.056539934 0.064647945 0.009513085
v 0.057745748 0.064647945 0.009455788
v 0.058889727 0.064647945 0.009398822
v 0.059970646 0.064647945 0.009342601
v 0.060987346 0.064647945 0.009287544
v 0.061938740 0.064647945 0.009234068
v 0.062823808 0.064647945 0.009182586
v 0.063641603 0.064647945 0.009133504
v 0.064391249 0.064647945 0.009087211
v 0.065071943 0.064647945 0.009044081
v 0.065682956 0.064647945 0.009004465
v 0.066223635 0.064647945 0.008968691
v 0.066693399 0.064647945 0.008937054
v 0.067091747 0.064647945 0.008909819
v 0.067418251 0.064647945 0.008887214
v 0.067672561 0.064647945 0.008869431
v 0.067854407 0.064647945 0.008856619
v 0.067963592 0.064647945 0.008848888
v 0.068000000 0.064647945 0.008846304
v -0.068000000 0.065635616 0.008840190
v -0.067963592 0.065635616 0.008842770
v -0.067854407 0.065635616 0.008850489
v -0.067672561 0.065635616 0.008863280
v -0.067418251 0.065635616 0.008881034
v -0.067091747 0.065635616 0.008903602
v -0.066693399 0.065635616 0.008930792
v -0.066223635 0.065635616 0.008962377
v -0.065682956 0.065635616 0.008998091
v -0.065071943 0.065635616 0.009037639
v -0.064391249 0.065635616 0.009080695
v -0.063641603 0.065635616 0.009126907
v -0.062823808 0.065635616 0.009175903
v -0.061938740 0.065635616 0.009227292
v -0.060987346 0.065635616 0.009280670
v -0.059970646 0.065635616 0.009335623
v -0.058889727 0.065635616 0.009391736
v -0.057745748 0.065635616 0.009448589
v -0.056539934 0.065635616 0.009505771
v -0.055273575 0.065635616 0.009562876
v -0.053948027 0.065635616 0.009619514
v -0.052564711 0.065635616 0.009675310
v -0.051125107 0.065635616 0.009729910
v -0.049630757 0.065635616 0.009782984
v -0.048083261 0.065635616 0.009840819
v -0.046484277 0.065635616 0.009925308
v -0.044835515 0.065635616 0.010023396
v -0.043138743 0.065635616 0.010114872
v -0.041395777 0.065635616 0.009759891
v -0.039608483 0.065635616 0.009430000
v -0.037778776 0.065635616 0.009430000
v -0.035908614 0.065635616 0.009430000
v -0.034000000 0.065635616 0.009430000
v -0.032054978 0.065635616 0.009430000
v -0.030075631 0.065635616 0.009430000
v -0.028064078 0.065635616 0.009430000
v -0.026022473 0.065635616 0.009430000
v -0.023953003 0.065635616 0.009430000
v -0.021857884 0.065635616 0.009430000
v -0.019739358 0.065635616 0.009430000
v -0.017599695 0.065635616 0.009430000
v -0.015441186 0.065635616 0.009430000
v -0.013266142 0.065635616 0.009430000
v -0.011076892 0.065635616 0.009430000
v -0.008875781 0.065635616 0.009430000
v -0.006665166 0.065635616 0.009430000
v -0.004447413 0.065635616 0.009430000
v -0.002224898 0.065635616 0.009430000
v 0.000000000 0.065635616 0.009430000
v 0.002224898 0.065635616 0.009430000
v 0.004447413 0.065635616 0.009430000
v 0.006665166 0.065635616 0.009430000
v 0.008875781 0.065635616 0.009430000
v 0.011076892 0.065635616 0.009430000
v 0.013266142 0.065635616 0.009430000
v 0.015441186 0.065635616 0.009430000
v 0.017599695 0.065635616 0.009430000
v 0.019739358 0.065635616 0.009430000
v 0.021857884 0.065635616 0.009430000
v 0.023953003 0.065635616 0.009430000
v 0.026022473 0.065635616 0.009430000
v 0.028064078 0.065635616 0.009430000
v 0.030075631 0.065635616 0.009430000
v 0.032054978 0.065635616 0.009430000
v 0.034000000 0.065635616 0.009430000
v 0.035908614 0.065635616 0.009430000
v 0.037778776 0.065635616 0.009430000
v 0.039608483 0.065635616 0.009430000
v 0.041395777 0.065635616 0.009759891
v 0.043138743 0.065635616 0.010114872
v 0.044835515 0.065635616 0.010023396
v 0.046484277 0.065635616 0.009925308
v 0.048083261 0.065635616 0.009840819
v 0.049630757 0.065635616 0.009782984
v 0.051125107 0.065635616 0.009729910
v 0.052564711 0.065635616 0.009675310
v 0.053948027 0.065635616 0.009619514
v 0.055273575 0.065635616 0.009562876
v 0.056539934 0.065635616 0.009505771
v 0.057745748 0.065635616 0.009448589
v 0.058889727 0.065635616 0.009391736
v 0.059970646 0.065635616 0.009335623
v 0.060987346 0.065635616 0.009280670
v 0.061938740 0.065635616 0.009227292
v 0.062823808 0.065635616 0.009175903
v 0.063641603 0.065635616 0.009126907
v 0.064391249 0.065635616 0.009080695
v 0.065071943 0.065635616 0.009037639
v 0.065682956 0.065635616 0.008998091
v 0.066223635 0.065635616 0.008962377
v 0.066693399 0.065635616 0.008930792
v 0.067091747 0.065635616 0.008903602
v 0.067418251 0.065635616 0.008881034
v 0.067672561 0.065635616 0.008863280
v 0.067854407 0.065635616 0.008850489
v 0.067963592 0.065635616 0.008842770
v 0.068000000 0.065635616 0.008840190
v -0.068000000 0.066623288 0.008833677
v -0.067963592 0.066623288 0.008836253
v -0.067854407 0.066623288 0.008843958
v -0.067672561 0.066623288 0.008856727
v -0.067418251 0.066623288 0.008874451
v -0.067091747 0.066623288 0.008896981
v -0.066693399 0.066623288 0.008924124
v -0.066223635 0.066623288 0.008955654
v -0.065682956 0.066623288 0.008991306
v -0.065071943 0.066623288 0.009030784
v -0.064391249 0.066623288 0.009073762
v -0.063641603 0.066623288 0.009119890
v -0.062823808 0.066623288 0.009168795
v -0.061938740 0.066623288 0.009220087
v -0.060987346 0.066623288 0.009273363
v -0.059970646 0.066623288 0.009328208
v -0.058889727 0.066623288 0.009384208
v -0.057745748 0.066623288 0.009440945
v -0.056539934 0.066623288 0.009498005
v -0.055273575 0.066623288 0.009554986
v -0.053948027 0.066623288 0.009611497
v -0.052564711 0.066623288 0.009667163
v -0.051125107 0.066623288 0.009721633
v -0.049630757 0.066623288 0.009774575
v -0.048083261 0.066623288 0.009832277
v -0.046484277 0.066623288 0.009916634
v -0.044835515 0.066623288 0.010014590
v -0.043138743 0.066623288 0.010105935
v -0.041395777 0.066623288 0.009755881
v -0.039608483 0.066623288 0.009430000
v -0.037778776 0.066623288 0.009430000
v -0.035908614 0.066623288 0.009430000
v -0.034000000 0.066623288 0.009430000
v -0.032054978 0.066623288 0.009430000
v -0.030075631 0.066623288 0.009430000
v -0.028064078 0.066623288 0.009430000
v -0.026022473 0.066623288 0.009430000
v -0.023953003 0.066623288 0.009430000
v -0.021857884 0.066623288 0.009430000
v -0.019739358 0.066623288 0.009430000
v -0.017599695 0.066623288 0.009430000
v -0.015441186 0.066623288 0.009430000
v -0.013266142 0.066623288 0.009430000
v -0.011076892 0.066623288 0.009430000
v -0.008875781 0.066623288 0.009430000
v -0.006665166 0.066623288 0.009430000
v -0.004447413 0.066623288 0.009430000
v -0.002224898 0.066623288 0.009430000
v 0.000000000 0.066623288 0.009430000
v 0.002224898 0.066623288 0.009430000
v 0.004447413 0.066623288 0.009430000
v 0.006665166 0.066623288 0.009430000
v 0.008875781 0.066623288 0.009430000
v 0.011076892 0.066623288 0.009430000
v 0.013266142 0.066623288 0.009430000
v 0.015441186 0.066623288 0.009430000
v 0.017599695 0.066623288 0.009430000
v 0.019739358 0.066623288 0.009430000
v 0.021857884 0.066623288 0.009430000
v 0.023953003 0.066623288 0.009430000
v 0.026022473 0.066623288 0.009430000
v 0.028064078 0.066623288 0.009430000
v 0.030075631 0.066623288 0.009430000
v 0.032054978 0.066623288 0.009430000
v 0.034000000 0.066623288 0.009430000
v 0.035908614 0.066623288 0.009430000
v 0.037778776 0.066623288 0.009430000
v 0.039608483 0.066623288 0.009430000
v 0.041395777 0.066623288 0.009755881
v 0.043138743 0.066623288 0.010105935
v 0.044835515 0.066623288 0.010014590
v 0.046484277 0.066623288 0.009916634
v 0.048083261 0.066623288 0.009832277
v 0.049630757 0.066623288 0.009774575
v 0.051125107 0.066623288 0.009721633
v 0.052564711 0.066623288 0.009667163
v 0.053948027 0.066623288 0.009611497
v 0.055273575 0.066623288 0.009554986
v 0.056539934 0.066623288 0.009498005
v 0.057745748 0.066623288 0.009440945
v 0.058889727 0.066623288 0.009384208
v 0.059970646 0.066623288 0.009328208
v 0.060987346 0.066623288 0.009273363
v 0.061938740 0.066623288 0.009220087
v 0.062823808 0.066623288 0.009168795
v 0.063641603 0.066623288 0.009119890
v 0.064391249 0.066623288 0.009073762
v 0.065071943 0.066623288 0.009030784
v 0.065682956 0.066623288 0.008991306
v 0.066223635 0.066623288 0.008955654
v 0.066693399 0.066623288 0.008924124
v 0.067091747 0.066623288 0.008896981
v 0.067418251 0.066623288 0.008874451
v 0.067672561 0.066623288 0.008856727
v 0.067854407 0.066623288 0.008843958
v 0.067963592 0.066623288 0.008836253
v 0.068000000 0.066623288 0.008833677
v -0.068000000 0.067610959 0.008826755
v -0.067963592 0.067610959 0.008829326
v -0.067854407 0.067610959 0.008837018
v -0.067672561 0.067610959 0.008849765
v -0.067418251 0.067610959 0.008867458
v -0.067091747 0.067610959 0.008889947
v -0.066693399 0.067610959 0.008917042
v -0.066223635 0.067610959 0.008948514
v -0.065682956 0.067610959 0.008984101
v -0.065071943 0.067610959 0.009023506
v -0.064391249 0.067610959 0.009066404
v -0.063641603 0.067610959 0.009112444
v -0.062823808 0.067610959 0.009161255
v -0.061938740 0.067610959 0.009212446
v -0.060987346 0.067610959 0.009265615
v -0.059970646 0.067610959 0.009320348
v -0.058889727 0.067610959 0.009376230
v -0.057745748 0.067610959 0.009432845
v -0.056539934 0.067610959 0.009489780
v -0.055273575 0.067610959 0.009546632
v -0.053948027 0.067610959 0.009603010
v -0.052564711 0.067610959 0.009658542
v -0.051125107 0.067610959 0.009712874
v -0.049630757 0.067610959 0.009765680
v -0.048083261 0.067610959 0.009823243
v -0.046484277 0.067610959 0.009907462
v -0.044835515 0.067610959 0.010005280
v -0.043138743 0.067610959 0.010096489
v -0.041395777 0.067610959 0.009751645
v -0.039608483 0.067610959 0.009430000
v -0.037778776 0.067610959 0.009430000
v -0.035908614 0.067610959 0.009430000
v -0.034000000 0.067610959 0.009430000
v -0.032054978 0.067610959 0.009430000
v -0.030075631 0.067610959 0.009430000
v -0.028064078 0.067610959 0.009430000
v -0.026022473 0.067610959 0.009430000
v -0.023953003 0.067610959 0.009430000
v -0.021857884 0.067610959 0.009430000
v -0.019739358 0.067610959 0.009430000
v -0.017599695 0.067610959 0.009430000
v -0.015441186 0.067610959 0.009430000
v -0.013266142 0.067610959 0.009430000
v -0.011076892 0.067610959 0.009430000
v -0.008875781 0.067610959 0.009430000
v -0.006665166 0.067610959 0.009430000
v -0.004447413 0.067610959 0.009430000
v -0.002224898 0.067610959 0.009430000
v 0.000000000 0.067610959 0.009430000
v 0.002224898 0.067610959 0.009430000
v 0.004447413 0.067610959 0.009430000
v 0.006665166 0.067610959 0.009430000
v 0.008875781 0.067610959 0.009430000
v 0.011076892 0.067610959 0.009430000
v 0.013266142 0.067610959 0.009430000
v 0.015441186 0.067610959 0.009430000
v 0.017599695 0.067610959 0.009430000
v 0.019739358 0.067610959 0.009430000
v 0.021857884 0.067610959 0.009430000
v 0.023953003 0.067610959 0.009430000
v 0.026022473 0.067610959 0.009430000
v 0.028064078 0.067610959 0.009430000
v 0.030075631 0.067610959 0.009430000
v 0.032054978 0.067610959 0.009430000
v 0.034000000 0.067610959 0.009430000
v 0.035908614 0.067610959 0.009430000
v 0.037778776 0.067610959 0.009430000
v 0.039608483 0.067610959 0.009430000
v 0.041395777 0.067610959 0.009751645
v 0.043138743 0.067610959 0.010096489
v 0.044835515 0.067610959 0.010005280
v 0.046484277 0.067610959 0.009907462
v 0.048083261 0.067610959 0.009823243
v 0.049630757 0.067610959 0.009765680
v 0.051125107 0.067610959 0.009712874
v 0.052564711 0.067610959 0.009658542
v 0.053948027 0.067610959 0.009603010
v 0.055273575 0.067610959 0.009546632
v 0.056539934 0.067610959 0.009489780
v 0.057745748 0.067610959 0.009432845
v 0.058889727 0.067610959 0.009376230
v 0.059970646 0.067610959 0.009320348
v 0.060987346 0.067610959 0.009265615
v 0.061938740 0.067610959 0.009212446
v 0.062823808 0.067610959 0.009161255
v 0.063641603 0.067610959 0.009112444
v 0.064391249 0.067610959 0.009066404
v 0.065071943 0.067610959 0.009023506
v 0.065682956 0.067610959 0.008984101
v 0.066223635 0.067610959 0.008948514
v 0.066693399 0.067610959 0.008917042
v 0.067091747 0.067610959 0.008889947
v 0.067418251 0.067610959 0.008867458
v 0.067672561 0.067610959 0.008849765
v 0.067854407 0.067610959 0.008837018
v 0.067963592 0.067610959 0.008829326
v 0.068000000 0.067610959 0.008826755
v -0.068000000 0.068598630 0.008819417
v -0.067963592 0.068598630 0.008821984
v -0.067854407 0.068598630 0.008829661
v -0.067672561 0.068598630 0.008842385
v -0.067418251 0.068598630 0.008860045
v -0.067091747 0.068598630 0.008882492
v -0.066693399 0.068598630 0.008909537
v -0.066223635 0.068598630 0.008940950
v -0.065682956 0.068598630 0.008976469
v -0.065071943 0.068598630 0.009015798
v -0.064391249 0.068598630 0.009058612
v -0.063641603 0.068598630 0.009104562
v -0.062823808 0.068598630 0.009153274
v -0.061938740 0.068598630 0.009204360
v -0.060987346 0.068598630 0.009257418
v -0.059970646 0.068598630 0.009312034
v -0.058889727 0.068598630 0.009367795
v -0.057745748 0.068598630 0.009424282
v -0.056539934 0.068598630 0.009481086
v -0.055273575 0.068598630 0.009537804
v -0.053948027 0.068598630 0.009594044
v -0.052564711 0.068598630 0.009649436
v -0.051125107 0.068598630 0.009703627
v -0.049630757 0.068598630 0.009756289
v -0.048083261 0.068598630 0.009813709
v -0.046484277 0.068598630 0.009897785
v -0.044835515 0.068598630 0.009995460
v -0.043138743 0.068598630 0.010086527
v -0.041395777 0.068598630 0.009747177
v -0.039608483 0.068598630 0.009430000
v -0.037778776 0.068598630 0.009430000
v -0.035908614 0.068598630 0.009430000
v -0.034000000 0.068598630 0.009430000
v -0.032054978 0.068598630 0.009430000
v -0.030075631 0.068598630 0.009430000
v -0.028064078 0.068598630 0.009430000
v -0.026022473 0.068598630 0.009430000
v -0.023953003 0.068598630 0.009430000
v -0.021857884 0.068598630 0.009430000
v -0.019739358 0.068598630 0.009430000
v -0.017599695 0.068598630 0.009430000
v -0.015441186 0.068598630 0.009430000
v -0.013266142 0.068598630 0.009430000
v -0.011076892 0.068598630 0.009430000
v -0.008875781 0.068598630 0.009430000
v -0.006665166 0.068598630 0.009430000
v -0.004447413 0.068598630 0.009430000
v -0.002224898 0.068598630 0.009430000
v 0.000000000 0.068598630 0.009430000
v 0.002224898 0.068598630 0.009430000
v 0.004447413 0.068598630 0.009430000
v 0.006665166 0.068598630 0.009430000
v 0.008875781 0.068598630 0.009430000
v 0.011076892 0.068598630 0.009430000
v 0.013266142 0.068598630 0.009430000
v 0.015441186 0.068598630 0.009430000
v 0.017599695 0.068598630 0.009430000
v 0.019739358 0.068598630 0.009430000
v 0.021857884 0.068598630 0.009430000
v 0.023953003 0.068598630 0.009430000
v 0.026022473 0.068598630 0.009430000
v 0.028064078 0.068598630 0.009430000
v 0.030075631 0.068598630 0.009430000
v 0.032054978 0.068598630 0.009430000
v 0.034000000 0.068598630 0.009430000
v 0.035908614 0.068598630 0.009430000
v 0.037778776 0.068598630 0.009430000
v 0.039608483 0.068598630 0.009430000
v 0.041395777 0.068598630 0.009747177
v 0.043138743 0.068598630 0.010086527
v 0.044835515 0.068598630 0.009995460
v 0.046484277 0.068598630 0.009897785
v 0.048083261 0.068598630 0.009813709
v 0.049630757 0.068598630 0.009756289
v 0.051125107 0.068598630 0.009703627
v 0.052564711 0.068598630 0.009649436
v 0.053948027 0.068598630 0.009594044
v 0.055273575 0.068598630 0.009537804
v 0.056539934 0.068598630 0.009481086
v 0.057745748 0.068598630 0.009424282
v 0.058889727 0.068598630 0.009367795
v 0.059970646 0.068598630 0.009312034
v 0.060987346 0.068598630 0.009257418
v 0.061938740 0.068598630 0.009204360
v 0.062823808 0.068598630 0.009153274
v 0.063641603 0.068598630 0.009104562
v 0.064391249 0.068598630 0.009058612
v 0.065071943 0.068598630 0.009015798
v 0.065682956 0.068598630 0.008976469
v 0.066223635 0.068598630 0.008940950
v 0.066693399 0.068598630 0.008909537
v 0.067091747 0.068598630 0.008882492
v 0.067418251 0.068598630 0.008860045
v 0.067672561 0.068598630 0.008842385
v 0.067854407 0.068598630 0.008829661
v 0.067963592 0.068598630 0.008821984
v 0.068000000 0.068598630 0.008819417
v -0.068000000 0.069586301 0.008811655
v -0.067963592 0.069586301 0.008814217
v -0.067854407 0.069586301 0.008821880
v -0.067672561 0.069586301 0.008834579
v -0.067418251 0.069586301 0.008852205
v -0.067091747 0.069586301 0.008874609
v -0.066693399 0.069586301 0.008901601
v -0.066223635 0.069586301 0.008932953
v -0.065682956 0.069586301 0.008968402
v -0.065071943 0.069586301 0.009007652
v -0.064391249 0.069586301 0.009050379
v -0.063641603 0.069586301 0.009096234
v -0.062823808 0.069586301 0.009144844
v -0.061938740 0.069586301 0.009195822
v -0.060987346 0.069586301 0.009248763
v -0.059970646 0.069586301 0.009303259
v -0.058889727 0.069586301 0.009358893
v -0.057745748 0.069586301 0.009415249
v -0.056539934 0.069586301 0.009471917
v -0.055273575 0.069586301 0.009528494
v -0.053948027 0.069586301 0.009584593
v -0.052564711 0.069586301 0.009639839
v -0.051125107 0.069586301 0.009693883
v -0.049630757 0.069586301 0.009746396
v -0.048083261 0.069586301 0.009803667
v -0.046484277 0.069586301 0.009887593
v -0.044835515 0.069586301 0.009985120
v -0.043138743 0.069586301 0.010076040
v -0.041395777 0.069586301 0.009742476
v -0.039608483 0.069586301 0.009430000
v -0.037778776 0.069586301 0.009430000
v -0.035908614 0.069586301 0.009430000
v -0.034000000 0.069586301 0.009430000
v -0.032054978 0.069586301 0.009430000
v -0.030075631 0.069586301 0.009430000
v -0.028064078 0.069586301 0.009430000
v -0.026022473 0.069586301 0.009430000
v -0.023953003 0.069586301 0.009430000
v -0.021857884 0.069586301 0.009430000
v -0.019739358 0.069586301 0.009430000
v -0.017599695 0.069586301 0.009430000
v -0.015441186 0.069586301 0.009430000
v -0.013266142 0.069586301 0.009430000
v -0.011076892 0.069586301 0.009430000
v -0.008875781 0.069586301 0.009430000
v -0.006665166 0.069586301 0.009430000
v -0.004447413 0.069586301 0.009430000
v -0.002224898 0.069586301 0.009430000
v 0.000000000 0.069586301 0.009430000
v 0.002224898 0.069586301 0.009430000
v 0.004447413 0.069586301 0.009430000
v 0.006665166 0.069586301 0.009430000
v 0.008875781 0.069586301 0.009430000
v 0.011076892 0.069586301 0.009430000
v 0.013266142 0.069586301 0.009430000
v 0.015441186 0.069586301 0.009430000
v 0.017599695 0.069586301 0.009430000
v 0.019739358 0.069586301 0.009430000
v 0.021857884 0.069586301 0.009430000
v 0.023953003 0.069586301 0.009430000
v 0.026022473 0.069586301 0.009430000
v 0.028064078 0.069586301 0.009430000
v 0.030075631 0.069586301 0.009430000
v 0.032054978 0.069586301 0.009430000
v 0.034000000 0.069586301 0.009430000
v 0.035908614 0.069586301 0.009430000
v 0.037778776 0.069586301 0.009430000
v 0.039608483 0.069586301 0.009430000
v 0.041395777 0.069586301 0.009742476
v 0.043138743 0.069586301 0.010076040
v 0.044835515 0.069586301 0.009985120
v 0.046484277 0.069586301 0.009887593
v 0.048083261 0.069586301 0.009803667
v 0.049630757 0.069586301 0.009746396
v 0.051125107 0.069586301 0.009693883
v 0.052564711 0.069586301 0.009639839
v 0.053948027 0.069586301 0.009584593
v 0.055273575 0.069586301 0.009528494
v 0.056539934 0.069586301 0.009471917
v 0.057745748 0.069586301 0.009415249
v 0.058889727 0.069586301 0.009358893
v 0.059970646 0.069586301 0.009303259
v 0.060987346 0.069586301 0.009248763
v 0.061938740 0.069586301 0.009195822
v 0.062823808 0.069586301 0.009144844
v 0.063641603 0.069586301 0.009096234
v 0.064391249 0.069586301 0.009050379
v 0.065071943 0.069586301 0.009007652
v 0.065682956 0.069586301 0.008968402
v 0.066223635 0.069586301 0.008932953
v 0.066693399 0.069586301 0.008901601
v 0.067091747 0.069586301 0.008874609
v 0.067418251 0.069586301 0.008852205
v 0.067672561 0.069586301 0.008834579
v 0.067854407 0.069586301 0.008821880
v 0.067963592 0.069586301 0.008814217
v 0.068000000 0.069586301 0.008811655
v -0.068000000 0.070573973 0.008803461
v -0.067963592 0.070573973 0.008806017
v -0.067854407 0.070573973 0.008813665
v -0.067672561 0.070573973 0.008826339
v -0.067418251 0.070573973 0.008843930
v -0.067091747 0.070573973 0.008866290
v -0.066693399 0.070573973 0.008893227
v -0.066223635 0.070573973 0.008924515
v -0.065682956 0.070573973 0.008959891
v -0.065071943 0.070573973 0.008999059
v -0.064391249 0.070573973 0.009041696
v -0.063641603 0.070573973 0.009087453
v -0.062823808 0.070573973 0.009135958
v -0.061938740 0.070573973 0.009186822
v -0.060987346 0.070573973 0.009239644
v -0.059970646 0.070573973 0.009294014
v -0.058889727 0.070573973 0.009349516
v -0.057745748 0.070573973 0.009405736
v -0.056539934 0.070573973 0.009462263
v -0.055273575 0.070573973 0.009518696
v -0.053948027 0.070573973 0.009574646
v -0.052564711 0.070573973 0.009629742
v -0.051125107 0.070573973 0.009683633
v -0.049630757 0.070573973 0.009735993
v -0.048083261 0.070573973 0.009793109
v -0.046484277 0.070573973 0.009876881
v -0.044835515 0.070573973 0.009974254
v -0.043138743 0.070573973 0.010065021
v -0.041395777 0.070573973 0.009737536
v -0.039608483 0.070573973 0.009430000
v -0.037778776 0.070573973 0.009430000
v -0.035908614 0.070573973 0.009430000
v -0.034000000 0.070573973 0.009430000
v -0.032054978 0.070573973 0.009430000
v -0.030075631 0.070573973 0.009430000
v -0.028064078 0.070573973 0.009430000
v -0.026022473 0.070573973 0.009430000
v -0.023953003 0.070573973 0.009430000
v -0.021857884 0.070573973 0.009430000
v -0.019739358 0.070573973 0.009430000
v -0.017599695 0.070573973 0.009430000
v -0.015441186 0.070573973 0.009430000
v -0.013266142 0.070573973 0.009430000
v -0.011076892 0.070573973 0.009430000
v -0.008875781 0.070573973 0.009430000
v -0.006665166 0.070573973 0.009430000
v -0.004447413 0.070573973 0.009430000
v -0.002224898 0.070573973 0.009430000
v 0.000000000 0.070573973 0.009430000
v 0.002224898 0.070573973 0.009430000
v 0.004447413 0.070573973 0.009430000
v 0.006665166 0.070573973 0.009430000
v 0.008875781 0.070573973 0.009430000
v 0.011076892 0.070573973 0.009430000
v 0.013266142 0.070573973 0.009430000
v 0.015441186 0.070573973 0.009430000
v 0.017599695 0.070573973 0.009430000
v 0.019739358 0.070573973 0.009430000
v 0.021857884 0.070573973 0.009430000
v 0.023953003 0.070573973 0.009430000
v 0.026022473 0.070573973 0.009430000
v 0.028064078 0.070573973 0.009430000
v 0.030075631 0.070573973 0.009430000
v 0.032054978 0.070573973 0.009430000
v 0.034000000 0.070573973 0.009430000
v 0.035908614 0.070573973 0.009430000
v 0.037778776 0.070573973 0.009430000
v 0.039608483 0.070573973 0.009430000
v 0.041395777 0.070573973 0.009737536
v 0.043138743 0.070573973 0.010065021
v 0.044835515 0.070573973 0.009974254
v 0.046484277 0.070573973 0.009876881
v 0.048083261 0.070573973 0.009793109
v 0.049630757 0.070573973 0.009735993
v 0.051125107 0.070573973 0.009683633
v 0.052564711 0.070573973 0.009629742
v 0.053948027 0.070573973 0.009574646
v 0.055273575 0.070573973 0.009518696
v 0.056539934 0.070573973 0.009462263
v 0.057745748 0.070573973 0.009405736
v 0.058889727 0.070573973 0.009349516
v 0.059970646 0.070573973 0.009294014
v 0.060987346 0.070573973 0.009239644
v 0.061938740 0.070573973 0.009186822
v 0.062823808 0.070573973 0.009135958
v 0.063641603 0.070573973 0.009087453
v 0.064391249 0.070573973 0.009041696
v 0.065071943 0.070573973 0.008999059
v 0.065682956 0.070573973 0.008959891
v 0.066223635 0.070573973 0.008924515
v 0.066693399 0.070573973 0.008893227
v 0.067091747 0.070573973 0.008866290
v 0.067418251 0.070573973 0.008843930
v 0.067672561 0.070573973 0.008826339
v 0.067854407 0.070573973 0.008813665
v 0.067963592 0.070573973 0.008806017
v 0.068000000 0.070573973 0.008803461
v -0.068000000 0.071561644 0.008794827
v -0.067963592 0.071561644 0.008797378
v -0.067854407 0.071561644 0.008805010
v -0.067672561 0.071561644 0.008817658
v -0.067418251 0.071561644 0.008835213
v -0.067091747 0.071561644 0.008857526
v -0.066693399 0.071561644 0.008884406
v -0.066223635 0.071561644 0.008915628
v -0.065682956 0.071561644 0.008950928
v -0.065071943 0.071561644 0.008990012
v -0.064391249 0.071561644 0.009032556
v -0.063641603 0.071561644 0.009078211
v -0.062823808 0.071561644 0.009126607
v -0.061938740 0.071561644 0.009177354
v -0.060987346 0.071561644 0.009230053
v -0.059970646 0.071561644 0.009284292
v -0.058889727 0.071561644 0.009339658
v -0.057745748 0.071561644 0.009395737
v -0.056539934 0.071561644 0.009452118
v -0.055273575 0.071561644 0.009508401
v -0.053948027 0.071561644 0.009564198
v -0.052564711 0.071561644 0.009619138
v -0.051125107 0.071561644 0.009672871
v -0.049630757 0.071561644 0.009725072
v -0.048083261 0.071561644 0.009782028
v -0.046484277 0.071561644 0.009865639
v -0.044835515 0.071561644 0.009962853
v -0.043138743 0.071561644 0.010053462
v -0.041395777 0.071561644 0.009732356
v -0.039608483 0.071561644 0.009430000
v -0.037778776 0.071561644 0.009430000
v -0.035908614 0.071561644 0.009430000
v -0.034000000 0.071561644 0.009430000
v -0.032054978 0.071561644 0.009430000
v -0.030075631 0.071561644 0.009430000
v -0.028064078 0.071561644 0.009430000
v -0.026022473 0.071561644 0.009430000
v -0.023953003 0.071561644 0.009430000
v -0.021857884 0.071561644 0.009430000
v -0.019739358 0.071561644 0.009430000
v -0.017599695 0.071561644 0.009430000
v -0.015441186 0.071561644 0.009430000
v -0.013266142 0.071561644 0.009430000
v -0.011076892 0.071561644 0.009430000
v -0.008875781 0.071561644 0.009430000
v -0.006665166 0.071561644 0.009430000
v -0.004447413 0.071561644 0.009430000
v -0.002224898 0.071561644 0.009430000
v 0.000000000 0.071561644 0.009430000
v 0.002224898 0.071561644 0.009430000
v 0.004447413 0.071561644 0.009430000
v 0.006665166 0.071561644 0.009430000
v 0.008875781 0.071561644 0.009430000
v 0.011076892 0.071561644 0.009430000
v 0.013266142 0.071561644 0.009430000
v 0.015441186 0.071561644 0.009430000
v 0.017599695 0.071561644 0.009430000
v 0.019739358 0.071561644 0.009430000
v 0.021857884 0.071561644 0.009430000
v 0.023953003 0.071561644 0.009430000
v 0.026022473 0.071561644 0.009430000
v 0.028064078 0.071561644 0.009430000
v 0.030075631 0.071561644 0.009430000
v 0.032054978 0.071561644 0.009430000
v 0.034000000 0.071561644 0.009430000
v 0.035908614 0.071561644 0.009430000
v 0.037778776 0.071561644 0.009430000
v 0.039608483 0.071561644 0.009430000
v 0.041395777 0.071561644 0.009732356
v 0.043138743 0.071561644 0.010053462
v 0.044835515 0.071561644 0.009962853
v 0.046484277 0.071561644 0.009865639
v 0.048083261 0.071561644 0.009782028
v 0.049630757 0.071561644 0.009725072
v 0.051125107 0.071561644 0.009672871
v 0.052564711 0.071561644 0.009619138
v 0.053948027 0.071561644 0.009564198
v 0.055273575 0.071561644 0.009508401
v 0.056539934 0.071561644 0.009452118
v 0.057745748 0.071561644 0.009395737
v 0.058889727 0.071561644 0.009339658
v 0.059970646 0.071561644 0.009284292
v 0.060987346 0.071561644 0.009230053
v 0.061938740 0.071561644 0.009177354
v 0.062823808 0.071561644 0.009126607
v 0.063641603 0.071561644 0.009078211
v 0.064391249 0.071561644 0.009032556
v 0.065071943 0.071561644 0.008990012
v 0.065682956 0.071561644 0.008950928
v 0.066223635 0.071561644 0.008915628
v 0.066693399 0.071561644 0.008884406
v 0.067091747 0.071561644 0.008857526
v 0.067418251 0.071561644 0.008835213
v 0.067672561 0.071561644 0.008817658
v 0.067854407 0.071561644 0.008805010
v 0.067963592 0.071561644 0.008797378
v 0.068000000 0.071561644 0.008794827
v -0.068000000 0.072549315 0.008785745
v -0.067963592 0.072549315 0.008788291
v -0.067854407 0.072549315 0.008795907
v -0.067672561 0.072549315 0.008808528
v -0.067418251 0.072549315 0.008826045
v -0.067091747 0.072549315 0.008848310
v -0.066693399 0.072549315 0.008873393
v -0.066223635 0.072549315 0.008899281
v -0.065682956 0.072549315 0.008934503
v -0.065071943 0.072549315 0.008973500
v -0.064391249 0.072549315 0.009015947
v -0.063641603 0.072549315 0.009061497
v -0.062823808 0.072549315 0.009109779
v -0.061938740 0.072549315 0.009160406
v -0.060987346 0.072549315 0.009212976
v -0.059970646 0.072549315 0.009267081
v -0.058889727 0.072549315 0.009322307
v -0.057745748 0.072549315 0.009378239
v -0.056539934 0.072549315 0.009434470
v -0.055273575 0.072549315 0.009490597
v -0.053948027 0.072549315 0.009546236
v -0.052564711 0.072549315 0.009601015
v -0.051125107 0.072549315 0.009654584
v -0.049630757 0.072549315 0.009706620
v -0.048083261 0.072549315 0.009763410
v -0.046484277 0.072549315 0.009846856
v -0.044835515 0.072549315 0.009943905
v -0.043138743 0.072549315 0.010034350
v -0.041395777 0.072549315 0.009726931
v -0.039608483 0.072549315 0.009430000
v -0.037778776 0.072549315 0.009430000
v -0.035908614 0.072549315 0.009430000
v -0.034000000 0.072549315 0.009430000
v -0.032054978 0.072549315 0.009430000
v -0.030075631 0.072549315 0.009430000
v -0.028064078 0.072549315 0.009430000
v -0.026022473 0.072549315 0.009430000
v -0.023953003 0.072549315 0.009430000
v -0.021857884 0.072549315 0.009430000
v -0.019739358 0.072549315 0.009430000
v -0.017599695 0.072549315 0.009430000
v -0.015441186 0.072549315 0.009430000
v -0.013266142 0.072549315 0.009430000
v -0.011076892 0.072549315 0.009430000
v -0.008875781 0.072549315 0.009430000
v -0.006665166 0.072549315 0.009430000
v -0.004447413 0.072549315 0.009430000
v -0.002224898 0.072549315 0.009430000
v 0.000000000 0.072549315 0.009430000
v 0.002224898 0.072549315 0.009430000
v 0.004447413 0.072549315 0.009430000
v 0.006665166 0.072549315 0.009430000
v 0.008875781 0.072549315 0.009430000
v 0.011076892 0.072549315 0.009430000
v 0.013266142 0.072549315 0.009430000
v 0.015441186 0.072549315 0.009430000
v 0.017599695 0.072549315 0.009430000
v 0.019739358 0.072549315 0.009430000
v 0.021857884 0.072549315 0.009430000
v 0.023953003 0.072549315 0.009430000
v 0.026022473 0.072549315 0.009430000
v 0.028064078 0.072549315 0.009430000
v 0.030075631 0.072549315 0.009430000
v 0.032054978 0.072549315 0.009430000
v 0.034000000 0.072549315 0.009430000
v 0.035908614 0.072549315 0.009430000
v 0.037778776 0.072549315 0.009430000
v 0.039608483 0.072549315 0.009430000
v 0.041395777 0.072549315 0.009726931
v 0.043138743 0.072549315 0.010034350
v 0.044835515 0.072549315 0.009943905
v 0.046484277 0.072549315 0.009846856
v 0.048083261 0.072549315 0.009763410
v 0.049630757 0.072549315 0.009706620
v 0.051125107 0.072549315 0.009654584
v 0.052564711 0.072549315 0.009601015
v 0.053948027 0.072549315 0.009546236
v 0.055273575 0.072549315 0.009490597
v 0.056539934 0.072549315 0.009434470
v 0.057745748 0.072549315 0.009378239
v 0.058889727 0.072549315 0.009322307
v 0.059970646 0.072549315 0.009267081
v 0.060987346 0.072549315 0.009212976
v 0.061938740 0.072549315 0.009160406
v 0.062823808 0.072549315 0.009109779
v 0.063641603 0.072549315 0.009061497
v 0.064391249 0.072549315 0.009015947
v 0.065071943 0.072549315 0.008973500
v 0.065682956 0.072549315 0.008934503
v 0.066223635 0.072549315 0.008899281
v 0.066693399 0.072549315 0.008873393
v 0.067091747 0.072549315 0.008848310
v 0.067418251 0.072549315 0.008826045
v 0.067672561 0.072549315 0.008808528
v 0.067854407 0.072549315 0.008795907
v 0.067963592 0.072549315 0.008788291
v 0.068000000 0.072549315 0.008785745
v -0.068000000 0.073536986 0.008776208
v -0.067963592 0.073536986 0.008778749
v -0.067854407 0.073536986 0.008786348
v -0.067672561 0.073536986 0.008798941
v -0.067418251 0.073536986 0.008816419
v -0.067091747 0.073536986 0.008683863
v -0.066693399 0.073536986 0.008397963
v -0.066223635 0.073536986 0.008416479
v -0.065682956 0.073536986 0.008451621
v -0.065071943 0.073536986 0.008490527
v -0.064391249 0.073536986 0.008532875
v -0.063641603 0.073536986 0.008578316
v -0.062823808 0.073536986 0.008626481
v -0.061938740 0.073536986 0.008676983
v -0.060987346 0.073536986 0.008729421
v -0.059970646 0.073536986 0.008783387
v -0.058889727 0.073536986 0.008838467
v -0.057745748 0.073536986 0.008894248
v -0.056539934 0.073536986 0.008950323
v -0.055273575 0.073536986 0.009006291
v -0.053948027 0.073536986 0.009061765
v -0.052564711 0.073536986 0.009116377
v -0.051125107 0.073536986 0.009169778
v -0.049630757 0.073536986 0.009221643
v -0.048083261 0.073536986 0.009278263
v -0.046484277 0.073536986 0.009361538
v -0.044835515 0.073536986 0.009458416
v -0.043138743 0.073536986 0.009548693
v -0.041395777 0.073536986 0.009721258
v -0.039608483 0.073536986 0.009430000
v -0.037778776 0.073536986 0.009430000
v -0.035908614 0.073536986 0.009430000
v -0.034000000 0.073536986 0.009430000
v -0.032054978 0.073536986 0.009430000
v -0.030075631 0.073536986 0.009430000
v -0.028064078 0.073536986 0.009430000
v -0.026022473 0.073536986 0.009430000
v -0.023953003 0.073536986 0.009430000
v -0.021857884 0.073536986 0.009430000
v -0.019739358 0.073536986 0.009430000
v -0.017599695 0.073536986 0.009430000
v -0.015441186 0.073536986 0.009430000
v -0.013266142 0.073536986 0.009430000
v -0.011076892 0.073536986 0.009430000
v -0.008875781 0.073536986 0.009430000
v -0.006665166 0.073536986 0.009430000
v -0.004447413 0.073536986 0.009430000
v -0.002224898 0.073536986 0.009430000
v 0.000000000 0.073536986 0.009430000
v 0.002224898 0.073536986 0.009430000
v 0.004447413 0.073536986 0.009430000
v 0.006665166 0.073536986 0.009430000
v 0.008875781 0.073536986 0.009430000
v 0.011076892 0.073536986 0.009430000
v 0.013266142 0.073536986 0.009430000
v 0.015441186 0.073536986 0.009430000
v 0.017599695 0.073536986 0.009430000
v 0.019739358 0.073536986 0.009430000
v 0.021857884 0.073536986 0.009430000
v 0.023953003 0.073536986 0.009430000
v 0.026022473 0.073536986 0.009430000
v 0.028064078 0.073536986 0.009430000
v 0.030075631 0.073536986 0.009430000
v 0.032054978 0.073536986 0.009430000
v 0.034000000 0.073536986 0.009430000
v 0.035908614 0.073536986 0.009430000
v 0.037778776 0.073536986 0.009430000
v 0.039608483 0.073536986 0.009430000
v 0.041395777 0.073536986 0.009721258
v 0.043138743 0.073536986 0.009548693
v 0.044835515 0.073536986 0.009458416
v 0.046484277 0.073536986 0.009361538
v 0.048083261 0.073536986 0.009278263
v 0.049630757 0.073536986 0.009221643
v 0.051125107 0.073536986 0.009169778
v 0.052564711 0.073536986 0.009116377
v 0.053948027 0.073536986 0.009061765
v 0.055273575 0.073536986 0.009006291
v 0.056539934 0.073536986 0.008950323
v 0.057745748 0.073536986 0.008894248
v 0.058889727 0.073536986 0.008838467
v 0.059970646 0.073536986 0.008783387
v 0.060987346 0.073536986 0.008729421
v 0.061938740 0.073536986 0.008676983
v 0.062823808 0.073536986 0.008626481
v 0.063641603 0.073536986 0.008578316
v 0.064391249 0.073536986 0.008532875
v 0.065071943 0.073536986 0.008490527
v 0.065682956 0.073536986 0.008451621
v 0.066223635 0.073536986 0.008416479
v 0.066693399 0.073536986 0.008397963
v 0.067091747 0.073536986 0.008683863
v 0.067418251 0.073536986 0.008816419
v 0.067672561 0.073536986 0.008798941
v 0.067854407 0.073536986 0.008786348
v 0.067963592 0.073536986 0.008778749
v 0.068000000 0.073536986 0.008776208
v -0.068000000 0.074524658 0.008766209
v -0.067963592 0.074524658 0.008768744
v -0.067854407 0.074524658 0.008776326
v -0.067672561 0.074524658 0.008788890
v -0.067418251 0.074524658 0.008806328
v -0.067091747 0.074524658 0.008828492
v -0.066693399 0.074524658 0.008855192
v -0.066223635 0.074524658 0.008886202
v -0.065682956 0.074524658 0.008921260
v -0.065071943 0.074524658 0.008960073
v -0.064391249 0.074524658 0.009002318
v -0.063641603 0.074524658 0.009047647
v -0.062823808 0.074524658 0.009095691
v -0.061938740 0.074524658 0.009146064
v -0.060987346 0.074524658 0.009198366
v -0.059970646 0.074524658 0.009252188
v -0.058889727 0.074524658 0.009307118
v -0.057745748 0.074524658 0.009362744
v -0.056539934 0.074524658 0.009418658
v -0.055273575 0.074524658 0.009474460
v -0.053948027 0.074524658 0.009529766
v -0.052564711 0.074524658 0.009584206
v -0.051125107 0.074524658 0.009637432
v -0.049630757 0.074524658 0.009689122
v -0.048083261 0.074524658 0.009745565
v -0.046484277 0.074524658 0.009828663
v -0.044835515 0.074524658 0.009925366
v -0.043138743 0.074524658 0.010015468
v -0.041395777 0.074524658 0.009715334
v -0.039608483 0.074524658 0.009430000
v -0.037778776 0.074524658 0.009430000
v -0.035908614 0.074524658 0.009430000
v -0.034000000 0.074524658 0.009430000
v -0.032054978 0.074524658 0.009430000
v -0.030075631 0.074524658 0.009430000
v -0.028064078 0.074524658 0.009430000
v -0.026022473 0.074524658 0.009430000
v -0.023953003 0.074524658 0.009430000
v -0.021857884 0.074524658 0.009430000
v -0.019739358 0.074524658 0.009430000
v -0.017599695 0.074524658 0.009430000
v -0.015441186 0.074524658 0.009430000
v -0.013266142 0.074524658 0.009430000
v -0.011076892 0.074524658 0.009430000
v -0.008875781 0.074524658 0.009430000
v -0.006665166 0.074524658 0.009430000
v -0.004447413 0.074524658 0.009430000
v -0.002224898 0.074524658 0.009430000
v 0.000000000 0.074524658 0.009430000
v 0.002224898 0.074524658 0.009430000
v 0.004447413 0.074524658 0.009430000
v 0.006665166 0.074524658 0.009430000
v 0.008875781 0.074524658 0.009430000
v 0.011076892 0.074524658 0.009430000
v 0.013266142 0.074524658 0.009430000
v 0.015441186 0.074524658 0.009430000
v 0.017599695 0.074524658 0.009430000
v 0.019739358 0.074524658 0.009430000
v 0.021857884 0.074524658 0.009430000
v 0.023953003 0.074524658 0.009430000
v 0.026022473 0.074524658 0.009430000
v 0.028064078 0.074524658 0.009430000
v 0.030075631 0.074524658 0.009430000
v 0.032054978 0.074524658 0.009430000
v 0.034000000 0.074524658 0.009430000
v 0.035908614 0.074524658 0.009430000
v 0.037778776 0.074524658 0.009430000
v 0.039608483 0.074524658 0.009430000
v 0.041395777 0.074524658 0.009715334
v 0.043138743 0.074524658 0.010015468
v 0.044835515 0.074524658 0.009925366
v 0.046484277 0.074524658 0.009828663
v 0.048083261 0.074524658 0.009745565
v 0.049630757 0.074524658 0.009689122
v 0.051125107 0.074524658 0.009637432
v 0.052564711 0.074524658 0.009584206
v 0.053948027 0.074524658 0.009529766
v 0.055273575 0.074524658 0.009474460
v 0.056539934 0.074524658 0.009418658
v 0.057745748 0.074524658 0.009362744
v 0.058889727 0.074524658 0.009307118
v 0.059970646 0.074524658 0.009252188
v 0.060987346 0.074524658 0.009198366
v 0.061938740 0.074524658 0.009146064
v 0.062823808 0.074524658 0.009095691
v 0.063641603 0.074524658 0.009047647
v 0.064391249 0.074524658 0.009002318
v 0.065071943 0.074524658 0.008960073
v 0.065682956 0.074524658 0.008921260
v 0.066223635 0.074524658 0.008886202
v 0.066693399 0.074524658 0.008855192
v 0.067091747 0.074524658 0.008828492
v 0.067418251 0.074524658 0.008806328
v 0.067672561 0.074524658 0.008788890
v 0.067854407 0.074524658 0.008776326
v 0.067963592 0.074524658 0.008768744
v 0.068000000 0.074524658 0.008766209
v -0.068000000 0.075512329 0.008755741
v -0.067963592 0.075512329 0.008758270
v -0.067854407 0.075512329 0.008765834
v -0.067672561 0.075512329 0.008778368
v -0.067418251 0.075512329 0.008795765
v -0.067091747 0.075512329 0.008817876
v -0.066693399 0.075512329 0.008844512
v -0.066223635 0.075512329 0.008875446
v -0.065682956 0.075512329 0.008910419
v -0.065071943 0.075512329 0.008949136
v -0.064391249 0.075512329 0.008991274
v -0.063641603 0.075512329 0.009036488
v -0.062823808 0.075512329 0.009084408
v -0.061938740 0.075512329 0.009134648
v -0.060987346 0.075512329 0.009186809
v -0.059970646 0.075512329 0.009240483
v -0.058889727 0.075512329 0.009295259
v -0.057745748 0.075512329 0.009350724
v -0.056539934 0.075512329 0.009406471
v -0.055273575 0.075512329 0.009462103
v -0.053948027 0.075512329 0.009517235
v -0.052564711 0.075512329 0.009571497
v -0.051125107 0.075512329 0.009624544
v -0.049630757 0.075512329 0.009676052
v -0.048083261 0.075512329 0.009732313
v -0.046484277 0.075512329 0.009815230
v -0.044835515 0.075512329 0.009911751
v -0.043138743 0.075512329 0.010001674
v -0.041395777 0.075512329 0.009709155
v -0.039608483 0.075512329 0.009430000
v -0.037778776 0.075512329 0.009430000
v -0.035908614 0.075512329 0.009430000
v -0.034000000 0.075512329 0.009430000
v -0.032054978 0.075512329 0.009430000
v -0.030075631 0.075512329 0.009430000
v -0.028064078 0.075512329 0.009430000
v -0.026022473 0.075512329 0.009430000
v -0.023953003 0.075512329 0.009430000
v -0.021857884 0.075512329 0.009430000
v -0.019739358 0.075512329 0.009430000
v -0.017599695 0.075512329 0.009430000
v -0.015441186 0.075512329 0.009430000
v -0.013266142 0.075512329 0.009430000
v -0.011076892 0.075512329 0.009430000
v -0.008875781 0.075512329 0.009430000
v -0.006665166 0.075512329 0.009430000
v -0.004447413 0.075512329 0.009430000
v -0.002224898 0.075512329 0.009430000
v 0.000000000 0.075512329 0.009430000
v 0.002224898 0.075512329 0.009430000
v 0.004447413 0.075512329 0.009430000
v 0.006665166 0.075512329 0.009430000
v 0.008875781 0.075512329 0.009430000
v 0.011076892 0.075512329 0.009430000
v 0.013266142 0.075512329 0.009430000
v 0.015441186 0.075512329 0.009430000
v 0.017599695 0.075512329 0.009430000
v 0.019739358 0.075512329 0.009430000
v 0.021857884 0.075512329 0.009430000
v 0.023953003 0.075512329 0.009430000
v 0.026022473 0.075512329 0.009430000
v 0.028064078 0.075512329 0.009430000
v 0.030075631 0.075512329 0.009430000
v 0.032054978 0.075512329 0.009430000
v 0.034000000 0.075512329 0.009430000
v 0.035908614 0.075512329 0.009430000
v 0.037778776 0.075512329 0.009430000
v 0.039608483 0.075512329 0.009430000
v 0.041395777 0.075512329 0.009709155
v 0.043138743 0.075512329 0.010001674
v 0.044835515 0.075512329 0.009911751
v 0.046484277 0.075512329 0.009815230
v 0.048083261 0.075512329 0.009732313
v 0.049630757 0.075512329 0.009676052
v 0.051125107 0.075512329 0.009624544
v 0.052564711 0.075512329 0.009571497
v 0.053948027 0.075512329 0.009517235
v 0.055273575 0.075512329 0.009462103
v 0.056539934 0.075512329 0.009406471
v 0.057745748 0.075512329 0.009350724
v 0.058889727 0.075512329 0.009295259
v 0.059970646 0.075512329 0.009240483
v 0.060987346 0.075512329 0.009186809
v 0.061938740 0.075512329 0.009134648
v 0.062823808 0.075512329 0.009084408
v 0.063641603 0.075512329 0.009036488
v 0.064391249 0.075512329 0.008991274
v 0.065071943 0.075512329 0.008949136
v 0.065682956 0.075512329 0.008910419
v 0.066223635 0.075512329 0.008875446
v 0.066693399 0.075512329 0.008844512
v 0.067091747 0.075512329 0.008817876
v 0.067418251 0.075512329 0.008795765
v 0.067672561 0.075512329 0.008778368
v 0.067854407 0.075512329 0.008765834
v 0.067963592 0.075512329 0.008758270
v 0.068000000 0.075512329 0.008755741
v -0.068000000 0.076500000 0.008744796
v -0.067963592 0.076500000 0.008747318
v -0.067854407 0.076500000 0.008754864
v -0.067672561 0.076500000 0.008767368
v -0.067418251 0.076500000 0.008784722
v -0.067091747 0.076500000 0.008806779
v -0.066693399 0.076500000 0.008833348
v -0.066223635 0.076500000 0.008864206
v -0.065682956 0.076500000 0.008899090
v -0.065071943 0.076500000 0.008937707
v -0.064391249 0.076500000 0.008979737
v -0.063641603 0.076500000 0.009024832
v -0.062823808 0.076500000 0.009072623
v -0.061938740 0.076500000 0.009122726
v -0.060987346 0.076500000 0.009174742
v -0.059970646 0.076500000 0.009228264
v -0.058889727 0.076500000 0.009282880
v -0.057745748 0.076500000 0.009338180
v -0.056539934 0.076500000 0.009393757
v -0.055273575 0.076500000 0.009449213
v -0.053948027 0.076500000 0.009504165
v -0.052564711 0.076500000 0.009558245
v -0.051125107 0.076500000 0.009611107
v -0.049630757 0.076500000 0.009662428
v -0.048083261 0.076500000 0.009718501
v -0.046484277 0.076500000 0.009801230
v -0.044835515 0.076500000 0.009897565
v -0.043138743 0.076500000 0.009987303
v -0.041395777 0.076500000 0.009702719
v -0.039608483 0.076500000 0.009430000
v -0.037778776 0.076500000 0.009430000
v -0.035908614 0.076500000 0.009430000
v -0.034000000 0.076500000 0.009430000
v -0.032054978 0.076500000 0.009430000
v -0.030075631 0.076500000 0.009430000
v -0.028064078 0.076500000 0.009430000
v -0.026022473 0.076500000 0.009430000
v -0.023953003 0.076500000 0.009430000
v -0.021857884 0.076500000 0.009430000
v -0.019739358 0.076500000 0.009430000
v -0.017599695 0.076500000 0.009430000
v -0.015441186 0.076500000 0.009430000
v -0.013266142 0.076500000 0.009430000
v -0.011076892 0.076500000 0.009430000
v -0.008875781 0.076500000 0.009430000
v -0.006665166 0.076500000 0.009430000
v -0.004447413 0.076500000 0.009430000
v -0.002224898 0.076500000 0.009430000
v 0.000000000 0.076500000 0.009430000
v 0.002224898 0.076500000 0.009430000
v 0.004447413 0.076500000 0.009430000
v 0.006665166 0.076500000 0.009430000
v 0.008875781 0.076500000 0.009430000
v 0.011076892 0.076500000 0.009430000
v 0.013266142 0.076500000 0.009430000
v 0.015441186 0.076500000 0.009430000
v 0.017599695 0.076500000 0.009430000
v 0.019739358 0.076500000 0.009430000
v 0.021857884 0.076500000 0.009430000
v 0.023953003 0.076500000 0.009430000
v 0.026022473 0.076500000 0.009430000
v 0.028064078 0.076500000 0.009430000
v 0.030075631 0.076500000 0.009430000
v 0.032054978 0.076500000 0.009430000
v 0.034000000 0.076500000 0.009430000
v 0.035908614 0.076500000 0.009430000
v 0.037778776 0.076500000 0.009430000
v 0.039608483 0.076500000 0.009430000
v 0.041395777 0.076500000 0.009702719
v 0.043138743 0.076500000 0.009987303
v 0.044835515 0.076500000 0.009897565
v 0.046484277 0.076500000 0.009801230
v 0.048083261 0.076500000 0.009718501
v 0.049630757 0.076500000 0.009662428
v 0.051125107 0.076500000 0.009611107
v 0.052564711 0.076500000 0.009558245
v 0.053948027 0.076500000 0.009504165
v 0.055273575 0.076500000 0.009449213
v 0.056539934 0.076500000 0.009393757
v 0.057745748 0.076500000 0.009338180
v 0.058889727 0.076500000 0.009282880
v 0.059970646 0.076500000 0.009228264
v 0.060987346 0.076500000 0.009174742
v 0.061938740 0.076500000 0.009122726
v 0.062823808 0.076500000 0.009072623
v 0.063641603 0.076500000 0.009024832
v 0.064391249 0.076500000 0.008979737
v 0.065071943 0.076500000 0.008937707
v 0.065682956 0.076500000 0.008899090
v 0.066223635 0.076500000 0.008864206
v 0.066693399 0.076500000 0.008833348
v 0.067091747 0.076500000 0.008806779
v 0.067418251 0.076500000 0.008784722
v 0.067672561 0.076500000 0.008767368
v 0.067854407 0.076500000 0.008754864
v 0.067963592 0.076500000 0.008747318
v 0.068000000 0.076500000 0.008744796
v -0.067800000 0.077433333 0.008734008
v -0.067763699 0.077433333 0.008736525
v -0.067654835 0.077433333 0.008744053
v -0.067473524 0.077433333 0.008756527
v -0.067219962 0.077433333 0.008773840
v -0.066894418 0.077433333 0.008795843
v -0.066497242 0.077433333 0.008822349
v -0.066028859 0.077433333 0.008853131
v -0.065489771 0.077433333 0.008887929
v -0.064880555 0.077433333 0.008926450
v -0.064201863 0.077433333 0.008968374
v -0.063454422 0.077433333 0.009013353
v -0.062639032 0.077433333 0.009061020
v -0.061756567 0.077433333 0.009110990
v -0.060807972 0.077433333 0.009162865
v -0.059794262 0.077433333 0.009216238
v -0.058716522 0.077433333 0.009270700
v -0.057575908 0.077433333 0.009325839
v -0.056373640 0.077433333 0.009381249
v -0.055111005 0.077433333 0.009436535
v -0.053789356 0.077433333 0.009491312
v -0.052410109 0.077433333 0.009545215
v -0.050974739 0.077433333 0.009597897
v -0.049484784 0.077433333 0.009649037
v -0.047941840 0.077433333 0.009706997
v -0.046347558 0.077433333 0.009791426
v -0.044703646 0.077433333 0.009887778
v -0.043011865 0.077433333 0.009975880
v -0.041274025 0.077433333 0.009656287
v -0.039491988 0.077433333 0.009430000
v -0.037667662 0.077433333 0.009430000
v -0.035803000 0.077433333 0.009430000
v -0.033900000 0.077433333 0.009430000
v -0.031960699 0.077433333 0.009430000
v -0.029987173 0.077433333 0.009430000
v -0.027981537 0.077433333 0.009430000
v -0.025945937 0.077433333 0.009430000
v -0.023882553 0.077433333 0.009430000
v -0.021793596 0.077433333 0.009430000
v -0.019681301 0.077433333 0.009430000
v -0.017547931 0.077433333 0.009430000
v -0.015395771 0.077433333 0.009430000
v -0.013227124 0.077433333 0.009430000
v -0.011044313 0.077433333 0.009430000
v -0.008849676 0.077433333 0.009430000
v -0.006645562 0.077433333 0.009430000
v -0.004434332 0.077433333 0.009430000
v -0.002218354 0.077433333 0.009430000
v 0.000000000 0.077433333 0.009430000
v 0.002218354 0.077433333 0.009430000
v 0.004434332 0.077433333 0.009430000
v 0.006645562 0.077433333 0.009430000
v 0.008849676 0.077433333 0.009430000
v 0.011044313 0.077433333 0.009430000
v 0.013227124 0.077433333 0.009430000
v 0.015395771 0.077433333 0.009430000
v 0.017547931 0.077433333 0.009430000
v 0.019681301 0.077433333 0.009430000
v 0.021793596 0.077433333 0.009430000
v 0.023882553 0.077433333 0.009430000
v 0.025945937 0.077433333 0.009430000
v 0.027981537 0.077433333 0.009430000
v 0.029987173 0.077433333 0.009430000
v 0.031960699 0.077433333 0.009430000
v 0.033900000 0.077433333 0.009430000
v 0.035803000 0.077433333 0.009430000
v 0.037667662 0.077433333 0.009430000
v 0.039491988 0.077433333 0.009430000
v 0.041274025 0.077433333 0.009656287
v 0.043011865 0.077433333 0.009975880
v 0.044703646 0.077433333 0.009887778
v 0.046347558 0.077433333 0.009791426
v 0.047941840 0.077433333 0.009706997
v 0.049484784 0.077433333 0.009649037
v 0.050974739 0.077433333 0.009597897
v 0.052410109 0.077433333 0.009545215
v 0.053789356 0.077433333 0.009491312
v 0.055111005 0.077433333 0.009436535
v 0.056373640 0.077433333 0.009381249
v 0.057575908 0.077433333 0.009325839
v 0.058716522 0.077433333 0.009270700
v 0.059794262 0.077433333 0.009216238
v 0.060807972 0.077433333 0.009162865
v 0.061756567 0.077433333 0.009110990
v 0.062639032 0.077433333 0.009061020
v 0.063454422 0.077433333 0.009013353
v 0.064201863 0.077433333 0.008968374
v 0.064880555 0.077433333 0.008926450
v 0.065489771 0.077433333 0.008887929
v 0.066028859 0.077433333 0.008853131
v 0.066497242 0.077433333 0.008822349
v 0.066894418 0.077433333 0.008795843
v 0.067219962 0.077433333 0.008773840
v 0.067473524 0.077433333 0.008756527
v 0.067654835 0.077433333 0.008744053
v 0.067763699 0.077433333 0.008736525
v 0.067800000 0.077433333 0.008734008
v -0.067600000 0.078366667 0.008722783
v -0.067563806 0.078366667 0.008725294
v -0.067455263 0.078366667 0.008732803
v -0.067274488 0.078366667 0.008745247
v -0.067021673 0.078366667 0.008762517
v -0.066697089 0.078366667 0.008784466
v -0.066301085 0.078366667 0.008810906
v -0.065834084 0.078366667 0.008841611
v -0.065296586 0.078366667 0.008876321
v -0.064689167 0.078366667 0.008914743
v -0.064012477 0.078366667 0.008956557
v -0.063267241 0.078366667 0.009001418
v -0.062454256 0.078366667 0.009048957
v -0.061574395 0.078366667 0.009098790
v -0.060628597 0.078366667 0.009150520
v -0.059617877 0.078366667 0.009203741
v -0.058543317 0.078366667 0.009258044
v -0.057406067 0.078366667 0.009313018
v -0.056207346 0.078366667 0.009368258
v -0.054948436 0.078366667 0.009423369
v -0.053630686 0.078366667 0.009477967
v -0.052255507 0.078366667 0.009531687
v -0.050824371 0.078366667 0.009584184
v -0.049338811 0.078366667 0.009635138
v -0.047800418 0.078366667 0.009695225
v -0.046210840 0.078366667 0.009781198
v -0.044571777 0.078366667 0.009877425
v -0.042884986 0.078366667 0.009963766
v -0.041152273 0.078366667 0.009612794
v -0.039375492 0.078366667 0.009430000
v -0.037556548 0.078366667 0.009430000
v -0.035697387 0.078366667 0.009430000
v -0.033800000 0.078366667 0.009430000
v -0.031866419 0.078366667 0.009430000
v -0.029898715 0.078366667 0.009430000
v -0.027898995 0.078366667 0.009430000
v -0.025869400 0.078366667 0.009430000
v -0.023812103 0.078366667 0.009430000
v -0.021729308 0.078366667 0.009430000
v -0.019623244 0.078366667 0.009430000
v -0.017496167 0.078366667 0.009430000
v -0.015350355 0.078366667 0.009430000
v -0.013188106 0.078366667 0.009430000
v -0.011011734 0.078366667 0.009430000
v -0.008823571 0.078366667 0.009430000
v -0.006625959 0.078366667 0.009430000
v -0.004421252 0.078366667 0.009430000
v -0.002211810 0.078366667 0.009430000
v 0.000000000 0.078366667 0.009430000
v 0.002211810 0.078366667 0.009430000
v 0.004421252 0.078366667 0.009430000
v 0.006625959 0.078366667 0.009430000
v 0.008823571 0.078366667 0.009430000
v 0.011011734 0.078366667 0.009430000
v 0.013188106 0.078366667 0.009430000
v 0.015350355 0.078366667 0.009430000
v 0.017496167 0.078366667 0.009430000
v 0.019623244 0.078366667 0.009430000
v 0.021729308 0.078366667 0.009430000
v 0.023812103 0.078366667 0.009430000
v 0.025869400 0.078366667 0.009430000
v 0.027898995 0.078366667 0.009430000
v 0.029898715 0.078366667 0.009430000
v 0.031866419 0.078366667 0.009430000
v 0.033800000 0.078366667 0.009430000
v 0.035697387 0.078366667 0.009430000
v 0.037556548 0.078366667 0.009430000
v 0.039375492 0.078366667 0.009430000
v 0.041152273 0.078366667 0.009612794
v 0.042884986 0.078366667 0.009963766
v 0.044571777 0.078366667 0.009877425
v 0.046210840 0.078366667 0.009781198
v 0.047800418 0.078366667 0.009695225
v 0.049338811 0.078366667 0.009635138
v 0.050824371 0.078366667 0.009584184
v 0.052255507 0.078366667 0.009531687
v 0.053630686 0.078366667 0.009477967
v 0.054948436 0.078366667 0.009423369
v 0.056207346 0.078366667 0.009368258
v 0.057406067 0.078366667 0.009313018
v 0.058543317 0.078366667 0.009258044
v 0.059617877 0.078366667 0.009203741
v 0.060628597 0.078366667 0.009150520
v 0.061574395 0.078366667 0.009098790
v 0.062454256 0.078366667 0.009048957
v 0.063267241 0.078366667 0.009001418
v 0.064012477 0.078366667 0.008956557
v 0.064689167 0.078366667 0.008914743
v 0.065296586 0.078366667 0.008876321
v 0.065834084 0.078366667 0.008841611
v 0.066301085 0.078366667 0.008810906
v 0.066697089 0.078366667 0.008784466
v 0.067021673 0.078366667 0.008762517
v 0.067274488 0.078366667 0.008745247
v 0.067455263 0.078366667 0.008732803
v 0.067563806 0.078366667 0.008725294
v 0.067600000 0.078366667 0.008722783
v -0.067400000 0.079300000 0.008711115
v -0.067363913 0.079300000 0.008713619
v -0.067255691 0.079300000 0.008721109
v -0.067075451 0.079300000 0.008733522
v -0.066823384 0.079300000 0.008750748
v -0.066499761 0.079300000 0.008772642
v -0.066104928 0.079300000 0.008799014
v -0.065639308 0.079300000 0.008829639
v -0.065103401 0.079300000 0.008864258
v -0.064497779 0.079300000 0.008902579
v -0.063823091 0.079300000 0.008944282
v -0.063080059 0.079300000 0.008989020
v -0.062269480 0.079300000 0.009036428
v -0.061392222 0.079300000 0.009086121
v -0.060449223 0.079300000 0.009137703
v -0.059441493 0.079300000 0.009190768
v -0.058370112 0.079300000 0.009244907
v -0.057236227 0.079300000 0.009299712
v -0.056041052 0.079300000 0.009354777
v -0.054785867 0.079300000 0.009409708
v -0.053472015 0.079300000 0.009464122
v -0.052100905 0.079300000 0.009517655
v -0.050674003 0.079300000 0.009569963
v -0.049192838 0.079300000 0.009620725
v -0.047658997 0.079300000 0.009683166
v -0.046074121 0.079300000 0.009770528
v -0.044439908 0.079300000 0.009866491
v -0.042758107 0.079300000 0.009949176
v -0.041030520 0.079300000 0.009572881
v -0.039258997 0.079300000 0.009430000
v -0.037445434 0.079300000 0.009430000
v -0.035591773 0.079300000 0.009430000
v -0.033700000 0.079300000 0.009430000
v -0.031772140 0.079300000 0.009430000
v -0.029810258 0.079300000 0.009430000
v -0.027816454 0.079300000 0.009430000
v -0.025792863 0.079300000 0.009430000
v -0.023741653 0.079300000 0.009430000
v -0.021665020 0.079300000 0.009430000
v -0.019565187 0.079300000 0.009430000
v -0.017444404 0.079300000 0.009430000
v -0.015304940 0.079300000 0.009430000
v -0.013149088 0.079300000 0.009430000
v -0.010979155 0.079300000 0.009430000
v -0.008797465 0.079300000 0.009430000
v -0.006606355 0.079300000 0.009430000
v -0.004408171 0.079300000 0.009430000
v -0.002205266 0.079300000 0.009430000
v 0.000000000 0.079300000 0.009430000
v 0.002205266 0.079300000 0.009430000
v 0.004408171 0.079300000 0.009430000
v 0.006606355 0.079300000 0.009430000
v 0.008797465 0.079300000 0.009430000
v 0.010979155 0.079300000 0.009430000
v 0.013149088 0.079300000 0.009430000
v 0.015304940 0.079300000 0.009430000
v 0.017444404 0.079300000 0.009430000
v 0.019565187 0.079300000 0.009430000
v 0.021665020 0.079300000 0.009430000
v 0.023741653 0.079300000 0.009430000
v 0.025792863 0.079300000 0.009430000
v 0.027816454 0.079300000 0.009430000
v 0.029810258 0.079300000 0.009430000
v 0.031772140 0.079300000 0.009430000
v 0.033700000 0.079300000 0.009430000
v 0.035591773 0.079300000 0.009430000
v 0.037445434 0.079300000 0.009430000
v 0.039258997 0.079300000 0.009430000
v 0.041030520 0.079300000 0.009572881
v 0.042758107 0.079300000 0.009949176
v 0.044439908 0.079300000 0.009866491
v 0.046074121 0.079300000 0.009770528
v 0.047658997 0.079300000 0.009683166
v 0.049192838 0.079300000 0.009620725
v 0.050674003 0.079300000 0.009569963
v 0.052100905 0.079300000 0.009517655
v 0.053472015 0.079300000 0.009464122
v 0.054785867 0.079300000 0.009409708
v 0.056041052 0.079300000 0.009354777
v 0.057236227 0.079300000 0.009299712
v 0.058370112 0.079300000 0.009244907
v 0.059441493 0.079300000 0.009190768
v 0.060449223 0.079300000 0.009137703
v 0.061392222 0.079300000 0.009086121
v 0.062269480 0.079300000 0.009036428
v 0.063080059 0.079300000 0.008989020
v 0.063823091 0.079300000 0.008944282
v 0.064497779 0.079300000 0.008902579
v 0.065103401 0.079300000 0.008864258
v 0.065639308 0.079300000 0.008829639
v 0.066104928 0.079300000 0.008799014
v 0.066499761 0.079300000 0.008772642
v 0.066823384 0.079300000 0.008750748
v 0.067075451 0.079300000 0.008733522
v 0.067255691 0.079300000 0.008721109
v 0.067363913 0.079300000 0.008713619
v 0.067400000 0.079300000 0.008711115
v -0.066200000 0.080150000 0.008700097
v -0.066164556 0.080150000 0.008702595
v -0.066058261 0.080150000 0.008710068
v -0.065881229 0.080150000 0.008722451
v -0.065633650 0.080150000 0.008739638
v -0.065315789 0.080150000 0.008761479
v -0.064927986 0.080150000 0.008787788
v -0.064470656 0.080150000 0.008818339
v -0.063944290 0.080150000 0.008852874
v -0.063349450 0.080150000 0.008891100
v -0.062686775 0.080150000 0.008932698
v -0.061956972 0.080150000 0.008977323
v -0.061160825 0.080150000 0.009024608
v -0.060299185 0.080150000 0.009074170
v -0.059372975 0.080150000 0.009125614
v -0.058383188 0.080150000 0.009178533
v -0.057330882 0.080150000 0.009232520
v -0.056217184 0.080150000 0.009287166
v -0.055043288 0.080150000 0.009342068
v -0.053810451 0.080150000 0.009396832
v -0.052519991 0.080150000 0.009451074
v -0.051173292 0.080150000 0.009504433
v -0.049771795 0.080150000 0.009556564
v -0.048317002 0.080150000 0.009610887
v -0.046810469 0.080150000 0.009688841
v -0.045253810 0.080150000 0.009782418
v -0.043648693 0.080150000 0.009874984
v -0.041996835 0.080150000 0.009824483
v -0.040300007 0.080150000 0.009434974
v -0.038560024 0.080150000 0.009430000
v -0.036778749 0.080150000 0.009430000
v -0.034958092 0.080150000 0.009430000
v -0.033100000 0.080150000 0.009430000
v -0.031206464 0.080150000 0.009430000
v -0.029279511 0.080150000 0.009430000
v -0.027321205 0.080150000 0.009430000
v -0.025333643 0.080150000 0.009430000
v -0.023318953 0.080150000 0.009430000
v -0.021279293 0.080150000 0.009430000
v -0.019216846 0.080150000 0.009430000
v -0.017133821 0.080150000 0.009430000
v -0.015032449 0.080150000 0.009430000
v -0.012914979 0.080150000 0.009430000
v -0.010783680 0.080150000 0.009430000
v -0.008640834 0.080150000 0.009430000
v -0.006488735 0.080150000 0.009430000
v -0.004329687 0.080150000 0.009430000
v -0.002166003 0.080150000 0.009430000
v 0.000000000 0.080150000 0.009430000
v 0.002166003 0.080150000 0.009430000
v 0.004329687 0.080150000 0.009430000
v 0.006488735 0.080150000 0.009430000
v 0.008640834 0.080150000 0.009430000
v 0.010783680 0.080150000 0.009430000
v 0.012914979 0.080150000 0.009430000
v 0.015032449 0.080150000 0.009430000
v 0.017133821 0.080150000 0.009430000
v 0.019216846 0.080150000 0.009430000
v 0.021279293 0.080150000 0.009430000
v 0.023318953 0.080150000 0.009430000
v 0.025333643 0.080150000 0.009430000
v 0.027321205 0.080150000 0.009430000
v 0.029279511 0.080150000 0.009430000
v 0.031206464 0.080150000 0.009430000
v 0.033100000 0.080150000 0.009430000
v 0.034958092 0.080150000 0.009430000
v 0.036778749 0.080150000 0.009430000
v 0.038560024 0.080150000 0.009430000
v 0.040300007 0.080150000 0.009434974
v 0.041996835 0.080150000 0.009824483
v 0.043648693 0.080150000 0.009874984
v 0.045253810 0.080150000 0.009782418
v 0.046810469 0.080150000 0.009688841
v 0.048317002 0.080150000 0.009610887
v 0.049771795 0.080150000 0.009556564
v 0.051173292 0.080150000 0.009504433
v 0.052519991 0.080150000 0.009451074
v 0.053810451 0.080150000 0.009396832
v 0.055043288 0.080150000 0.009342068
v 0.056217184 0.080150000 0.009287166
v 0.057330882 0.080150000 0.009232520
v 0.058383188 0.080150000 0.009178533
v 0.059372975 0.080150000 0.009125614
v 0.060299185 0.080150000 0.009074170
v 0.061160825 0.080150000 0.009024608
v 0.061956972 0.080150000 0.008977323
v 0.062686775 0.080150000 0.008932698
v 0.063349450 0.080150000 0.008891100
v 0.063944290 0.080150000 0.008852874
v 0.064470656 0.080150000 0.008818339
v 0.064927986 0.080150000 0.008787788
v 0.065315789 0.080150000 0.008761479
v 0.065633650 0.080150000 0.008739638
v 0.065881229 0.080150000 0.008722451
v 0.066058261 0.080150000 0.008710068
v 0.066164556 0.080150000 0.008702595
v 0.066200000 0.080150000 0.008700097
v -0.065000000 0.081000000 0.008688702
v -0.064965198 0.081000000 0.008691195
v -0.064860830 0.081000000 0.008698650
v -0.064687007 0.081000000 0.008711003
v -0.064443916 0.081000000 0.008728148
v -0.064131817 0.081000000 0.008749936
v -0.063751043 0.081000000 0.008776180
v -0.063302004 0.081000000 0.008806656
v -0.062785179 0.081000000 0.008841104
v -0.062201122 0.081000000 0.008879234
v -0.061550458 0.081000000 0.008920725
v -0.060833885 0.081000000 0.008965233
v -0.060052170 0.081000000 0.009012393
v -0.059206149 0.081000000 0.009061822
v -0.058296728 0.081000000 0.009113123
v -0.057324882 0.081000000 0.009165894
v -0.056291651 0.081000000 0.009219725
v -0.055198142 0.081000000 0.009274210
v -0.054045525 0.081000000 0.009328945
v -0.052835034 0.081000000 0.009383536
v -0.051567967 0.081000000 0.009437604
v -0.050245679 0.081000000 0.009490784
v -0.048869587 0.081000000 0.009542877
v -0.047441165 0.081000000 0.009610998
v -0.045961941 0.081000000 0.009699190
v -0.044433500 0.081000000 0.009793876
v -0.042857478 0.081000000 0.009878469
v -0.041235563 0.081000000 0.009608872
v -0.039569493 0.081000000 0.009430000
v -0.037861050 0.081000000 0.009430000
v -0.036112065 0.081000000 0.009430000
v -0.034324410 0.081000000 0.009430000
v -0.032500000 0.081000000 0.009430000
v -0.030640788 0.081000000 0.009430000
v -0.028748765 0.081000000 0.009430000
v -0.026825957 0.081000000 0.009430000
v -0.024874423 0.081000000 0.009430000
v -0.022896253 0.081000000 0.009430000
v -0.020893565 0.081000000 0.009430000
v -0.018868504 0.081000000 0.009430000
v -0.016823238 0.081000000 0.009430000
v -0.014759957 0.081000000 0.009430000
v -0.012680871 0.081000000 0.009430000
v -0.010588206 0.081000000 0.009430000
v -0.008484202 0.081000000 0.009430000
v -0.006371114 0.081000000 0.009430000
v -0.004251203 0.081000000 0.009430000
v -0.002126740 0.081000000 0.009430000
v 0.000000000 0.081000000 0.009430000
v 0.002126740 0.081000000 0.009430000
v 0.004251203 0.081000000 0.009430000
v 0.006371114 0.081000000 0.009430000
v 0.008484202 0.081000000 0.009430000
v 0.010588206 0.081000000 0.009430000
v 0.012680871 0.081000000 0.009430000
v 0.014759957 0.081000000 0.009430000
v 0.016823238 0.081000000 0.009430000
v 0.018868504 0.081000000 0.009430000
v 0.020893565 0.081000000 0.009430000
v 0.022896253 0.081000000 0.009430000
v 0.024874423 0.081000000 0.009430000
v 0.026825957 0.081000000 0.009430000
v 0.028748765 0.081000000 0.009430000
v 0.030640788 0.081000000 0.009430000
v 0.032500000 0.081000000 0.009430000
v 0.034324410 0.081000000 0.009430000
v 0.036112065 0.081000000 0.009430000
v 0.037861050 0.081000000 0.009430000
v 0.039569493 0.081000000 0.009430000
v 0.041235563 0.081000000 0.009608872
v 0.042857478 0.081000000 0.009878469
v 0.044433500 0.081000000 0.009793876
v 0.045961941 0.081000000 0.009699190
v 0.047441165 0.081000000 0.009610998
v 0.048869587 0.081000000 0.009542877
v 0.050245679 0.081000000 0.009490784
v 0.051567967 0.081000000 0.009437604
v 0.052835034 0.081000000 0.009383536
v 0.054045525 0.081000000 0.009328945
v 0.055198142 0.081000000 0.009274210
v 0.056291651 0.081000000 0.009219725
v 0.057324882 0.081000000 0.009165894
v 0.058296728 0.081000000 0.009113123
v 0.059206149 0.081000000 0.009061822
v 0.060052170 0.081000000 0.009012393
v 0.060833885 0.081000000 0.008965233
v 0.061550458 0.081000000 0.008920725
v 0.062201122 0.081000000 0.008879234
v 0.062785179 0.081000000 0.008841104
v 0.063302004 0.081000000 0.008806656
v 0.063751043 0.081000000 0.008776180
v 0.064131817 0.081000000 0.008749936
v 0.064443916 0.081000000 0.008728148
v 0.064687007 0.081000000 0.008711003
v 0.064860830 0.081000000 0.008698650
v 0.064965198 0.081000000 0.008691195
v 0.065000000 0.081000000 0.008688702
v -0.064000000 0.081500000 0.008681822
v -0.063965734 0.081500000 0.008684311
v -0.063862971 0.081500000 0.008691755
v -0.063691823 0.081500000 0.008704090
v -0.063452471 0.081500000 0.008721210
v -0.063145173 0.081500000 0.008742966
v -0.062770258 0.081500000 0.008769172
v -0.062328127 0.081500000 0.008799603
v -0.061819253 0.081500000 0.008833999
v -0.061244181 0.081500000 0.008872071
v -0.060603528 0.081500000 0.008913498
v -0.059897979 0.081500000 0.008957937
v -0.059128290 0.081500000 0.009005022
v -0.058295285 0.081500000 0.009054370
v -0.057399855 0.081500000 0.009105587
v -0.056442961 0.081500000 0.009158268
v -0.055425626 0.081500000 0.009212006
v -0.054348940 0.081500000 0.009266394
v -0.053214055 0.081500000 0.009321030
v -0.052022188 0.081500000 0.009375518
v -0.050774614 0.081500000 0.009429481
v -0.049472669 0.081500000 0.009482554
v -0.048117748 0.081500000 0.009540517
v -0.046711301 0.081500000 0.009620293
v -0.045254834 0.081500000 0.009712986
v -0.043749907 0.081500000 0.009804937
v -0.042198132 0.081500000 0.009813650
v -0.040601170 0.081500000 0.009466847
v -0.038960731 0.081500000 0.009430000
v -0.037278573 0.081500000 0.009430000
v -0.035556495 0.081500000 0.009430000
v -0.033796342 0.081500000 0.009430000
v -0.032000000 0.081500000 0.009430000
v -0.030169391 0.081500000 0.009430000
v -0.028306476 0.081500000 0.009430000
v -0.026413250 0.081500000 0.009430000
v -0.024491740 0.081500000 0.009430000
v -0.022544003 0.081500000 0.009430000
v -0.020572126 0.081500000 0.009430000
v -0.018578219 0.081500000 0.009430000
v -0.016564419 0.081500000 0.009430000
v -0.014532881 0.081500000 0.009430000
v -0.012485781 0.081500000 0.009430000
v -0.010425310 0.081500000 0.009430000
v -0.008353676 0.081500000 0.009430000
v -0.006273097 0.081500000 0.009430000
v -0.004185800 0.081500000 0.009430000
v -0.002094021 0.081500000 0.009430000
v 0.000000000 0.081500000 0.009430000
v 0.002094021 0.081500000 0.009430000
v 0.004185800 0.081500000 0.009430000
v 0.006273097 0.081500000 0.009430000
v 0.008353676 0.081500000 0.009430000
v 0.010425310 0.081500000 0.009430000
v 0.012485781 0.081500000 0.009430000
v 0.014532881 0.081500000 0.009430000
v 0.016564419 0.081500000 0.009430000
v 0.018578219 0.081500000 0.009430000
v 0.020572126 0.081500000 0.009430000
v 0.022544003 0.081500000 0.009430000
v 0.024491740 0.081500000 0.009430000
v 0.026413250 0.081500000 0.009430000
v 0.028306476 0.081500000 0.009430000
v 0.030169391 0.081500000 0.009430000
v 0.032000000 0.081500000 0.009430000
v 0.033796342 0.081500000 0.009430000
v 0.035556495 0.081500000 0.009430000
v 0.037278573 0.081500000 0.009430000
v 0.038960731 0.081500000 0.009430000
v 0.040601170 0.081500000 0.009466847
v 0.042198132 0.081500000 0.009813650
v 0.043749907 0.081500000 0.009804937
v 0.045254834 0.081500000 0.009712986
v 0.046711301 0.081500000 0.009620293
v 0.048117748 0.081500000 0.009540517
v 0.049472669 0.081500000 0.009482554
v 0.050774614 0.081500000 0.009429481
v 0.052022188 0.081500000 0.009375518
v 0.053214055 0.081500000 0.009321030
v 0.054348940 0.081500000 0.009266394
v 0.055425626 0.081500000 0.009212006
v 0.056442961 0.081500000 0.009158268
v 0.057399855 0.081500000 0.009105587
v 0.058295285 0.081500000 0.009054370
v 0.059128290 0.081500000 0.009005022
v 0.059897979 0.081500000 0.008957937
v 0.060603528 0.081500000 0.008913498
v 0.061244181 0.081500000 0.008872071
v 0.061819253 0.081500000 0.008833999
v 0.062328127 0.081500000 0.008799603
v 0.062770258 0.081500000 0.008769172
v 0.063145173 0.081500000 0.008742966
v 0.063452471 0.081500000 0.008721210
v 0.063691823 0.081500000 0.008704090
v 0.063862971 0.081500000 0.008691755
v 0.063965734 0.081500000 0.008684311
v 0.064000000 0.081500000 0.008681822
v -0.044000000 0.081500000 0.008800341
v -0.043976442 0.081500000 0.008803498
v -0.043905793 0.081500000 0.008812927
v -0.043788128 0.081500000 0.008828501
v -0.043623574 0.081500000 0.008849992
v -0.043412307 0.081500000 0.008877065
v -0.043154552 0.081500000 0.008909247
v -0.042850587 0.081500000 0.008945906
v -0.042500736 0.081500000 0.009006570
v -0.042105375 0.081500000 0.009103767
v -0.041664926 0.081500000 0.009219112
v -0.041179861 0.081500000 0.009328430
v -0.040650699 0.081500000 0.009406042
v -0.040078008 0.081500000 0.009430000
v -0.039462401 0.081500000 0.009430000
v -0.038804536 0.081500000 0.009430000
v -0.038105118 0.081500000 0.009430000
v -0.037364896 0.081500000 0.009430000
v -0.036584663 0.081500000 0.009430000
v -0.035765254 0.081500000 0.009430000
v -0.034907547 0.081500000 0.009430000
v -0.034012460 0.081500000 0.009430000
v -0.033080952 0.081500000 0.009430000
v -0.032114019 0.081500000 0.009430000
v -0.031112698 0.081500000 0.009430000
v -0.030078061 0.081500000 0.009430000
v -0.029011216 0.081500000 0.009430000
v -0.027913305 0.081500000 0.009430000
v -0.026785503 0.081500000 0.009430000
v -0.025629019 0.081500000 0.009430000
v -0.024445090 0.081500000 0.009430000
v -0.023234985 0.081500000 0.009430000
v -0.022000000 0.081500000 0.009430000
v -0.020741456 0.081500000 0.009430000
v -0.019460702 0.081500000 0.009430000
v -0.018159109 0.081500000 0.009430000
v -0.016838071 0.081500000 0.009430000
v -0.015499002 0.081500000 0.009430000
v -0.014143336 0.081500000 0.009430000
v -0.012772526 0.081500000 0.009430000
v -0.011388038 0.081500000 0.009430000
v -0.009991356 0.081500000 0.009430000
v -0.008583974 0.081500000 0.009430000
v -0.007167401 0.081500000 0.009430000
v -0.005743152 0.081500000 0.009430000
v -0.004312754 0.081500000 0.009430000
v -0.002877738 0.081500000 0.009430000
v -0.001439640 0.081500000 0.009430000
v 0.000000000 0.081500000 0.009430000
v 0.001439640 0.081500000 0.009430000
v 0.002877738 0.081500000 0.009430000
v 0.004312754 0.081500000 0.009430000
v 0.005743152 0.081500000 0.009430000
v 0.007167401 0.081500000 0.009430000
v 0.008583974 0.081500000 0.009430000
v 0.009991356 0.081500000 0.009430000
v 0.011388038 0.081500000 0.009430000
v 0.012772526 0.081500000 0.009430000
v 0.014143336 0.081500000 0.009430000
v 0.015499002 0.081500000 0.009430000
v 0.016838071 0.081500000 0.009430000
v 0.018159109 0.081500000 0.009430000
v 0.019460702 0.081500000 0.009430000
v 0.020741456 0.081500000 0.009430000
v 0.022000000 0.081500000 0.009430000
v 0.023234985 0.081500000 0.009430000
v 0.024445090 0.081500000 0.009430000
v 0.025629019 0.081500000 0.009430000
v 0.026785503 0.081500000 0.009430000
v 0.027913305 0.081500000 0.009430000
v 0.029011216 0.081500000 0.009430000
v 0.030078061 0.081500000 0.009430000
v 0.031112698 0.081500000 0.009430000
v 0.032114019 0.081500000 0.009430000
v 0.033080952 0.081500000 0.009430000
v 0.034012460 0.081500000 0.009430000
v 0.034907547 0.081500000 0.009430000
v 0.035765254 0.081500000 0.009430000
v 0.036584663 0.081500000 0.009430000
v 0.037364896 0.081500000 0.009430000
v 0.038105118 0.081500000 0.009430000
v 0.038804536 0.081500000 0.009430000
v 0.039462401 0.081500000 0.009430000
v 0.040078008 0.081500000 0.009430000
v 0.040650699 0.081500000 0.009406042
v 0.041179861 0.081500000 0.009328430
v 0.041664926 0.081500000 0.009219112
v 0.042105375 0.081500000 0.009103767
v 0.042500736 0.081500000 0.009006570
v 0.042850587 0.081500000 0.008945906
v 0.043154552 0.081500000 0.008909247
v 0.043412307 0.081500000 0.008877065
v 0.043623574 0.081500000 0.008849992
v 0.043788128 0.081500000 0.008828501
v 0.043905793 0.081500000 0.008812927
v 0.043976442 0.081500000 0.008803498
v 0.044000000 0.081500000 0.008800341
v -0.042800000 0.082300000 0.008817782
v -0.042777084 0.082300000 0.008820722
v -0.042708362 0.082300000 0.008830897
v -0.042593906 0.082300000 0.008852153
v -0.042433840 0.082300000 0.008889367
v -0.042228335 0.082300000 0.008946563
v -0.041977610 0.082300000 0.009024842
v -0.041681935 0.082300000 0.009120660
v -0.041341625 0.082300000 0.009225046
v -0.040957046 0.082300000 0.009324111
v -0.040528610 0.082300000 0.009398916
v -0.040056774 0.082300000 0.009429889
v -0.039542044 0.082300000 0.009430000
v -0.038984972 0.082300000 0.009430000
v -0.038386153 0.082300000 0.009430000
v -0.037746230 0.082300000 0.009430000
v -0.037065887 0.082300000 0.009430000
v -0.036345853 0.082300000 0.009430000
v -0.035586899 0.082300000 0.009430000
v -0.034789838 0.082300000 0.009430000
v -0.033955523 0.082300000 0.009430000
v -0.033084847 0.082300000 0.009430000
v -0.032178744 0.082300000 0.009430000
v -0.031238182 0.082300000 0.009430000
v -0.030264170 0.082300000 0.009430000
v -0.029257751 0.082300000 0.009430000
v -0.028220001 0.082300000 0.009430000
v -0.027152033 0.082300000 0.009430000
v -0.026054989 0.082300000 0.009430000
v -0.024930045 0.082300000 0.009430000
v -0.023778406 0.082300000 0.009430000
v -0.022601304 0.082300000 0.009430000
v -0.021400000 0.082300000 0.009430000
v -0.020175780 0.082300000 0.009430000
v -0.018929956 0.082300000 0.009430000
v -0.017663861 0.082300000 0.009430000
v -0.016378851 0.082300000 0.009430000
v -0.015076302 0.082300000 0.009430000
v -0.013757609 0.082300000 0.009430000
v -0.012424184 0.082300000 0.009430000
v -0.011077455 0.082300000 0.009430000
v -0.009718864 0.082300000 0.009430000
v -0.008349866 0.082300000 0.009430000
v -0.006971926 0.082300000 0.009430000
v -0.005586521 0.082300000 0.009430000
v -0.004195134 0.082300000 0.009430000
v -0.002799254 0.082300000 0.009430000
v -0.001400377 0.082300000 0.009430000
v 0.000000000 0.082300000 0.009430000
v 0.001400377 0.082300000 0.009430000
v 0.002799254 0.082300000 0.009430000
v 0.004195134 0.082300000 0.009430000
v 0.005586521 0.082300000 0.009430000
v 0.006971926 0.082300000 0.009430000
v 0.008349866 0.082300000 0.009430000
v 0.009718864 0.082300000 0.009430000
v 0.011077455 0.082300000 0.009430000
v 0.012424184 0.082300000 0.009430000
v 0.013757609 0.082300000 0.009430000
v 0.015076302 0.082300000 0.009430000
v 0.016378851 0.082300000 0.009430000
v 0.017663861 0.082300000 0.009430000
v 0.018929956 0.082300000 0.009430000
v 0.020175780 0.082300000 0.009430000
v 0.021400000 0.082300000 0.009430000
v 0.022601304 0.082300000 0.009430000
v 0.023778406 0.082300000 0.009430000
v 0.024930045 0.082300000 0.009430000
v 0.026054989 0.082300000 0.009430000
v 0.027152033 0.082300000 0.009430000
v 0.028220001 0.082300000 0.009430000
v 0.029257751 0.082300000 0.009430000
v 0.030264170 0.082300000 0.009430000
v 0.031238182 0.082300000 0.009430000
v 0.032178744 0.082300000 0.009430000
v 0.033084847 0.082300000 0.009430000
v 0.033955523 0.082300000 0.009430000
v 0.034789838 0.082300000 0.009430000
v 0.035586899 0.082300000 0.009430000
v 0.036345853 0.082300000 0.009430000
v 0.037065887 0.082300000 0.009430000
v 0.037746230 0.082300000 0.009430000
v 0.038386153 0.082300000 0.009430000
v 0.038984972 0.082300000 0.009430000
v 0.039542044 0.082300000 0.009430000
v 0.040056774 0.082300000 0.009429889
v 0.040528610 0.082300000 0.009398916
v 0.040957046 0.082300000 0.009324111
v 0.041341625 0.082300000 0.009225046
v 0.041681935 0.082300000 0.009120660
v 0.041977610 0.082300000 0.009024842
v 0.042228335 0.082300000 0.008946563
v 0.042433840 0.082300000 0.008889367
v 0.042593906 0.082300000 0.008852153
v 0.042708362 0.082300000 0.008830897
v 0.042777084 0.082300000 0.008820722
v 0.042800000 0.082300000 0.008817782
v -0.042450000 0.083000000 0.008820994
v -0.042427272 0.083000000 0.008825683
v -0.042359111 0.083000000 0.008840764
v -0.042245592 0.083000000 0.008868886
v -0.042086834 0.083000000 0.008913221
v -0.041883009 0.083000000 0.008975894
v -0.041634335 0.083000000 0.009056333
v -0.041341078 0.083000000 0.009150107
v -0.041003551 0.083000000 0.009248686
v -0.040622117 0.083000000 0.009338490
v -0.040197184 0.083000000 0.009403517
v -0.039729207 0.083000000 0.009429814
v -0.039218686 0.083000000 0.009430000
v -0.038666169 0.083000000 0.009430000
v -0.038072248 0.083000000 0.009430000
v -0.037437558 0.083000000 0.009430000
v -0.036762778 0.083000000 0.009430000
v -0.036048633 0.083000000 0.009430000
v -0.035295885 0.083000000 0.009430000
v -0.034505342 0.083000000 0.009430000
v -0.033677849 0.083000000 0.009430000
v -0.032814294 0.083000000 0.009430000
v -0.031915600 0.083000000 0.009430000
v -0.030982730 0.083000000 0.009430000
v -0.030016683 0.083000000 0.009430000
v -0.029018493 0.083000000 0.009430000
v -0.027989230 0.083000000 0.009430000
v -0.026929995 0.083000000 0.009430000
v -0.025841923 0.083000000 0.009430000
v -0.024726178 0.083000000 0.009430000
v -0.023583956 0.083000000 0.009430000
v -0.022416480 0.083000000 0.009430000
v -0.021225000 0.083000000 0.009430000
v -0.020010791 0.083000000 0.009430000
v -0.018775155 0.083000000 0.009430000
v -0.017519413 0.083000000 0.009430000
v -0.016244912 0.083000000 0.009430000
v -0.014953015 0.083000000 0.009430000
v -0.013645105 0.083000000 0.009430000
v -0.012322585 0.083000000 0.009430000
v -0.010986868 0.083000000 0.009430000
v -0.009639387 0.083000000 0.009430000
v -0.008281584 0.083000000 0.009430000
v -0.006914913 0.083000000 0.009430000
v -0.005540837 0.083000000 0.009430000
v -0.004160828 0.083000000 0.009430000
v -0.002776363 0.083000000 0.009430000
v -0.001388925 0.083000000 0.009430000
v 0.000000000 0.083000000 0.009430000
v 0.001388925 0.083000000 0.009430000
v 0.002776363 0.083000000 0.009430000
v 0.004160828 0.083000000 0.009430000
v 0.005540837 0.083000000 0.009430000
v 0.006914913 0.083000000 0.009430000
v 0.008281584 0.083000000 0.009430000
v 0.009639387 0.083000000 0.009430000
v 0.010986868 0.083000000 0.009430000
v 0.012322585 0.083000000 0.009430000
v 0.013645105 0.083000000 0.009430000
v 0.014953015 0.083000000 0.009430000
v 0.016244912 0.083000000 0.009430000
v 0.017519413 0.083000000 0.009430000
v 0.018775155 0.083000000 0.009430000
v 0.020010791 0.083000000 0.009430000
v 0.021225000 0.083000000 0.009430000
v 0.022416480 0.083000000 0.009430000
v 0.023583956 0.083000000 0.009430000
v 0.024726178 0.083000000 0.009430000
v 0.025841923 0.083000000 0.009430000
v 0.026929995 0.083000000 0.009430000
v 0.027989230 0.083000000 0.009430000
v 0.029018493 0.083000000 0.009430000
v 0.030016683 0.083000000 0.009430000
v 0.030982730 0.083000000 0.009430000
v 0.031915600 0.083000000 0.009430000
v 0.032814294 0.083000000 0.009430000
v 0.033677849 0.083000000 0.009430000
v 0.034505342 0.083000000 0.009430000
v 0.035295885 0.083000000 0.009430000
v 0.036048633 0.083000000 0.009430000
v 0.036762778 0.083000000 0.009430000
v 0.037437558 0.083000000 0.009430000
v 0.038072248 0.083000000 0.009430000
v 0.038666169 0.083000000 0.009430000
v 0.039218686 0.083000000 0.009430000
v 0.039729207 0.083000000 0.009429814
v 0.040197184 0.083000000 0.009403517
v 0.040622117 0.083000000 0.009338490
v 0.041003551 0.083000000 0.009248686
v 0.041341078 0.083000000 0.009150107
v 0.041634335 0.083000000 0.009056333
v 0.041883009 0.083000000 0.008975894
v 0.042086834 0.083000000 0.008913221
v 0.042245592 0.083000000 0.008868886
v 0.042359111 0.083000000 0.008840764
v 0.042427272 0.083000000 0.008825683
v 0.042450000 0.083000000 0.008820994
v -0.042100000 0.083700000 0.008822200
v -0.042077459 0.083700000 0.008827263
v -0.042009861 0.083700000 0.008843229
v -0.041897277 0.083700000 0.008872089
v -0.041739829 0.083700000 0.008916130
v -0.041537684 0.083700000 0.008976646
v -0.041291060 0.083700000 0.009052896
v -0.041000221 0.083700000 0.009141098
v -0.040665477 0.083700000 0.009233210
v -0.040287188 0.083700000 0.009318062
v -0.039865758 0.083700000 0.009383660
v -0.039401640 0.083700000 0.009421133
v -0.038895328 0.083700000 0.009430000
v -0.038347367 0.083700000 0.009430000
v -0.037758342 0.083700000 0.009430000
v -0.037128885 0.083700000 0.009430000
v -0.036459669 0.083700000 0.009430000
v -0.035751412 0.083700000 0.009430000
v -0.035004871 0.083700000 0.009430000
v -0.034220845 0.083700000 0.009430000
v -0.033400176 0.083700000 0.009430000
v -0.032543740 0.083700000 0.009430000
v -0.031652456 0.083700000 0.009430000
v -0.030727277 0.083700000 0.009430000
v -0.029769195 0.083700000 0.009430000
v -0.028779236 0.083700000 0.009430000
v -0.027758459 0.083700000 0.009430000
v -0.026707957 0.083700000 0.009430000
v -0.025628856 0.083700000 0.009430000
v -0.024522311 0.083700000 0.009430000
v -0.023389507 0.083700000 0.009430000
v -0.022231657 0.083700000 0.009430000
v -0.021050000 0.083700000 0.009430000
v -0.019845803 0.083700000 0.009430000
v -0.018620354 0.083700000 0.009430000
v -0.017374966 0.083700000 0.009430000
v -0.016110973 0.083700000 0.009430000
v -0.014829727 0.083700000 0.009430000
v -0.013532601 0.083700000 0.009430000
v -0.012220985 0.083700000 0.009430000
v -0.010896282 0.083700000 0.009430000
v -0.009559911 0.083700000 0.009430000
v -0.008213303 0.083700000 0.009430000
v -0.006857899 0.083700000 0.009430000
v -0.005495153 0.083700000 0.009430000
v -0.004126522 0.083700000 0.009430000
v -0.002753472 0.083700000 0.009430000
v -0.001377473 0.083700000 0.009430000
v 0.000000000 0.083700000 0.009430000
v 0.001377473 0.083700000 0.009430000
v 0.002753472 0.083700000 0.009430000
v 0.004126522 0.083700000 0.009430000
v 0.005495153 0.083700000 0.009430000
v 0.006857899 0.083700000 0.009430000
v 0.008213303 0.083700000 0.009430000
v 0.009559911 0.083700000 0.009430000
v 0.010896282 0.083700000 0.009430000
v 0.012220985 0.083700000 0.009430000
v 0.013532601 0.083700000 0.009430000
v 0.014829727 0.083700000 0.009430000
v 0.016110973 0.083700000 0.009430000
v 0.017374966 0.083700000 0.009430000
v 0.018620354 0.083700000 0.009430000
v 0.019845803 0.083700000 0.009430000
v 0.021050000 0.083700000 0.009430000
v 0.022231657 0.083700000 0.009430000
v 0.023389507 0.083700000 0.009430000
v 0.024522311 0.083700000 0.009430000
v 0.025628856 0.083700000 0.009430000
v 0.026707957 0.083700000 0.009430000
v 0.027758459 0.083700000 0.009430000
v 0.028779236 0.083700000 0.009430000
v 0.029769195 0.083700000 0.009430000
v 0.030727277 0.083700000 0.009430000
v 0.031652456 0.083700000 0.009430000
v 0.032543740 0.083700000 0.009430000
v 0.033400176 0.083700000 0.009430000
v 0.034220845 0.083700000 0.009430000
v 0.035004871 0.083700000 0.009430000
v 0.035751412 0.083700000 0.009430000
v 0.036459669 0.083700000 0.009430000
v 0.037128885 0.083700000 0.009430000
v 0.037758342 0.083700000 0.009430000
v 0.038347367 0.083700000 0.009430000
v 0.038895328 0.083700000 0.009430000
v 0.039401640 0.083700000 0.009421133
v 0.039865758 0.083700000 0.009383660
v 0.040287188 0.083700000 0.009318062
v 0.040665477 0.083700000 0.009233210
v 0.041000221 0.083700000 0.009141098
v 0.041291060 0.083700000 0.009052896
v 0.041537684 0.083700000 0.008976646
v 0.041739829 0.083700000 0.008916130
v 0.041897277 0.083700000 0.008872089
v 0.042009861 0.083700000 0.008843229
v 0.042077459 0.083700000 0.008827263
v 0.042100000 0.083700000 0.008822200
v -0.041866667 0.084466667 0.008798417
v -0.041844251 0.084466667 0.008801755
v -0.041777027 0.084466667 0.008812626
v -0.041665067 0.084466667 0.008833289
v -0.041508492 0.084466667 0.008866551
v -0.041307468 0.084466667 0.008914865
v -0.041062210 0.084466667 0.008979066
v -0.040772983 0.084466667 0.009056843
v -0.040440095 0.084466667 0.009142553
v -0.040063902 0.084466667 0.009227787
v -0.039644808 0.084466667 0.009303092
v -0.039183261 0.084466667 0.009360680
v -0.038679756 0.084466667 0.009397301
v -0.038134832 0.084466667 0.009415580
v -0.037549072 0.084466667 0.009421913
v -0.036923104 0.084466667 0.009423916
v -0.036257597 0.084466667 0.009425938
v -0.035553265 0.084466667 0.009427985
v -0.034810861 0.084466667 0.009430039
v -0.034031181 0.084466667 0.009432088
v -0.033215060 0.084466667 0.009434116
v -0.032363371 0.084466667 0.009436110
v -0.031477027 0.084466667 0.009438056
v -0.030556976 0.084466667 0.009439943
v -0.029604204 0.084466667 0.009441761
v -0.028619731 0.084466667 0.009443498
v -0.027604611 0.084466667 0.009445147
v -0.026559932 0.084466667 0.009446701
v -0.025486812 0.084466667 0.009448152
v -0.024386400 0.084466667 0.009449498
v -0.023259874 0.084466667 0.009450735
v -0.022108441 0.084466667 0.009451860
v -0.020933333 0.084466667 0.009452875
v -0.019735810 0.084466667 0.009453780
v -0.018517153 0.084466667 0.009454577
v -0.017278668 0.084466667 0.009455270
v -0.016021680 0.084466667 0.009455864
v -0.014747535 0.084466667 0.009456364
v -0.013457599 0.084466667 0.009456778
v -0.012153252 0.084466667 0.009457112
v -0.010835891 0.084466667 0.009457375
v -0.009506926 0.084466667 0.009457576
v -0.008167781 0.084466667 0.009457722
v -0.006819890 0.084466667 0.009457824
v -0.005464697 0.084466667 0.009457891
v -0.004103651 0.084466667 0.009457929
v -0.002738211 0.084466667 0.009457949
v -0.001369839 0.084466667 0.009457956
v 0.000000000 0.084466667 0.009457958
v 0.001369839 0.084466667 0.009457956
v 0.002738211 0.084466667 0.009457949
v 0.004103651 0.084466667 0.009457929
v 0.005464697 0.084466667 0.009457891
v 0.006819890 0.084466667 0.009457824
v 0.008167781 0.084466667 0.009457722
v 0.009506926 0.084466667 0.009457576
v 0.010835891 0.084466667 0.009457375
v 0.012153252 0.084466667 0.009457112
v 0.013457599 0.084466667 0.009456778
v 0.014747535 0.084466667 0.009456364
v 0.016021680 0.084466667 0.009455864
v 0.017278668 0.084466667 0.009455270
v 0.018517153 0.084466667 0.009454577
v 0.019735810 0.084466667 0.009453780
v 0.020933333 0.084466667 0.009452875
v 0.022108441 0.084466667 0.009451860
v 0.023259874 0.084466667 0.009450735
v 0.024386400 0.084466667 0.009449498
v 0.025486812 0.084466667 0.009448152
v 0.026559932 0.084466667 0.009446701
v 0.027604611 0.084466667 0.009445147
v 0.028619731 0.084466667 0.009443498
v 0.029604204 0.084466667 0.009441761
v 0.030556976 0.084466667 0.009439943
v 0.031477027 0.084466667 0.009438056
v 0.032363371 0.084466667 0.009436110
v 0.033215060 0.084466667 0.009434116
v 0.034031181 0.084466667 0.009432088
v 0.034810861 0.084466667 0.009430039
v 0.035553265 0.084466667 0.009427985
v 0.036257597 0.084466667 0.009425938
v 0.036923104 0.084466667 0.009423916
v 0.037549072 0.084466667 0.009421913
v 0.038134832 0.084466667 0.009415580
v 0.038679756 0.084466667 0.009397301
v 0.039183261 0.084466667 0.009360680
v 0.039644808 0.084466667 0.009303092
v 0.040063902 0.084466667 0.009227787
v 0.040440095 0.084466667 0.009142553
v 0.040772983 0.084466667 0.009056843
v 0.041062210 0.084466667 0.008979066
v 0.041307468 0.084466667 0.008914865
v 0.041508492 0.084466667 0.008866551
v 0.041665067 0.084466667 0.008833289
v 0.041777027 0.084466667 0.008812626
v 0.041844251 0.084466667 0.008801755
v 0.041866667 0.084466667 0.008798417
v -0.041633333 0.085233333 0.008786047
v -0.041611042 0.085233333 0.008788553
v -0.041544193 0.085233333 0.008796001
v -0.041432857 0.085233333 0.008808212
v -0.041277154 0.085233333 0.008825514
v -0.041077251 0.085233333 0.008854030
v -0.040833361 0.085233333 0.008897535
v -0.040545745 0.085233333 0.008955949
v -0.040214712 0.085233333 0.009026172
v -0.039840616 0.085233333 0.009102317
v -0.039423858 0.085233333 0.009176842
v -0.038964883 0.085233333 0.009242366
v -0.038464185 0.085233333 0.009293655
v -0.037922297 0.085233333 0.009328928
v -0.037339802 0.085233333 0.009350328
v -0.036717322 0.085233333 0.009368718
v -0.036055524 0.085233333 0.009387470
v -0.035355117 0.085233333 0.009406441
v -0.034616852 0.085233333 0.009425492
v -0.033841517 0.085233333 0.009444483
v -0.033029944 0.085233333 0.009463281
v -0.032183002 0.085233333 0.009481760
v -0.031301597 0.085233333 0.009499799
v -0.030386674 0.085233333 0.009517287
v -0.029439212 0.085233333 0.009534123
v -0.028460226 0.085233333 0.009550217
v -0.027450764 0.085233333 0.009565488
v -0.026411907 0.085233333 0.009579870
v -0.025344767 0.085233333 0.009593309
v -0.024250488 0.085233333 0.009605762
v -0.023130241 0.085233333 0.009617201
v -0.021985225 0.085233333 0.009627612
v -0.020816667 0.085233333 0.009636991
v -0.019625817 0.085233333 0.009645350
v -0.018413952 0.085233333 0.009652710
v -0.017182369 0.085233333 0.009659106
v -0.015932387 0.085233333 0.009664581
v -0.014665344 0.085233333 0.009669191
v -0.013382596 0.085233333 0.009672996
v -0.012085519 0.085233333 0.009676068
v -0.010775500 0.085233333 0.009678480
v -0.009453942 0.085233333 0.009680314
v -0.008122260 0.085233333 0.009681652
v -0.006781882 0.085233333 0.009682578
v -0.005434240 0.085233333 0.009683173
v -0.004080780 0.085233333 0.009683519
v -0.002722950 0.085233333 0.009683691
v -0.001362204 0.085233333 0.009683755
v 0.000000000 0.085233333 0.009683767
v 0.001362204 0.085233333 0.009683755
v 0.002722950 0.085233333 0.009683691
v 0.004080780 0.085233333 0.009683519
v 0.005434240 0.085233333 0.009683173
v 0.006781882 0.085233333 0.009682578
v 0.008122260 0.085233333 0.009681652
v 0.009453942 0.085233333 0.009680314
v 0.010775500 0.085233333 0.009678480
v 0.012085519 0.085233333 0.009676068
v 0.013382596 0.085233333 0.009672996
v 0.014665344 0.085233333 0.009669191
v 0.015932387 0.085233333 0.009664581
v 0.017182369 0.085233333 0.009659106
v 0.018413952 0.085233333 0.009652710
v 0.019625817 0.085233333 0.009645350
v 0.020816667 0.085233333 0.009636991
v 0.021985225 0.085233333 0.009627612
v 0.023130241 0.085233333 0.009617201
v 0.024250488 0.085233333 0.009605762
v 0.025344767 0.085233333 0.009593309
v 0.026411907 0.085233333 0.009579870
v 0.027450764 0.085233333 0.009565488
v 0.028460226 0.085233333 0.009550217
v 0.029439212 0.085233333 0.009534123
v 0.030386674 0.085233333 0.009517287
v 0.031301597 0.085233333 0.009499799
v 0.032183002 0.085233333 0.009481760
v 0.033029944 0.085233333 0.009463281
v 0.033841517 0.085233333 0.009444483
v 0.034616852 0.085233333 0.009425492
v 0.035355117 0.085233333 0.009406441
v 0.036055524 0.085233333 0.009387470
v 0.036717322 0.085233333 0.009368718
v 0.037339802 0.085233333 0.009350328
v 0.037922297 0.085233333 0.009328928
v 0.038464185 0.085233333 0.009293655
v 0.038964883 0.085233333 0.009242366
v 0.039423858 0.085233333 0.009176842
v 0.039840616 0.085233333 0.009102317
v 0.040214712 0.085233333 0.009026172
v 0.040545745 0.085233333 0.008955949
v 0.040833361 0.085233333 0.008897535
v 0.041077251 0.085233333 0.008854030
v 0.041277154 0.085233333 0.008825514
v 0.041432857 0.085233333 0.008808212
v 0.041544193 0.085233333 0.008796001
v 0.041611042 0.085233333 0.008788553
v 0.041633333 0.085233333 0.008786047
v -0.041400000 0.086000000 0.008773827
v -0.041377834 0.086000000 0.008776282
v -0.041311359 0.086000000 0.008783623
v -0.041200648 0.086000000 0.008795787
v -0.041045817 0.086000000 0.008812668
v -0.040847034 0.086000000 0.008834119
v -0.040604511 0.086000000 0.008859955
v -0.040318507 0.086000000 0.008890307
v -0.039989329 0.086000000 0.008932351
v -0.039617330 0.086000000 0.008986199
v -0.039202907 0.086000000 0.009046460
v -0.038746505 0.086000000 0.009106854
v -0.038248613 0.086000000 0.009161847
v -0.037709762 0.086000000 0.009208144
v -0.037130531 0.086000000 0.009247384
v -0.036511540 0.086000000 0.009287036
v -0.035853452 0.086000000 0.009327467
v -0.035156970 0.086000000 0.009368369
v -0.034422842 0.086000000 0.009409437
v -0.033651853 0.086000000 0.009450372
v -0.032844828 0.086000000 0.009490888
v -0.032002633 0.086000000 0.009530711
v -0.031126168 0.086000000 0.009569580
v -0.030216373 0.086000000 0.009607258
v -0.029274221 0.086000000 0.009643525
v -0.028300721 0.086000000 0.009678185
v -0.027296917 0.086000000 0.009711068
v -0.026263882 0.086000000 0.009742029
v -0.025202723 0.086000000 0.009770951
v -0.024114577 0.086000000 0.009797745
v -0.023000608 0.086000000 0.009822350
v -0.021862009 0.086000000 0.009844734
v -0.020700000 0.086000000 0.009864892
v -0.019515825 0.086000000 0.009882846
v -0.018310752 0.086000000 0.009898647
v -0.017086071 0.086000000 0.009912368
v -0.015843094 0.086000000 0.009924105
v -0.014583152 0.086000000 0.009933975
v -0.013307594 0.086000000 0.009942114
v -0.012017786 0.086000000 0.009948673
v -0.010715108 0.086000000 0.009953815
v -0.009400957 0.086000000 0.009957714
v -0.008076739 0.086000000 0.009960548
v -0.006743873 0.086000000 0.009962498
v -0.005403784 0.086000000 0.009963745
v -0.004057910 0.086000000 0.009964461
v -0.002707690 0.086000000 0.009964808
v -0.001354570 0.086000000 0.009964933
v 0.000000000 0.086000000 0.009964955
v 0.001354570 0.086000000 0.009964933
v 0.002707690 0.086000000 0.009964808
v 0.004057910 0.086000000 0.009964461
v 0.005403784 0.086000000 0.009963745
v 0.006743873 0.086000000 0.009962498
v 0.008076739 0.086000000 0.009960548
v 0.009400957 0.086000000 0.009957714
v 0.010715108 0.086000000 0.009953815
v 0.012017786 0.086000000 0.009948673
v 0.013307594 0.086000000 0.009942114
v 0.014583152 0.086000000 0.009933975
v 0.015843094 0.086000000 0.009924105
v 0.017086071 0.086000000 0.009912368
v 0.018310752 0.086000000 0.009898647
v 0.019515825 0.086000000 0.009882846
v 0.020700000 0.086000000 0.009864892
v 0.021862009 0.086000000 0.009844734
v 0.023000608 0.086000000 0.009822350
v 0.024114577 0.086000000 0.009797745
v 0.025202723 0.086000000 0.009770951
v 0.026263882 0.086000000 0.009742029
v 0.027296917 0.086000000 0.009711068
v 0.028300721 0.086000000 0.009678185
v 0.029274221 0.086000000 0.009643525
v 0.030216373 0.086000000 0.009607258
v 0.031126168 0.086000000 0.009569580
v 0.032002633 0.086000000 0.009530711
v 0.032844828 0.086000000 0.009490888
v 0.033651853 0.086000000 0.009450372
v 0.034422842 0.086000000 0.009409437
v 0.035156970 0.086000000 0.009368369
v 0.035853452 0.086000000 0.009327467
v 0.036511540 0.086000000 0.009287036
v 0.037130531 0.086000000 0.009247384
v 0.037709762 0.086000000 0.009208144
v 0.038248613 0.086000000 0.009161847
v 0.038746505 0.086000000 0.009106854
v 0.039202907 0.086000000 0.009046460
v 0.039617330 0.086000000 0.008986199
v 0.039989329 0.086000000 0.008932351
v 0.040318507 0.086000000 0.008890307
v 0.040604511 0.086000000 0.008859955
v 0.040847034 0.086000000 0.008834119
v 0.041045817 0.086000000 0.008812668
v 0.041200648 0.086000000 0.008795787
v 0.041311359 0.086000000 0.008783623
v 0.041377834 0.086000000 0.008776282
v 0.041400000 0.086000000 0.008773827
v -0.040900000 0.086650000 0.008763082
v -0.040878102 0.086650000 0.008765531
v -0.040812430 0.086650000 0.008772856
v -0.040703055 0.086650000 0.008784994
v -0.040550095 0.086650000 0.008801839
v -0.040353712 0.086650000 0.008823243
v -0.040114118 0.086650000 0.008849022
v -0.039831568 0.086650000 0.008878952
v -0.039506366 0.086650000 0.008912778
v -0.039138860 0.086650000 0.008950209
v -0.038729442 0.086650000 0.008991475
v -0.038278552 0.086650000 0.009037744
v -0.037786673 0.086650000 0.009085904
v -0.037254330 0.086650000 0.009134026
v -0.036682095 0.086650000 0.009183519
v -0.036070580 0.086650000 0.009234406
v -0.035420439 0.086650000 0.009286290
v -0.034732369 0.086650000 0.009338775
v -0.034007107 0.086650000 0.009391469
v -0.033245429 0.086650000 0.009443988
v -0.032448152 0.086650000 0.009495965
v -0.031616128 0.086650000 0.009547046
v -0.030750248 0.086650000 0.009596899
v -0.029851441 0.086650000 0.009645217
v -0.028920667 0.086650000 0.009691720
v -0.027958925 0.086650000 0.009736155
v -0.026967244 0.086650000 0.009778305
v -0.025946685 0.086650000 0.009817984
v -0.024898342 0.086650000 0.009855041
v -0.023823338 0.086650000 0.009889362
v -0.022722823 0.086650000 0.009920870
v -0.021597975 0.086650000 0.009949525
v -0.020450000 0.086650000 0.009975320
v -0.019280127 0.086650000 0.009998286
v -0.018089607 0.086650000 0.010018486
v -0.016879718 0.086650000 0.010036017
v -0.015651752 0.086650000 0.010051002
v -0.014407027 0.086650000 0.010063592
v -0.013146874 0.086650000 0.010073963
v -0.011872643 0.086650000 0.010082309
v -0.010585699 0.086650000 0.010088842
v -0.009287419 0.086650000 0.010093783
v -0.007979194 0.086650000 0.010097364
v -0.006662425 0.086650000 0.010099817
v -0.005338521 0.086650000 0.010101375
v -0.004008901 0.086650000 0.010102260
v -0.002674988 0.086650000 0.010102682
v -0.001338210 0.086650000 0.010102827
v 0.000000000 0.086650000 0.010102850
v 0.001338210 0.086650000 0.010102827
v 0.002674988 0.086650000 0.010102682
v 0.004008901 0.086650000 0.010102260
v 0.005338521 0.086650000 0.010101375
v 0.006662425 0.086650000 0.010099817
v 0.007979194 0.086650000 0.010097364
v 0.009287419 0.086650000 0.010093783
v 0.010585699 0.086650000 0.010088842
v 0.011872643 0.086650000 0.010082309
v 0.013146874 0.086650000 0.010073963
v 0.014407027 0.086650000 0.010063592
v 0.015651752 0.086650000 0.010051002
v 0.016879718 0.086650000 0.010036017
v 0.018089607 0.086650000 0.010018486
v 0.019280127 0.086650000 0.009998286
v 0.020450000 0.086650000 0.009975320
v 0.021597975 0.086650000 0.009949525
v 0.022722823 0.086650000 0.009920870
v 0.023823338 0.086650000 0.009889362
v 0.024898342 0.086650000 0.009855041
v 0.025946685 0.086650000 0.009817984
v 0.026967244 0.086650000 0.009778305
v 0.027958925 0.086650000 0.009736155
v 0.028920667 0.086650000 0.009691720
v 0.029851441 0.086650000 0.009645217
v 0.030750248 0.086650000 0.009596899
v 0.031616128 0.086650000 0.009547046
v 0.032448152 0.086650000 0.009495965
v 0.033245429 0.086650000 0.009443988
v 0.034007107 0.086650000 0.009391469
v 0.034732369 0.086650000 0.009338775
v 0.035420439 0.086650000 0.009286290
v 0.036070580 0.086650000 0.009234406
v 0.036682095 0.086650000 0.009183519
v 0.037254330 0.086650000 0.009134026
v 0.037786673 0.086650000 0.009085904
v 0.038278552 0.086650000 0.009037744
v 0.038729442 0.086650000 0.008991475
v 0.039138860 0.086650000 0.008950209
v 0.039506366 0.086650000 0.008912778
v 0.039831568 0.086650000 0.008878952
v 0.040114118 0.086650000 0.008849022
v 0.040353712 0.086650000 0.008823243
v 0.040550095 0.086650000 0.008801839
v 0.040703055 0.086650000 0.008784994
v 0.040812430 0.086650000 0.008772856
v 0.040878102 0.086650000 0.008765531
v 0.040900000 0.086650000 0.008763082
v -0.040400000 0.087300000 0.008752098
v -0.040378369 0.087300000 0.008754541
v -0.040313500 0.087300000 0.008761851
v -0.040205463 0.087300000 0.008773962
v -0.040054372 0.087300000 0.008790769
v -0.039860391 0.087300000 0.008812126
v -0.039623725 0.087300000 0.008837848
v -0.039344630 0.087300000 0.008867710
v -0.039023403 0.087300000 0.008901459
v -0.038660390 0.087300000 0.008938804
v -0.038255977 0.087300000 0.008979430
v -0.037810599 0.087300000 0.009022996
v -0.037324733 0.087300000 0.009069141
v -0.036798899 0.087300000 0.009117485
v -0.036233659 0.087300000 0.009167639
v -0.035629619 0.087300000 0.009219202
v -0.034987426 0.087300000 0.009271772
v -0.034307768 0.087300000 0.009324947
v -0.033591372 0.087300000 0.009378329
v -0.032839006 0.087300000 0.009431531
v -0.032051475 0.087300000 0.009484177
v -0.031229622 0.087300000 0.009535910
v -0.030374328 0.087300000 0.009586395
v -0.029486509 0.087300000 0.009635319
v -0.028567114 0.087300000 0.009682397
v -0.027617129 0.087300000 0.009727375
v -0.026637571 0.087300000 0.009770032
v -0.025629489 0.087300000 0.009810180
v -0.024593962 0.087300000 0.009847667
v -0.023532099 0.087300000 0.009882377
v -0.022445037 0.087300000 0.009914233
v -0.021333941 0.087300000 0.009943194
v -0.020200000 0.087300000 0.009969255
v -0.019044428 0.087300000 0.009992447
v -0.017868463 0.087300000 0.010012836
v -0.016673364 0.087300000 0.010030519
v -0.015460411 0.087300000 0.010045622
v -0.014230902 0.087300000 0.010058301
v -0.012986154 0.087300000 0.010068733
v -0.011727501 0.087300000 0.010077117
v -0.010456289 0.087300000 0.010083667
v -0.009173881 0.087300000 0.010088609
v -0.007881649 0.087300000 0.010092180
v -0.006580977 0.087300000 0.010094615
v -0.005273258 0.087300000 0.010096150
v -0.003959892 0.087300000 0.010097012
v -0.002642286 0.087300000 0.010097413
v -0.001321851 0.087300000 0.010097545
v 0.000000000 0.087300000 0.010097563
v 0.001321851 0.087300000 0.010097545
v 0.002642286 0.087300000 0.010097413
v 0.003959892 0.087300000 0.010097012
v 0.005273258 0.087300000 0.010096150
v 0.006580977 0.087300000 0.010094615
v 0.007881649 0.087300000 0.010092180
v 0.009173881 0.087300000 0.010088609
v 0.010456289 0.087300000 0.010083667
v 0.011727501 0.087300000 0.010077117
v 0.012986154 0.087300000 0.010068733
v 0.014230902 0.087300000 0.010058301
v 0.015460411 0.087300000 0.010045622
v 0.016673364 0.087300000 0.010030519
v 0.017868463 0.087300000 0.010012836
v 0.019044428 0.087300000 0.009992447
v 0.020200000 0.087300000 0.009969255
v 0.021333941 0.087300000 0.009943194
v 0.022445037 0.087300000 0.009914233
v 0.023532099 0.087300000 0.009882377
v 0.024593962 0.087300000 0.009847667
v 0.025629489 0.087300000 0.009810180
v 0.026637571 0.087300000 0.009770032
v 0.027617129 0.087300000 0.009727375
v 0.028567114 0.087300000 0.009682397
v 0.029486509 0.087300000 0.009635319
v 0.030374328 0.087300000 0.009586395
v 0.031229622 0.087300000 0.009535910
v 0.032051475 0.087300000 0.009484177
v 0.032839006 0.087300000 0.009431531
v 0.033591372 0.087300000 0.009378329
v 0.034307768 0.087300000 0.009324947
v 0.034987426 0.087300000 0.009271772
v 0.035629619 0.087300000 0.009219202
v 0.036233659 0.087300000 0.009167639
v 0.036798899 0.087300000 0.009117485
v 0.037324733 0.087300000 0.009069141
v 0.037810599 0.087300000 0.009022996
v 0.038255977 0.087300000 0.008979430
v 0.038660390 0.087300000 0.008938804
v 0.039023403 0.087300000 0.008901459
v 0.039344630 0.087300000 0.008867710
v 0.039623725 0.087300000 0.008837848
v 0.039860391 0.087300000 0.008812126
v 0.040054372 0.087300000 0.008790769
v 0.040205463 0.087300000 0.008773962
v 0.040313500 0.087300000 0.008761851
v 0.040378369 0.087300000 0.008754541
v 0.040400000 0.087300000 0.008752098
v -0.039400000 0.088000000 0.008740000
v -0.039378905 0.088000000 0.008742438
v -0.039315642 0.088000000 0.008749730
v -0.039210278 0.088000000 0.008761812
v -0.039062928 0.088000000 0.008778579
v -0.038873747 0.088000000 0.008799884
v -0.038642940 0.088000000 0.008825542
v -0.038370753 0.088000000 0.008855331
v -0.038057478 0.088000000 0.008888995
v -0.037703449 0.088000000 0.008926246
v -0.037309047 0.088000000 0.008966768
v -0.036874694 0.088000000 0.009010221
v -0.036400854 0.088000000 0.009056243
v -0.035888035 0.088000000 0.009104457
v -0.035336786 0.088000000 0.009154472
v -0.034747698 0.088000000 0.009205890
v -0.034121401 0.088000000 0.009258308
v -0.033458566 0.088000000 0.009311325
v -0.032759903 0.088000000 0.009364545
v -0.032026159 0.088000000 0.009417579
v -0.031258122 0.088000000 0.009470054
v -0.030456612 0.088000000 0.009521613
v -0.029622488 0.088000000 0.009571921
v -0.028756644 0.088000000 0.009620667
v -0.027860007 0.088000000 0.009667567
v -0.026933537 0.088000000 0.009712366
v -0.025978225 0.088000000 0.009754845
v -0.024995095 0.088000000 0.009794817
v -0.023985200 0.088000000 0.009832129
v -0.022949621 0.088000000 0.009866669
v -0.021889467 0.088000000 0.009898358
v -0.020805873 0.088000000 0.009927155
v -0.019700000 0.088000000 0.009953059
v -0.018573031 0.088000000 0.009976099
v -0.017426174 0.088000000 0.009996343
v -0.016260657 0.088000000 0.010013887
v -0.015077727 0.088000000 0.010028860
v -0.013878652 0.088000000 0.010041417
v -0.012664715 0.088000000 0.010051735
v -0.011437216 0.088000000 0.010060015
v -0.010197470 0.088000000 0.010066470
v -0.008946805 0.088000000 0.010071329
v -0.007686559 0.088000000 0.010074825
v -0.006418082 0.088000000 0.010077197
v -0.005142732 0.088000000 0.010078680
v -0.003861875 0.088000000 0.010079502
v -0.002576883 0.088000000 0.010079874
v -0.001289132 0.088000000 0.010079988
v 0.000000000 0.088000000 0.010080000
v 0.001289132 0.088000000 0.010079988
v 0.002576883 0.088000000 0.010079874
v 0.003861875 0.088000000 0.010079502
v 0.005142732 0.088000000 0.010078680
v 0.006418082 0.088000000 0.010077197
v 0.007686559 0.088000000 0.010074825
v 0.008946805 0.088000000 0.010071329
v 0.010197470 0.088000000 0.010066470
v 0.011437216 0.088000000 0.010060015
v 0.012664715 0.088000000 0.010051735
v 0.013878652 0.088000000 0.010041417
v 0.015077727 0.088000000 0.010028860
v 0.016260657 0.088000000 0.010013887
v 0.017426174 0.088000000 0.009996343
v 0.018573031 0.088000000 0.009976099
v 0.019700000 0.088000000 0.009953059
v 0.020805873 0.088000000 0.009927155
v 0.021889467 0.088000000 0.009898358
v 0.022949621 0.088000000 0.009866669
v 0.023985200 0.088000000 0.009832129
v 0.024995095 0.088000000 0.009794817
v 0.025978225 0.088000000 0.009754845
v 0.026933537 0.088000000 0.009712366
v 0.027860007 0.088000000 0.009667567
v 0.028756644 0.088000000 0.009620667
v 0.029622488 0.088000000 0.009571921
v 0.030456612 0.088000000 0.009521613
v 0.031258122 0.088000000 0.009470054
v 0.032026159 0.088000000 0.009417579
v 0.032759903 0.088000000 0.009364545
v 0.033458566 0.088000000 0.009311325
v 0.034121401 0.088000000 0.009258308
v 0.034747698 0.088000000 0.009205890
v 0.035336786 0.088000000 0.009154472
v 0.035888035 0.088000000 0.009104457
v 0.036400854 0.088000000 0.009056243
v 0.036874694 0.088000000 0.009010221
v 0.037309047 0.088000000 0.008966768
v 0.037703449 0.088000000 0.008926246
v 0.038057478 0.088000000 0.008888995
v 0.038370753 0.088000000 0.008855331
v 0.038642940 0.088000000 0.008825542
v 0.038873747 0.088000000 0.008799884
v 0.039062928 0.088000000 0.008778579
v 0.039210278 0.088000000 0.008761812
v 0.039315642 0.088000000 0.008749730
v 0.039378905 0.088000000 0.008742438
v 0.039400000 0.088000000 0.008740000
v -0.063360000 0.000220000 0.007400000
v -0.063326076 0.000220000 0.007400000
v -0.063224341 0.000220000 0.007400000
v -0.063054904 0.000220000 0.007400000
v -0.062817946 0.000220000 0.007400000
v -0.062513722 0.000220000 0.007400000
v -0.062142555 0.000220000 0.007400000
v -0.061704845 0.000220000 0.007400000
v -0.061201060 0.000220000 0.007400000
v -0.060631740 0.000220000 0.007400000
v -0.059997493 0.000220000 0.007400000
v -0.059299000 0.000220000 0.007400000
v -0.058537007 0.000220000 0.007400000
v -0.057712332 0.000220000 0.007400000
v -0.056825857 0.000220000 0.007400000
v -0.055878531 0.000220000 0.007400000
v -0.054871370 0.000220000 0.007400000
v -0.053805450 0.000220000 0.007400000
v -0.052681915 0.000220000 0.007400000
v -0.051501966 0.000220000 0.007400000
v -0.050266868 0.000220000 0.007400000
v -0.048977942 0.000220000 0.007400000
v -0.047636570 0.000220000 0.007400000
v -0.046244188 0.000220000 0.007400000
v -0.044802286 0.000220000 0.007400000
v -0.043312408 0.000220000 0.007400000
v -0.041776151 0.000220000 0.007400000
v -0.040195158 0.000220000 0.007400000
v -0.038571124 0.000220000 0.007400000
v -0.036905787 0.000220000 0.007400000
v -0.035200930 0.000220000 0.007400000
v -0.033458379 0.000220000 0.007400000
v -0.031680000 0.000220000 0.007400000
v -0.029867697 0.000220000 0.007400000
v -0.028023411 0.000220000 0.007400000
v -0.026149117 0.000220000 0.007400000
v -0.024246822 0.000220000 0.007400000
v -0.022318563 0.000220000 0.007400000
v -0.020366405 0.000220000 0.007400000
v -0.018392437 0.000220000 0.007400000
v -0.016398775 0.000220000 0.007400000
v -0.014387552 0.000220000 0.007400000
v -0.012360923 0.000220000 0.007400000
v -0.010321057 0.000220000 0.007400000
v -0.008270140 0.000220000 0.007400000
v -0.006210366 0.000220000 0.007400000
v -0.004143942 0.000220000 0.007400000
v -0.002073081 0.000220000 0.007400000
v 0.000000000 0.000220000 0.007400000
v 0.002073081 0.000220000 0.007400000
v 0.004143942 0.000220000 0.007400000
v 0.006210366 0.000220000 0.007400000
v 0.008270140 0.000220000 0.007400000
v 0.010321057 0.000220000 0.007400000
v 0.012360923 0.000220000 0.007400000
v 0.014387552 0.000220000 0.007400000
v 0.016398775 0.000220000 0.007400000
v 0.018392437 0.000220000 0.007400000
v 0.020366405 0.000220000 0.007400000
v 0.022318563 0.000220000 0.007400000
v 0.024246822 0.000220000 0.007400000
v 0.026149117 0.000220000 0.007400000
v 0.028023411 0.000220000 0.007400000
v 0.029867697 0.000220000 0.007400000
v 0.031680000 0.000220000 0.007400000
v 0.033458379 0.000220000 0.007400000
v 0.035200930 0.000220000 0.007400000
v 0.036905787 0.000220000 0.007400000
v 0.038571124 0.000220000 0.007400000
v 0.040195158 0.000220000 0.007400000
v 0.041776151 0.000220000 0.007400000
v 0.043312408 0.000220000 0.007400000
v 0.044802286 0.000220000 0.007400000
v 0.046244188 0.000220000 0.007400000
v 0.047636570 0.000220000 0.007400000
v 0.048977942 0.000220000 0.007400000
v 0.050266868 0.000220000 0.007400000
v 0.051501966 0.000220000 0.007400000
v 0.052681915 0.000220000 0.007400000
v 0.053805450 0.000220000 0.007400000
v 0.054871370 0.000220000 0.007400000
v 0.055878531 0.000220000 0.007400000
v 0.056825857 0.000220000 0.007400000
v 0.057712332 0.000220000 0.007400000
v 0.058537007 0.000220000 0.007400000
v 0.059299000 0.000220000 0.007400000
v 0.059997493 0.000220000 0.007400000
v 0.060631740 0.000220000 0.007400000
v 0.061201060 0.000220000 0.007400000
v 0.061704845 0.000220000 0.007400000
v 0.062142555 0.000220000 0.007400000
v 0.062513722 0.000220000 0.007400000
v 0.062817946 0.000220000 0.007400000
v 0.063054904 0.000220000 0.007400000
v 0.063224341 0.000220000 0.007400000
v 0.063326076 0.000220000 0.007400000
v 0.063360000 0.000220000 0.007400000
v 0.065142000 0.000916500 0.007400000
v 0.065835000 0.001613000 0.007400000
v 0.066528000 0.002309500 0.007400000
v 0.066792000 0.003072333 0.007400000
v 0.067056000 0.003835167 0.007400000
v 0.067320000 0.004598000 0.007400000
v 0.067320000 0.005580733 0.007400000
v 0.067320000 0.006563466 0.007400000
v 0.067320000 0.007546199 0.007400000
v 0.067320000 0.008528932 0.007400000
v 0.067320000 0.009511664 0.007400000
v 0.067320000 0.010494397 0.007400000
v 0.067320000 0.011477130 0.007400000
v 0.067320000 0.012459863 0.007400000
v 0.067320000 0.013442596 0.007400000
v 0.067320000 0.014425329 0.007400000
v 0.067320000 0.015408062 0.007400000
v 0.067320000 0.016390795 0.007400000
v 0.067320000 0.017373527 0.007400000
v 0.067320000 0.018356260 0.007400000
v 0.067320000 0.019338993 0.007400000
v 0.067320000 0.020321726 0.007400000
v 0.067320000 0.021304459 0.007400000
v 0.067320000 0.022287192 0.007400000
v 0.067320000 0.023269925 0.007400000
v 0.067320000 0.024252658 0.007400000
v 0.067320000 0.025235390 0.007400000
v 0.067320000 0.026218123 0.007400000
v 0.067320000 0.027200856 0.007400000
v 0.067320000 0.028183589 0.007400000
v 0.067320000 0.029166322 0.007400000
v 0.067320000 0.030149055 0.007400000
v 0.067320000 0.031131788 0.007400000
v 0.067320000 0.032114521 0.007400000
v 0.067320000 0.033097253 0.007400000
v 0.067320000 0.034079986 0.007400000
v 0.067320000 0.035062719 0.007400000
v 0.067320000 0.036045452 0.007400000
v 0.067320000 0.037028185 0.007400000
v 0.067320000 0.038010918 0.007400000
v 0.067320000 0.038993651 0.007400000
v 0.067320000 0.039976384 0.007400000
v 0.067320000 0.040959116 0.007400000
v 0.067320000 0.041941849 0.007400000
v 0.067320000 0.042924582 0.007400000
v 0.067320000 0.043907315 0.007400000
v 0.067320000 0.044890048 0.007400000
v 0.067320000 0.045872781 0.007400000
v 0.067320000 0.046855514 0.007400000
v 0.067320000 0.047838247 0.007400000
v 0.067320000 0.048820979 0.007400000
v 0.067320000 0.049803712 0.007400000
v 0.067320000 0.050786445 0.007400000
v 0.067320000 0.051769178 0.007400000
v 0.067320000 0.052751911 0.007400000
v 0.067320000 0.053734644 0.007400000
v 0.067320000 0.054717377 0.007400000
v 0.067320000 0.055700110 0.007400000
v 0.067320000 0.056682842 0.007400000
v 0.067320000 0.057665575 0.007400000
v 0.067320000 0.058648308 0.007400000
v 0.067320000 0.059631041 0.007400000
v 0.067320000 0.060613774 0.007400000
v 0.067320000 0.061596507 0.007400000
v 0.067320000 0.062579240 0.007400000
v 0.067320000 0.063561973 0.007400000
v 0.067320000 0.064544705 0.007400000
v 0.067320000 0.065527438 0.007400000
v 0.067320000 0.066510171 0.007400000
v 0.067320000 0.067492904 0.007400000
v 0.067320000 0.068475637 0.007400000
v 0.067320000 0.069458370 0.007400000
v 0.067320000 0.070441103 0.007400000
v 0.067320000 0.071423836 0.007400000
v 0.067320000 0.072406568 0.007400000
v 0.067320000 0.073389301 0.007400000
v 0.067320000 0.074372034 0.007400000
v 0.067320000 0.075354767 0.007400000
v 0.067320000 0.076337500 0.007400000
v 0.067122000 0.077266167 0.007400000
v 0.066924000 0.078194833 0.007400000
v 0.066726000 0.079123500 0.007400000
v 0.065538000 0.079969250 0.007400000
v 0.064350000 0.080815000 0.007400000
v 0.063360000 0.081312500 0.007400000
v 0.043560000 0.081312500 0.007400000
v 0.042372000 0.082108500 0.007400000
v 0.042025500 0.082805000 0.007400000
v 0.041679000 0.083501500 0.007400000
v 0.041448000 0.084264333 0.007400000
v 0.041217000 0.085027167 0.007400000
v 0.040986000 0.085790000 0.007400000
v 0.040491000 0.086436750 0.007400000
v 0.039996000 0.087083500 0.007400000
v 0.039006000 0.087780000 0.007400000
v 0.038985116 0.087780000 0.007400000
v 0.038922485 0.087780000 0.007400000
v 0.038818175 0.087780000 0.007400000
v 0.038672298 0.087780000 0.007400000
v 0.038485010 0.087780000 0.007400000
v 0.038256511 0.087780000 0.007400000
v 0.037987045 0.087780000 0.007400000
v 0.037676903 0.087780000 0.007400000
v 0.037326415 0.087780000 0.007400000
v 0.036935957 0.087780000 0.007400000
v 0.036505947 0.087780000 0.007400000
v 0.036036845 0.087780000 0.007400000
v 0.035529154 0.087780000 0.007400000
v 0.034983418 0.087780000 0.007400000
v 0.034400221 0.087780000 0.007400000
v 0.033780187 0.087780000 0.007400000
v 0.033123980 0.087780000 0.007400000
v 0.032432304 0.087780000 0.007400000
v 0.031705898 0.087780000 0.007400000
v 0.030945540 0.087780000 0.007400000
v 0.030152046 0.087780000 0.007400000
v 0.029326264 0.087780000 0.007400000
v 0.028469078 0.087780000 0.007400000
v 0.027581407 0.087780000 0.007400000
v 0.026664201 0.087780000 0.007400000
v 0.025718443 0.087780000 0.007400000
v 0.024745144 0.087780000 0.007400000
v 0.023745348 0.087780000 0.007400000
v 0.022720125 0.087780000 0.007400000
v 0.021670573 0.087780000 0.007400000
v 0.020597815 0.087780000 0.007400000
v 0.019503000 0.087780000 0.007400000
v 0.018387301 0.087780000 0.007400000
v 0.017251913 0.087780000 0.007400000
v 0.016098050 0.087780000 0.007400000
v 0.014926950 0.087780000 0.007400000
v 0.013739865 0.087780000 0.007400000
v 0.012538068 0.087780000 0.007400000
v 0.011322844 0.087780000 0.007400000
v 0.010095496 0.087780000 0.007400000
v 0.008857337 0.087780000 0.007400000
v 0.007609693 0.087780000 0.007400000
v 0.006353901 0.087780000 0.007400000
v 0.005091305 0.087780000 0.007400000
v 0.003823257 0.087780000 0.007400000
v 0.002551114 0.087780000 0.007400000
v 0.001276241 0.087780000 0.007400000
v 0.000000000 0.087780000 0.007400000
v -0.001276241 0.087780000 0.007400000
v -0.002551114 0.087780000 0.007400000
v -0.003823257 0.087780000 0.007400000
v -0.005091305 0.087780000 0.007400000
v -0.006353901 0.087780000 0.007400000
v -0.007609693 0.087780000 0.007400000
v -0.008857337 0.087780000 0.007400000
v -0.010095496 0.087780000 0.007400000
v -0.011322844 0.087780000 0.007400000
v -0.012538068 0.087780000 0.007400000
v -0.013739865 0.087780000 0.007400000
v -0.014926950 0.087780000 0.007400000
v -0.016098050 0.087780000 0.007400000
v -0.017251913 0.087780000 0.007400000
v -0.018387301 0.087780000 0.007400000
v -0.019503000 0.087780000 0.007400000
v -0.020597815 0.087780000 0.007400000
v -0.021670573 0.087780000 0.007400000
v -0.022720125 0.087780000 0.007400000
v -0.023745348 0.087780000 0.007400000
v -0.024745144 0.087780000 0.007400000
v -0.025718443 0.087780000 0.007400000
v -0.026664201 0.087780000 0.007400000
v -0.027581407 0.087780000 0.007400000
v -0.028469078 0.087780000 0.007400000
v -0.029326264 0.087780000 0.007400000
v -0.030152046 0.087780000 0.007400000
v -0.030945540 0.087780000 0.007400000
v -0.031705898 0.087780000 0.007400000
v -0.032432304 0.087780000 0.007400000
v -0.033123980 0.087780000 0.007400000
v -0.033780187 0.087780000 0.007400000
v -0.034400221 0.087780000 0.007400000
v -0.034983418 0.087780000 0.007400000
v -0.035529154 0.087780000 0.007400000
v -0.036036845 0.087780000 0.007400000
v -0.036505947 0.087780000 0.007400000
v -0.036935957 0.087780000 0.007400000
v -0.037326415 0.087780000 0.007400000
v -0.037676903 0.087780000 0.007400000
v -0.037987045 0.087780000 0.007400000
v -0.038256511 0.087780000 0.007400000
v -0.038485010 0.087780000 0.007400000
v -0.038672298 0.087780000 0.007400000
v -0.038818175 0.087780000 0.007400000
v -0.038922485 0.087780000 0.007400000
v -0.038985116 0.087780000 0.007400000
v -0.039006000 0.087780000 0.007400000
v -0.039996000 0.087083500 0.007400000
v -0.040491000 0.086436750 0.007400000
v -0.040986000 0.085790000 0.007400000
v -0.041217000 0.085027167 0.007400000
v -0.041448000 0.084264333 0.007400000
v -0.041679000 0.083501500 0.007400000
v -0.042025500 0.082805000 0.007400000
v -0.042372000 0.082108500 0.007400000
v -0.043560000 0.081312500 0.007400000
v -0.063360000 0.081312500 0.007400000
v -0.064350000 0.080815000 0.007400000
v -0.065538000 0.079969250 0.007400000
v -0.066726000 0.079123500 0.007400000
v -0.066924000 0.078194833 0.007400000
v -0.067122000 0.077266167 0.007400000
v -0.067320000 0.076337500 0.007400000
v -0.067320000 0.075354767 0.007400000
v -0.067320000 0.074372034 0.007400000
v -0.067320000 0.073389301 0.007400000
v -0.067320000 0.072406568 0.007400000
v -0.067320000 0.071423836 0.007400000
v -0.067320000 0.070441103 0.007400000
v -0.067320000 0.069458370 0.007400000
v -0.067320000 0.068475637 0.007400000
v -0.067320000 0.067492904 0.007400000
v -0.067320000 0.066510171 0.007400000
v -0.067320000 0.065527438 0.007400000
v -0.067320000 0.064544705 0.007400000
v -0.067320000 0.063561973 0.007400000
v -0.067320000 0.062579240 0.007400000
v -0.067320000 0.061596507 0.007400000
v -0.067320000 0.060613774 0.007400000
v -0.067320000 0.059631041 0.007400000
v -0.067320000 0.058648308 0.007400000
v -0.067320000 0.057665575 0.007400000
v -0.067320000 0.056682842 0.007400000
v -0.067320000 0.055700110 0.007400000
v -0.067320000 0.054717377 0.007400000
v -0.067320000 0.053734644 0.007400000
v -0.067320000 0.052751911 0.007400000
v -0.067320000 0.051769178 0.007400000
v -0.067320000 0.050786445 0.007400000
v -0.067320000 0.049803712 0.007400000
v -0.067320000 0.048820979 0.007400000
v -0.067320000 0.047838247 0.007400000
v -0.067320000 0.046855514 0.007400000
v -0.067320000 0.045872781 0.007400000
v -0.067320000 0.044890048 0.007400000
v -0.067320000 0.043907315 0.007400000
v -0.067320000 0.042924582 0.007400000
v -0.067320000 0.041941849 0.007400000
v -0.067320000 0.040959116 0.007400000
v -0.067320000 0.039976384 0.007400000
v -0.067320000 0.038993651 0.007400000
v -0.067320000 0.038010918 0.007400000
v -0.067320000 0.037028185 0.007400000
v -0.067320000 0.036045452 0.007400000
v -0.067320000 0.035062719 0.007400000
v -0.067320000 0.034079986 0.007400000
v -0.067320000 0.033097253 0.007400000
v -0.067320000 0.032114521 0.007400000
v -0.067320000 0.031131788 0.007400000
v -0.067320000 0.030149055 0.007400000
v -0.067320000 0.029166322 0.007400000
v -0.067320000 0.028183589 0.007400000
v -0.067320000 0.027200856 0.007400000
v -0.067320000 0.026218123 0.007400000
v -0.067320000 0.025235390 0.007400000
v -0.067320000 0.024252658 0.007400000
v -0.067320000 0.023269925 0.007400000
v -0.067320000 0.022287192 0.007400000
v -0.067320000 0.021304459 0.007400000
v -0.067320000 0.020321726 0.007400000
v -0.067320000 0.019338993 0.007400000
v -0.067320000 0.018356260 0.007400000
v -0.067320000 0.017373527 0.007400000
v -0.067320000 0.016390795 0.007400000
v -0.067320000 0.015408062 0.007400000
v -0.067320000 0.014425329 0.007400000
v -0.067320000 0.013442596 0.007400000
v -0.067320000 0.012459863 0.007400000
v -0.067320000 0.011477130 0.007400000
v -0.067320000 0.010494397 0.007400000
v -0.067320000 0.009511664 0.007400000
v -0.067320000 0.008528932 0.007400000
v -0.067320000 0.007546199 0.007400000
v -0.067320000 0.006563466 0.007400000
v -0.067320000 0.005580733 0.007400000
v -0.067320000 0.004598000 0.007400000
v -0.067056000 0.003835167 0.007400000
v -0.066792000 0.003072333 0.007400000
v -0.066528000 0.002309500 0.007400000
v -0.065835000 0.001613000 0.007400000
v -0.065142000 0.000916500 0.007400000
v -0.063520000 0.000165000 0.004600000
v -0.063485991 0.000165000 0.004600000
v -0.063383999 0.000165000 0.004600000
v -0.063214134 0.000165000 0.004600000
v -0.062976578 0.000165000 0.004600000
v -0.062671584 0.000165000 0.004600000
v -0.062299481 0.000165000 0.004600000
v -0.061860666 0.000165000 0.004600000
v -0.061355608 0.000165000 0.004600000
v -0.060784850 0.000165000 0.004600000
v -0.060149002 0.000165000 0.004600000
v -0.059448744 0.000165000 0.004600000
v -0.058684828 0.000165000 0.004600000
v -0.057858070 0.000165000 0.004600000
v -0.056969357 0.000165000 0.004600000
v -0.056019639 0.000165000 0.004600000
v -0.055009934 0.000165000 0.004600000
v -0.053941323 0.000165000 0.004600000
v -0.052814950 0.000165000 0.004600000
v -0.051632021 0.000165000 0.004600000
v -0.050393804 0.000165000 0.004600000
v -0.049101624 0.000165000 0.004600000
v -0.047756865 0.000165000 0.004600000
v -0.046360966 0.000165000 0.004600000
v -0.044915423 0.000165000 0.004600000
v -0.043421783 0.000165000 0.004600000
v -0.041881646 0.000165000 0.004600000
v -0.040296661 0.000165000 0.004600000
v -0.038668526 0.000165000 0.004600000
v -0.036998983 0.000165000 0.004600000
v -0.035289821 0.000165000 0.004600000
v -0.033542870 0.000165000 0.004600000
v -0.031760000 0.000165000 0.004600000
v -0.029943121 0.000165000 0.004600000
v -0.028094178 0.000165000 0.004600000
v -0.026215151 0.000165000 0.004600000
v -0.024308052 0.000165000 0.004600000
v -0.022374923 0.000165000 0.004600000
v -0.020417835 0.000165000 0.004600000
v -0.018438883 0.000165000 0.004600000
v -0.016440186 0.000165000 0.004600000
v -0.014423884 0.000165000 0.004600000
v -0.012392137 0.000165000 0.004600000
v -0.010347120 0.000165000 0.004600000
v -0.008291024 0.000165000 0.004600000
v -0.006226049 0.000165000 0.004600000
v -0.004154407 0.000165000 0.004600000
v -0.002078316 0.000165000 0.004600000
v 0.000000000 0.000165000 0.004600000
v 0.002078316 0.000165000 0.004600000
v 0.004154407 0.000165000 0.004600000
v 0.006226049 0.000165000 0.004600000
v 0.008291024 0.000165000 0.004600000
v 0.010347120 0.000165000 0.004600000
v 0.012392137 0.000165000 0.004600000
v 0.014423884 0.000165000 0.004600000
v 0.016440186 0.000165000 0.004600000
v 0.018438883 0.000165000 0.004600000
v 0.020417835 0.000165000 0.004600000
v 0.022374923 0.000165000 0.004600000
v 0.024308052 0.000165000 0.004600000
v 0.026215151 0.000165000 0.004600000
v 0.028094178 0.000165000 0.004600000
v 0.029943121 0.000165000 0.004600000
v 0.031760000 0.000165000 0.004600000
v 0.033542870 0.000165000 0.004600000
v 0.035289821 0.000165000 0.004600000
v 0.036998983 0.000165000 0.004600000
v 0.038668526 0.000165000 0.004600000
v 0.040296661 0.000165000 0.004600000
v 0.041881646 0.000165000 0.004600000
v 0.043421783 0.000165000 0.004600000
v 0.044915423 0.000165000 0.004600000
v 0.046360966 0.000165000 0.004600000
v 0.047756865 0.000165000 0.004600000
v 0.049101624 0.000165000 0.004600000
v 0.050393804 0.000165000 0.004600000
v 0.051632021 0.000165000 0.004600000
v 0.052814950 0.000165000 0.004600000
v 0.053941323 0.000165000 0.004600000
v 0.055009934 0.000165000 0.004600000
v 0.056019639 0.000165000 0.004600000
v 0.056969357 0.000165000 0.004600000
v 0.057858070 0.000165000 0.004600000
v 0.058684828 0.000165000 0.004600000
v 0.059448744 0.000165000 0.004600000
v 0.060149002 0.000165000 0.004600000
v 0.060784850 0.000165000 0.004600000
v 0.061355608 0.000165000 0.004600000
v 0.061860666 0.000165000 0.004600000
v 0.062299481 0.000165000 0.004600000
v 0.062671584 0.000165000 0.004600000
v 0.062976578 0.000165000 0.004600000
v 0.063214134 0.000165000 0.004600000
v 0.063383999 0.000165000 0.004600000
v 0.063485991 0.000165000 0.004600000
v 0.063520000 0.000165000 0.004600000
v 0.065306500 0.000862375 0.004600000
v 0.066001250 0.001559750 0.004600000
v 0.066696000 0.002257125 0.004600000
v 0.066960667 0.003020917 0.004600000
v 0.067225333 0.003784708 0.004600000
v 0.067490000 0.004548500 0.004600000
v 0.067490000 0.005532467 0.004600000
v 0.067490000 0.006516435 0.004600000
v 0.067490000 0.007500402 0.004600000
v 0.067490000 0.008484370 0.004600000
v 0.067490000 0.009468337 0.004600000
v 0.067490000 0.010452305 0.004600000
v 0.067490000 0.011436272 0.004600000
v 0.067490000 0.012420240 0.004600000
v 0.067490000 0.013404207 0.004600000
v 0.067490000 0.014388175 0.004600000
v 0.067490000 0.015372142 0.004600000
v 0.067490000 0.016356110 0.004600000
v 0.067490000 0.017340077 0.004600000
v 0.067490000 0.018324045 0.004600000
v 0.067490000 0.019308012 0.004600000
v 0.067490000 0.020291979 0.004600000
v 0.067490000 0.021275947 0.004600000
v 0.067490000 0.022259914 0.004600000
v 0.067490000 0.023243882 0.004600000
v 0.067490000 0.024227849 0.004600000
v 0.067490000 0.025211817 0.004600000
v 0.067490000 0.026195784 0.004600000
v 0.067490000 0.027179752 0.004600000
v 0.067490000 0.028163719 0.004600000
v 0.067490000 0.029147687 0.004600000
v 0.067490000 0.030131654 0.004600000
v 0.067490000 0.031115622 0.004600000
v 0.067490000 0.032099589 0.004600000
v 0.067490000 0.033083557 0.004600000
v 0.067490000 0.034067524 0.004600000
v 0.067490000 0.035051491 0.004600000
v 0.067490000 0.036035459 0.004600000
v 0.067490000 0.037019426 0.004600000
v 0.067490000 0.038003394 0.004600000
v 0.067490000 0.038987361 0.004600000
v 0.067490000 0.039971329 0.004600000
v 0.067490000 0.040955296 0.004600000
v 0.067490000 0.041939264 0.004600000
v 0.067490000 0.042923231 0.004600000
v 0.067490000 0.043907199 0.004600000
v 0.067490000 0.044891166 0.004600000
v 0.067490000 0.045875134 0.004600000
v 0.067490000 0.046859101 0.004600000
v 0.067490000 0.047843068 0.004600000
v 0.067490000 0.048827036 0.004600000
v 0.067490000 0.049811003 0.004600000
v 0.067490000 0.050794971 0.004600000
v 0.067490000 0.051778938 0.004600000
v 0.067490000 0.052762906 0.004600000
v 0.067490000 0.053746873 0.004600000
v 0.067490000 0.054730841 0.004600000
v 0.067490000 0.055714808 0.004600000
v 0.067490000 0.056698776 0.004600000
v 0.067490000 0.057682743 0.004600000
v 0.067490000 0.058666711 0.004600000
v 0.067490000 0.059650678 0.004600000
v 0.067490000 0.060634646 0.004600000
v 0.067490000 0.061618613 0.004600000
v 0.067490000 0.062602580 0.004600000
v 0.067490000 0.063586548 0.004600000
v 0.067490000 0.064570515 0.004600000
v 0.067490000 0.065554483 0.004600000
v 0.067490000 0.066538450 0.004600000
v 0.067490000 0.067522418 0.004600000
v 0.067490000 0.068506385 0.004600000
v 0.067490000 0.069490353 0.004600000
v 0.067490000 0.070474320 0.004600000
v 0.067490000 0.071458288 0.004600000
v 0.067490000 0.072442255 0.004600000
v 0.067490000 0.073426223 0.004600000
v 0.067490000 0.074410190 0.004600000
v 0.067490000 0.075394158 0.004600000
v 0.067490000 0.076378125 0.004600000
v 0.067291500 0.077307958 0.004600000
v 0.067093000 0.078237792 0.004600000
v 0.066894500 0.079167625 0.004600000
v 0.065703500 0.080014437 0.004600000
v 0.064512500 0.080861250 0.004600000
v 0.063520000 0.081359375 0.004600000
v 0.043670000 0.081359375 0.004600000
v 0.042479000 0.082156375 0.004600000
v 0.042131625 0.082853750 0.004600000
v 0.041784250 0.083551125 0.004600000
v 0.041552667 0.084314917 0.004600000
v 0.041321083 0.085078708 0.004600000
v 0.041089500 0.085842500 0.004600000
v 0.040593250 0.086490063 0.004600000
v 0.040097000 0.087137625 0.004600000
v 0.039104500 0.087835000 0.004600000
v 0.039083563 0.087835000 0.004600000
v 0.039020774 0.087835000 0.004600000
v 0.038916201 0.087835000 0.004600000
v 0.038769956 0.087835000 0.004600000
v 0.038582194 0.087835000 0.004600000
v 0.038353118 0.087835000 0.004600000
v 0.038082972 0.087835000 0.004600000
v 0.037772046 0.087835000 0.004600000
v 0.037420673 0.087835000 0.004600000
v 0.037029229 0.087835000 0.004600000
v 0.036598133 0.087835000 0.004600000
v 0.036127847 0.087835000 0.004600000
v 0.035618874 0.087835000 0.004600000
v 0.035071760 0.087835000 0.004600000
v 0.034487090 0.087835000 0.004600000
v 0.033865490 0.087835000 0.004600000
v 0.033207627 0.087835000 0.004600000
v 0.032514203 0.087835000 0.004600000
v 0.031785963 0.087835000 0.004600000
v 0.031023686 0.087835000 0.004600000
v 0.030228187 0.087835000 0.004600000
v 0.029400320 0.087835000 0.004600000
v 0.028540970 0.087835000 0.004600000
v 0.027651057 0.087835000 0.004600000
v 0.026731535 0.087835000 0.004600000
v 0.025783388 0.087835000 0.004600000
v 0.024807632 0.087835000 0.004600000
v 0.023805311 0.087835000 0.004600000
v 0.022777499 0.087835000 0.004600000
v 0.021725296 0.087835000 0.004600000
v 0.020649829 0.087835000 0.004600000
v 0.019552250 0.087835000 0.004600000
v 0.018433734 0.087835000 0.004600000
v 0.017295478 0.087835000 0.004600000
v 0.016138702 0.087835000 0.004600000
v 0.014964644 0.087835000 0.004600000
v 0.013774562 0.087835000 0.004600000
v 0.012569730 0.087835000 0.004600000
v 0.011351437 0.087835000 0.004600000
v 0.010120989 0.087835000 0.004600000
v 0.008879704 0.087835000 0.004600000
v 0.007628909 0.087835000 0.004600000
v 0.006369946 0.087835000 0.004600000
v 0.005104161 0.087835000 0.004600000
v 0.003832911 0.087835000 0.004600000
v 0.002557557 0.087835000 0.004600000
v 0.001279463 0.087835000 0.004600000
v 0.000000000 0.087835000 0.004600000
v -0.001279463 0.087835000 0.004600000
v -0.002557557 0.087835000 0.004600000
v -0.003832911 0.087835000 0.004600000
v -0.005104161 0.087835000 0.004600000
v -0.006369946 0.087835000 0.004600000
v -0.007628909 0.087835000 0.004600000
v -0.008879704 0.087835000 0.004600000
v -0.010120989 0.087835000 0.004600000
v -0.011351437 0.087835000 0.004600000
v -0.012569730 0.087835000 0.004600000
v -0.013774562 0.087835000 0.004600000
v -0.014964644 0.087835000 0.004600000
v -0.016138702 0.087835000 0.004600000
v -0.017295478 0.087835000 0.004600000
v -0.018433734 0.087835000 0.004600000
v -0.019552250 0.087835000 0.004600000
v -0.020649829 0.087835000 0.004600000
v -0.021725296 0.087835000 0.004600000
v -0.022777499 0.087835000 0.004600000
v -0.023805311 0.087835000 0.004600000
v -0.024807632 0.087835000 0.004600000
v -0.025783388 0.087835000 0.004600000
v -0.026731535 0.087835000 0.004600000
v -0.027651057 0.087835000 0.004600000
v -0.028540970 0.087835000 0.004600000
v -0.029400320 0.087835000 0.004600000
v -0.030228187 0.087835000 0.004600000
v -0.031023686 0.087835000 0.004600000
v -0.031785963 0.087835000 0.004600000
v -0.032514203 0.087835000 0.004600000
v -0.033207627 0.087835000 0.004600000
v -0.033865490 0.087835000 0.004600000
v -0.034487090 0.087835000 0.004600000
v -0.035071760 0.087835000 0.004600000
v -0.035618874 0.087835000 0.004600000
v -0.036127847 0.087835000 0.004600000
v -0.036598133 0.087835000 0.004600000
v -0.037029229 0.087835000 0.004600000
v -0.037420673 0.087835000 0.004600000
v -0.037772046 0.087835000 0.004600000
v -0.038082972 0.087835000 0.004600000
v -0.038353118 0.087835000 0.004600000
v -0.038582194 0.087835000 0.004600000
v -0.038769956 0.087835000 0.004600000
v -0.038916201 0.087835000 0.004600000
v -0.039020774 0.087835000 0.004600000
v -0.039083563 0.087835000 0.004600000
v -0.039104500 0.087835000 0.004600000
v -0.040097000 0.087137625 0.004600000
v -0.040593250 0.086490063 0.004600000
v -0.041089500 0.085842500 0.004600000
v -0.041321083 0.085078708 0.004600000
v -0.041552667 0.084314917 0.004600000
v -0.041784250 0.083551125 0.004600000
v -0.042131625 0.082853750 0.004600000
v -0.042479000 0.082156375 0.004600000
v -0.043670000 0.081359375 0.004600000
v -0.063520000 0.081359375 0.004600000
v -0.064512500 0.080861250 0.004600000
v -0.065703500 0.080014437 0.004600000
v -0.066894500 0.079167625 0.004600000
v -0.067093000 0.078237792 0.004600000
v -0.067291500 0.077307958 0.004600000
v -0.067490000 0.076378125 0.004600000
v -0.067490000 0.075394158 0.004600000
v -0.067490000 0.074410190 0.004600000
v -0.067490000 0.073426223 0.004600000
v -0.067490000 0.072442255 0.004600000
v -0.067490000 0.071458288 0.004600000
v -0.067490000 0.070474320 0.004600000
v -0.067490000 0.069490353 0.004600000
v -0.067490000 0.068506385 0.004600000
v -0.067490000 0.067522418 0.004600000
v -0.067490000 0.066538450 0.004600000
v -0.067490000 0.065554483 0.004600000
v -0.067490000 0.064570515 0.004600000
v -0.067490000 0.063586548 0.004600000
v -0.067490000 0.062602580 0.004600000
v -0.067490000 0.061618613 0.004600000
v -0.067490000 0.060634646 0.004600000
v -0.067490000 0.059650678 0.004600000
v -0.067490000 0.058666711 0.004600000
v -0.067490000 0.057682743 0.004600000
v -0.067490000 0.056698776 0.004600000
v -0.067490000 0.055714808 0.004600000
v -0.067490000 0.054730841 0.004600000
v -0.067490000 0.053746873 0.004600000
v -0.067490000 0.052762906 0.004600000
v -0.067490000 0.051778938 0.004600000
v -0.067490000 0.050794971 0.004600000
v -0.067490000 0.049811003 0.004600000
v -0.067490000 0.048827036 0.004600000
v -0.067490000 0.047843068 0.004600000
v -0.067490000 0.046859101 0.004600000
v -0.067490000 0.045875134 0.004600000
v -0.067490000 0.044891166 0.004600000
v -0.067490000 0.043907199 0.004600000
v -0.067490000 0.042923231 0.004600000
v -0.067490000 0.041939264 0.004600000
v -0.067490000 0.040955296 0.004600000
v -0.067490000 0.039971329 0.004600000
v -0.067490000 0.038987361 0.004600000
v -0.067490000 0.038003394 0.004600000
v -0.067490000 0.037019426 0.004600000
v -0.067490000 0.036035459 0.004600000
v -0.067490000 0.035051491 0.004600000
v -0.067490000 0.034067524 0.004600000
v -0.067490000 0.033083557 0.004600000
v -0.067490000 0.032099589 0.004600000
v -0.067490000 0.031115622 0.004600000
v -0.067490000 0.030131654 0.004600000
v -0.067490000 0.029147687 0.004600000
v -0.067490000 0.028163719 0.004600000
v -0.067490000 0.027179752 0.004600000
v -0.067490000 0.026195784 0.004600000
v -0.067490000 0.025211817 0.004600000
v -0.067490000 0.024227849 0.004600000
v -0.067490000 0.023243882 0.004600000
v -0.067490000 0.022259914 0.004600000
v -0.067490000 0.021275947 0.004600000
v -0.067490000 0.020291979 0.004600000
v -0.067490000 0.019308012 0.004600000
v -0.067490000 0.018324045 0.004600000
v -0.067490000 0.017340077 0.004600000
v -0.067490000 0.016356110 0.004600000
v -0.067490000 0.015372142 0.004600000
v -0.067490000 0.014388175 0.004600000
v -0.067490000 0.013404207 0.004600000
v -0.067490000 0.012420240 0.004600000
v -0.067490000 0.011436272 0.004600000
v -0.067490000 0.010452305 0.004600000
v -0.067490000 0.009468337 0.004600000
v -0.067490000 0.008484370 0.004600000
v -0.067490000 0.007500402 0.004600000
v -0.067490000 0.006516435 0.004600000
v -0.067490000 0.005532467 0.004600000
v -0.067490000 0.004548500 0.004600000
v -0.067225333 0.003784708 0.004600000
v -0.066960667 0.003020917 0.004600000
v -0.066696000 0.002257125 0.004600000
v -0.066001250 0.001559750 0.004600000
v -0.065306500 0.000862375 0.004600000
v -0.063680000 0.000110000 0.002000000
v -0.063645905 0.000110000 0.002000000
v -0.063543656 0.000110000 0.002000000
v -0.063373363 0.000110000 0.002000000
v -0.063135209 0.000110000 0.002000000
v -0.062829447 0.000110000 0.002000000
v -0.062456407 0.000110000 0.002000000
v -0.062016486 0.000110000 0.002000000
v -0.061510157 0.000110000 0.002000000
v -0.060937961 0.000110000 0.002000000
v -0.060300511 0.000110000 0.002000000
v -0.059598489 0.000110000 0.002000000
v -0.058832649 0.000110000 0.002000000
v -0.058003808 0.000110000 0.002000000
v -0.057112856 0.000110000 0.002000000
v -0.056160746 0.000110000 0.002000000
v -0.055148498 0.000110000 0.002000000
v -0.054077195 0.000110000 0.002000000
v -0.052947985 0.000110000 0.002000000
v -0.051762077 0.000110000 0.002000000
v -0.050520741 0.000110000 0.002000000
v -0.049225306 0.000110000 0.002000000
v -0.047877159 0.000110000 0.002000000
v -0.046477744 0.000110000 0.002000000
v -0.045028560 0.000110000 0.002000000
v -0.043531158 0.000110000 0.002000000
v -0.041987142 0.000110000 0.002000000
v -0.040398164 0.000110000 0.002000000
v -0.038765928 0.000110000 0.002000000
v -0.037092180 0.000110000 0.002000000
v -0.035378712 0.000110000 0.002000000
v -0.033627361 0.000110000 0.002000000
v -0.031840000 0.000110000 0.002000000
v -0.030018544 0.000110000 0.002000000
v -0.028164944 0.000110000 0.002000000
v -0.026281184 0.000110000 0.002000000
v -0.024369281 0.000110000 0.002000000
v -0.022431283 0.000110000 0.002000000
v -0.020469265 0.000110000 0.002000000
v -0.018485328 0.000110000 0.002000000
v -0.016481597 0.000110000 0.002000000
v -0.014460216 0.000110000 0.002000000
v -0.012423352 0.000110000 0.002000000
v -0.010373184 0.000110000 0.002000000
v -0.008311908 0.000110000 0.002000000
v -0.006241731 0.000110000 0.002000000
v -0.004164871 0.000110000 0.002000000
v -0.002083551 0.000110000 0.002000000
v 0.000000000 0.000110000 0.002000000
v 0.002083551 0.000110000 0.002000000
v 0.004164871 0.000110000 0.002000000
v 0.006241731 0.000110000 0.002000000
v 0.008311908 0.000110000 0.002000000
v 0.010373184 0.000110000 0.002000000
v 0.012423352 0.000110000 0.002000000
v 0.014460216 0.000110000 0.002000000
v 0.016481597 0.000110000 0.002000000
v 0.018485328 0.000110000 0.002000000
v 0.020469265 0.000110000 0.002000000
v 0.022431283 0.000110000 0.002000000
v 0.024369281 0.000110000 0.002000000
v 0.026281184 0.000110000 0.002000000
v 0.028164944 0.000110000 0.002000000
v 0.030018544 0.000110000 0.002000000
v 0.031840000 0.000110000 0.002000000
v 0.033627361 0.000110000 0.002000000
v 0.035378712 0.000110000 0.002000000
v 0.037092180 0.000110000 0.002000000
v 0.038765928 0.000110000 0.002000000
v 0.040398164 0.000110000 0.002000000
v 0.041987142 0.000110000 0.002000000
v 0.043531158 0.000110000 0.002000000
v 0.045028560 0.000110000 0.002000000
v 0.046477744 0.000110000 0.002000000
v 0.047877159 0.000110000 0.002000000
v 0.049225306 0.000110000 0.002000000
v 0.050520741 0.000110000 0.002000000
v 0.051762077 0.000110000 0.002000000
v 0.052947985 0.000110000 0.002000000
v 0.054077195 0.000110000 0.002000000
v 0.055148498 0.000110000 0.002000000
v 0.056160746 0.000110000 0.002000000
v 0.057112856 0.000110000 0.002000000
v 0.058003808 0.000110000 0.002000000
v 0.058832649 0.000110000 0.002000000
v 0.059598489 0.000110000 0.002000000
v 0.060300511 0.000110000 0.002000000
v 0.060937961 0.000110000 0.002000000
v 0.061510157 0.000110000 0.002000000
v 0.062016486 0.000110000 0.002000000
v 0.062456407 0.000110000 0.002000000
v 0.062829447 0.000110000 0.002000000
v 0.063135209 0.000110000 0.002000000
v 0.063373363 0.000110000 0.002000000
v 0.063543656 0.000110000 0.002000000
v 0.063645905 0.000110000 0.002000000
v 0.063680000 0.000110000 0.002000000
v 0.065471000 0.000808250 0.002000000
v 0.066167500 0.001506500 0.002000000
v 0.066864000 0.002204750 0.002000000
v 0.067129333 0.002969500 0.002000000
v 0.067394667 0.003734250 0.002000000
v 0.067660000 0.004499000 0.002000000
v 0.067660000 0.005484202 0.002000000
v 0.067660000 0.006469404 0.002000000
v 0.067660000 0.007454606 0.002000000
v 0.067660000 0.008439808 0.002000000
v 0.067660000 0.009425010 0.002000000
v 0.067660000 0.010410212 0.002000000
v 0.067660000 0.011395414 0.002000000
v 0.067660000 0.012380616 0.002000000
v 0.067660000 0.013365818 0.002000000
v 0.067660000 0.014351021 0.002000000
v 0.067660000 0.015336223 0.002000000
v 0.067660000 0.016321425 0.002000000
v 0.067660000 0.017306627 0.002000000
v 0.067660000 0.018291829 0.002000000
v 0.067660000 0.019277031 0.002000000
v 0.067660000 0.020262233 0.002000000
v 0.067660000 0.021247435 0.002000000
v 0.067660000 0.022232637 0.002000000
v 0.067660000 0.023217839 0.002000000
v 0.067660000 0.024203041 0.002000000
v 0.067660000 0.025188243 0.002000000
v 0.067660000 0.026173445 0.002000000
v 0.067660000 0.027158647 0.002000000
v 0.067660000 0.028143849 0.002000000
v 0.067660000 0.029129051 0.002000000
v 0.067660000 0.030114253 0.002000000
v 0.067660000 0.031099455 0.002000000
v 0.067660000 0.032084658 0.002000000
v 0.067660000 0.033069860 0.002000000
v 0.067660000 0.034055062 0.002000000
v 0.067660000 0.035040264 0.002000000
v 0.067660000 0.036025466 0.002000000
v 0.067660000 0.037010668 0.002000000
v 0.067660000 0.037995870 0.002000000
v 0.067660000 0.038981072 0.002000000
v 0.067660000 0.039966274 0.002000000
v 0.067660000 0.040951476 0.002000000
v 0.067660000 0.041936678 0.002000000
v 0.067660000 0.042921880 0.002000000
v 0.067660000 0.043907082 0.002000000
v 0.067660000 0.044892284 0.002000000
v 0.067660000 0.045877486 0.002000000
v 0.067660000 0.046862688 0.002000000
v 0.067660000 0.047847890 0.002000000
v 0.067660000 0.048833092 0.002000000
v 0.067660000 0.049818295 0.002000000
v 0.067660000 0.050803497 0.002000000
v 0.067660000 0.051788699 0.002000000
v 0.067660000 0.052773901 0.002000000
v 0.067660000 0.053759103 0.002000000
v 0.067660000 0.054744305 0.002000000
v 0.067660000 0.055729507 0.002000000
v 0.067660000 0.056714709 0.002000000
v 0.067660000 0.057699911 0.002000000
v 0.067660000 0.058685113 0.002000000
v 0.067660000 0.059670315 0.002000000
v 0.067660000 0.060655517 0.002000000
v 0.067660000 0.061640719 0.002000000
v 0.067660000 0.062625921 0.002000000
v 0.067660000 0.063611123 0.002000000
v 0.067660000 0.064596325 0.002000000
v 0.067660000 0.065581527 0.002000000
v 0.067660000 0.066566729 0.002000000
v 0.067660000 0.067551932 0.002000000
v 0.067660000 0.068537134 0.002000000
v 0.067660000 0.069522336 0.002000000
v 0.067660000 0.070507538 0.002000000
v 0.067660000 0.071492740 0.002000000
v 0.067660000 0.072477942 0.002000000
v 0.067660000 0.073463144 0.002000000
v 0.067660000 0.074448346 0.002000000
v 0.067660000 0.075433548 0.002000000
v 0.067660000 0.076418750 0.002000000
v 0.067461000 0.077349750 0.002000000
v 0.067262000 0.078280750 0.002000000
v 0.067063000 0.079211750 0.002000000
v 0.065869000 0.080059625 0.002000000
v 0.064675000 0.080907500 0.002000000
v 0.063680000 0.081406250 0.002000000
v 0.043780000 0.081406250 0.002000000
v 0.042586000 0.082204250 0.002000000
v 0.042237750 0.082902500 0.002000000
v 0.041889500 0.083600750 0.002000000
v 0.041657333 0.084365500 0.002000000
v 0.041425167 0.085130250 0.002000000
v 0.041193000 0.085895000 0.002000000
v 0.040695500 0.086543375 0.002000000
v 0.040198000 0.087191750 0.002000000
v 0.039203000 0.087890000 0.002000000
v 0.039182010 0.087890000 0.002000000
v 0.039119063 0.087890000 0.002000000
v 0.039014227 0.087890000 0.002000000
v 0.038867613 0.087890000 0.002000000
v 0.038679379 0.087890000 0.002000000
v 0.038449725 0.087890000 0.002000000
v 0.038178899 0.087890000 0.002000000
v 0.037867190 0.087890000 0.002000000
v 0.037514932 0.087890000 0.002000000
v 0.037122502 0.087890000 0.002000000
v 0.036690320 0.087890000 0.002000000
v 0.036218849 0.087890000 0.002000000
v 0.035708595 0.087890000 0.002000000
v 0.035160102 0.087890000 0.002000000
v 0.034573959 0.087890000 0.002000000
v 0.033950794 0.087890000 0.002000000
v 0.033291273 0.087890000 0.002000000
v 0.032596103 0.087890000 0.002000000
v 0.031866029 0.087890000 0.002000000
v 0.031101831 0.087890000 0.002000000
v 0.030304329 0.087890000 0.002000000
v 0.029474376 0.087890000 0.002000000
v 0.028612861 0.087890000 0.002000000
v 0.027720707 0.087890000 0.002000000
v 0.026798869 0.087890000 0.002000000
v 0.025848334 0.087890000 0.002000000
v 0.024870120 0.087890000 0.002000000
v 0.023865274 0.087890000 0.002000000
v 0.022834873 0.087890000 0.002000000
v 0.021780020 0.087890000 0.002000000
v 0.020701844 0.087890000 0.002000000
v 0.019601500 0.087890000 0.002000000
v 0.018480166 0.087890000 0.002000000
v 0.017339044 0.087890000 0.002000000
v 0.016179354 0.087890000 0.002000000
v 0.015002339 0.087890000 0.002000000
v 0.013809259 0.087890000 0.002000000
v 0.012601391 0.087890000 0.002000000
v 0.011380030 0.087890000 0.002000000
v 0.010146483 0.087890000 0.002000000
v 0.008902071 0.087890000 0.002000000
v 0.007648126 0.087890000 0.002000000
v 0.006385991 0.087890000 0.002000000
v 0.005117018 0.087890000 0.002000000
v 0.003842566 0.087890000 0.002000000
v 0.002563999 0.087890000 0.002000000
v 0.001282686 0.087890000 0.002000000
v 0.000000000 0.087890000 0.002000000
v -0.001282686 0.087890000 0.002000000
v -0.002563999 0.087890000 0.002000000
v -0.003842566 0.087890000 0.002000000
v -0.005117018 0.087890000 0.002000000
v -0.006385991 0.087890000 0.002000000
v -0.007648126 0.087890000 0.002000000
v -0.008902071 0.087890000 0.002000000
v -0.010146483 0.087890000 0.002000000
v -0.011380030 0.087890000 0.002000000
v -0.012601391 0.087890000 0.002000000
v -0.013809259 0.087890000 0.002000000
v -0.015002339 0.087890000 0.002000000
v -0.016179354 0.087890000 0.002000000
v -0.017339044 0.087890000 0.002000000
v -0.018480166 0.087890000 0.002000000
v -0.019601500 0.087890000 0.002000000
v -0.020701844 0.087890000 0.002000000
v -0.021780020 0.087890000 0.002000000
v -0.022834873 0.087890000 0.002000000
v -0.023865274 0.087890000 0.002000000
v -0.024870120 0.087890000 0.002000000
v -0.025848334 0.087890000 0.002000000
v -0.026798869 0.087890000 0.002000000
v -0.027720707 0.087890000 0.002000000
v -0.028612861 0.087890000 0.002000000
v -0.029474376 0.087890000 0.002000000
v -0.030304329 0.087890000 0.002000000
v -0.031101831 0.087890000 0.002000000
v -0.031866029 0.087890000 0.002000000
v -0.032596103 0.087890000 0.002000000
v -0.033291273 0.087890000 0.002000000
v -0.033950794 0.087890000 0.002000000
v -0.034573959 0.087890000 0.002000000
v -0.035160102 0.087890000 0.002000000
v -0.035708595 0.087890000 0.002000000
v -0.036218849 0.087890000 0.002000000
v -0.036690320 0.087890000 0.002000000
v -0.037122502 0.087890000 0.002000000
v -0.037514932 0.087890000 0.002000000
v -0.037867190 0.087890000 0.002000000
v -0.038178899 0.087890000 0.002000000
v -0.038449725 0.087890000 0.002000000
v -0.038679379 0.087890000 0.002000000
v -0.038867613 0.087890000 0.002000000
v -0.039014227 0.087890000 0.002000000
v -0.039119063 0.087890000 0.002000000
v -0.039182010 0.087890000 0.002000000
v -0.039203000 0.087890000 0.002000000
v -0.040198000 0.087191750 0.002000000
v -0.040695500 0.086543375 0.002000000
v -0.041193000 0.085895000 0.002000000
v -0.041425167 0.085130250 0.002000000
v -0.041657333 0.084365500 0.002000000
v -0.041889500 0.083600750 0.002000000
v -0.042237750 0.082902500 0.002000000
v -0.042586000 0.082204250 0.002000000
v -0.043780000 0.081406250 0.002000000
v -0.063680000 0.081406250 0.002000000
v -0.064675000 0.080907500 0.002000000
v -0.065869000 0.080059625 0.002000000
v -0.067063000 0.079211750 0.002000000
v -0.067262000 0.078280750 0.002000000
v -0.067461000 0.077349750 0.002000000
v -0.067660000 0.076418750 0.002000000
v -0.067660000 0.075433548 0.002000000
v -0.067660000 0.074448346 0.002000000
v -0.067660000 0.073463144 0.002000000
v -0.067660000 0.072477942 0.002000000
v -0.067660000 0.071492740 0.002000000
v -0.067660000 0.070507538 0.002000000
v -0.067660000 0.069522336 0.002000000
v -0.067660000 0.068537134 0.002000000
v -0.067660000 0.067551932 0.002000000
v -0.067660000 0.066566729 0.002000000
v -0.067660000 0.065581527 0.002000000
v -0.067660000 0.064596325 0.002000000
v -0.067660000 0.063611123 0.002000000
v -0.067660000 0.062625921 0.002000000
v -0.067660000 0.061640719 0.002000000
v -0.067660000 0.060655517 0.002000000
v -0.067660000 0.059670315 0.002000000
v -0.067660000 0.058685113 0.002000000
v -0.067660000 0.057699911 0.002000000
v -0.067660000 0.056714709 0.002000000
v -0.067660000 0.055729507 0.002000000
v -0.067660000 0.054744305 0.002000000
v -0.067660000 0.053759103 0.002000000
v -0.067660000 0.052773901 0.002000000
v -0.067660000 0.051788699 0.002000000
v -0.067660000 0.050803497 0.002000000
v -0.067660000 0.049818295 0.002000000
v -0.067660000 0.048833092 0.002000000
v -0.067660000 0.047847890 0.002000000
v -0.067660000 0.046862688 0.002000000
v -0.067660000 0.045877486 0.002000000
v -0.067660000 0.044892284 0.002000000
v -0.067660000 0.043907082 0.002000000
v -0.067660000 0.042921880 0.002000000
v -0.067660000 0.041936678 0.002000000
v -0.067660000 0.040951476 0.002000000
v -0.067660000 0.039966274 0.002000000
v -0.067660000 0.038981072 0.002000000
v -0.067660000 0.037995870 0.002000000
v -0.067660000 0.037010668 0.002000000
v -0.067660000 0.036025466 0.002000000
v -0.067660000 0.035040264 0.002000000
v -0.067660000 0.034055062 0.002000000
v -0.067660000 0.033069860 0.002000000
v -0.067660000 0.032084658 0.002000000
v -0.067660000 0.031099455 0.002000000
v -0.067660000 0.030114253 0.002000000
v -0.067660000 0.029129051 0.002000000
v -0.067660000 0.028143849 0.002000000
v -0.067660000 0.027158647 0.002000000
v -0.067660000 0.026173445 0.002000000
v -0.067660000 0.025188243 0.002000000
v -0.067660000 0.024203041 0.002000000
v -0.067660000 0.023217839 0.002000000
v -0.067660000 0.022232637 0.002000000
v -0.067660000 0.021247435 0.002000000
v -0.067660000 0.020262233 0.002000000
v -0.067660000 0.019277031 0.002000000
v -0.067660000 0.018291829 0.002000000
v -0.067660000 0.017306627 0.002000000
v -0.067660000 0.016321425 0.002000000
v -0.067660000 0.015336223 0.002000000
v -0.067660000 0.014351021 0.002000000
v -0.067660000 0.013365818 0.002000000
v -0.067660000 0.012380616 0.002000000
v -0.067660000 0.011395414 0.002000000
v -0.067660000 0.010410212 0.002000000
v -0.067660000 0.009425010 0.002000000
v -0.067660000 0.008439808 0.002000000
v -0.067660000 0.007454606 0.002000000
v -0.067660000 0.006469404 0.002000000
v -0.067660000 0.005484202 0.002000000
v -0.067660000 0.004499000 0.002000000
v -0.067394667 0.003734250 0.002000000
v -0.067129333 0.002969500 0.002000000
v -0.066864000 0.002204750 0.002000000
v -0.066167500 0.001506500 0.002000000
v -0.065471000 0.000808250 0.002000000
v -0.063840000 0.000055000 0.000550000
v -0.063805819 0.000055000 0.000550000
v -0.063703314 0.000055000 0.000550000
v -0.063532593 0.000055000 0.000550000
v -0.063293840 0.000055000 0.000550000
v -0.062987310 0.000055000 0.000550000
v -0.062613332 0.000055000 0.000550000
v -0.062172306 0.000055000 0.000550000
v -0.061664705 0.000055000 0.000550000
v -0.061091071 0.000055000 0.000550000
v -0.060452019 0.000055000 0.000550000
v -0.059748234 0.000055000 0.000550000
v -0.058980469 0.000055000 0.000550000
v -0.058149547 0.000055000 0.000550000
v -0.057256356 0.000055000 0.000550000
v -0.056301854 0.000055000 0.000550000
v -0.055287062 0.000055000 0.000550000
v -0.054213067 0.000055000 0.000550000
v -0.053081020 0.000055000 0.000550000
v -0.051892132 0.000055000 0.000550000
v -0.050647677 0.000055000 0.000550000
v -0.049348987 0.000055000 0.000550000
v -0.047997453 0.000055000 0.000550000
v -0.046594522 0.000055000 0.000550000
v -0.045141697 0.000055000 0.000550000
v -0.043640533 0.000055000 0.000550000
v -0.042092637 0.000055000 0.000550000
v -0.040499667 0.000055000 0.000550000
v -0.038863330 0.000055000 0.000550000
v -0.037185376 0.000055000 0.000550000
v -0.035467604 0.000055000 0.000550000
v -0.033711852 0.000055000 0.000550000
v -0.031920000 0.000055000 0.000550000
v -0.030093968 0.000055000 0.000550000
v -0.028235710 0.000055000 0.000550000
v -0.026347217 0.000055000 0.000550000
v -0.024430510 0.000055000 0.000550000
v -0.022487643 0.000055000 0.000550000
v -0.020520695 0.000055000 0.000550000
v -0.018531774 0.000055000 0.000550000
v -0.016523008 0.000055000 0.000550000
v -0.014496549 0.000055000 0.000550000
v -0.012454566 0.000055000 0.000550000
v -0.010399247 0.000055000 0.000550000
v -0.008332792 0.000055000 0.000550000
v -0.006257414 0.000055000 0.000550000
v -0.004175336 0.000055000 0.000550000
v -0.002088786 0.000055000 0.000550000
v 0.000000000 0.000055000 0.000550000
v 0.002088786 0.000055000 0.000550000
v 0.004175336 0.000055000 0.000550000
v 0.006257414 0.000055000 0.000550000
v 0.008332792 0.000055000 0.000550000
v 0.010399247 0.000055000 0.000550000
v 0.012454566 0.000055000 0.000550000
v 0.014496549 0.000055000 0.000550000
v 0.016523008 0.000055000 0.000550000
v 0.018531774 0.000055000 0.000550000
v 0.020520695 0.000055000 0.000550000
v 0.022487643 0.000055000 0.000550000
v 0.024430510 0.000055000 0.000550000
v 0.026347217 0.000055000 0.000550000
v 0.028235710 0.000055000 0.000550000
v 0.030093968 0.000055000 0.000550000
v 0.031920000 0.000055000 0.000550000
v 0.033711852 0.000055000 0.000550000
v 0.035467604 0.000055000 0.000550000
v 0.037185376 0.000055000 0.000550000
v 0.038863330 0.000055000 0.000550000
v 0.040499667 0.000055000 0.000550000
v 0.042092637 0.000055000 0.000550000
v 0.043640533 0.000055000 0.000550000
v 0.045141697 0.000055000 0.000550000
v 0.046594522 0.000055000 0.000550000
v 0.047997453 0.000055000 0.000550000
v 0.049348987 0.000055000 0.000550000
v 0.050647677 0.000055000 0.000550000
v 0.051892132 0.000055000 0.000550000
v 0.053081020 0.000055000 0.000550000
v 0.054213067 0.000055000 0.000550000
v 0.055287062 0.000055000 0.000550000
v 0.056301854 0.000055000 0.000550000
v 0.057256356 0.000055000 0.000550000
v 0.058149547 0.000055000 0.000550000
v 0.058980469 0.000055000 0.000550000
v 0.059748234 0.000055000 0.000550000
v 0.060452019 0.000055000 0.000550000
v 0.061091071 0.000055000 0.000550000
v 0.061664705 0.000055000 0.000550000
v 0.062172306 0.000055000 0.000550000
v 0.062613332 0.000055000 0.000550000
v 0.062987310 0.000055000 0.000550000
v 0.063293840 0.000055000 0.000550000
v 0.063532593 0.000055000 0.000550000
v 0.063703314 0.000055000 0.000550000
v 0.063805819 0.000055000 0.000550000
v 0.063840000 0.000055000 0.000550000
v 0.065635500 0.000754125 0.000550000
v 0.066333750 0.001453250 0.000550000
v 0.067032000 0.002152375 0.000550000
v 0.067298000 0.002918083 0.000550000
v 0.067564000 0.003683792 0.000550000
v 0.067830000 0.004449500 0.000550000
v 0.067830000 0.005435937 0.000550000
v 0.067830000 0.006422373 0.000550000
v 0.067830000 0.007408810 0.000550000
v 0.067830000 0.008395247 0.000550000
v 0.067830000 0.009381683 0.000550000
v 0.067830000 0.010368120 0.000550000
v 0.067830000 0.011354557 0.000550000
v 0.067830000 0.012340993 0.000550000
v 0.067830000 0.013327430 0.000550000
v 0.067830000 0.014313866 0.000550000
v 0.067830000 0.015300303 0.000550000
v 0.067830000 0.016286740 0.000550000
v 0.067830000 0.017273176 0.000550000
v 0.067830000 0.018259613 0.000550000
v 0.067830000 0.019246050 0.000550000
v 0.067830000 0.020232486 0.000550000
v 0.067830000 0.021218923 0.000550000
v 0.067830000 0.022205360 0.000550000
v 0.067830000 0.023191796 0.000550000
v 0.067830000 0.024178233 0.000550000
v 0.067830000 0.025164670 0.000550000
v 0.067830000 0.026151106 0.000550000
v 0.067830000 0.027137543 0.000550000
v 0.067830000 0.028123979 0.000550000
v 0.067830000 0.029110416 0.000550000
v 0.067830000 0.030096853 0.000550000
v 0.067830000 0.031083289 0.000550000
v 0.067830000 0.032069726 0.000550000
v 0.067830000 0.033056163 0.000550000
v 0.067830000 0.034042599 0.000550000
v 0.067830000 0.035029036 0.000550000
v 0.067830000 0.036015473 0.000550000
v 0.067830000 0.037001909 0.000550000
v 0.067830000 0.037988346 0.000550000
v 0.067830000 0.038974783 0.000550000
v 0.067830000 0.039961219 0.000550000
v 0.067830000 0.040947656 0.000550000
v 0.067830000 0.041934092 0.000550000
v 0.067830000 0.042920529 0.000550000
v 0.067830000 0.043906966 0.000550000
v 0.067830000 0.044893402 0.000550000
v 0.067830000 0.045879839 0.000550000
v 0.067830000 0.046866276 0.000550000
v 0.067830000 0.047852712 0.000550000
v 0.067830000 0.048839149 0.000550000
v 0.067830000 0.049825586 0.000550000
v 0.067830000 0.050812022 0.000550000
v 0.067830000 0.051798459 0.000550000
v 0.067830000 0.052784896 0.000550000
v 0.067830000 0.053771332 0.000550000
v 0.067830000 0.054757769 0.000550000
v 0.067830000 0.055744205 0.000550000
v 0.067830000 0.056730642 0.000550000
v 0.067830000 0.057717079 0.000550000
v 0.067830000 0.058703515 0.000550000
v 0.067830000 0.059689952 0.000550000
v 0.067830000 0.060676389 0.000550000
v 0.067830000 0.061662825 0.000550000
v 0.067830000 0.062649262 0.000550000
v 0.067830000 0.063635699 0.000550000
v 0.067830000 0.064622135 0.000550000
v 0.067830000 0.065608572 0.000550000
v 0.067830000 0.066595009 0.000550000
v 0.067830000 0.067581445 0.000550000
v 0.067830000 0.068567882 0.000550000
v 0.067830000 0.069554318 0.000550000
v 0.067830000 0.070540755 0.000550000
v 0.067830000 0.071527192 0.000550000
v 0.067830000 0.072513628 0.000550000
v 0.067830000 0.073500065 0.000550000
v 0.067830000 0.074486502 0.000550000
v 0.067830000 0.075472938 0.000550000
v 0.067830000 0.076459375 0.000550000
v 0.067630500 0.077391542 0.000550000
v 0.067431000 0.078323708 0.000550000
v 0.067231500 0.079255875 0.000550000
v 0.066034500 0.080104813 0.000550000
v 0.064837500 0.080953750 0.000550000
v 0.063840000 0.081453125 0.000550000
v 0.043890000 0.081453125 0.000550000
v 0.042693000 0.082252125 0.000550000
v 0.042343875 0.082951250 0.000550000
v 0.041994750 0.083650375 0.000550000
v 0.041762000 0.084416083 0.000550000
v 0.041529250 0.085181792 0.000550000
v 0.041296500 0.085947500 0.000550000
v 0.040797750 0.086596688 0.000550000
v 0.040299000 0.087245875 0.000550000
v 0.039301500 0.087945000 0.000550000
v 0.039280457 0.087945000 0.000550000
v 0.039217352 0.087945000 0.000550000
v 0.039112253 0.087945000 0.000550000
v 0.038965270 0.087945000 0.000550000
v 0.038776563 0.087945000 0.000550000
v 0.038546333 0.087945000 0.000550000
v 0.038274826 0.087945000 0.000550000
v 0.037962334 0.087945000 0.000550000
v 0.037609191 0.087945000 0.000550000
v 0.037215774 0.087945000 0.000550000
v 0.036782507 0.087945000 0.000550000
v 0.036309851 0.087945000 0.000550000
v 0.035798315 0.087945000 0.000550000
v 0.035248444 0.087945000 0.000550000
v 0.034660829 0.087945000 0.000550000
v 0.034036097 0.087945000 0.000550000
v 0.033374920 0.087945000 0.000550000
v 0.032678003 0.087945000 0.000550000
v 0.031946094 0.087945000 0.000550000
v 0.031179976 0.087945000 0.000550000
v 0.030380470 0.087945000 0.000550000
v 0.029548432 0.087945000 0.000550000
v 0.028684753 0.087945000 0.000550000
v 0.027790357 0.087945000 0.000550000
v 0.026866203 0.087945000 0.000550000
v 0.025913280 0.087945000 0.000550000
v 0.024932608 0.087945000 0.000550000
v 0.023925237 0.087945000 0.000550000
v 0.022892247 0.087945000 0.000550000
v 0.021834744 0.087945000 0.000550000
v 0.020753859 0.087945000 0.000550000
v 0.019650750 0.087945000 0.000550000
v 0.018526599 0.087945000 0.000550000
v 0.017382609 0.087945000 0.000550000
v 0.016220005 0.087945000 0.000550000
v 0.015040033 0.087945000 0.000550000
v 0.013843955 0.087945000 0.000550000
v 0.012633053 0.087945000 0.000550000
v 0.011408623 0.087945000 0.000550000
v 0.010171977 0.087945000 0.000550000
v 0.008924438 0.087945000 0.000550000
v 0.007667342 0.087945000 0.000550000
v 0.006402036 0.087945000 0.000550000
v 0.005129875 0.087945000 0.000550000
v 0.003852221 0.087945000 0.000550000
v 0.002570441 0.087945000 0.000550000
v 0.001285909 0.087945000 0.000550000
v 0.000000000 0.087945000 0.000550000
v -0.001285909 0.087945000 0.000550000
v -0.002570441 0.087945000 0.000550000
v -0.003852221 0.087945000 0.000550000
v -0.005129875 0.087945000 0.000550000
v -0.006402036 0.087945000 0.000550000
v -0.007667342 0.087945000 0.000550000
v -0.008924438 0.087945000 0.000550000
v -0.010171977 0.087945000 0.000550000
v -0.011408623 0.087945000 0.000550000
v -0.012633053 0.087945000 0.000550000
v -0.013843955 0.087945000 0.000550000
v -0.015040033 0.087945000 0.000550000
v -0.016220005 0.087945000 0.000550000
v -0.017382609 0.087945000 0.000550000
v -0.018526599 0.087945000 0.000550000
v -0.019650750 0.087945000 0.000550000
v -0.020753859 0.087945000 0.000550000
v -0.021834744 0.087945000 0.000550000
v -0.022892247 0.087945000 0.000550000
v -0.023925237 0.087945000 0.000550000
v -0.024932608 0.087945000 0.000550000
v -0.025913280 0.087945000 0.000550000
v -0.026866203 0.087945000 0.000550000
v -0.027790357 0.087945000 0.000550000
v -0.028684753 0.087945000 0.000550000
v -0.029548432 0.087945000 0.000550000
v -0.030380470 0.087945000 0.000550000
v -0.031179976 0.087945000 0.000550000
v -0.031946094 0.087945000 0.000550000
v -0.032678003 0.087945000 0.000550000
v -0.033374920 0.087945000 0.000550000
v -0.034036097 0.087945000 0.000550000
v -0.034660829 0.087945000 0.000550000
v -0.035248444 0.087945000 0.000550000
v -0.035798315 0.087945000 0.000550000
v -0.036309851 0.087945000 0.000550000
v -0.036782507 0.087945000 0.000550000
v -0.037215774 0.087945000 0.000550000
v -0.037609191 0.087945000 0.000550000
v -0.037962334 0.087945000 0.000550000
v -0.038274826 0.087945000 0.000550000
v -0.038546333 0.087945000 0.000550000
v -0.038776563 0.087945000 0.000550000
v -0.038965270 0.087945000 0.000550000
v -0.039112253 0.087945000 0.000550000
v -0.039217352 0.087945000 0.000550000
v -0.039280457 0.087945000 0.000550000
v -0.039301500 0.087945000 0.000550000
v -0.040299000 0.087245875 0.000550000
v -0.040797750 0.086596688 0.000550000
v -0.041296500 0.085947500 0.000550000
v -0.041529250 0.085181792 0.000550000
v -0.041762000 0.084416083 0.000550000
v -0.041994750 0.083650375 0.000550000
v -0.042343875 0.082951250 0.000550000
v -0.042693000 0.082252125 0.000550000
v -0.043890000 0.081453125 0.000550000
v -0.063840000 0.081453125 0.000550000
v -0.064837500 0.080953750 0.000550000
v -0.066034500 0.080104813 0.000550000
v -0.067231500 0.079255875 0.000550000
v -0.067431000 0.078323708 0.000550000
v -0.067630500 0.077391542 0.000550000
v -0.067830000 0.076459375 0.000550000
v -0.067830000 0.075472938 0.000550000
v -0.067830000 0.074486502 0.000550000
v -0.067830000 0.073500065 0.000550000
v -0.067830000 0.072513628 0.000550000
v -0.067830000 0.071527192 0.000550000
v -0.067830000 0.070540755 0.000550000
v -0.067830000 0.069554318 0.000550000
v -0.067830000 0.068567882 0.000550000
v -0.067830000 0.067581445 0.000550000
v -0.067830000 0.066595009 0.000550000
v -0.067830000 0.065608572 0.000550000
v -0.067830000 0.064622135 0.000550000
v -0.067830000 0.063635699 0.000550000
v -0.067830000 0.062649262 0.000550000
v -0.067830000 0.061662825 0.000550000
v -0.067830000 0.060676389 0.000550000
v -0.067830000 0.059689952 0.000550000
v -0.067830000 0.058703515 0.000550000
v -0.067830000 0.057717079 0.000550000
v -0.067830000 0.056730642 0.000550000
v -0.067830000 0.055744205 0.000550000
v -0.067830000 0.054757769 0.000550000
v -0.067830000 0.053771332 0.000550000
v -0.067830000 0.052784896 0.000550000
v -0.067830000 0.051798459 0.000550000
v -0.067830000 0.050812022 0.000550000
v -0.067830000 0.049825586 0.000550000
v -0.067830000 0.048839149 0.000550000
v -0.067830000 0.047852712 0.000550000
v -0.067830000 0.046866276 0.000550000
v -0.067830000 0.045879839 0.000550000
v -0.067830000 0.044893402 0.000550000
v -0.067830000 0.043906966 0.000550000
v -0.067830000 0.042920529 0.000550000
v -0.067830000 0.041934092 0.000550000
v -0.067830000 0.040947656 0.000550000
v -0.067830000 0.039961219 0.000550000
v -0.067830000 0.038974783 0.000550000
v -0.067830000 0.037988346 0.000550000
v -0.067830000 0.037001909 0.000550000
v -0.067830000 0.036015473 0.000550000
v -0.067830000 0.035029036 0.000550000
v -0.067830000 0.034042599 0.000550000
v -0.067830000 0.033056163 0.000550000
v -0.067830000 0.032069726 0.000550000
v -0.067830000 0.031083289 0.000550000
v -0.067830000 0.030096853 0.000550000
v -0.067830000 0.029110416 0.000550000
v -0.067830000 0.028123979 0.000550000
v -0.067830000 0.027137543 0.000550000
v -0.067830000 0.026151106 0.000550000
v -0.067830000 0.025164670 0.000550000
v -0.067830000 0.024178233 0.000550000
v -0.067830000 0.023191796 0.000550000
v -0.067830000 0.022205360 0.000550000
v -0.067830000 0.021218923 0.000550000
v -0.067830000 0.020232486 0.000550000
v -0.067830000 0.019246050 0.000550000
v -0.067830000 0.018259613 0.000550000
v -0.067830000 0.017273176 0.000550000
v -0.067830000 0.016286740 0.000550000
v -0.067830000 0.015300303 0.000550000
v -0.067830000 0.014313866 0.000550000
v -0.067830000 0.013327430 0.000550000
v -0.067830000 0.012340993 0.000550000
v -0.067830000 0.011354557 0.000550000
v -0.067830000 0.010368120 0.000550000
v -0.067830000 0.009381683 0.000550000
v -0.067830000 0.008395247 0.000550000
v -0.067830000 0.007408810 0.000550000
v -0.067830000 0.006422373 0.000550000
v -0.067830000 0.005435937 0.000550000
v -0.067830000 0.004449500 0.000550000
v -0.067564000 0.003683792 0.000550000
v -0.067298000 0.002918083 0.000550000
v -0.067032000 0.002152375 0.000550000
v -0.066333750 0.001453250 0.000550000
v -0.065635500 0.000754125 0.000550000
v -0.064000000 0.000000000 0.000000000
v -0.063965734 0.000000000 0.000000000
v -0.063862971 0.000000000 0.000000000
v -0.063691823 0.000000000 0.000000000
v -0.063452471 0.000000000 0.000000000
v -0.063145173 0.000000000 0.000000000
v -0.062770258 0.000000000 0.000000000
v -0.062328127 0.000000000 0.000000000
v -0.061819253 0.000000000 0.000000000
v -0.061244181 0.000000000 0.000000000
v -0.060603528 0.000000000 0.000000000
v -0.059897979 0.000000000 0.000000000
v -0.059128290 0.000000000 0.000000000
v -0.058295285 0.000000000 0.000000000
v -0.057399855 0.000000000 0.000000000
v -0.056442961 0.000000000 0.000000000
v -0.055425626 0.000000000 0.000000000
v -0.054348940 0.000000000 0.000000000
v -0.053214055 0.000000000 0.000000000
v -0.052022188 0.000000000 0.000000000
v -0.050774614 0.000000000 0.000000000
v -0.049472669 0.000000000 0.000000000
v -0.048117748 0.000000000 0.000000000
v -0.046711301 0.000000000 0.000000000
v -0.045254834 0.000000000 0.000000000
v -0.043749907 0.000000000 0.000000000
v -0.042198132 0.000000000 0.000000000
v -0.040601170 0.000000000 0.000000000
v -0.038960731 0.000000000 0.000000000
v -0.037278573 0.000000000 0.000000000
v -0.035556495 0.000000000 0.000000000
v -0.033796342 0.000000000 0.000000000
v -0.032000000 0.000000000 0.000000000
v -0.030169391 0.000000000 0.000000000
v -0.028306476 0.000000000 0.000000000
v -0.026413250 0.000000000 0.000000000
v -0.024491740 0.000000000 0.000000000
v -0.022544003 0.000000000 0.000000000
v -0.020572126 0.000000000 0.000000000
v -0.018578219 0.000000000 0.000000000
v -0.016564419 0.000000000 0.000000000
v -0.014532881 0.000000000 0.000000000
v -0.012485781 0.000000000 0.000000000
v -0.010425310 0.000000000 0.000000000
v -0.008353676 0.000000000 0.000000000
v -0.006273097 0.000000000 0.000000000
v -0.004185800 0.000000000 0.000000000
v -0.002094021 0.000000000 0.000000000
v 0.000000000 0.000000000 0.000000000
v 0.002094021 0.000000000 0.000000000
v 0.004185800 0.000000000 0.000000000
v 0.006273097 0.000000000 0.000000000
v 0.008353676 0.000000000 0.000000000
v 0.010425310 0.000000000 0.000000000
v 0.012485781 0.000000000 0.000000000
v 0.014532881 0.000000000 0.000000000
v 0.016564419 0.000000000 0.000000000
v 0.018578219 0.000000000 0.000000000
v 0.020572126 0.000000000 0.000000000
v 0.022544003 0.000000000 0.000000000
v 0.024491740 0.000000000 0.000000000
v 0.026413250 0.000000000 0.000000000
v 0.028306476 0.000000000 0.000000000
v 0.030169391 0.000000000 0.000000000
v 0.032000000 0.000000000 0.000000000
v 0.033796342 0.000000000 0.000000000
v 0.035556495 0.000000000 0.000000000
v 0.037278573 0.000000000 0.000000000
v 0.038960731 0.000000000 0.000000000
v 0.040601170 0.000000000 0.000000000
v 0.042198132 0.000000000 0.000000000
v 0.043749907 0.000000000 0.000000000
v 0.045254834 0.000000000 0.000000000
v 0.046711301 0.000000000 0.000000000
v 0.048117748 0.000000000 0.000000000
v 0.049472669 0.000000000 0.000000000
v 0.050774614 0.000000000 0.000000000
v 0.052022188 0.000000000 0.000000000
v 0.053214055 0.000000000 0.000000000
v 0.054348940 0.000000000 0.000000000
v 0.055425626 0.000000000 0.000000000
v 0.056442961 0.000000000 0.000000000
v 0.057399855 0.000000000 0.000000000
v 0.058295285 0.000000000 0.000000000
v 0.059128290 0.000000000 0.000000000
v 0.059897979 0.000000000 0.000000000
v 0.060603528 0.000000000 0.000000000
v 0.061244181 0.000000000 0.000000000
v 0.061819253 0.000000000 0.000000000
v 0.062328127 0.000000000 0.000000000
v 0.062770258 0.000000000 0.000000000
v 0.063145173 0.000000000 0.000000000
v 0.063452471 0.000000000 0.000000000
v 0.063691823 0.000000000 0.000000000
v 0.063862971 0.000000000 0.000000000
v 0.063965734 0.000000000 0.000000000
v 0.064000000 0.000000000 0.000000000
v 0.065800000 0.000700000 0.000000000
v 0.066500000 0.001400000 0.000000000
v 0.067200000 0.002100000 0.000000000
v 0.067466667 0.002866667 0.000000000
v 0.067733333 0.003633333 0.000000000
v 0.068000000 0.004400000 0.000000000
v 0.068000000 0.005387671 0.000000000
v 0.068000000 0.006375342 0.000000000
v 0.068000000 0.007363014 0.000000000
v 0.068000000 0.008350685 0.000000000
v 0.068000000 0.009338356 0.000000000
v 0.068000000 0.010326027 0.000000000
v 0.068000000 0.011313699 0.000000000
v 0.068000000 0.012301370 0.000000000
v 0.068000000 0.013289041 0.000000000
v 0.068000000 0.014276712 0.000000000
v 0.068000000 0.015264384 0.000000000
v 0.068000000 0.016252055 0.000000000
v 0.068000000 0.017239726 0.000000000
v 0.068000000 0.018227397 0.000000000
v 0.068000000 0.019215068 0.000000000
v 0.068000000 0.020202740 0.000000000
v 0.068000000 0.021190411 0.000000000
v 0.068000000 0.022178082 0.000000000
v 0.068000000 0.023165753 0.000000000
v 0.068000000 0.024153425 0.000000000
v 0.068000000 0.025141096 0.000000000
v 0.068000000 0.026128767 0.000000000
v 0.068000000 0.027116438 0.000000000
v 0.068000000 0.028104110 0.000000000
v 0.068000000 0.029091781 0.000000000
v 0.068000000 0.030079452 0.000000000
v 0.068000000 0.031067123 0.000000000
v 0.068000000 0.032054795 0.000000000
v 0.068000000 0.033042466 0.000000000
v 0.068000000 0.034030137 0.000000000
v 0.068000000 0.035017808 0.000000000
v 0.068000000 0.036005479 0.000000000
v 0.068000000 0.036993151 0.000000000
v 0.068000000 0.037980822 0.000000000
v 0.068000000 0.038968493 0.000000000
v 0.068000000 0.039956164 0.000000000
v 0.068000000 0.040943836 0.000000000
v 0.068000000 0.041931507 0.000000000
v 0.068000000 0.042919178 0.000000000
v 0.068000000 0.043906849 0.000000000
v 0.068000000 0.044894521 0.000000000
v 0.068000000 0.045882192 0.000000000
v 0.068000000 0.046869863 0.000000000
v 0.068000000 0.047857534 0.000000000
v 0.068000000 0.048845205 0.000000000
v 0.068000000 0.049832877 0.000000000
v 0.068000000 0.050820548 0.000000000
v 0.068000000 0.051808219 0.000000000
v 0.068000000 0.052795890 0.000000000
v 0.068000000 0.053783562 0.000000000
v 0.068000000 0.054771233 0.000000000
v 0.068000000 0.055758904 0.000000000
v 0.068000000 0.056746575 0.000000000
v 0.068000000 0.057734247 0.000000000
v 0.068000000 0.058721918 0.000000000
v 0.068000000 0.059709589 0.000000000
v 0.068000000 0.060697260 0.000000000
v 0.068000000 0.061684932 0.000000000
v 0.068000000 0.062672603 0.000000000
v 0.068000000 0.063660274 0.000000000
v 0.068000000 0.064647945 0.000000000
v 0.068000000 0.065635616 0.000000000
v 0.068000000 0.066623288 0.000000000
v 0.068000000 0.067610959 0.000000000
v 0.068000000 0.068598630 0.000000000
v 0.068000000 0.069586301 0.000000000
v 0.068000000 0.070573973 0.000000000
v 0.068000000 0.071561644 0.000000000
v 0.068000000 0.072549315 0.000000000
v 0.068000000 0.073536986 0.000000000
v 0.068000000 0.074524658 0.000000000
v 0.068000000 0.075512329 0.000000000
v 0.068000000 0.076500000 0.000000000
v 0.067800000 0.077433333 0.000000000
v 0.067600000 0.078366667 0.000000000
v 0.067400000 0.079300000 0.000000000
v 0.066200000 0.080150000 0.000000000
v 0.065000000 0.081000000 0.000000000
v 0.064000000 0.081500000 0.000000000
v 0.044000000 0.081500000 0.000000000
v 0.042800000 0.082300000 0.000000000
v 0.042450000 0.083000000 0.000000000
v 0.042100000 0.083700000 0.000000000
v 0.041866667 0.084466667 0.000000000
v 0.041633333 0.085233333 0.000000000
v 0.041400000 0.086000000 0.000000000
v 0.040900000 0.086650000 0.000000000
v 0.040400000 0.087300000 0.000000000
v 0.039400000 0.088000000 0.000000000
v 0.039378905 0.088000000 0.000000000
v 0.039315642 0.088000000 0.000000000
v 0.039210278 0.088000000 0.000000000
v 0.039062928 0.088000000 0.000000000
v 0.038873747 0.088000000 0.000000000
v 0.038642940 0.088000000 0.000000000
v 0.038370753 0.088000000 0.000000000
v 0.038057478 0.088000000 0.000000000
v 0.037703449 0.088000000 0.000000000
v 0.037309047 0.088000000 0.000000000
v 0.036874694 0.088000000 0.000000000
v 0.036400854 0.088000000 0.000000000
v 0.035888035 0.088000000 0.000000000
v 0.035336786 0.088000000 0.000000000
v 0.034747698 0.088000000 0.000000000
v 0.034121401 0.088000000 0.000000000
v 0.033458566 0.088000000 0.000000000
v 0.032759903 0.088000000 0.000000000
v 0.032026159 0.088000000 0.000000000
v 0.031258122 0.088000000 0.000000000
v 0.030456612 0.088000000 0.000000000
v 0.029622488 0.088000000 0.000000000
v 0.028756644 0.088000000 0.000000000
v 0.027860007 0.088000000 0.000000000
v 0.026933537 0.088000000 0.000000000
v 0.025978225 0.088000000 0.000000000
v 0.024995095 0.088000000 0.000000000
v 0.023985200 0.088000000 0.000000000
v 0.022949621 0.088000000 0.000000000
v 0.021889467 0.088000000 0.000000000
v 0.020805873 0.088000000 0.000000000
v 0.019700000 0.088000000 0.000000000
v 0.018573031 0.088000000 0.000000000
v 0.017426174 0.088000000 0.000000000
v 0.016260657 0.088000000 0.000000000
v 0.015077727 0.088000000 0.000000000
v 0.013878652 0.088000000 0.000000000
v 0.012664715 0.088000000 0.000000000
v 0.011437216 0.088000000 0.000000000
v 0.010197470 0.088000000 0.000000000
v 0.008946805 0.088000000 0.000000000
v 0.007686559 0.088000000 0.000000000
v 0.006418082 0.088000000 0.000000000
v 0.005142732 0.088000000 0.000000000
v 0.003861875 0.088000000 0.000000000
v 0.002576883 0.088000000 0.000000000
v 0.001289132 0.088000000 0.000000000
v 0.000000000 0.088000000 0.000000000
v -0.001289132 0.088000000 0.000000000
v -0.002576883 0.088000000 0.000000000
v -0.003861875 0.088000000 0.000000000
v -0.005142732 0.088000000 0.000000000
v -0.006418082 0.088000000 0.000000000
v -0.007686559 0.088000000 0.000000000
v -0.008946805 0.088000000 0.000000000
v -0.010197470 0.088000000 0.000000000
v -0.011437216 0.088000000 0.000000000
v -0.012664715 0.088000000 0.000000000
v -0.013878652 0.088000000 0.000000000
v -0.015077727 0.088000000 0.000000000
v -0.016260657 0.088000000 0.000000000
v -0.017426174 0.088000000 0.000000000
v -0.018573031 0.088000000 0.000000000
v -0.019700000 0.088000000 0.000000000
v -0.020805873 0.088000000 0.000000000
v -0.021889467 0.088000000 0.000000000
v -0.022949621 0.088000000 0.000000000
v -0.023985200 0.088000000 0.000000000
v -0.024995095 0.088000000 0.000000000
v -0.025978225 0.088000000 0.000000000
v -0.026933537 0.088000000 0.000000000
v -0.027860007 0.088000000 0.000000000
v -0.028756644 0.088000000 0.000000000
v -0.029622488 0.088000000 0.000000000
v -0.030456612 0.088000000 0.000000000
v -0.031258122 0.088000000 0.000000000
v -0.032026159 0.088000000 0.000000000
v -0.032759903 0.088000000 0.000000000
v -0.033458566 0.088000000 0.000000000
v -0.034121401 0.088000000 0.000000000
v -0.034747698 0.088000000 0.000000000
v -0.035336786 0.088000000 0.000000000
v -0.035888035 0.088000000 0.000000000
v -0.036400854 0.088000000 0.000000000
v -0.036874694 0.088000000 0.000000000
v -0.037309047 0.088000000 0.000000000
v -0.037703449 0.088000000 0.000000000
v -0.038057478 0.088000000 0.000000000
v -0.038370753 0.088000000 0.000000000
v -0.038642940 0.088000000 0.000000000
v -0.038873747 0.088000000 0.000000000
v -0.039062928 0.088000000 0.000000000
v -0.039210278 0.088000000 0.000000000
v -0.039315642 0.088000000 0.000000000
v -0.039378905 0.088000000 0.000000000
v -0.039400000 0.088000000 0.000000000
v -0.040400000 0.087300000 0.000000000
v -0.040900000 0.086650000 0.000000000
v -0.041400000 0.086000000 0.000000000
v -0.041633333 0.085233333 0.000000000
v -0.041866667 0.084466667 0.000000000
v -0.042100000 0.083700000 0.000000000
v -0.042450000 0.083000000 0.000000000
v -0.042800000 0.082300000 0.000000000
v -0.044000000 0.081500000 0.000000000
v -0.064000000 0.081500000 0.000000000
v -0.065000000 0.081000000 0.000000000
v -0.066200000 0.080150000 0.000000000
v -0.067400000 0.079300000 0.000000000
v -0.067600000 0.078366667 0.000000000
v -0.067800000 0.077433333 0.000000000
v -0.068000000 0.076500000 0.000000000
v -0.068000000 0.075512329 0.000000000
v -0.068000000 0.074524658 0.000000000
v -0.068000000 0.073536986 0.000000000
v -0.068000000 0.072549315 0.000000000
v -0.068000000 0.071561644 0.000000000
v -0.068000000 0.070573973 0.000000000
v -0.068000000 0.069586301 0.000000000
v -0.068000000 0.068598630 0.000000000
v -0.068000000 0.067610959 0.000000000
v -0.068000000 0.066623288 0.000000000
v -0.068000000 0.065635616 0.000000000
v -0.068000000 0.064647945 0.000000000
v -0.068000000 0.063660274 0.000000000
v -0.068000000 0.062672603 0.000000000
v -0.068000000 0.061684932 0.000000000
v -0.068000000 0.060697260 0.000000000
v -0.068000000 0.059709589 0.000000000
v -0.068000000 0.058721918 0.000000000
v -0.068000000 0.057734247 0.000000000
v -0.068000000 0.056746575 0.000000000
v -0.068000000 0.055758904 0.000000000
v -0.068000000 0.054771233 0.000000000
v -0.068000000 0.053783562 0.000000000
v -0.068000000 0.052795890 0.000000000
v -0.068000000 0.051808219 0.000000000
v -0.068000000 0.050820548 0.000000000
v -0.068000000 0.049832877 0.000000000
v -0.068000000 0.048845205 0.000000000
v -0.068000000 0.047857534 0.000000000
v -0.068000000 0.046869863 0.000000000
v -0.068000000 0.045882192 0.000000000
v -0.068000000 0.044894521 0.000000000
v -0.068000000 0.043906849 0.000000000
v -0.068000000 0.042919178 0.000000000
v -0.068000000 0.041931507 0.000000000
v -0.068000000 0.040943836 0.000000000
v -0.068000000 0.039956164 0.000000000
v -0.068000000 0.038968493 0.000000000
v -0.068000000 0.037980822 0.000000000
v -0.068000000 0.036993151 0.000000000
v -0.068000000 0.036005479 0.000000000
v -0.068000000 0.035017808 0.000000000
v -0.068000000 0.034030137 0.000000000
v -0.068000000 0.033042466 0.000000000
v -0.068000000 0.032054795 0.000000000
v -0.068000000 0.031067123 0.000000000
v -0.068000000 0.030079452 0.000000000
v -0.068000000 0.029091781 0.000000000
v -0.068000000 0.028104110 0.000000000
v -0.068000000 0.027116438 0.000000000
v -0.068000000 0.026128767 0.000000000
v -0.068000000 0.025141096 0.000000000
v -0.068000000 0.024153425 0.000000000
v -0.068000000 0.023165753 0.000000000
v -0.068000000 0.022178082 0.000000000
v -0.068000000 0.021190411 0.000000000
v -0.068000000 0.020202740 0.000000000
v -0.068000000 0.019215068 0.000000000
v -0.068000000 0.018227397 0.000000000
v -0.068000000 0.017239726 0.000000000
v -0.068000000 0.016252055 0.000000000
v -0.068000000 0.015264384 0.000000000
v -0.068000000 0.014276712 0.000000000
v -0.068000000 0.013289041 0.000000000
v -0.068000000 0.012301370 0.000000000
v -0.068000000 0.011313699 0.000000000
v -0.068000000 0.010326027 0.000000000
v -0.068000000 0.009338356 0.000000000
v -0.068000000 0.008350685 0.000000000
v -0.068000000 0.007363014 0.000000000
v -0.068000000 0.006375342 0.000000000
v -0.068000000 0.005387671 0.000000000
v -0.068000000 0.004400000 0.000000000
v -0.067733333 0.003633333 0.000000000
v -0.067466667 0.002866667 0.000000000
v -0.067200000 0.002100000 0.000000000
v -0.066500000 0.001400000 0.000000000
v -0.065800000 0.000700000 0.000000000
v 0.000000000 0.044000000 0.000000000
f 1 98 99
f 1 99 2
f 2 99 100
f 2 100 3
f 3 100 101
f 3 101 4
f 4 101 102
f 4 102 5
f 5 102 103
f 5 103 6
f 6 103 104
f 6 104 7
f 7 104 105
f 7 105 8
f 8 105 106
f 8 106 9
f 9 106 107
f 9 107 10
f 10 107 108
f 10 108 11
f 11 108 109
f 11 109 12
f 12 109 110
f 12 110 13
f 13 110 111
f 13 111 14
f 14 111 112
f 14 112 15
f 15 112 113
f 15 113 16
f 16 113 114
f 16 114 17
f 17 114 115
f 17 115 18
f 18 115 116
f 18 116 19
f 19 116 117
f 19 117 20
f 20 117 118
f 20 118 21
f 21 118 119
f 21 119 22
f 22 119 120
f 22 120 23
f 23 120 121
f 23 121 24
f 24 121 122
f 24 122 25
f 25 122 123
f 25 123 26
f 26 123 124
f 26 124 27
f 27 124 125
f 27 125 28
f 28 125 126
f 28 126 29
f 29 126 127
f 29 127 30
f 30 127 128
f 30 128 31
f 31 128 129
f 31 129 32
f 32 129 130
f 32 130 33
f 33 130 131
f 33 131 34
f 34 131 132
f 34 132 35
f 35 132 133
f 35 133 36
f 36 133 134
f 36 134 37
f 37 134 135
f 37 135 38
f 38 135 136
f 38 136 39
f 39 136 137
f 39 137 40
f 40 137 138
f 40 138 41
f 41 138 139
f 41 139 42
f 42 139 140
f 42 140 43
f 43 140 141
f 43 141 44
f 44 141 142
f 44 142 45
f 45 142 143
f 45 143 46
f 46 143 144
f 46 144 47
f 47 144 145
f 47 145 48
f 48 145 146
f 48 146 49
f 49 146 147
f 49 147 50
f 50 147 148
f 50 148 51
f 51 148 149
f 51 149 52
f 52 149 150
f 52 150 53
f 53 150 151
f 53 151 54
f 54 151 152
f 54 152 55
f 55 152 153
f 55 153 56
f 56 153 154
f 56 154 57
f 57 154 155
f 57 155 58
f 58 155 156
f 58 156 59
f 59 156 157
f 59 157 60
f 60 157 158
f 60 158 61
f 61 158 159
f 61 159 62
f 62 159 160
f 62 160 63
f 63 160 161
f 63 161 64
f 64 161 162
f 64 162 65
f 65 162 163
f 65 163 66
f 66 163 164
f 66 164 67
f 67 164 165
f 67 165 68
f 68 165 166
f 68 166 69
f 69 166 167
f 69 167 70
f 70 167 168
f 70 168 71
f 71 168 169
f 71 169 72
f 72 169 170
f 72 170 73
f 73 170 171
f 73 171 74
f 74 171 172
f 74 172 75
f 75 172 173
f 75 173 76
f 76 173 174
f 76 174 77
f 77 174 175
f 77 175 78
f 78 175 176
f 78 176 79
f 79 176 177
f 79 177 80
f 80 177 178
f 80 178 81
f 81 178 179
f 81 179 82
f 82 179 180
f 82 180 83
f 83 180 181
f 83 181 84
f 84 181 182
f 84 182 85
f 85 182 183
f 85 183 86
f 86 183 184
f 86 184 87
f 87 184 185
f 87 185 88
f 88 185 186
f 88 186 89
f 89 186 187
f 89 187 90
f 90 187 188
f 90 188 91
f 91 188 189
f 91 189 92
f 92 189 190
f 92 190 93
f 93 190 191
f 93 191 94
f 94 191 192
f 94 192 95
f 95 192 193
f 95 193 96
f 96 193 194
f 96 194 97
f 98 195 196
f 98 196 99
f 99 196 197
f 99 197 100
f 100 197 198
f 100 198 101
f 101 198 199
f 101 199 102
f 102 199 200
f 102 200 103
f 103 200 201
f 103 201 104
f 104 201 202
f 104 202 105
f 105 202 203
f 105 203 106
f 106 203 204
f 106 204 107
f 107 204 205
f 107 205 108
f 108 205 206
f 108 206 109
f 109 206 207
f 109 207 110
f 110 207 208
f 110 208 111
f 111 208 209
f 111 209 112
f 112 209 210
f 112 210 113
f 113 210 211
f 113 211 114
f 114 211 212
f 114 212 115
f 115 212 213
f 115 213 116
f 116 213 214
f 116 214 117
f 117 214 215
f 117 215 118
f 118 215 216
f 118 216 119
f 119 216 217
f 119 217 120
f 120 217 218
f 120 218 121
f 121 218 219
f 121 219 122
f 122 219 220
f 122 220 123
f 123 220 221
f 123 221 124
f 124 221 222
f 124 222 125
f 125 222 223
f 125 223 126
f 126 223 224
f 126 224 127
f 127 224 225
f 127 225 128
f 128 225 226
f 128 226 129
f 129 226 227
f 129 227 130
f 130 227 228
f 130 228 131
f 131 228 229
f 131 229 132
f 132 229 230
f 132 230 133
f 133 230 231
f 133 231 134
f 134 231 232
f 134 232 135
f 135 232 233
f 135 233 136
f 136 233 234
f 136 234 137
f 137 234 235
f 137 235 138
f 138 235 236
f 138 236 139
f 139 236 237
f 139 237 140
f 140 237 238
f 140 238 141
f 141 238 239
f 141 239 142
f 142 239 240
f 142 240 143
f 143 240 241
f 143 241 144
f 144 241 242
f 144 242 145
f 145 242 243
f 145 243 146
f 146 243 244
f 146 244 147
f 147 244 245
f 147 245 148
f 148 245 246
f 148 246 149
f 149 246 247
f 149 247 150
f 150 247 248
f 150 248 151
f 151 248 249
f 151 249 152
f 152 249 250
f 152 250 153
f 153 250 251
f 153 251 154
f 154 251 252
f 154 252 155
f 155 252 253
f 155 253 156
f 156 253 254
f 156 254 157
f 157 254 255
f 157 255 158
f 158 255 256
f 158 256 159
f 159 256 257
f 159 257 160
f 160 257 258
f 160 258 161
f 161 258 259
f 161 259 162
f 162 259 260
f 162 260 163
f 163 260 261
f 163 261 164
f 164 261 262
f 164 262 165
f 165 262 263
f 165 263 166
f 166 263 264
f 166 264 167
f 167 264 265
f 167 265 168
f 168 265 266
f 168 266 169
f 169 266 267
f 169 267 170
f 170 267 268
f 170 268 171
f 171 268 269
f 171 269 172
f 172 269 270
f 172 270 173
f 173 270 271
f 173 271 174
f 174 271 272
f 174 272 175
f 175 272 273
f 175 273 176
f 176 273 274
f 176 274 177
f 177 274 275
f 177 275 178
f 178 275 276
f 178 276 179
f 179 276 277
f 179 277 180
f 180 277 278
f 180 278 181
f 181 278 279
f 181 279 182
f 182 279 280
f 182 280 183
f 183 280 281
f 183 281 184
f 184 281 282
f 184 282 185
f 185 282 283
f 185 283 186
f 186 283 284
f 186 284 187
f 187 284 285
f 187 285 188
f 188 285 286
f 188 286 189
f 189 286 287
f 189 287 190
f 190 287 288
f 190 288 191
f 191 288 289
f 191 289 192
f 192 289 290
f 192 290 193
f 193 290 291
f 193 291 194
f 195 292 293
f 195 293 196
f 196 293 294
f 196 294 197
f 197 294 295
f 197 295 198
f 198 295 296
f 198 296 199
f 199 296 297
f 199 297 200
f 200 297 298
f 200 298 201
f 201 298 299
f 201 299 202
f 202 299 300
f 202 300 203
f 203 300 301
f 203 301 204
f 204 301 302
f 204 302 205
f 205 302 303
f 205 303 206
f 206 303 304
f 206 304 207
f 207 304 305
f 207 305 208
f 208 305 306
f 208 306 209
f 209 306 307
f 209 307 210
f 210 307 308
f 210 308 211
f 211 308 309
f 211 309 212
f 212 309 310
f 212 310 213
f 213 310 311
f 213 311 214
f 214 311 312
f 214 312 215
f 215 312 313
f 215 313 216
f 216 313 314
f 216 314 217
f 217 314 315
f 217 315 218
f 218 315 316
f 218 316 219
f 219 316 317
f 219 317 220
f 220 317 318
f 220 318 221
f 221 318 319
f 221 319 222
f 222 319 320
f 222 320 223
f 223 320 321
f 223 321 224
f 224 321 322
f 224 322 225
f 225 322 323
f 225 323 226
f 226 323 324
f 226 324 227
f 227 324 325
f 227 325 228
f 228 325 326
f 228 326 229
f 229 326 327
f 229 327 230
f 230 327 328
f 230 328 231
f 231 328 329
f 231 329 232
f 232 329 330
f 232 330 233
f 233 330 331
f 233 331 234
f 234 331 332
f 234 332 235
f 235 332 333
f 235 333 236
f 236 333 334
f 236 334 237
f 237 334 335
f 237 335 238
f 238 335 336
f 238 336 239
f 239 336 337
f 239 337 240
f 240 337 338
f 240 338 241
f 241 338 339
f 241 339 242
f 242 339 340
f 242 340 243
f 243 340 341
f 243 341 244
f 244 341 342
f 244 342 245
f 245 342 343
f 245 343 246
f 246 343 344
f 246 344 247
f 247 344 345
f 247 345 248
f 248 345 346
f 248 346 249
f 249 346 347
f 249 347 250
f 250 347 348
f 250 348 251
f 251 348 349
f 251 349 252
f 252 349 350
f 252 350 253
f 253 350 351
f 253 351 254
f 254 351 352
f 254 352 255
f 255 352 353
f 255 353 256
f 256 353 354
f 256 354 257
f 257 354 355
f 257 355 258
f 258 355 356
f 258 356 259
f 259 356 357
f 259 357 260
f 260 357 358
f 260 358 261
f 261 358 359
f 261 359 262
f 262 359 360
f 262 360 263
f 263 360 361
f 263 361 264
f 264 361 362
f 264 362 265
f 265 362 363
f 265 363 266
f 266 363 364
f 266 364 267
f 267 364 365
f 267 365 268
f 268 365 366
f 268 366 269
f 269 366 367
f 269 367 270
f 270 367 368
f 270 368 271
f 271 368 369
f 271 369 272
f 272 369 370
f 272 370 273
f 273 370 371
f 273 371 274
f 274 371 372
f 274 372 275
f 275 372 373
f 275 373 276
f 276 373 374
f 276 374 277
f 277 374 375
f 277 375 278
f 278 375 376
f 278 376 279
f 279 376 377
f 279 377 280
f 280 377 378
f 280 378 281
f 281 378 379
f 281 379 282
f 282 379 380
f 282 380 283
f 283 380 381
f 283 381 284
f 284 381 382
f 284 382 285
f 285 382 383
f 285 383 286
f 286 383 384
f 286 384 287
f 287 384 385
f 287 385 288
f 288 385 386
f 288 386 289
f 289 386 387
f 289 387 290
f 290 387 388
f 290 388 291
f 292 389 390
f 292 390 293
f 293 390 391
f 293 391 294
f 294 391 392
f 294 392 295
f 295 392 393
f 295 393 296
f 296 393 394
f 296 394 297
f 297 394 395
f 297 395 298
f 298 395 396
f 298 396 299
f 299 396 397
f 299 397 300
f 300 397 398
f 300 398 301
f 301 398 399
f 301 399 302
f 302 399 400
f 302 400 303
f 303 400 401
f 303 401 304
f 304 401 402
f 304 402 305
f 305 402 403
f 305 403 306
f 306 403 404
f 306 404 307
f 307 404 405
f 307 405 308
f 308 405 406
f 308 406 309
f 309 406 407
f 309 407 310
f 310 407 408
f 310 408 311
f 311 408 409
f 311 409 312
f 312 409 410
f 312 410 313
f 313 410 411
f 313 411 314
f 314 411 412
f 314 412 315
f 315 412 413
f 315 413 316
f 316 413 414
f 316 414 317
f 317 414 415
f 317 415 318
f 318 415 416
f 318 416 319
f 319 416 417
f 319 417 320
f 320 417 418
f 320 418 321
f 321 418 419
f 321 419 322
f 322 419 420
f 322 420 323
f 323 420 421
f 323 421 324
f 324 421 422
f 324 422 325
f 325 422 423
f 325 423 326
f 326 423 424
f 326 424 327
f 327 424 425
f 327 425 328
f 328 425 426
f 328 426 329
f 329 426 427
f 329 427 330
f 330 427 428
f 330 428 331
f 331 428 429
f 331 429 332
f 332 429 430
f 332 430 333
f 333 430 431
f 333 431 334
f 334 431 432
f 334 432 335
f 335 432 433
f 335 433 336
f 336 433 434
f 336 434 337
f 337 434 435
f 337 435 338
f 338 435 436
f 338 436 339
f 339 436 437
f 339 437 340
f 340 437 438
f 340 438 341
f 341 438 439
f 341 439 342
f 342 439 440
f 342 440 343
f 343 440 441
f 343 441 344
f 344 441 442
f 344 442 345
f 345 442 443
f 345 443 346
f 346 443 444
f 346 444 347
f 347 444 445
f 347 445 348
f 348 445 446
f 348 446 349
f 349 446 447
f 349 447 350
f 350 447 448
f 350 448 351
f 351 448 449
f 351 449 352
f 352 449 450
f 352 450 353
f 353 450 451
f 353 451 354
f 354 451 452
f 354 452 355
f 355 452 453
f 355 453 356
f 356 453 454
f 356 454 357
f 357 454 455
f 357 455 358
f 358 455 456
f 358 456 359
f 359 456 457
f 359 457 360
f 360 457 458
f 360 458 361
f 361 458 459
f 361 459 362
f 362 459 460
f 362 460 363
f 363 460 461
f 363 461 364
f 364 461 462
f 364 462 365
f 365 462 463
f 365 463 366
f 366 463 464
f 366 464 367
f 367 464 465
f 367 465 368
f 368 465 466
f 368 466 369
f 369 466 467
f 369 467 370
f 370 467 468
f 370 468 371
f 371 468 469
f 371 469 372
f 372 469 470
f 372 470 373
f 373 470 471
f 373 471 374
f 374 471 472
f 374 472 375
f 375 472 473
f 375 473 376
f 376 473 474
f 376 474 377
f 377 474 475
f 377 475 378
f 378 475 476
f 378 476 379
f 379 476 477
f 379 477 380
f 380 477 478
f 380 478 381
f 381 478 479
f 381 479 382
f 382 479 480
f 382 480 383
f 383 480 481
f 383 481 384
f 384 481 482
f 384 482 385
f 385 482 483
f 385 483 386
f 386 483 484
f 386 484 387
f 387 484 485
f 387 485 388
f 389 486 487
f 389 487 390
f 390 487 488
f 390 488 391
f 391 488 489
f 391 489 392
f 392 489 490
f 392 490 393
f 393 490 491
f 393 491 394
f 394 491 492
f 394 492 395
f 395 492 493
f 395 493 396
f 396 493 494
f 396 494 397
f 397 494 495
f 397 495 398
f 398 495 496
f 398 496 399
f 399 496 497
f 399 497 400
f 400 497 498
f 400 498 401
f 401 498 499
f 401 499 402
f 402 499 500
f 402 500 403
f 403 500 501
f 403 501 404
f 404 501 502
f 404 502 405
f 405 502 503
f 405 503 406
f 406 503 504
f 406 504 407
f 407 504 505
f 407 505 408
f 408 505 506
f 408 506 409
f 409 506 507
f 409 507 410
f 410 507 508
f 410 508 411
f 411 508 509
f 411 509 412
f 412 509 510
f 412 510 413
f 413 510 511
f 413 511 414
f 414 511 512
f 414 512 415
f 415 512 513
f 415 513 416
f 416 513 514
f 416 514 417
f 417 514 515
f 417 515 418
f 418 515 516
f 418 516 419
f 419 516 517
f 419 517 420
f 420 517 518
f 420 518 421
f 421 518 519
f 421 519 422
f 422 519 520
f 422 520 423
f 423 520 521
f 423 521 424
f 424 521 522
f 424 522 425
f 425 522 523
f 425 523 426
f 426 523 524
f 426 524 427
f 427 524 525
f 427 525 428
f 428 525 526
f 428 526 429
f 429 526 527
f 429 527 430
f 430 527 528
f 430 528 431
f 431 528 529
f 431 529 432
f 432 529 530
f 432 530 433
f 433 530 531
f 433 531 434
f 434 531 532
f 434 532 435
f 435 532 533
f 435 533 436
f 436 533 534
f 436 534 437
f 437 534 535
f 437 535 438
f 438 535 536
f 438 536 439
f 439 536 537
f 439 537 440
f 440 537 538
f 440 538 441
f 441 538 539
f 441 539 442
f 442 539 540
f 442 540 443
f 443 540 541
f 443 541 444
f 444 541 542
f 444 542 445
f 445 542 543
f 445 543 446
f 446 543 544
f 446 544 447
f 447 544 545
f 447 545 448
f 448 545 546
f 448 546 449
f 449 546 547
f 449 547 450
f 450 547 548
f 450 548 451
f 451 548 549
f 451 549 452
f 452 549 550
f 452 550 453
f 453 550 551
f 453 551 454
f 454 551 552
f 454 552 455
f 455 552 553
f 455 553 456
f 456 553 554
f 456 554 457
f 457 554 555
f 457 555 458
f 458 555 556
f 458 556 459
f 459 556 557
f 459 557 460
f 460 557 558
f 460 558 461
f 461 558 559
f 461 559 462
f 462 559 560
f 462 560 463
f 463 560 561
f 463 561 464
f 464 561 562
f 464 562 465
f 465 562 563
f 465 563 466
f 466 563 564
f 466 564 467
f 467 564 565
f 467 565 468
f 468 565 566
f 468 566 469
f 469 566 567
f 469 567 470
f 470 567 568
f 470 568 471
f 471 568 569
f 471 569 472
f 472 569 570
f 472 570 473
f 473 570 571
f 473 571 474
f 474 571 572
f 474 572 475
f 475 572 573
f 475 573 476
f 476 573 574
f 476 574 477
f 477 574 575
f 477 575 478
f 478 575 576
f 478 576 479
f 479 576 577
f 479 577 480
f 480 577 578
f 480 578 481
f 481 578 579
f 481 579 482
f 482 579 580
f 482 580 483
f 483 580 581
f 483 581 484
f 484 581 582
f 484 582 485
f 486 583 584
f 486 584 487
f 487 584 585
f 487 585 488
f 488 585 586
f 488 586 489
f 489 586 587
f 489 587 490
f 490 587 588
f 490 588 491
f 491 588 589
f 491 589 492
f 492 589 590
f 492 590 493
f 493 590 591
f 493 591 494
f 494 591 592
f 494 592 495
f 495 592 593
f 495 593 496
f 496 593 594
f 496 594 497
f 497 594 595
f 497 595 498
f 498 595 596
f 498 596 499
f 499 596 597
f 499 597 500
f 500 597 598
f 500 598 501
f 501 598 599
f 501 599 502
f 502 599 600
f 502 600 503
f 503 600 601
f 503 601 504
f 504 601 602
f 504 602 505
f 505 602 603
f 505 603 506
f 506 603 604
f 506 604 507
f 507 604 605
f 507 605 508
f 508 605 606
f 508 606 509
f 509 606 607
f 509 607 510
f 510 607 608
f 510 608 511
f 511 608 609
f 511 609 512
f 512 609 610
f 512 610 513
f 513 610 611
f 513 611 514
f 514 611 612
f 514 612 515
f 515 612 613
f 515 613 516
f 516 613 614
f 516 614 517
f 517 614 615
f 517 615 518
f 518 615 616
f 518 616 519
f 519 616 617
f 519 617 520
f 520 617 618
f 520 618 521
f 521 618 619
f 521 619 522
f 522 619 620
f 522 620 523
f 523 620 621
f 523 621 524
f 524 621 622
f 524 622 525
f 525 622 623
f 525 623 526
f 526 623 624
f 526 624 527
f 527 624 625
f 527 625 528
f 528 625 626
f 528 626 529
f 529 626 627
f 529 627 530
f 530 627 628
f 530 628 531
f 531 628 629
f 531 629 532
f 532 629 630
f 532 630 533
f 533 630 631
f 533 631 534
f 534 631 632
f 534 632 535
f 535 632 633
f 535 633 536
f 536 633 634
f 536 634 537
f 537 634 635
f 537 635 538
f 538 635 636
f 538 636 539
f 539 636 637
f 539 637 540
f 540 637 638
f 540 638 541
f 541 638 639
f 541 639 542
f 542 639 640
f 542 640 543
f 543 640 641
f 543 641 544
f 544 641 642
f 544 642 545
f 545 642 643
f 545 643 546
f 546 643 644
f 546 644 547
f 547 644 645
f 547 645 548
f 548 645 646
f 548 646 549
f 549 646 647
f 549 647 550
f 550 647 648
f 550 648 551
f 551 648 649
f 551 649 552
f 552 649 650
f 552 650 553
f 553 650 651
f 553 651 554
f 554 651 652
f 554 652 555
f 555 652 653
f 555 653 556
f 556 653 654
f 556 654 557
f 557 654 655
f 557 655 558
f 558 655 656
f 558 656 559
f 559 656 657
f 559 657 560
f 560 657 658
f 560 658 561
f 561 658 659
f 561 659 562
f 562 659 660
f 562 660 563
f 563 660 661
f 563 661 564
f 564 661 662
f 564 662 565
f 565 662 663
f 565 663 566
f 566 663 664
f 566 664 567
f 567 664 665
f 567 665 568
f 568 665 666
f 568 666 569
f 569 666 667
f 569 667 570
f 570 667 668
f 570 668 571
f 571 668 669
f 571 669 572
f 572 669 670
f 572 670 573
f 573 670 671
f 573 671 574
f 574 671 672
f 574 672 575
f 575 672 673
f 575 673 576
f 576 673 674
f 576 674 577
f 577 674 675
f 577 675 578
f 578 675 676
f 578 676 579
f 579 676 677
f 579 677 580
f 580 677 678
f 580 678 581
f 581 678 679
f 581 679 582
f 583 680 681
f 583 681 584
f 584 681 682
f 584 682 585
f 585 682 683
f 585 683 586
f 586 683 684
f 586 684 587
f 587 684 685
f 587 685 588
f 588 685 686
f 588 686 589
f 589 686 687
f 589 687 590
f 590 687 688
f 590 688 591
f 591 688 689
f 591 689 592
f 592 689 690
f 592 690 593
f 593 690 691
f 593 691 594
f 594 691 692
f 594 692 595
f 595 692 693
f 595 693 596
f 596 693 694
f 596 694 597
f 597 694 695
f 597 695 598
f 598 695 696
f 598 696 599
f 599 696 697
f 599 697 600
f 600 697 698
f 600 698 601
f 601 698 699
f 601 699 602
f 602 699 700
f 602 700 603
f 603 700 701
f 603 701 604
f 604 701 702
f 604 702 605
f 605 702 703
f 605 703 606
f 606 703 704
f 606 704 607
f 607 704 705
f 607 705 608
f 608 705 706
f 608 706 609
f 609 706 707
f 609 707 610
f 610 707 708
f 610 708 611
f 611 708 709
f 611 709 612
f 612 709 710
f 612 710 613
f 613 710 711
f 613 711 614
f 614 711 712
f 614 712 615
f 615 712 713
f 615 713 616
f 616 713 714
f 616 714 617
f 617 714 715
f 617 715 618
f 618 715 716
f 618 716 619
f 619 716 717
f 619 717 620
f 620 717 718
f 620 718 621
f 621 718 719
f 621 719 622
f 622 719 720
f 622 720 623
f 623 720 721
f 623 721 624
f 624 721 722
f 624 722 625
f 625 722 723
f 625 723 626
f 626 723 724
f 626 724 627
f 627 724 725
f 627 725 628
f 628 725 726
f 628 726 629
f 629 726 727
f 629 727 630
f 630 727 728
f 630 728 631
f 631 728 729
f 631 729 632
f 632 729 730
f 632 730 633
f 633 730 731
f 633 731 634
f 634 731 732
f 634 732 635
f 635 732 733
f 635 733 636
f 636 733 734
f 636 734 637
f 637 734 735
f 637 735 638
f 638 735 736
f 638 736 639
f 639 736 737
f 639 737 640
f 640 737 738
f 640 738 641
f 641 738 739
f 641 739 642
f 642 739 740
f 642 740 643
f 643 740 741
f 643 741 644
f 644 741 742
f 644 742 645
f 645 742 743
f 645 743 646
f 646 743 744
f 646 744 647
f 647 744 745
f 647 745 648
f 648 745 746
f 648 746 649
f 649 746 747
f 649 747 650
f 650 747 748
f 650 748 651
f 651 748 749
f 651 749 652
f 652 749 750
f 652 750 653
f 653 750 751
f 653 751 654
f 654 751 752
f 654 752 655
f 655 752 753
f 655 753 656
f 656 753 754
f 656 754 657
f 657 754 755
f 657 755 658
f 658 755 756
f 658 756 659
f 659 756 757
f 659 757 660
f 660 757 758
f 660 758 661
f 661 758 759
f 661 759 662
f 662 759 760
f 662 760 663
f 663 760 761
f 663 761 664
f 664 761 762
f 664 762 665
f 665 762 763
f 665 763 666
f 666 763 764
f 666 764 667
f 667 764 765
f 667 765 668
f 668 765 766
f 668 766 669
f 669 766 767
f 669 767 670
f 670 767 768
f 670 768 671
f 671 768 769
f 671 769 672
f 672 769 770
f 672 770 673
f 673 770 771
f 673 771 674
f 674 771 772
f 674 772 675
f 675 772 773
f 675 773 676
f 676 773 774
f 676 774 677
f 677 774 775
f 677 775 678
f 678 775 776
f 678 776 679
f 680 777 778
f 680 778 681
f 681 778 779
f 681 779 682
f 682 779 780
f 682 780 683
f 683 780 781
f 683 781 684
f 684 781 782
f 684 782 685
f 685 782 783
f 685 783 686
f 686 783 784
f 686 784 687
f 687 784 785
f 687 785 688
f 688 785 786
f 688 786 689
f 689 786 787
f 689 787 690
f 690 787 788
f 690 788 691
f 691 788 789
f 691 789 692
f 692 789 790
f 692 790 693
f 693 790 791
f 693 791 694
f 694 791 792
f 694 792 695
f 695 792 793
f 695 793 696
f 696 793 794
f 696 794 697
f 697 794 795
f 697 795 698
f 698 795 796
f 698 796 699
f 699 796 797
f 699 797 700
f 700 797 798
f 700 798 701
f 701 798 799
f 701 799 702
f 702 799 800
f 702 800 703
f 703 800 801
f 703 801 704
f 704 801 802
f 704 802 705
f 705 802 803
f 705 803 706
f 706 803 804
f 706 804 707
f 707 804 805
f 707 805 708
f 708 805 806
f 708 806 709
f 709 806 807
f 709 807 710
f 710 807 808
f 710 808 711
f 711 808 809
f 711 809 712
f 712 809 810
f 712 810 713
f 713 810 811
f 713 811 714
f 714 811 812
f 714 812 715
f 715 812 813
f 715 813 716
f 716 813 814
f 716 814 717
f 717 814 815
f 717 815 718
f 718 815 816
f 718 816 719
f 719 816 817
f 719 817 720
f 720 817 818
f 720 818 721
f 721 818 819
f 721 819 722
f 722 819 820
f 722 820 723
f 723 820 821
f 723 821 724
f 724 821 822
f 724 822 725
f 725 822 823
f 725 823 726
f 726 823 824
f 726 824 727
f 727 824 825
f 727 825 728
f 728 825 826
f 728 826 729
f 729 826 827
f 729 827 730
f 730 827 828
f 730 828 731
f 731 828 829
f 731 829 732
f 732 829 830
f 732 830 733
f 733 830 831
f 733 831 734
f 734 831 832
f 734 832 735
f 735 832 833
f 735 833 736
f 736 833 834
f 736 834 737
f 737 834 835
f 737 835 738
f 738 835 836
f 738 836 739
f 739 836 837
f 739 837 740
f 740 837 838
f 740 838 741
f 741 838 839
f 741 839 742
f 742 839 840
f 742 840 743
f 743 840 841
f 743 841 744
f 744 841 842
f 744 842 745
f 745 842 843
f 745 843 746
f 746 843 844
f 746 844 747
f 747 844 845
f 747 845 748
f 748 845 846
f 748 846 749
f 749 846 847
f 749 847 750
f 750 847 848
f 750 848 751
f 751 848 849
f 751 849 752
f 752 849 850
f 752 850 753
f 753 850 851
f 753 851 754
f 754 851 852
f 754 852 755
f 755 852 853
f 755 853 756
f 756 853 854
f 756 854 757
f 757 854 855
f 757 855 758
f 758 855 856
f 758 856 759
f 759 856 857
f 759 857 760
f 760 857 858
f 760 858 761
f 761 858 859
f 761 859 762
f 762 859 860
f 762 860 763
f 763 860 861
f 763 861 764
f 764 861 862
f 764 862 765
f 765 862 863
f 765 863 766
f 766 863 864
f 766 864 767
f 767 864 865
f 767 865 768
f 768 865 866
f 768 866 769
f 769 866 867
f 769 867 770
f 770 867 868
f 770 868 771
f 771 868 869
f 771 869 772
f 772 869 870
f 772 870 773
f 773 870 871
f 773 871 774
f 774 871 872
f 774 872 775
f 775 872 873
f 775 873 776
f 777 874 875
f 777 875 778
f 778 875 876
f 778 876 779
f 779 876 877
f 779 877 780
f 780 877 878
f 780 878 781
f 781 878 879
f 781 879 782
f 782 879 880
f 782 880 783
f 783 880 881
f 783 881 784
f 784 881 882
f 784 882 785
f 785 882 883
f 785 883 786
f 786 883 884
f 786 884 787
f 787 884 885
f 787 885 788
f 788 885 886
f 788 886 789
f 789 886 887
f 789 887 790
f 790 887 888
f 790 888 791
f 791 888 889
f 791 889 792
f 792 889 890
f 792 890 793
f 793 890 891
f 793 891 794
f 794 891 892
f 794 892 795
f 795 892 893
f 795 893 796
f 796 893 894
f 796 894 797
f 797 894 895
f 797 895 798
f 798 895 896
f 798 896 799
f 799 896 897
f 799 897 800
f 800 897 898
f 800 898 801
f 801 898 899
f 801 899 802
f 802 899 900
f 802 900 803
f 803 900 901
f 803 901 804
f 804 901 902
f 804 902 805
f 805 902 903
f 805 903 806
f 806 903 904
f 806 904 807
f 807 904 905
f 807 905 808
f 808 905 906
f 808 906 809
f 809 906 907
f 809 907 810
f 810 907 908
f 810 908 811
f 811 908 909
f 811 909 812
f 812 909 910
f 812 910 813
f 813 910 911
f 813 911 814
f 814 911 912
f 814 912 815
f 815 912 913
f 815 913 816
f 816 913 914
f 816 914 817
f 817 914 915
f 817 915 818
f 818 915 916
f 818 916 819
f 819 916 917
f 819 917 820
f 820 917 918
f 820 918 821
f 821 918 919
f 821 919 822
f 822 919 920
f 822 920 823
f 823 920 921
f 823 921 824
f 824 921 922
f 824 922 825
f 825 922 923
f 825 923 826
f 826 923 924
f 826 924 827
f 827 924 925
f 827 925 828
f 828 925 926
f 828 926 829
f 829 926 927
f 829 927 830
f 830 927 928
f 830 928 831
f 831 928 929
f 831 929 832
f 832 929 930
f 832 930 833
f 833 930 931
f 833 931 834
f 834 931 932
f 834 932 835
f 835 932 933
f 835 933 836
f 836 933 934
f 836 934 837
f 837 934 935
f 837 935 838
f 838 935 936
f 838 936 839
f 839 936 937
f 839 937 840
f 840 937 938
f 840 938 841
f 841 938 939
f 841 939 842
f 842 939 940
f 842 940 843
f 843 940 941
f 843 941 844
f 844 941 942
f 844 942 845
f 845 942 943
f 845 943 846
f 846 943 944
f 846 944 847
f 847 944 945
f 847 945 848
f 848 945 946
f 848 946 849
f 849 946 947
f 849 947 850
f 850 947 948
f 850 948 851
f 851 948 949
f 851 949 852
f 852 949 950
f 852 950 853
f 853 950 951
f 853 951 854
f 854 951 952
f 854 952 855
f 855 952 953
f 855 953 856
f 856 953 954
f 856 954 857
f 857 954 955
f 857 955 858
f 858 955 956
f 858 956 859
f 859 956 957
f 859 957 860
f 860 957 958
f 860 958 861
f 861 958 959
f 861 959 862
f 862 959 960
f 862 960 863
f 863 960 961
f 863 961 864
f 864 961 962
f 864 962 865
f 865 962 963
f 865 963 866
f 866 963 964
f 866 964 867
f 867 964 965
f 867 965 868
f 868 965 966
f 868 966 869
f 869 966 967
f 869 967 870
f 870 967 968
f 870 968 871
f 871 968 969
f 871 969 872
f 872 969 970
f 872 970 873
f 874 971 972
f 874 972 875
f 875 972 973
f 875 973 876
f 876 973 974
f 876 974 877
f 877 974 975
f 877 975 878
f 878 975 976
f 878 976 879
f 879 976 977
f 879 977 880
f 880 977 978
f 880 978 881
f 881 978 979
f 881 979 882
f 882 979 980
f 882 980 883
f 883 980 981
f 883 981 884
f 884 981 982
f 884 982 885
f 885 982 983
f 885 983 886
f 886 983 984
f 886 984 887
f 887 984 985
f 887 985 888
f 888 985 986
f 888 986 889
f 889 986 987
f 889 987 890
f 890 987 988
f 890 988 891
f 891 988 989
f 891 989 892
f 892 989 990
f 892 990 893
f 893 990 991
f 893 991 894
f 894 991 992
f 894 992 895
f 895 992 993
f 895 993 896
f 896 993 994
f 896 994 897
f 897 994 995
f 897 995 898
f 898 995 996
f 898 996 899
f 899 996 997
f 899 997 900
f 900 997 998
f 900 998 901
f 901 998 999
f 901 999 902
f 902 999 1000
f 902 1000 903
f 903 1000 1001
f 903 1001 904
f 904 1001 1002
f 904 1002 905
f 905 1002 1003
f 905 1003 906
f 906 1003 1004
f 906 1004 907
f 907 1004 1005
f 907 1005 908
f 908 1005 1006
f 908 1006 909
f 909 1006 1007
f 909 1007 910
f 910 1007 1008
f 910 1008 911
f 911 1008 1009
f 911 1009 912
f 912 1009 1010
f 912 1010 913
f 913 1010 1011
f 913 1011 914
f 914 1011 1012
f 914 1012 915
f 915 1012 1013
f 915 1013 916
f 916 1013 1014
f 916 1014 917
f 917 1014 1015
f 917 1015 918
f 918 1015 1016
f 918 1016 919
f 919 1016 1017
f 919 1017 920
f 920 1017 1018
f 920 1018 921
f 921 1018 1019
f 921 1019 922
f 922 1019 1020
f 922 1020 923
f 923 1020 1021
f 923 1021 924
f 924 1021 1022
f 924 1022 925
f 925 1022 1023
f 925 1023 926
f 926 1023 1024
f 926 1024 927
f 927 1024 1025
f 927 1025 928
f 928 1025 1026
f 928 1026 929
f 929 1026 1027
f 929 1027 930
f 930 1027 1028
f 930 1028 931
f 931 1028 1029
f 931 1029 932
f 932 1029 1030
f 932 1030 933
f 933 1030 1031
f 933 1031 934
f 934 1031 1032
f 934 1032 935
f 935 1032 1033
f 935 1033 936
f 936 1033 1034
f 936 1034 937
f 937 1034 1035
f 937 1035 938
f 938 1035 1036
f 938 1036 939
f 939 1036 1037
f 939 1037 940
f 940 1037 1038
f 940 1038 941
f 941 1038 1039
f 941 1039 942
f 942 1039 1040
f 942 1040 943
f 943 1040 1041
f 943 1041 944
f 944 1041 1042
f 944 1042 945
f 945 1042 1043
f 945 1043 946
f 946 1043 1044
f 946 1044 947
f 947 1044 1045
f 947 1045 948
f 948 1045 1046
f 948 1046 949
f 949 1046 1047
f 949 1047 950
f 950 1047 1048
f 950 1048 951
f 951 1048 1049
f 951 1049 952
f 952 1049 1050
f 952 1050 953
f 953 1050 1051
f 953 1051 954
f 954 1051 1052
f 954 1052 955
f 955 1052 1053
f 955 1053 956
f 956 1053 1054
f 956 1054 957
f 957 1054 1055
f 957 1055 958
f 958 1055 1056
f 958 1056 959
f 959 1056 1057
f 959 1057 960
f 960 1057 1058
f 960 1058 961
f 961 1058 1059
f 961 1059 962
f 962 1059 1060
f 962 1060 963
f 963 1060 1061
f 963 1061 964
f 964 1061 1062
f 964 1062 965
f 965 1062 1063
f 965 1063 966
f 966 1063 1064
f 966 1064 967
f 967 1064 1065
f 967 1065 968
f 968 1065 1066
f 968 1066 969
f 969 1066 1067
f 969 1067 970
f 971 1068 1069
f 971 1069 972
f 972 1069 1070
f 972 1070 973
f 973 1070 1071
f 973 1071 974
f 974 1071 1072
f 974 1072 975
f 975 1072 1073
f 975 1073 976
f 976 1073 1074
f 976 1074 977
f 977 1074 1075
f 977 1075 978
f 978 1075 1076
f 978 1076 979
f 979 1076 1077
f 979 1077 980
f 980 1077 1078
f 980 1078 981
f 981 1078 1079
f 981 1079 982
f 982 1079 1080
f 982 1080 983
f 983 1080 1081
f 983 1081 984
f 984 1081 1082
f 984 1082 985
f 985 1082 1083
f 985 1083 986
f 986 1083 1084
f 986 1084 987
f 987 1084 1085
f 987 1085 988
f 988 1085 1086
f 988 1086 989
f 989 1086 1087
f 989 1087 990
f 990 1087 1088
f 990 1088 991
f 991 1088 1089
f 991 1089 992
f 992 1089 1090
f 992 1090 993
f 993 1090 1091
f 993 1091 994
f 994 1091 1092
f 994 1092 995
f 995 1092 1093
f 995 1093 996
f 996 1093 1094
f 996 1094 997
f 997 1094 1095
f 997 1095 998
f 998 1095 1096
f 998 1096 999
f 999 1096 1097
f 999 1097 1000
f 1000 1097 1098
f 1000 1098 1001
f 1001 1098 1099
f 1001 1099 1002
f 1002 1099 1100
f 1002 1100 1003
f 1003 1100 1101
f 1003 1101 1004
f 1004 1101 1102
f 1004 1102 1005
f 1005 1102 1103
f 1005 1103 1006
f 1006 1103 1104
f 1006 1104 1007
f 1007 1104 1105
f 1007 1105 1008
f 1008 1105 1106
f 1008 1106 1009
f 1009 1106 1107
f 1009 1107 1010
f 1010 1107 1108
f 1010 1108 1011
f 1011 1108 1109
f 1011 1109 1012
f 1012 1109 1110
f 1012 1110 1013
f 1013 1110 1111
f 1013 1111 1014
f 1014 1111 1112
f 1014 1112 1015
f 1015 1112 1113
f 1015 1113 1016
f 1016 1113 1114
f 1016 1114 1017
f 1017 1114 1115
f 1017 1115 1018
f 1018 1115 1116
f 1018 1116 1019
f 1019 1116 1117
f 1019 1117 1020
f 1020 1117 1118
f 1020 1118 1021
f 1021 1118 1119
f 1021 1119 1022
f 1022 1119 1120
f 1022 1120 1023
f 1023 1120 1121
f 1023 1121 1024
f 1024 1121 1122
f 1024 1122 1025
f 1025 1122 1123
f 1025 1123 1026
f 1026 1123 1124
f 1026 1124 1027
f 1027 1124 1125
f 1027 1125 1028
f 1028 1125 1126
f 1028 1126 1029
f 1029 1126 1127
f 1029 1127 1030
f 1030 1127 1128
f 1030 1128 1031
f 1031 1128 1129
f 1031 1129 1032
f 1032 1129 1130
f 1032 1130 1033
f 1033 1130 1131
f 1033 1131 1034
f 1034 1131 1132
f 1034 1132 1035
f 1035 1132 1133
f 1035 1133 1036
f 1036 1133 1134
f 1036 1134 1037
f 1037 1134 1135
f 1037 1135 1038
f 1038 1135 1136
f 1038 1136 1039
f 1039 1136 1137
f 1039 1137 1040
f 1040 1137 1138
f 1040 1138 1041
f 1041 1138 1139
f 1041 1139 1042
f 1042 1139 1140
f 1042 1140 1043
f 1043 1140 1141
f 1043 1141 1044
f 1044 1141 1142
f 1044 1142 1045
f 1045 1142 1143
f 1045 1143 1046
f 1046 1143 1144
f 1046 1144 1047
f 1047 1144 1145
f 1047 1145 1048
f 1048 1145 1146
f 1048 1146 1049
f 1049 1146 1147
f 1049 1147 1050
f 1050 1147 1148
f 1050 1148 1051
f 1051 1148 1149
f 1051 1149 1052
f 1052 1149 1150
f 1052 1150 1053
f 1053 1150 1151
f 1053 1151 1054
f 1054 1151 1152
f 1054 1152 1055
f 1055 1152 1153
f 1055 1153 1056
f 1056 1153 1154
f 1056 1154 1057
f 1057 1154 1155
f 1057 1155 1058
f 1058 1155 1156
f 1058 1156 1059
f 1059 1156 1157
f 1059 1157 1060
f 1060 1157 1158
f 1060 1158 1061
f 1061 1158 1159
f 1061 1159 1062
f 1062 1159 1160
f 1062 1160 1063
f 1063 1160 1161
f 1063 1161 1064
f 1064 1161 1162
f 1064 1162 1065
f 1065 1162 1163
f 1065 1163 1066
f 1066 1163 1164
f 1066 1164 1067
f 1068 1165 1166
f 1068 1166 1069
f 1069 1166 1167
f 1069 1167 1070
f 1070 1167 1168
f 1070 1168 1071
f 1071 1168 1169
f 1071 1169 1072
f 1072 1169 1170
f 1072 1170 1073
f 1073 1170 1171
f 1073 1171 1074
f 1074 1171 1172
f 1074 1172 1075
f 1075 1172 1173
f 1075 1173 1076
f 1076 1173 1174
f 1076 1174 1077
f 1077 1174 1175
f 1077 1175 1078
f 1078 1175 1176
f 1078 1176 1079
f 1079 1176 1177
f 1079 1177 1080
f 1080 1177 1178
f 1080 1178 1081
f 1081 1178 1179
f 1081 1179 1082
f 1082 1179 1180
f 1082 1180 1083
f 1083 1180 1181
f 1083 1181 1084
f 1084 1181 1182
f 1084 1182 1085
f 1085 1182 1183
f 1085 1183 1086
f 1086 1183 1184
f 1086 1184 1087
f 1087 1184 1185
f 1087 1185 1088
f 1088 1185 1186
f 1088 1186 1089
f 1089 1186 1187
f 1089 1187 1090
f 1090 1187 1188
f 1090 1188 1091
f 1091 1188 1189
f 1091 1189 1092
f 1092 1189 1190
f 1092 1190 1093
f 1093 1190 1191
f 1093 1191 1094
f 1094 1191 1192
f 1094 1192 1095
f 1095 1192 1193
f 1095 1193 1096
f 1096 1193 1194
f 1096 1194 1097
f 1097 1194 1195
f 1097 1195 1098
f 1098 1195 1196
f 1098 1196 1099
f 1099 1196 1197
f 1099 1197 1100
f 1100 1197 1198
f 1100 1198 1101
f 1101 1198 1199
f 1101 1199 1102
f 1102 1199 1200
f 1102 1200 1103
f 1103 1200 1201
f 1103 1201 1104
f 1104 1201 1202
f 1104 1202 1105
f 1105 1202 1203
f 1105 1203 1106
f 1106 1203 1204
f 1106 1204 1107
f 1107 1204 1205
f 1107 1205 1108
f 1108 1205 1206
f 1108 1206 1109
f 1109 1206 1207
f 1109 1207 1110
f 1110 1207 1208
f 1110 1208 1111
f 1111 1208 1209
f 1111 1209 1112
f 1112 1209 1210
f 1112 1210 1113
f 1113 1210 1211
f 1113 1211 1114
f 1114 1211 1212
f 1114 1212 1115
f 1115 1212 1213
f 1115 1213 1116
f 1116 1213 1214
f 1116 1214 1117
f 1117 1214 1215
f 1117 1215 1118
f 1118 1215 1216
f 1118 1216 1119
f 1119 1216 1217
f 1119 1217 1120
f 1120 1217 1218
f 1120 1218 1121
f 1121 1218 1219
f 1121 1219 1122
f 1122 1219 1220
f 1122 1220 1123
f 1123 1220 1221
f 1123 1221 1124
f 1124 1221 1222
f 1124 1222 1125
f 1125 1222 1223
f 1125 1223 1126
f 1126 1223 1224
f 1126 1224 1127
f 1127 1224 1225
f 1127 1225 1128
f 1128 1225 1226
f 1128 1226 1129
f 1129 1226 1227
f 1129 1227 1130
f 1130 1227 1228
f 1130 1228 1131
f 1131 1228 1229
f 1131 1229 1132
f 1132 1229 1230
f 1132 1230 1133
f 1133 1230 1231
f 1133 1231 1134
f 1134 1231 1232
f 1134 1232 1135
f 1135 1232 1233
f 1135 1233 1136
f 1136 1233 1234
f 1136 1234 1137
f 1137 1234 1235
f 1137 1235 1138
f 1138 1235 1236
f 1138 1236 1139
f 1139 1236 1237
f 1139 1237 1140
f 1140 1237 1238
f 1140 1238 1141
f 1141 1238 1239
f 1141 1239 1142
f 1142 1239 1240
f 1142 1240 1143
f 1143 1240 1241
f 1143 1241 1144
f 1144 1241 1242
f 1144 1242 1145
f 1145 1242 1243
f 1145 1243 1146
f 1146 1243 1244
f 1146 1244 1147
f 1147 1244 1245
f 1147 1245 1148
f 1148 1245 1246
f 1148 1246 1149
f 1149 1246 1247
f 1149 1247 1150
f 1150 1247 1248
f 1150 1248 1151
f 1151 1248 1249
f 1151 1249 1152
f 1152 1249 1250
f 1152 1250 1153
f 1153 1250 1251
f 1153 1251 1154
f 1154 1251 1252
f 1154 1252 1155
f 1155 1252 1253
f 1155 1253 1156
f 1156 1253 1254
f 1156 1254 1157
f 1157 1254 1255
f 1157 1255 1158
f 1158 1255 1256
f 1158 1256 1159
f 1159 1256 1257
f 1159 1257 1160
f 1160 1257 1258
f 1160 1258 1161
f 1161 1258 1259
f 1161 1259 1162
f 1162 1259 1260
f 1162 1260 1163
f 1163 1260 1261
f 1163 1261 1164
f 1165 1262 1263
f 1165 1263 1166
f 1166 1263 1264
f 1166 1264 1167
f 1167 1264 1265
f 1167 1265 1168
f 1168 1265 1266
f 1168 1266 1169
f 1169 1266 1267
f 1169 1267 1170
f 1170 1267 1268
f 1170 1268 1171
f 1171 1268 1269
f 1171 1269 1172
f 1172 1269 1270
f 1172 1270 1173
f 1173 1270 1271
f 1173 1271 1174
f 1174 1271 1272
f 1174 1272 1175
f 1175 1272 1273
f 1175 1273 1176
f 1176 1273 1274
f 1176 1274 1177
f 1177 1274 1275
f 1177 1275 1178
f 1178 1275 1276
f 1178 1276 1179
f 1179 1276 1277
f 1179 1277 1180
f 1180 1277 1278
f 1180 1278 1181
f 1181 1278 1279
f 1181 1279 1182
f 1182 1279 1280
f 1182 1280 1183
f 1183 1280 1281
f 1183 1281 1184
f 1184 1281 1282
f 1184 1282 1185
f 1185 1282 1283
f 1185 1283 1186
f 1186 1283 1284
f 1186 1284 1187
f 1187 1284 1285
f 1187 1285 1188
f 1188 1285 1286
f 1188 1286 1189
f 1189 1286 1287
f 1189 1287 1190
f 1190 1287 1288
f 1190 1288 1191
f 1191 1288 1289
f 1191 1289 1192
f 1192 1289 1290
f 1192 1290 1193
f 1193 1290 1291
f 1193 1291 1194
f 1194 1291 1292
f 1194 1292 1195
f 1195 1292 1293
f 1195 1293 1196
f 1196 1293 1294
f 1196 1294 1197
f 1197 1294 1295
f 1197 1295 1198
f 1198 1295 1296
f 1198 1296 1199
f 1199 1296 1297
f 1199 1297 1200
f 1200 1297 1298
f 1200 1298 1201
f 1201 1298 1299
f 1201 1299 1202
f 1202 1299 1300
f 1202 1300 1203
f 1203 1300 1301
f 1203 1301 1204
f 1204 1301 1302
f 1204 1302 1205
f 1205 1302 1303
f 1205 1303 1206
f 1206 1303 1304
f 1206 1304 1207
f 1207 1304 1305
f 1207 1305 1208
f 1208 1305 1306
f 1208 1306 1209
f 1209 1306 1307
f 1209 1307 1210
f 1210 1307 1308
f 1210 1308 1211
f 1211 1308 1309
f 1211 1309 1212
f 1212 1309 1310
f 1212 1310 1213
f 1213 1310 1311
f 1213 1311 1214
f 1214 1311 1312
f 1214 1312 1215
f 1215 1312 1313
f 1215 1313 1216
f 1216 1313 1314
f 1216 1314 1217
f 1217 1314 1315
f 1217 1315 1218
f 1218 1315 1316
f 1218 1316 1219
f 1219 1316 1317
f 1219 1317 1220
f 1220 1317 1318
f 1220 1318 1221
f 1221 1318 1319
f 1221 1319 1222
f 1222 1319 1320
f 1222 1320 1223
f 1223 1320 1321
f 1223 1321 1224
f 1224 1321 1322
f 1224 1322 1225
f 1225 1322 1323
f 1225 1323 1226
f 1226 1323 1324
f 1226 1324 1227
f 1227 1324 1325
f 1227 1325 1228
f 1228 1325 1326
f 1228 1326 1229
f 1229 1326 1327
f 1229 1327 1230
f 1230 1327 1328
f 1230 1328 1231
f 1231 1328 1329
f 1231 1329 1232
f 1232 1329 1330
f 1232 1330 1233
f 1233 1330 1331
f 1233 1331 1234
f 1234 1331 1332
f 1234 1332 1235
f 1235 1332 1333
f 1235 1333 1236
f 1236 1333 1334
f 1236 1334 1237
f 1237 1334 1335
f 1237 1335 1238
f 1238 1335 1336
f 1238 1336 1239
f 1239 1336 1337
f 1239 1337 1240
f 1240 1337 1338
f 1240 1338 1241
f 1241 1338 1339
f 1241 1339 1242
f 1242 1339 1340
f 1242 1340 1243
f 1243 1340 1341
f 1243 1341 1244
f 1244 1341 1342
f 1244 1342 1245
f 1245 1342 1343
f 1245 1343 1246
f 1246 1343 1344
f 1246 1344 1247
f 1247 1344 1345
f 1247 1345 1248
f 1248 1345 1346
f 1248 1346 1249
f 1249 1346 1347
f 1249 1347 1250
f 1250 1347 1348
f 1250 1348 1251
f 1251 1348 1349
f 1251 1349 1252
f 1252 1349 1350
f 1252 1350 1253
f 1253 1350 1351
f 1253 1351 1254
f 1254 1351 1352
f 1254 1352 1255
f 1255 1352 1353
f 1255 1353 1256
f 1256 1353 1354
f 1256 1354 1257
f 1257 1354 1355
f 1257 1355 1258
f 1258 1355 1356
f 1258 1356 1259
f 1259 1356 1357
f 1259 1357 1260
f 1260 1357 1358
f 1260 1358 1261
f 1262 1359 1360
f 1262 1360 1263
f 1263 1360 1361
f 1263 1361 1264
f 1264 1361 1362
f 1264 1362 1265
f 1265 1362 1363
f 1265 1363 1266
f 1266 1363 1364
f 1266 1364 1267
f 1267 1364 1365
f 1267 1365 1268
f 1268 1365 1366
f 1268 1366 1269
f 1269 1366 1367
f 1269 1367 1270
f 1270 1367 1368
f 1270 1368 1271
f 1271 1368 1369
f 1271 1369 1272
f 1272 1369 1370
f 1272 1370 1273
f 1273 1370 1371
f 1273 1371 1274
f 1274 1371 1372
f 1274 1372 1275
f 1275 1372 1373
f 1275 1373 1276
f 1276 1373 1374
f 1276 1374 1277
f 1277 1374 1375
f 1277 1375 1278
f 1278 1375 1376
f 1278 1376 1279
f 1279 1376 1377
f 1279 1377 1280
f 1280 1377 1378
f 1280 1378 1281
f 1281 1378 1379
f 1281 1379 1282
f 1282 1379 1380
f 1282 1380 1283
f 1283 1380 1381
f 1283 1381 1284
f 1284 1381 1382
f 1284 1382 1285
f 1285 1382 1383
f 1285 1383 1286
f 1286 1383 1384
f 1286 1384 1287
f 1287 1384 1385
f 1287 1385 1288
f 1288 1385 1386
f 1288 1386 1289
f 1289 1386 1387
f 1289 1387 1290
f 1290 1387 1388
f 1290 1388 1291
f 1291 1388 1389
f 1291 1389 1292
f 1292 1389 1390
f 1292 1390 1293
f 1293 1390 1391
f 1293 1391 1294
f 1294 1391 1392
f 1294 1392 1295
f 1295 1392 1393
f 1295 1393 1296
f 1296 1393 1394
f 1296 1394 1297
f 1297 1394 1395
f 1297 1395 1298
f 1298 1395 1396
f 1298 1396 1299
f 1299 1396 1397
f 1299 1397 1300
f 1300 1397 1398
f 1300 1398 1301
f 1301 1398 1399
f 1301 1399 1302
f 1302 1399 1400
f 1302 1400 1303
f 1303 1400 1401
f 1303 1401 1304
f 1304 1401 1402
f 1304 1402 1305
f 1305 1402 1403
f 1305 1403 1306
f 1306 1403 1404
f 1306 1404 1307
f 1307 1404 1405
f 1307 1405 1308
f 1308 1405 1406
f 1308 1406 1309
f 1309 1406 1407
f 1309 1407 1310
f 1310 1407 1408
f 1310 1408 1311
f 1311 1408 1409
f 1311 1409 1312
f 1312 1409 1410
f 1312 1410 1313
f 1313 1410 1411
f 1313 1411 1314
f 1314 1411 1412
f 1314 1412 1315
f 1315 1412 1413
f 1315 1413 1316
f 1316 1413 1414
f 1316 1414 1317
f 1317 1414 1415
f 1317 1415 1318
f 1318 1415 1416
f 1318 1416 1319
f 1319 1416 1417
f 1319 1417 1320
f 1320 1417 1418
f 1320 1418 1321
f 1321 1418 1419
f 1321 1419 1322
f 1322 1419 1420
f 1322 1420 1323
f 1323 1420 1421
f 1323 1421 1324
f 1324 1421 1422
f 1324 1422 1325
f 1325 1422 1423
f 1325 1423 1326
f 1326 1423 1424
f 1326 1424 1327
f 1327 1424 1425
f 1327 1425 1328
f 1328 1425 1426
f 1328 1426 1329
f 1329 1426 1427
f 1329 1427 1330
f 1330 1427 1428
f 1330 1428 1331
f 1331 1428 1429
f 1331 1429 1332
f 1332 1429 1430
f 1332 1430 1333
f 1333 1430 1431
f 1333 1431 1334
f 1334 1431 1432
f 1334 1432 1335
f 1335 1432 1433
f 1335 1433 1336
f 1336 1433 1434
f 1336 1434 1337
f 1337 1434 1435
f 1337 1435 1338
f 1338 1435 1436
f 1338 1436 1339
f 1339 1436 1437
f 1339 1437 1340
f 1340 1437 1438
f 1340 1438 1341
f 1341 1438 1439
f 1341 1439 1342
f 1342 1439 1440
f 1342 1440 1343
f 1343 1440 1441
f 1343 1441 1344
f 1344 1441 1442
f 1344 1442 1345
f 1345 1442 1443
f 1345 1443 1346
f 1346 1443 1444
f 1346 1444 1347
f 1347 1444 1445
f 1347 1445 1348
f 1348 1445 1446
f 1348 1446 1349
f 1349 1446 1447
f 1349 1447 1350
f 1350 1447 1448
f 1350 1448 1351
f 1351 1448 1449
f 1351 1449 1352
f 1352 1449 1450
f 1352 1450 1353
f 1353 1450 1451
f 1353 1451 1354
f 1354 1451 1452
f 1354 1452 1355
f 1355 1452 1453
f 1355 1453 1356
f 1356 1453 1454
f 1356 1454 1357
f 1357 1454 1455
f 1357 1455 1358
f 1359 1456 1457
f 1359 1457 1360
f 1360 1457 1458
f 1360 1458 1361
f 1361 1458 1459
f 1361 1459 1362
f 1362 1459 1460
f 1362 1460 1363
f 1363 1460 1461
f 1363 1461 1364
f 1364 1461 1462
f 1364 1462 1365
f 1365 1462 1463
f 1365 1463 1366
f 1366 1463 1464
f 1366 1464 1367
f 1367 1464 1465
f 1367 1465 1368
f 1368 1465 1466
f 1368 1466 1369
f 1369 1466 1467
f 1369 1467 1370
f 1370 1467 1468
f 1370 1468 1371
f 1371 1468 1469
f 1371 1469 1372
f 1372 1469 1470
f 1372 1470 1373
f 1373 1470 1471
f 1373 1471 1374
f 1374 1471 1472
f 1374 1472 1375
f 1375 1472 1473
f 1375 1473 1376
f 1376 1473 1474
f 1376 1474 1377
f 1377 1474 1475
f 1377 1475 1378
f 1378 1475 1476
f 1378 1476 1379
f 1379 1476 1477
f 1379 1477 1380
f 1380 1477 1478
f 1380 1478 1381
f 1381 1478 1479
f 1381 1479 1382
f 1382 1479 1480
f 1382 1480 1383
f 1383 1480 1481
f 1383 1481 1384
f 1384 1481 1482
f 1384 1482 1385
f 1385 1482 1483
f 1385 1483 1386
f 1386 1483 1484
f 1386 1484 1387
f 1387 1484 1485
f 1387 1485 1388
f 1388 1485 1486
f 1388 1486 1389
f 1389 1486 1487
f 1389 1487 1390
f 1390 1487 1488
f 1390 1488 1391
f 1391 1488 1489
f 1391 1489 1392
f 1392 1489 1490
f 1392 1490 1393
f 1393 1490 1491
f 1393 1491 1394
f 1394 1491 1492
f 1394 1492 1395
f 1395 1492 1493
f 1395 1493 1396
f 1396 1493 1494
f 1396 1494 1397
f 1397 1494 1495
f 1397 1495 1398
f 1398 1495 1496
f 1398 1496 1399
f 1399 1496 1497
f 1399 1497 1400
f 1400 1497 1498
f 1400 1498 1401
f 1401 1498 1499
f 1401 1499 1402
f 1402 1499 1500
f 1402 1500 1403
f 1403 1500 1501
f 1403 1501 1404
f 1404 1501 1502
f 1404 1502 1405
f 1405 1502 1503
f 1405 1503 1406
f 1406 1503 1504
f 1406 1504 1407
f 1407 1504 1505
f 1407 1505 1408
f 1408 1505 1506
f 1408 1506 1409
f 1409 1506 1507
f 1409 1507 1410
f 1410 1507 1508
f 1410 1508 1411
f 1411 1508 1509
f 1411 1509 1412
f 1412 1509 1510
f 1412 1510 1413
f 1413 1510 1511
f 1413 1511 1414
f 1414 1511 1512
f 1414 1512 1415
f 1415 1512 1513
f 1415 1513 1416
f 1416 1513 1514
f 1416 1514 1417
f 1417 1514 1515
f 1417 1515 1418
f 1418 1515 1516
f 1418 1516 1419
f 1419 1516 1517
f 1419 1517 1420
f 1420 1517 1518
f 1420 1518 1421
f 1421 1518 1519
f 1421 1519 1422
f 1422 1519 1520
f 1422 1520 1423
f 1423 1520 1521
f 1423 1521 1424
f 1424 1521 1522
f 1424 1522 1425
f 1425 1522 1523
f 1425 1523 1426
f 1426 1523 1524
f 1426 1524 1427
f 1427 1524 1525
f 1427 1525 1428
f 1428 1525 1526
f 1428 1526 1429
f 1429 1526 1527
f 1429 1527 1430
f 1430 1527 1528
f 1430 1528 1431
f 1431 1528 1529
f 1431 1529 1432
f 1432 1529 1530
f 1432 1530 1433
f 1433 1530 1531
f 1433 1531 1434
f 1434 1531 1532
f 1434 1532 1435
f 1435 1532 1533
f 1435 1533 1436
f 1436 1533 1534
f 1436 1534 1437
f 1437 1534 1535
f 1437 1535 1438
f 1438 1535 1536
f 1438 1536 1439
f 1439 1536 1537
f 1439 1537 1440
f 1440 1537 1538
f 1440 1538 1441
f 1441 1538 1539
f 1441 1539 1442
f 1442 1539 1540
f 1442 1540 1443
f 1443 1540 1541
f 1443 1541 1444
f 1444 1541 1542
f 1444 1542 1445
f 1445 1542 1543
f 1445 1543 1446
f 1446 1543 1544
f 1446 1544 1447
f 1447 1544 1545
f 1447 1545 1448
f 1448 1545 1546
f 1448 1546 1449
f 1449 1546 1547
f 1449 1547 1450
f 1450 1547 1548
f 1450 1548 1451
f 1451 1548 1549
f 1451 1549 1452
f 1452 1549 1550
f 1452 1550 1453
f 1453 1550 1551
f 1453 1551 1454
f 1454 1551 1552
f 1454 1552 1455
f 1456 1553 1554
f 1456 1554 1457
f 1457 1554 1555
f 1457 1555 1458
f 1458 1555 1556
f 1458 1556 1459
f 1459 1556 1557
f 1459 1557 1460
f 1460 1557 1558
f 1460 1558 1461
f 1461 1558 1559
f 1461 1559 1462
f 1462 1559 1560
f 1462 1560 1463
f 1463 1560 1561
f 1463 1561 1464
f 1464 1561 1562
f 1464 1562 1465
f 1465 1562 1563
f 1465 1563 1466
f 1466 1563 1564
f 1466 1564 1467
f 1467 1564 1565
f 1467 1565 1468
f 1468 1565 1566
f 1468 1566 1469
f 1469 1566 1567
f 1469 1567 1470
f 1470 1567 1568
f 1470 1568 1471
f 1471 1568 1569
f 1471 1569 1472
f 1472 1569 1570
f 1472 1570 1473
f 1473 1570 1571
f 1473 1571 1474
f 1474 1571 1572
f 1474 1572 1475
f 1475 1572 1573
f 1475 1573 1476
f 1476 1573 1574
f 1476 1574 1477
f 1477 1574 1575
f 1477 1575 1478
f 1478 1575 1576
f 1478 1576 1479
f 1479 1576 1577
f 1479 1577 1480
f 1480 1577 1578
f 1480 1578 1481
f 1481 1578 1579
f 1481 1579 1482
f 1482 1579 1580
f 1482 1580 1483
f 1483 1580 1581
f 1483 1581 1484
f 1484 1581 1582
f 1484 1582 1485
f 1485 1582 1583
f 1485 1583 1486
f 1486 1583 1584
f 1486 1584 1487
f 1487 1584 1585
f 1487 1585 1488
f 1488 1585 1586
f 1488 1586 1489
f 1489 1586 1587
f 1489 1587 1490
f 1490 1587 1588
f 1490 1588 1491
f 1491 1588 1589
f 1491 1589 1492
f 1492 1589 1590
f 1492 1590 1493
f 1493 1590 1591
f 1493 1591 1494
f 1494 1591 1592
f 1494 1592 1495
f 1495 1592 1593
f 1495 1593 1496
f 1496 1593 1594
f 1496 1594 1497
f 1497 1594 1595
f 1497 1595 1498
f 1498 1595 1596
f 1498 1596 1499
f 1499 1596 1597
f 1499 1597 1500
f 1500 1597 1598
f 1500 1598 1501
f 1501 1598 1599
f 1501 1599 1502
f 1502 1599 1600
f 1502 1600 1503
f 1503 1600 1601
f 1503 1601 1504
f 1504 1601 1602
f 1504 1602 1505
f 1505 1602 1603
f 1505 1603 1506
f 1506 1603 1604
f 1506 1604 1507
f 1507 1604 1605
f 1507 1605 1508
f 1508 1605 1606
f 1508 1606 1509
f 1509 1606 1607
f 1509 1607 1510
f 1510 1607 1608
f 1510 1608 1511
f 1511 1608 1609
f 1511 1609 1512
f 1512 1609 1610
f 1512 1610 1513
f 1513 1610 1611
f 1513 1611 1514
f 1514 1611 1612
f 1514 1612 1515
f 1515 1612 1613
f 1515 1613 1516
f 1516 1613 1614
f 1516 1614 1517
f 1517 1614 1615
f 1517 1615 1518
f 1518 1615 1616
f 1518 1616 1519
f 1519 1616 1617
f 1519 1617 1520
f 1520 1617 1618
f 1520 1618 1521
f 1521 1618 1619
f 1521 1619 1522
f 1522 1619 1620
f 1522 1620 1523
f 1523 1620 1621
f 1523 1621 1524
f 1524 1621 1622
f 1524 1622 1525
f 1525 1622 1623
f 1525 1623 1526
f 1526 1623 1624
f 1526 1624 1527
f 1527 1624 1625
f 1527 1625 1528
f 1528 1625 1626
f 1528 1626 1529
f 1529 1626 1627
f 1529 1627 1530
f 1530 1627 1628
f 1530 1628 1531
f 1531 1628 1629
f 1531 1629 1532
f 1532 1629 1630
f 1532 1630 1533
f 1533 1630 1631
f 1533 1631 1534
f 1534 1631 1632
f 1534 1632 1535
f 1535 1632 1633
f 1535 1633 1536
f 1536 1633 1634
f 1536 1634 1537
f 1537 1634 1635
f 1537 1635 1538
f 1538 1635 1636
f 1538 1636 1539
f 1539 1636 1637
f 1539 1637 1540
f 1540 1637 1638
f 1540 1638 1541
f 1541 1638 1639
f 1541 1639 1542
f 1542 1639 1640
f 1542 1640 1543
f 1543 1640 1641
f 1543 1641 1544
f 1544 1641 1642
f 1544 1642 1545
f 1545 1642 1643
f 1545 1643 1546
f 1546 1643 1644
f 1546 1644 1547
f 1547 1644 1645
f 1547 1645 1548
f 1548 1645 1646
f 1548 1646 1549
f 1549 1646 1647
f 1549 1647 1550
f 1550 1647 1648
f 1550 1648 1551
f 1551 1648 1649
f 1551 1649 1552
f 1553 1650 1651
f 1553 1651 1554
f 1554 1651 1652
f 1554 1652 1555
f 1555 1652 1653
f 1555 1653 1556
f 1556 1653 1654
f 1556 1654 1557
f 1557 1654 1655
f 1557 1655 1558
f 1558 1655 1656
f 1558 1656 1559
f 1559 1656 1657
f 1559 1657 1560
f 1560 1657 1658
f 1560 1658 1561
f 1561 1658 1659
f 1561 1659 1562
f 1562 1659 1660
f 1562 1660 1563
f 1563 1660 1661
f 1563 1661 1564
f 1564 1661 1662
f 1564 1662 1565
f 1565 1662 1663
f 1565 1663 1566
f 1566 1663 1664
f 1566 1664 1567
f 1567 1664 1665
f 1567 1665 1568
f 1568 1665 1666
f 1568 1666 1569
f 1569 1666 1667
f 1569 1667 1570
f 1570 1667 1668
f 1570 1668 1571
f 1571 1668 1669
f 1571 1669 1572
f 1572 1669 1670
f 1572 1670 1573
f 1573 1670 1671
f 1573 1671 1574
f 1574 1671 1672
f 1574 1672 1575
f 1575 1672 1673
f 1575 1673 1576
f 1576 1673 1674
f 1576 1674 1577
f 1577 1674 1675
f 1577 1675 1578
f 1578 1675 1676
f 1578 1676 1579
f 1579 1676 1677
f 1579 1677 1580
f 1580 1677 1678
f 1580 1678 1581
f 1581 1678 1679
f 1581 1679 1582
f 1582 1679 1680
f 1582 1680 1583
f 1583 1680 1681
f 1583 1681 1584
f 1584 1681 1682
f 1584 1682 1585
f 1585 1682 1683
f 1585 1683 1586
f 1586 1683 1684
f 1586 1684 1587
f 1587 1684 1685
f 1587 1685 1588
f 1588 1685 1686
f 1588 1686 1589
f 1589 1686 1687
f 1589 1687 1590
f 1590 1687 1688
f 1590 1688 1591
f 1591 1688 1689
f 1591 1689 1592
f 1592 1689 1690
f 1592 1690 1593
f 1593 1690 1691
f 1593 1691 1594
f 1594 1691 1692
f 1594 1692 1595
f 1595 1692 1693
f 1595 1693 1596
f 1596 1693 1694
f 1596 1694 1597
f 1597 1694 1695
f 1597 1695 1598
f 1598 1695 1696
f 1598 1696 1599
f 1599 1696 1697
f 1599 1697 1600
f 1600 1697 1698
f 1600 1698 1601
f 1601 1698 1699
f 1601 1699 1602
f 1602 1699 1700
f 1602 1700 1603
f 1603 1700 1701
f 1603 1701 1604
f 1604 1701 1702
f 1604 1702 1605
f 1605 1702 1703
f 1605 1703 1606
f 1606 1703 1704
f 1606 1704 1607
f 1607 1704 1705
f 1607 1705 1608
f 1608 1705 1706
f 1608 1706 1609
f 1609 1706 1707
f 1609 1707 1610
f 1610 1707 1708
f 1610 1708 1611
f 1611 1708 1709
f 1611 1709 1612
f 1612 1709 1710
f 1612 1710 1613
f 1613 1710 1711
f 1613 1711 1614
f 1614 1711 1712
f 1614 1712 1615
f 1615 1712 1713
f 1615 1713 1616
f 1616 1713 1714
f 1616 1714 1617
f 1617 1714 1715
f 1617 1715 1618
f 1618 1715 1716
f 1618 1716 1619
f 1619 1716 1717
f 1619 1717 1620
f 1620 1717 1718
f 1620 1718 1621
f 1621 1718 1719
f 1621 1719 1622
f 1622 1719 1720
f 1622 1720 1623
f 1623 1720 1721
f 1623 1721 1624
f 1624 1721 1722
f 1624 1722 1625
f 1625 1722 1723
f 1625 1723 1626
f 1626 1723 1724
f 1626 1724 1627
f 1627 1724 1725
f 1627 1725 1628
f 1628 1725 1726
f 1628 1726 1629
f 1629 1726 1727
f 1629 1727 1630
f 1630 1727 1728
f 1630 1728 1631
f 1631 1728 1729
f 1631 1729 1632
f 1632 1729 1730
f 1632 1730 1633
f 1633 1730 1731
f 1633 1731 1634
f 1634 1731 1732
f 1634 1732 1635
f 1635 1732 1733
f 1635 1733 1636
f 1636 1733 1734
f 1636 1734 1637
f 1637 1734 1735
f 1637 1735 1638
f 1638 1735 1736
f 1638 1736 1639
f 1639 1736 1737
f 1639 1737 1640
f 1640 1737 1738
f 1640 1738 1641
f 1641 1738 1739
f 1641 1739 1642
f 1642 1739 1740
f 1642 1740 1643
f 1643 1740 1741
f 1643 1741 1644
f 1644 1741 1742
f 1644 1742 1645
f 1645 1742 1743
f 1645 1743 1646
f 1646 1743 1744
f 1646 1744 1647
f 1647 1744 1745
f 1647 1745 1648
f 1648 1745 1746
f 1648 1746 1649
f 1650 1747 1748
f 1650 1748 1651
f 1651 1748 1749
f 1651 1749 1652
f 1652 1749 1750
f 1652 1750 1653
f 1653 1750 1751
f 1653 1751 1654
f 1654 1751 1752
f 1654 1752 1655
f 1655 1752 1753
f 1655 1753 1656
f 1656 1753 1754
f 1656 1754 1657
f 1657 1754 1755
f 1657 1755 1658
f 1658 1755 1756
f 1658 1756 1659
f 1659 1756 1757
f 1659 1757 1660
f 1660 1757 1758
f 1660 1758 1661
f 1661 1758 1759
f 1661 1759 1662
f 1662 1759 1760
f 1662 1760 1663
f 1663 1760 1761
f 1663 1761 1664
f 1664 1761 1762
f 1664 1762 1665
f 1665 1762 1763
f 1665 1763 1666
f 1666 1763 1764
f 1666 1764 1667
f 1667 1764 1765
f 1667 1765 1668
f 1668 1765 1766
f 1668 1766 1669
f 1669 1766 1767
f 1669 1767 1670
f 1670 1767 1768
f 1670 1768 1671
f 1671 1768 1769
f 1671 1769 1672
f 1672 1769 1770
f 1672 1770 1673
f 1673 1770 1771
f 1673 1771 1674
f 1674 1771 1772
f 1674 1772 1675
f 1675 1772 1773
f 1675 1773 1676
f 1676 1773 1774
f 1676 1774 1677
f 1677 1774 1775
f 1677 1775 1678
f 1678 1775 1776
f 1678 1776 1679
f 1679 1776 1777
f 1679 1777 1680
f 1680 1777 1778
f 1680 1778 1681
f 1681 1778 1779
f 1681 1779 1682
f 1682 1779 1780
f 1682 1780 1683
f 1683 1780 1781
f 1683 1781 1684
f 1684 1781 1782
f 1684 1782 1685
f 1685 1782 1783
f 1685 1783 1686
f 1686 1783 1784
f 1686 1784 1687
f 1687 1784 1785
f 1687 1785 1688
f 1688 1785 1786
f 1688 1786 1689
f 1689 1786 1787
f 1689 1787 1690
f 1690 1787 1788
f 1690 1788 1691
f 1691 1788 1789
f 1691 1789 1692
f 1692 1789 1790
f 1692 1790 1693
f 1693 1790 1791
f 1693 1791 1694
f 1694 1791 1792
f 1694 1792 1695
f 1695 1792 1793
f 1695 1793 1696
f 1696 1793 1794
f 1696 1794 1697
f 1697 1794 1795
f 1697 1795 1698
f 1698 1795 1796
f 1698 1796 1699
f 1699 1796 1797
f 1699 1797 1700
f 1700 1797 1798
f 1700 1798 1701
f 1701 1798 1799
f 1701 1799 1702
f 1702 1799 1800
f 1702 1800 1703
f 1703 1800 1801
f 1703 1801 1704
f 1704 1801 1802
f 1704 1802 1705
f 1705 1802 1803
f 1705 1803 1706
f 1706 1803 1804
f 1706 1804 1707
f 1707 1804 1805
f 1707 1805 1708
f 1708 1805 1806
f 1708 1806 1709
f 1709 1806 1807
f 1709 1807 1710
f 1710 1807 1808
f 1710 1808 1711
f 1711 1808 1809
f 1711 1809 1712
f 1712 1809 1810
f 1712 1810 1713
f 1713 1810 1811
f 1713 1811 1714
f 1714 1811 1812
f 1714 1812 1715
f 1715 1812 1813
f 1715 1813 1716
f 1716 1813 1814
f 1716 1814 1717
f 1717 1814 1815
f 1717 1815 1718
f 1718 1815 1816
f 1718 1816 1719
f 1719 1816 1817
f 1719 1817 1720
f 1720 1817 1818
f 1720 1818 1721
f 1721 1818 1819
f 1721 1819 1722
f 1722 1819 1820
f 1722 1820 1723
f 1723 1820 1821
f 1723 1821 1724
f 1724 1821 1822
f 1724 1822 1725
f 1725 1822 1823
f 1725 1823 1726
f 1726 1823 1824
f 1726 1824 1727
f 1727 1824 1825
f 1727 1825 1728
f 1728 1825 1826
f 1728 1826 1729
f 1729 1826 1827
f 1729 1827 1730
f 1730 1827 1828
f 1730 1828 1731
f 1731 1828 1829
f 1731 1829 1732
f 1732 1829 1830
f 1732 1830 1733
f 1733 1830 1831
f 1733 1831 1734
f 1734 1831 1832
f 1734 1832 1735
f 1735 1832 1833
f 1735 1833 1736
f 1736 1833 1834
f 1736 1834 1737
f 1737 1834 1835
f 1737 1835 1738
f 1738 1835 1836
f 1738 1836 1739
f 1739 1836 1837
f 1739 1837 1740
f 1740 1837 1838
f 1740 1838 1741
f 1741 1838 1839
f 1741 1839 1742
f 1742 1839 1840
f 1742 1840 1743
f 1743 1840 1841
f 1743 1841 1744
f 1744 1841 1842
f 1744 1842 1745
f 1745 1842 1843
f 1745 1843 1746
f 1747 1844 1845
f 1747 1845 1748
f 1748 1845 1846
f 1748 1846 1749
f 1749 1846 1847
f 1749 1847 1750
f 1750 1847 1848
f 1750 1848 1751
f 1751 1848 1849
f 1751 1849 1752
f 1752 1849 1850
f 1752 1850 1753
f 1753 1850 1851
f 1753 1851 1754
f 1754 1851 1852
f 1754 1852 1755
f 1755 1852 1853
f 1755 1853 1756
f 1756 1853 1854
f 1756 1854 1757
f 1757 1854 1855
f 1757 1855 1758
f 1758 1855 1856
f 1758 1856 1759
f 1759 1856 1857
f 1759 1857 1760
f 1760 1857 1858
f 1760 1858 1761
f 1761 1858 1859
f 1761 1859 1762
f 1762 1859 1860
f 1762 1860 1763
f 1763 1860 1861
f 1763 1861 1764
f 1764 1861 1862
f 1764 1862 1765
f 1765 1862 1863
f 1765 1863 1766
f 1766 1863 1864
f 1766 1864 1767
f 1767 1864 1865
f 1767 1865 1768
f 1768 1865 1866
f 1768 1866 1769
f 1769 1866 1867
f 1769 1867 1770
f 1770 1867 1868
f 1770 1868 1771
f 1771 1868 1869
f 1771 1869 1772
f 1772 1869 1870
f 1772 1870 1773
f 1773 1870 1871
f 1773 1871 1774
f 1774 1871 1872
f 1774 1872 1775
f 1775 1872 1873
f 1775 1873 1776
f 1776 1873 1874
f 1776 1874 1777
f 1777 1874 1875
f 1777 1875 1778
f 1778 1875 1876
f 1778 1876 1779
f 1779 1876 1877
f 1779 1877 1780
f 1780 1877 1878
f 1780 1878 1781
f 1781 1878 1879
f 1781 1879 1782
f 1782 1879 1880
f 1782 1880 1783
f 1783 1880 1881
f 1783 1881 1784
f 1784 1881 1882
f 1784 1882 1785
f 1785 1882 1883
f 1785 1883 1786
f 1786 1883 1884
f 1786 1884 1787
f 1787 1884 1885
f 1787 1885 1788
f 1788 1885 1886
f 1788 1886 1789
f 1789 1886 1887
f 1789 1887 1790
f 1790 1887 1888
f 1790 1888 1791
f 1791 1888 1889
f 1791 1889 1792
f 1792 1889 1890
f 1792 1890 1793
f 1793 1890 1891
f 1793 1891 1794
f 1794 1891 1892
f 1794 1892 1795
f 1795 1892 1893
f 1795 1893 1796
f 1796 1893 1894
f 1796 1894 1797
f 1797 1894 1895
f 1797 1895 1798
f 1798 1895 1896
f 1798 1896 1799
f 1799 1896 1897
f 1799 1897 1800
f 1800 1897 1898
f 1800 1898 1801
f 1801 1898 1899
f 1801 1899 1802
f 1802 1899 1900
f 1802 1900 1803
f 1803 1900 1901
f 1803 1901 1804
f 1804 1901 1902
f 1804 1902 1805
f 1805 1902 1903
f 1805 1903 1806
f 1806 1903 1904
f 1806 1904 1807
f 1807 1904 1905
f 1807 1905 1808
f 1808 1905 1906
f 1808 1906 1809
f 1809 1906 1907
f 1809 1907 1810
f 1810 1907 1908
f 1810 1908 1811
f 1811 1908 1909
f 1811 1909 1812
f 1812 1909 1910
f 1812 1910 1813
f 1813 1910 1911
f 1813 1911 1814
f 1814 1911 1912
f 1814 1912 1815
f 1815 1912 1913
f 1815 1913 1816
f 1816 1913 1914
f 1816 1914 1817
f 1817 1914 1915
f 1817 1915 1818
f 1818 1915 1916
f 1818 1916 1819
f 1819 1916 1917
f 1819 1917 1820
f 1820 1917 1918
f 1820 1918 1821
f 1821 1918 1919
f 1821 1919 1822
f 1822 1919 1920
f 1822 1920 1823
f 1823 1920 1921
f 1823 1921 1824
f 1824 1921 1922
f 1824 1922 1825
f 1825 1922 1923
f 1825 1923 1826
f 1826 1923 1924
f 1826 1924 1827
f 1827 1924 1925
f 1827 1925 1828
f 1828 1925 1926
f 1828 1926 1829
f 1829 1926 1927
f 1829 1927 1830
f 1830 1927 1928
f 1830 1928 1831
f 1831 1928 1929
f 1831 1929 1832
f 1832 1929 1930
f 1832 1930 1833
f 1833 1930 1931
f 1833 1931 1834
f 1834 1931 1932
f 1834 1932 1835
f 1835 1932 1933
f 1835 1933 1836
f 1836 1933 1934
f 1836 1934 1837
f 1837 1934 1935
f 1837 1935 1838
f 1838 1935 1936
f 1838 1936 1839
f 1839 1936 1937
f 1839 1937 1840
f 1840 1937 1938
f 1840 1938 1841
f 1841 1938 1939
f 1841 1939 1842
f 1842 1939 1940
f 1842 1940 1843
f 1844 1941 1942
f 1844 1942 1845
f 1845 1942 1943
f 1845 1943 1846
f 1846 1943 1944
f 1846 1944 1847
f 1847 1944 1945
f 1847 1945 1848
f 1848 1945 1946
f 1848 1946 1849
f 1849 1946 1947
f 1849 1947 1850
f 1850 1947 1948
f 1850 1948 1851
f 1851 1948 1949
f 1851 1949 1852
f 1852 1949 1950
f 1852 1950 1853
f 1853 1950 1951
f 1853 1951 1854
f 1854 1951 1952
f 1854 1952 1855
f 1855 1952 1953
f 1855 1953 1856
f 1856 1953 1954
f 1856 1954 1857
f 1857 1954 1955
f 1857 1955 1858
f 1858 1955 1956
f 1858 1956 1859
f 1859 1956 1957
f 1859 1957 1860
f 1860 1957 1958
f 1860 1958 1861
f 1861 1958 1959
f 1861 1959 1862
f 1862 1959 1960
f 1862 1960 1863
f 1863 1960 1961
f 1863 1961 1864
f 1864 1961 1962
f 1864 1962 1865
f 1865 1962 1963
f 1865 1963 1866
f 1866 1963 1964
f 1866 1964 1867
f 1867 1964 1965
f 1867 1965 1868
f 1868 1965 1966
f 1868 1966 1869
f 1869 1966 1967
f 1869 1967 1870
f 1870 1967 1968
f 1870 1968 1871
f 1871 1968 1969
f 1871 1969 1872
f 1872 1969 1970
f 1872 1970 1873
f 1873 1970 1971
f 1873 1971 1874
f 1874 1971 1972
f 1874 1972 1875
f 1875 1972 1973
f 1875 1973 1876
f 1876 1973 1974
f 1876 1974 1877
f 1877 1974 1975
f 1877 1975 1878
f 1878 1975 1976
f 1878 1976 1879
f 1879 1976 1977
f 1879 1977 1880
f 1880 1977 1978
f 1880 1978 1881
f 1881 1978 1979
f 1881 1979 1882
f 1882 1979 1980
f 1882 1980 1883
f 1883 1980 1981
f 1883 1981 1884
f 1884 1981 1982
f 1884 1982 1885
f 1885 1982 1983
f 1885 1983 1886
f 1886 1983 1984
f 1886 1984 1887
f 1887 1984 1985
f 1887 1985 1888
f 1888 1985 1986
f 1888 1986 1889
f 1889 1986 1987
f 1889 1987 1890
f 1890 1987 1988
f 1890 1988 1891
f 1891 1988 1989
f 1891 1989 1892
f 1892 1989 1990
f 1892 1990 1893
f 1893 1990 1991
f 1893 1991 1894
f 1894 1991 1992
f 1894 1992 1895
f 1895 1992 1993
f 1895 1993 1896
f 1896 1993 1994
f 1896 1994 1897
f 1897 1994 1995
f 1897 1995 1898
f 1898 1995 1996
f 1898 1996 1899
f 1899 1996 1997
f 1899 1997 1900
f 1900 1997 1998
f 1900 1998 1901
f 1901 1998 1999
f 1901 1999 1902
f 1902 1999 2000
f 1902 2000 1903
f 1903 2000 2001
f 1903 2001 1904
f 1904 2001 2002
f 1904 2002 1905
f 1905 2002 2003
f 1905 2003 1906
f 1906 2003 2004
f 1906 2004 1907
f 1907 2004 2005
f 1907 2005 1908
f 1908 2005 2006
f 1908 2006 1909
f 1909 2006 2007
f 1909 2007 1910
f 1910 2007 2008
f 1910 2008 1911
f 1911 2008 2009
f 1911 2009 1912
f 1912 2009 2010
f 1912 2010 1913
f 1913 2010 2011
f 1913 2011 1914
f 1914 2011 2012
f 1914 2012 1915
f 1915 2012 2013
f 1915 2013 1916
f 1916 2013 2014
f 1916 2014 1917
f 1917 2014 2015
f 1917 2015 1918
f 1918 2015 2016
f 1918 2016 1919
f 1919 2016 2017
f 1919 2017 1920
f 1920 2017 2018
f 1920 2018 1921
f 1921 2018 2019
f 1921 2019 1922
f 1922 2019 2020
f 1922 2020 1923
f 1923 2020 2021
f 1923 2021 1924
f 1924 2021 2022
f 1924 2022 1925
f 1925 2022 2023
f 1925 2023 1926
f 1926 2023 2024
f 1926 2024 1927
f 1927 2024 2025
f 1927 2025 1928
f 1928 2025 2026
f 1928 2026 1929
f 1929 2026 2027
f 1929 2027 1930
f 1930 2027 2028
f 1930 2028 1931
f 1931 2028 2029
f 1931 2029 1932
f 1932 2029 2030
f 1932 2030 1933
f 1933 2030 2031
f 1933 2031 1934
f 1934 2031 2032
f 1934 2032 1935
f 1935 2032 2033
f 1935 2033 1936
f 1936 2033 2034
f 1936 2034 1937
f 1937 2034 2035
f 1937 2035 1938
f 1938 2035 2036
f 1938 2036 1939
f 1939 2036 2037
f 1939 2037 1940
f 1941 2038 2039
f 1941 2039 1942
f 1942 2039 2040
f 1942 2040 1943
f 1943 2040 2041
f 1943 2041 1944
f 1944 2041 2042
f 1944 2042 1945
f 1945 2042 2043
f 1945 2043 1946
f 1946 2043 2044
f 1946 2044 1947
f 1947 2044 2045
f 1947 2045 1948
f 1948 2045 2046
f 1948 2046 1949
f 1949 2046 2047
f 1949 2047 1950
f 1950 2047 2048
f 1950 2048 1951
f 1951 2048 2049
f 1951 2049 1952
f 1952 2049 2050
f 1952 2050 1953
f 1953 2050 2051
f 1953 2051 1954
f 1954 2051 2052
f 1954 2052 1955
f 1955 2052 2053
f 1955 2053 1956
f 1956 2053 2054
f 1956 2054 1957
f 1957 2054 2055
f 1957 2055 1958
f 1958 2055 2056
f 1958 2056 1959
f 1959 2056 2057
f 1959 2057 1960
f 1960 2057 2058
f 1960 2058 1961
f 1961 2058 2059
f 1961 2059 1962
f 1962 2059 2060
f 1962 2060 1963
f 1963 2060 2061
f 1963 2061 1964
f 1964 2061 2062
f 1964 2062 1965
f 1965 2062 2063
f 1965 2063 1966
f 1966 2063 2064
f 1966 2064 1967
f 1967 2064 2065
f 1967 2065 1968
f 1968 2065 2066
f 1968 2066 1969
f 1969 2066 2067
f 1969 2067 1970
f 1970 2067 2068
f 1970 2068 1971
f 1971 2068 2069
f 1971 2069 1972
f 1972 2069 2070
f 1972 2070 1973
f 1973 2070 2071
f 1973 2071 1974
f 1974 2071 2072
f 1974 2072 1975
f 1975 2072 2073
f 1975 2073 1976
f 1976 2073 2074
f 1976 2074 1977
f 1977 2074 2075
f 1977 2075 1978
f 1978 2075 2076
f 1978 2076 1979
f 1979 2076 2077
f 1979 2077 1980
f 1980 2077 2078
f 1980 2078 1981
f 1981 2078 2079
f 1981 2079 1982
f 1982 2079 2080
f 1982 2080 1983
f 1983 2080 2081
f 1983 2081 1984
f 1984 2081 2082
f 1984 2082 1985
f 1985 2082 2083
f 1985 2083 1986
f 1986 2083 2084
f 1986 2084 1987
f 1987 2084 2085
f 1987 2085 1988
f 1988 2085 2086
f 1988 2086 1989
f 1989 2086 2087
f 1989 2087 1990
f 1990 2087 2088
f 1990 2088 1991
f 1991 2088 2089
f 1991 2089 1992
f 1992 2089 2090
f 1992 2090 1993
f 1993 2090 2091
f 1993 2091 1994
f 1994 2091 2092
f 1994 2092 1995
f 1995 2092 2093
f 1995 2093 1996
f 1996 2093 2094
f 1996 2094 1997
f 1997 2094 2095
f 1997 2095 1998
f 1998 2095 2096
f 1998 2096 1999
f 1999 2096 2097
f 1999 2097 2000
f 2000 2097 2098
f 2000 2098 2001
f 2001 2098 2099
f 2001 2099 2002
f 2002 2099 2100
f 2002 2100 2003
f 2003 2100 2101
f 2003 2101 2004
f 2004 2101 2102
f 2004 2102 2005
f 2005 2102 2103
f 2005 2103 2006
f 2006 2103 2104
f 2006 2104 2007
f 2007 2104 2105
f 2007 2105 2008
f 2008 2105 2106
f 2008 2106 2009
f 2009 2106 2107
f 2009 2107 2010
f 2010 2107 2108
f 2010 2108 2011
f 2011 2108 2109
f 2011 2109 2012
f 2012 2109 2110
f 2012 2110 2013
f 2013 2110 2111
f 2013 2111 2014
f 2014 2111 2112
f 2014 2112 2015
f 2015 2112 2113
f 2015 2113 2016
f 2016 2113 2114
f 2016 2114 2017
f 2017 2114 2115
f 2017 2115 2018
f 2018 2115 2116
f 2018 2116 2019
f 2019 2116 2117
f 2019 2117 2020
f 2020 2117 2118
f 2020 2118 2021
f 2021 2118 2119
f 2021 2119 2022
f 2022 2119 2120
f 2022 2120 2023
f 2023 2120 2121
f 2023 2121 2024
f 2024 2121 2122
f 2024 2122 2025
f 2025 2122 2123
f 2025 2123 2026
f 2026 2123 2124
f 2026 2124 2027
f 2027 2124 2125
f 2027 2125 2028
f 2028 2125 2126
f 2028 2126 2029
f 2029 2126 2127
f 2029 2127 2030
f 2030 2127 2128
f 2030 2128 2031
f 2031 2128 2129
f 2031 2129 2032
f 2032 2129 2130
f 2032 2130 2033
f 2033 2130 2131
f 2033 2131 2034
f 2034 2131 2132
f 2034 2132 2035
f 2035 2132 2133
f 2035 2133 2036
f 2036 2133 2134
f 2036 2134 2037
f 2038 2135 2136
f 2038 2136 2039
f 2039 2136 2137
f 2039 2137 2040
f 2040 2137 2138
f 2040 2138 2041
f 2041 2138 2139
f 2041 2139 2042
f 2042 2139 2140
f 2042 2140 2043
f 2043 2140 2141
f 2043 2141 2044
f 2044 2141 2142
f 2044 2142 2045
f 2045 2142 2143
f 2045 2143 2046
f 2046 2143 2144
f 2046 2144 2047
f 2047 2144 2145
f 2047 2145 2048
f 2048 2145 2146
f 2048 2146 2049
f 2049 2146 2147
f 2049 2147 2050
f 2050 2147 2148
f 2050 2148 2051
f 2051 2148 2149
f 2051 2149 2052
f 2052 2149 2150
f 2052 2150 2053
f 2053 2150 2151
f 2053 2151 2054
f 2054 2151 2152
f 2054 2152 2055
f 2055 2152 2153
f 2055 2153 2056
f 2056 2153 2154
f 2056 2154 2057
f 2057 2154 2155
f 2057 2155 2058
f 2058 2155 2156
f 2058 2156 2059
f 2059 2156 2157
f 2059 2157 2060
f 2060 2157 2158
f 2060 2158 2061
f 2061 2158 2159
f 2061 2159 2062
f 2062 2159 2160
f 2062 2160 2063
f 2063 2160 2161
f 2063 2161 2064
f 2064 2161 2162
f 2064 2162 2065
f 2065 2162 2163
f 2065 2163 2066
f 2066 2163 2164
f 2066 2164 2067
f 2067 2164 2165
f 2067 2165 2068
f 2068 2165 2166
f 2068 2166 2069
f 2069 2166 2167
f 2069 2167 2070
f 2070 2167 2168
f 2070 2168 2071
f 2071 2168 2169
f 2071 2169 2072
f 2072 2169 2170
f 2072 2170 2073
f 2073 2170 2171
f 2073 2171 2074
f 2074 2171 2172
f 2074 2172 2075
f 2075 2172 2173
f 2075 2173 2076
f 2076 2173 2174
f 2076 2174 2077
f 2077 2174 2175
f 2077 2175 2078
f 2078 2175 2176
f 2078 2176 2079
f 2079 2176 2177
f 2079 2177 2080
f 2080 2177 2178
f 2080 2178 2081
f 2081 2178 2179
f 2081 2179 2082
f 2082 2179 2180
f 2082 2180 2083
f 2083 2180 2181
f 2083 2181 2084
f 2084 2181 2182
f 2084 2182 2085
f 2085 2182 2183
f 2085 2183 2086
f 2086 2183 2184
f 2086 2184 2087
f 2087 2184 2185
f 2087 2185 2088
f 2088 2185 2186
f 2088 2186 2089
f 2089 2186 2187
f 2089 2187 2090
f 2090 2187 2188
f 2090 2188 2091
f 2091 2188 2189
f 2091 2189 2092
f 2092 2189 2190
f 2092 2190 2093
f 2093 2190 2191
f 2093 2191 2094
f 2094 2191 2192
f 2094 2192 2095
f 2095 2192 2193
f 2095 2193 2096
f 2096 2193 2194
f 2096 2194 2097
f 2097 2194 2195
f 2097 2195 2098
f 2098 2195 2196
f 2098 2196 2099
f 2099 2196 2197
f 2099 2197 2100
f 2100 2197 2198
f 2100 2198 2101
f 2101 2198 2199
f 2101 2199 2102
f 2102 2199 2200
f 2102 2200 2103
f 2103 2200 2201
f 2103 2201 2104
f 2104 2201 2202
f 2104 2202 2105
f 2105 2202 2203
f 2105 2203 2106
f 2106 2203 2204
f 2106 2204 2107
f 2107 2204 2205
f 2107 2205 2108
f 2108 2205 2206
f 2108 2206 2109
f 2109 2206 2207
f 2109 2207 2110
f 2110 2207 2208
f 2110 2208 2111
f 2111 2208 2209
f 2111 2209 2112
f 2112 2209 2210
f 2112 2210 2113
f 2113 2210 2211
f 2113 2211 2114
f 2114 2211 2212
f 2114 2212 2115
f 2115 2212 2213
f 2115 2213 2116
f 2116 2213 2214
f 2116 2214 2117
f 2117 2214 2215
f 2117 2215 2118
f 2118 2215 2216
f 2118 2216 2119
f 2119 2216 2217
f 2119 2217 2120
f 2120 2217 2218
f 2120 2218 2121
f 2121 2218 2219
f 2121 2219 2122
f 2122 2219 2220
f 2122 2220 2123
f 2123 2220 2221
f 2123 2221 2124
f 2124 2221 2222
f 2124 2222 2125
f 2125 2222 2223
f 2125 2223 2126
f 2126 2223 2224
f 2126 2224 2127
f 2127 2224 2225
f 2127 2225 2128
f 2128 2225 2226
f 2128 2226 2129
f 2129 2226 2227
f 2129 2227 2130
f 2130 2227 2228
f 2130 2228 2131
f 2131 2228 2229
f 2131 2229 2132
f 2132 2229 2230
f 2132 2230 2133
f 2133 2230 2231
f 2133 2231 2134
f 2135 2232 2233
f 2135 2233 2136
f 2136 2233 2234
f 2136 2234 2137
f 2137 2234 2235
f 2137 2235 2138
f 2138 2235 2236
f 2138 2236 2139
f 2139 2236 2237
f 2139 2237 2140
f 2140 2237 2238
f 2140 2238 2141
f 2141 2238 2239
f 2141 2239 2142
f 2142 2239 2240
f 2142 2240 2143
f 2143 2240 2241
f 2143 2241 2144
f 2144 2241 2242
f 2144 2242 2145
f 2145 2242 2243
f 2145 2243 2146
f 2146 2243 2244
f 2146 2244 2147
f 2147 2244 2245
f 2147 2245 2148
f 2148 2245 2246
f 2148 2246 2149
f 2149 2246 2247
f 2149 2247 2150
f 2150 2247 2248
f 2150 2248 2151
f 2151 2248 2249
f 2151 2249 2152
f 2152 2249 2250
f 2152 2250 2153
f 2153 2250 2251
f 2153 2251 2154
f 2154 2251 2252
f 2154 2252 2155
f 2155 2252 2253
f 2155 2253 2156
f 2156 2253 2254
f 2156 2254 2157
f 2157 2254 2255
f 2157 2255 2158
f 2158 2255 2256
f 2158 2256 2159
f 2159 2256 2257
f 2159 2257 2160
f 2160 2257 2258
f 2160 2258 2161
f 2161 2258 2259
f 2161 2259 2162
f 2162 2259 2260
f 2162 2260 2163
f 2163 2260 2261
f 2163 2261 2164
f 2164 2261 2262
f 2164 2262 2165
f 2165 2262 2263
f 2165 2263 2166
f 2166 2263 2264
f 2166 2264 2167
f 2167 2264 2265
f 2167 2265 2168
f 2168 2265 2266
f 2168 2266 2169
f 2169 2266 2267
f 2169 2267 2170
f 2170 2267 2268
f 2170 2268 2171
f 2171 2268 2269
f 2171 2269 2172
f 2172 2269 2270
f 2172 2270 2173
f 2173 2270 2271
f 2173 2271 2174
f 2174 2271 2272
f 2174 2272 2175
f 2175 2272 2273
f 2175 2273 2176
f 2176 2273 2274
f 2176 2274 2177
f 2177 2274 2275
f 2177 2275 2178
f 2178 2275 2276
f 2178 2276 2179
f 2179 2276 2277
f 2179 2277 2180
f 2180 2277 2278
f 2180 2278 2181
f 2181 2278 2279
f 2181 2279 2182
f 2182 2279 2280
f 2182 2280 2183
f 2183 2280 2281
f 2183 2281 2184
f 2184 2281 2282
f 2184 2282 2185
f 2185 2282 2283
f 2185 2283 2186
f 2186 2283 2284
f 2186 2284 2187
f 2187 2284 2285
f 2187 2285 2188
f 2188 2285 2286
f 2188 2286 2189
f 2189 2286 2287
f 2189 2287 2190
f 2190 2287 2288
f 2190 2288 2191
f 2191 2288 2289
f 2191 2289 2192
f 2192 2289 2290
f 2192 2290 2193
f 2193 2290 2291
f 2193 2291 2194
f 2194 2291 2292
f 2194 2292 2195
f 2195 2292 2293
f 2195 2293 2196
f 2196 2293 2294
f 2196 2294 2197
f 2197 2294 2295
f 2197 2295 2198
f 2198 2295 2296
f 2198 2296 2199
f 2199 2296 2297
f 2199 2297 2200
f 2200 2297 2298
f 2200 2298 2201
f 2201 2298 2299
f 2201 2299 2202
f 2202 2299 2300
f 2202 2300 2203
f 2203 2300 2301
f 2203 2301 2204
f 2204 2301 2302
f 2204 2302 2205
f 2205 2302 2303
f 2205 2303 2206
f 2206 2303 2304
f 2206 2304 2207
f 2207 2304 2305
f 2207 2305 2208
f 2208 2305 2306
f 2208 2306 2209
f 2209 2306 2307
f 2209 2307 2210
f 2210 2307 2308
f 2210 2308 2211
f 2211 2308 2309
f 2211 2309 2212
f 2212 2309 2310
f 2212 2310 2213
f 2213 2310 2311
f 2213 2311 2214
f 2214 2311 2312
f 2214 2312 2215
f 2215 2312 2313
f 2215 2313 2216
f 2216 2313 2314
f 2216 2314 2217
f 2217 2314 2315
f 2217 2315 2218
f 2218 2315 2316
f 2218 2316 2219
f 2219 2316 2317
f 2219 2317 2220
f 2220 2317 2318
f 2220 2318 2221
f 2221 2318 2319
f 2221 2319 2222
f 2222 2319 2320
f 2222 2320 2223
f 2223 2320 2321
f 2223 2321 2224
f 2224 2321 2322
f 2224 2322 2225
f 2225 2322 2323
f 2225 2323 2226
f 2226 2323 2324
f 2226 2324 2227
f 2227 2324 2325
f 2227 2325 2228
f 2228 2325 2326
f 2228 2326 2229
f 2229 2326 2327
f 2229 2327 2230
f 2230 2327 2328
f 2230 2328 2231
f 2232 2329 2330
f 2232 2330 2233
f 2233 2330 2331
f 2233 2331 2234
f 2234 2331 2332
f 2234 2332 2235
f 2235 2332 2333
f 2235 2333 2236
f 2236 2333 2334
f 2236 2334 2237
f 2237 2334 2335
f 2237 2335 2238
f 2238 2335 2336
f 2238 2336 2239
f 2239 2336 2337
f 2239 2337 2240
f 2240 2337 2338
f 2240 2338 2241
f 2241 2338 2339
f 2241 2339 2242
f 2242 2339 2340
f 2242 2340 2243
f 2243 2340 2341
f 2243 2341 2244
f 2244 2341 2342
f 2244 2342 2245
f 2245 2342 2343
f 2245 2343 2246
f 2246 2343 2344
f 2246 2344 2247
f 2247 2344 2345
f 2247 2345 2248
f 2248 2345 2346
f 2248 2346 2249
f 2249 2346 2347
f 2249 2347 2250
f 2250 2347 2348
f 2250 2348 2251
f 2251 2348 2349
f 2251 2349 2252
f 2252 2349 2350
f 2252 2350 2253
f 2253 2350 2351
f 2253 2351 2254
f 2254 2351 2352
f 2254 2352 2255
f 2255 2352 2353
f 2255 2353 2256
f 2256 2353 2354
f 2256 2354 2257
f 2257 2354 2355
f 2257 2355 2258
f 2258 2355 2356
f 2258 2356 2259
f 2259 2356 2357
f 2259 2357 2260
f 2260 2357 2358
f 2260 2358 2261
f 2261 2358 2359
f 2261 2359 2262
f 2262 2359 2360
f 2262 2360 2263
f 2263 2360 2361
f 2263 2361 2264
f 2264 2361 2362
f 2264 2362 2265
f 2265 2362 2363
f 2265 2363 2266
f 2266 2363 2364
f 2266 2364 2267
f 2267 2364 2365
f 2267 2365 2268
f 2268 2365 2366
f 2268 2366 2269
f 2269 2366 2367
f 2269 2367 2270
f 2270 2367 2368
f 2270 2368 2271
f 2271 2368 2369
f 2271 2369 2272
f 2272 2369 2370
f 2272 2370 2273
f 2273 2370 2371
f 2273 2371 2274
f 2274 2371 2372
f 2274 2372 2275
f 2275 2372 2373
f 2275 2373 2276
f 2276 2373 2374
f 2276 2374 2277
f 2277 2374 2375
f 2277 2375 2278
f 2278 2375 2376
f 2278 2376 2279
f 2279 2376 2377
f 2279 2377 2280
f 2280 2377 2378
f 2280 2378 2281
f 2281 2378 2379
f 2281 2379 2282
f 2282 2379 2380
f 2282 2380 2283
f 2283 2380 2381
f 2283 2381 2284
f 2284 2381 2382
f 2284 2382 2285
f 2285 2382 2383
f 2285 2383 2286
f 2286 2383 2384
f 2286 2384 2287
f 2287 2384 2385
f 2287 2385 2288
f 2288 2385 2386
f 2288 2386 2289
f 2289 2386 2387
f 2289 2387 2290
f 2290 2387 2388
f 2290 2388 2291
f 2291 2388 2389
f 2291 2389 2292
f 2292 2389 2390
f 2292 2390 2293
f 2293 2390 2391
f 2293 2391 2294
f 2294 2391 2392
f 2294 2392 2295
f 2295 2392 2393
f 2295 2393 2296
f 2296 2393 2394
f 2296 2394 2297
f 2297 2394 2395
f 2297 2395 2298
f 2298 2395 2396
f 2298 2396 2299
f 2299 2396 2397
f 2299 2397 2300
f 2300 2397 2398
f 2300 2398 2301
f 2301 2398 2399
f 2301 2399 2302
f 2302 2399 2400
f 2302 2400 2303
f 2303 2400 2401
f 2303 2401 2304
f 2304 2401 2402
f 2304 2402 2305
f 2305 2402 2403
f 2305 2403 2306
f 2306 2403 2404
f 2306 2404 2307
f 2307 2404 2405
f 2307 2405 2308
f 2308 2405 2406
f 2308 2406 2309
f 2309 2406 2407
f 2309 2407 2310
f 2310 2407 2408
f 2310 2408 2311
f 2311 2408 2409
f 2311 2409 2312
f 2312 2409 2410
f 2312 2410 2313
f 2313 2410 2411
f 2313 2411 2314
f 2314 2411 2412
f 2314 2412 2315
f 2315 2412 2413
f 2315 2413 2316
f 2316 2413 2414
f 2316 2414 2317
f 2317 2414 2415
f 2317 2415 2318
f 2318 2415 2416
f 2318 2416 2319
f 2319 2416 2417
f 2319 2417 2320
f 2320 2417 2418
f 2320 2418 2321
f 2321 2418 2419
f 2321 2419 2322
f 2322 2419 2420
f 2322 2420 2323
f 2323 2420 2421
f 2323 2421 2324
f 2324 2421 2422
f 2324 2422 2325
f 2325 2422 2423
f 2325 2423 2326
f 2326 2423 2424
f 2326 2424 2327
f 2327 2424 2425
f 2327 2425 2328
f 2329 2426 2427
f 2329 2427 2330
f 2330 2427 2428
f 2330 2428 2331
f 2331 2428 2429
f 2331 2429 2332
f 2332 2429 2430
f 2332 2430 2333
f 2333 2430 2431
f 2333 2431 2334
f 2334 2431 2432
f 2334 2432 2335
f 2335 2432 2433
f 2335 2433 2336
f 2336 2433 2434
f 2336 2434 2337
f 2337 2434 2435
f 2337 2435 2338
f 2338 2435 2436
f 2338 2436 2339
f 2339 2436 2437
f 2339 2437 2340
f 2340 2437 2438
f 2340 2438 2341
f 2341 2438 2439
f 2341 2439 2342
f 2342 2439 2440
f 2342 2440 2343
f 2343 2440 2441
f 2343 2441 2344
f 2344 2441 2442
f 2344 2442 2345
f 2345 2442 2443
f 2345 2443 2346
f 2346 2443 2444
f 2346 2444 2347
f 2347 2444 2445
f 2347 2445 2348
f 2348 2445 2446
f 2348 2446 2349
f 2349 2446 2447
f 2349 2447 2350
f 2350 2447 2448
f 2350 2448 2351
f 2351 2448 2449
f 2351 2449 2352
f 2352 2449 2450
f 2352 2450 2353
f 2353 2450 2451
f 2353 2451 2354
f 2354 2451 2452
f 2354 2452 2355
f 2355 2452 2453
f 2355 2453 2356
f 2356 2453 2454
f 2356 2454 2357
f 2357 2454 2455
f 2357 2455 2358
f 2358 2455 2456
f 2358 2456 2359
f 2359 2456 2457
f 2359 2457 2360
f 2360 2457 2458
f 2360 2458 2361
f 2361 2458 2459
f 2361 2459 2362
f 2362 2459 2460
f 2362 2460 2363
f 2363 2460 2461
f 2363 2461 2364
f 2364 2461 2462
f 2364 2462 2365
f 2365 2462 2463
f 2365 2463 2366
f 2366 2463 2464
f 2366 2464 2367
f 2367 2464 2465
f 2367 2465 2368
f 2368 2465 2466
f 2368 2466 2369
f 2369 2466 2467
f 2369 2467 2370
f 2370 2467 2468
f 2370 2468 2371
f 2371 2468 2469
f 2371 2469 2372
f 2372 2469 2470
f 2372 2470 2373
f 2373 2470 2471
f 2373 2471 2374
f 2374 2471 2472
f 2374 2472 2375
f 2375 2472 2473
f 2375 2473 2376
f 2376 2473 2474
f 2376 2474 2377
f 2377 2474 2475
f 2377 2475 2378
f 2378 2475 2476
f 2378 2476 2379
f 2379 2476 2477
f 2379 2477 2380
f 2380 2477 2478
f 2380 2478 2381
f 2381 2478 2479
f 2381 2479 2382
f 2382 2479 2480
f 2382 2480 2383
f 2383 2480 2481
f 2383 2481 2384
f 2384 2481 2482
f 2384 2482 2385
f 2385 2482 2483
f 2385 2483 2386
f 2386 2483 2484
f 2386 2484 2387
f 2387 2484 2485
f 2387 2485 2388
f 2388 2485 2486
f 2388 2486 2389
f 2389 2486 2487
f 2389 2487 2390
f 2390 2487 2488
f 2390 2488 2391
f 2391 2488 2489
f 2391 2489 2392
f 2392 2489 2490
f 2392 2490 2393
f 2393 2490 2491
f 2393 2491 2394
f 2394 2491 2492
f 2394 2492 2395
f 2395 2492 2493
f 2395 2493 2396
f 2396 2493 2494
f 2396 2494 2397
f 2397 2494 2495
f 2397 2495 2398
f 2398 2495 2496
f 2398 2496 2399
f 2399 2496 2497
f 2399 2497 2400
f 2400 2497 2498
f 2400 2498 2401
f 2401 2498 2499
f 2401 2499 2402
f 2402 2499 2500
f 2402 2500 2403
f 2403 2500 2501
f 2403 2501 2404
f 2404 2501 2502
f 2404 2502 2405
f 2405 2502 2503
f 2405 2503 2406
f 2406 2503 2504
f 2406 2504 2407
f 2407 2504 2505
f 2407 2505 2408
f 2408 2505 2506
f 2408 2506 2409
f 2409 2506 2507
f 2409 2507 2410
f 2410 2507 2508
f 2410 2508 2411
f 2411 2508 2509
f 2411 2509 2412
f 2412 2509 2510
f 2412 2510 2413
f 2413 2510 2511
f 2413 2511 2414
f 2414 2511 2512
f 2414 2512 2415
f 2415 2512 2513
f 2415 2513 2416
f 2416 2513 2514
f 2416 2514 2417
f 2417 2514 2515
f 2417 2515 2418
f 2418 2515 2516
f 2418 2516 2419
f 2419 2516 2517
f 2419 2517 2420
f 2420 2517 2518
f 2420 2518 2421
f 2421 2518 2519
f 2421 2519 2422
f 2422 2519 2520
f 2422 2520 2423
f 2423 2520 2521
f 2423 2521 2424
f 2424 2521 2522
f 2424 2522 2425
f 2426 2523 2524
f 2426 2524 2427
f 2427 2524 2525
f 2427 2525 2428
f 2428 2525 2526
f 2428 2526 2429
f 2429 2526 2527
f 2429 2527 2430
f 2430 2527 2528
f 2430 2528 2431
f 2431 2528 2529
f 2431 2529 2432
f 2432 2529 2530
f 2432 2530 2433
f 2433 2530 2531
f 2433 2531 2434
f 2434 2531 2532
f 2434 2532 2435
f 2435 2532 2533
f 2435 2533 2436
f 2436 2533 2534
f 2436 2534 2437
f 2437 2534 2535
f 2437 2535 2438
f 2438 2535 2536
f 2438 2536 2439
f 2439 2536 2537
f 2439 2537 2440
f 2440 2537 2538
f 2440 2538 2441
f 2441 2538 2539
f 2441 2539 2442
f 2442 2539 2540
f 2442 2540 2443
f 2443 2540 2541
f 2443 2541 2444
f 2444 2541 2542
f 2444 2542 2445
f 2445 2542 2543
f 2445 2543 2446
f 2446 2543 2544
f 2446 2544 2447
f 2447 2544 2545
f 2447 2545 2448
f 2448 2545 2546
f 2448 2546 2449
f 2449 2546 2547
f 2449 2547 2450
f 2450 2547 2548
f 2450 2548 2451
f 2451 2548 2549
f 2451 2549 2452
f 2452 2549 2550
f 2452 2550 2453
f 2453 2550 2551
f 2453 2551 2454
f 2454 2551 2552
f 2454 2552 2455
f 2455 2552 2553
f 2455 2553 2456
f 2456 2553 2554
f 2456 2554 2457
f 2457 2554 2555
f 2457 2555 2458
f 2458 2555 2556
f 2458 2556 2459
f 2459 2556 2557
f 2459 2557 2460
f 2460 2557 2558
f 2460 2558 2461
f 2461 2558 2559
f 2461 2559 2462
f 2462 2559 2560
f 2462 2560 2463
f 2463 2560 2561
f 2463 2561 2464
f 2464 2561 2562
f 2464 2562 2465
f 2465 2562 2563
f 2465 2563 2466
f 2466 2563 2564
f 2466 2564 2467
f 2467 2564 2565
f 2467 2565 2468
f 2468 2565 2566
f 2468 2566 2469
f 2469 2566 2567
f 2469 2567 2470
f 2470 2567 2568
f 2470 2568 2471
f 2471 2568 2569
f 2471 2569 2472
f 2472 2569 2570
f 2472 2570 2473
f 2473 2570 2571
f 2473 2571 2474
f 2474 2571 2572
f 2474 2572 2475
f 2475 2572 2573
f 2475 2573 2476
f 2476 2573 2574
f 2476 2574 2477
f 2477 2574 2575
f 2477 2575 2478
f 2478 2575 2576
f 2478 2576 2479
f 2479 2576 2577
f 2479 2577 2480
f 2480 2577 2578
f 2480 2578 2481
f 2481 2578 2579
f 2481 2579 2482
f 2482 2579 2580
f 2482 2580 2483
f 2483 2580 2581
f 2483 2581 2484
f 2484 2581 2582
f 2484 2582 2485
f 2485 2582 2583
f 2485 2583 2486
f 2486 2583 2584
f 2486 2584 2487
f 2487 2584 2585
f 2487 2585 2488
f 2488 2585 2586
f 2488 2586 2489
f 2489 2586 2587
f 2489 2587 2490
f 2490 2587 2588
f 2490 2588 2491
f 2491 2588 2589
f 2491 2589 2492
f 2492 2589 2590
f 2492 2590 2493
f 2493 2590 2591
f 2493 2591 2494
f 2494 2591 2592
f 2494 2592 2495
f 2495 2592 2593
f 2495 2593 2496
f 2496 2593 2594
f 2496 2594 2497
f 2497 2594 2595
f 2497 2595 2498
f 2498 2595 2596
f 2498 2596 2499
f 2499 2596 2597
f 2499 2597 2500
f 2500 2597 2598
f 2500 2598 2501
f 2501 2598 2599
f 2501 2599 2502
f 2502 2599 2600
f 2502 2600 2503
f 2503 2600 2601
f 2503 2601 2504
f 2504 2601 2602
f 2504 2602 2505
f 2505 2602 2603
f 2505 2603 2506
f 2506 2603 2604
f 2506 2604 2507
f 2507 2604 2605
f 2507 2605 2508
f 2508 2605 2606
f 2508 2606 2509
f 2509 2606 2607
f 2509 2607 2510
f 2510 2607 2608
f 2510 2608 2511
f 2511 2608 2609
f 2511 2609 2512
f 2512 2609 2610
f 2512 2610 2513
f 2513 2610 2611
f 2513 2611 2514
f 2514 2611 2612
f 2514 2612 2515
f 2515 2612 2613
f 2515 2613 2516
f 2516 2613 2614
f 2516 2614 2517
f 2517 2614 2615
f 2517 2615 2518
f 2518 2615 2616
f 2518 2616 2519
f 2519 2616 2617
f 2519 2617 2520
f 2520 2617 2618
f 2520 2618 2521
f 2521 2618 2619
f 2521 2619 2522
f 2523 2620 2621
f 2523 2621 2524
f 2524 2621 2622
f 2524 2622 2525
f 2525 2622 2623
f 2525 2623 2526
f 2526 2623 2624
f 2526 2624 2527
f 2527 2624 2625
f 2527 2625 2528
f 2528 2625 2626
f 2528 2626 2529
f 2529 2626 2627
f 2529 2627 2530
f 2530 2627 2628
f 2530 2628 2531
f 2531 2628 2629
f 2531 2629 2532
f 2532 2629 2630
f 2532 2630 2533
f 2533 2630 2631
f 2533 2631 2534
f 2534 2631 2632
f 2534 2632 2535
f 2535 2632 2633
f 2535 2633 2536
f 2536 2633 2634
f 2536 2634 2537
f 2537 2634 2635
f 2537 2635 2538
f 2538 2635 2636
f 2538 2636 2539
f 2539 2636 2637
f 2539 2637 2540
f 2540 2637 2638
f 2540 2638 2541
f 2541 2638 2639
f 2541 2639 2542
f 2542 2639 2640
f 2542 2640 2543
f 2543 2640 2641
f 2543 2641 2544
f 2544 2641 2642
f 2544 2642 2545
f 2545 2642 2643
f 2545 2643 2546
f 2546 2643 2644
f 2546 2644 2547
f 2547 2644 2645
f 2547 2645 2548
f 2548 2645 2646
f 2548 2646 2549
f 2549 2646 2647
f 2549 2647 2550
f 2550 2647 2648
f 2550 2648 2551
f 2551 2648 2649
f 2551 2649 2552
f 2552 2649 2650
f 2552 2650 2553
f 2553 2650 2651
f 2553 2651 2554
f 2554 2651 2652
f 2554 2652 2555
f 2555 2652 2653
f 2555 2653 2556
f 2556 2653 2654
f 2556 2654 2557
f 2557 2654 2655
f 2557 2655 2558
f 2558 2655 2656
f 2558 2656 2559
f 2559 2656 2657
f 2559 2657 2560
f 2560 2657 2658
f 2560 2658 2561
f 2561 2658 2659
f 2561 2659 2562
f 2562 2659 2660
f 2562 2660 2563
f 2563 2660 2661
f 2563 2661 2564
f 2564 2661 2662
f 2564 2662 2565
f 2565 2662 2663
f 2565 2663 2566
f 2566 2663 2664
f 2566 2664 2567
f 2567 2664 2665
f 2567 2665 2568
f 2568 2665 2666
f 2568 2666 2569
f 2569 2666 2667
f 2569 2667 2570
f 2570 2667 2668
f 2570 2668 2571
f 2571 2668 2669
f 2571 2669 2572
f 2572 2669 2670
f 2572 2670 2573
f 2573 2670 2671
f 2573 2671 2574
f 2574 2671 2672
f 2574 2672 2575
f 2575 2672 2673
f 2575 2673 2576
f 2576 2673 2674
f 2576 2674 2577
f 2577 2674 2675
f 2577 2675 2578
f 2578 2675 2676
f 2578 2676 2579
f 2579 2676 2677
f 2579 2677 2580
f 2580 2677 2678
f 2580 2678 2581
f 2581 2678 2679
f 2581 2679 2582
f 2582 2679 2680
f 2582 2680 2583
f 2583 2680 2681
f 2583 2681 2584
f 2584 2681 2682
f 2584 2682 2585
f 2585 2682 2683
f 2585 2683 2586
f 2586 2683 2684
f 2586 2684 2587
f 2587 2684 2685
f 2587 2685 2588
f 2588 2685 2686
f 2588 2686 2589
f 2589 2686 2687
f 2589 2687 2590
f 2590 2687 2688
f 2590 2688 2591
f 2591 2688 2689
f 2591 2689 2592
f 2592 2689 2690
f 2592 2690 2593
f 2593 2690 2691
f 2593 2691 2594
f 2594 2691 2692
f 2594 2692 2595
f 2595 2692 2693
f 2595 2693 2596
f 2596 2693 2694
f 2596 2694 2597
f 2597 2694 2695
f 2597 2695 2598
f 2598 2695 2696
f 2598 2696 2599
f 2599 2696 2697
f 2599 2697 2600
f 2600 2697 2698
f 2600 2698 2601
f 2601 2698 2699
f 2601 2699 2602
f 2602 2699 2700
f 2602 2700 2603
f 2603 2700 2701
f 2603 2701 2604
f 2604 2701 2702
f 2604 2702 2605
f 2605 2702 2703
f 2605 2703 2606
f 2606 2703 2704
f 2606 2704 2607
f 2607 2704 2705
f 2607 2705 2608
f 2608 2705 2706
f 2608 2706 2609
f 2609 2706 2707
f 2609 2707 2610
f 2610 2707 2708
f 2610 2708 2611
f 2611 2708 2709
f 2611 2709 2612
f 2612 2709 2710
f 2612 2710 2613
f 2613 2710 2711
f 2613 2711 2614
f 2614 2711 2712
f 2614 2712 2615
f 2615 2712 2713
f 2615 2713 2616
f 2616 2713 2714
f 2616 2714 2617
f 2617 2714 2715
f 2617 2715 2618
f 2618 2715 2716
f 2618 2716 2619
f 2620 2717 2718
f 2620 2718 2621
f 2621 2718 2719
f 2621 2719 2622
f 2622 2719 2720
f 2622 2720 2623
f 2623 2720 2721
f 2623 2721 2624
f 2624 2721 2722
f 2624 2722 2625
f 2625 2722 2723
f 2625 2723 2626
f 2626 2723 2724
f 2626 2724 2627
f 2627 2724 2725
f 2627 2725 2628
f 2628 2725 2726
f 2628 2726 2629
f 2629 2726 2727
f 2629 2727 2630
f 2630 2727 2728
f 2630 2728 2631
f 2631 2728 2729
f 2631 2729 2632
f 2632 2729 2730
f 2632 2730 2633
f 2633 2730 2731
f 2633 2731 2634
f 2634 2731 2732
f 2634 2732 2635
f 2635 2732 2733
f 2635 2733 2636
f 2636 2733 2734
f 2636 2734 2637
f 2637 2734 2735
f 2637 2735 2638
f 2638 2735 2736
f 2638 2736 2639
f 2639 2736 2737
f 2639 2737 2640
f 2640 2737 2738
f 2640 2738 2641
f 2641 2738 2739
f 2641 2739 2642
f 2642 2739 2740
f 2642 2740 2643
f 2643 2740 2741
f 2643 2741 2644
f 2644 2741 2742
f 2644 2742 2645
f 2645 2742 2743
f 2645 2743 2646
f 2646 2743 2744
f 2646 2744 2647
f 2647 2744 2745
f 2647 2745 2648
f 2648 2745 2746
f 2648 2746 2649
f 2649 2746 2747
f 2649 2747 2650
f 2650 2747 2748
f 2650 2748 2651
f 2651 2748 2749
f 2651 2749 2652
f 2652 2749 2750
f 2652 2750 2653
f 2653 2750 2751
f 2653 2751 2654
f 2654 2751 2752
f 2654 2752 2655
f 2655 2752 2753
f 2655 2753 2656
f 2656 2753 2754
f 2656 2754 2657
f 2657 2754 2755
f 2657 2755 2658
f 2658 2755 2756
f 2658 2756 2659
f 2659 2756 2757
f 2659 2757 2660
f 2660 2757 2758
f 2660 2758 2661
f 2661 2758 2759
f 2661 2759 2662
f 2662 2759 2760
f 2662 2760 2663
f 2663 2760 2761
f 2663 2761 2664
f 2664 2761 2762
f 2664 2762 2665
f 2665 2762 2763
f 2665 2763 2666
f 2666 2763 2764
f 2666 2764 2667
f 2667 2764 2765
f 2667 2765 2668
f 2668 2765 2766
f 2668 2766 2669
f 2669 2766 2767
f 2669 2767 2670
f 2670 2767 2768
f 2670 2768 2671
f 2671 2768 2769
f 2671 2769 2672
f 2672 2769 2770
f 2672 2770 2673
f 2673 2770 2771
f 2673 2771 2674
f 2674 2771 2772
f 2674 2772 2675
f 2675 2772 2773
f 2675 2773 2676
f 2676 2773 2774
f 2676 2774 2677
f 2677 2774 2775
f 2677 2775 2678
f 2678 2775 2776
f 2678 2776 2679
f 2679 2776 2777
f 2679 2777 2680
f 2680 2777 2778
f 2680 2778 2681
f 2681 2778 2779
f 2681 2779 2682
f 2682 2779 2780
f 2682 2780 2683
f 2683 2780 2781
f 2683 2781 2684
f 2684 2781 2782
f 2684 2782 2685
f 2685 2782 2783
f 2685 2783 2686
f 2686 2783 2784
f 2686 2784 2687
f 2687 2784 2785
f 2687 2785 2688
f 2688 2785 2786
f 2688 2786 2689
f 2689 2786 2787
f 2689 2787 2690
f 2690 2787 2788
f 2690 2788 2691
f 2691 2788 2789
f 2691 2789 2692
f 2692 2789 2790
f 2692 2790 2693
f 2693 2790 2791
f 2693 2791 2694
f 2694 2791 2792
f 2694 2792 2695
f 2695 2792 2793
f 2695 2793 2696
f 2696 2793 2794
f 2696 2794 2697
f 2697 2794 2795
f 2697 2795 2698
f 2698 2795 2796
f 2698 2796 2699
f 2699 2796 2797
f 2699 2797 2700
f 2700 2797 2798
f 2700 2798 2701
f 2701 2798 2799
f 2701 2799 2702
f 2702 2799 2800
f 2702 2800 2703
f 2703 2800 2801
f 2703 2801 2704
f 2704 2801 2802
f 2704 2802 2705
f 2705 2802 2803
f 2705 2803 2706
f 2706 2803 2804
f 2706 2804 2707
f 2707 2804 2805
f 2707 2805 2708
f 2708 2805 2806
f 2708 2806 2709
f 2709 2806 2807
f 2709 2807 2710
f 2710 2807 2808
f 2710 2808 2711
f 2711 2808 2809
f 2711 2809 2712
f 2712 2809 2810
f 2712 2810 2713
f 2713 2810 2811
f 2713 2811 2714
f 2714 2811 2812
f 2714 2812 2715
f 2715 2812 2813
f 2715 2813 2716
f 2717 2814 2815
f 2717 2815 2718
f 2718 2815 2816
f 2718 2816 2719
f 2719 2816 2817
f 2719 2817 2720
f 2720 2817 2818
f 2720 2818 2721
f 2721 2818 2819
f 2721 2819 2722
f 2722 2819 2820
f 2722 2820 2723
f 2723 2820 2821
f 2723 2821 2724
f 2724 2821 2822
f 2724 2822 2725
f 2725 2822 2823
f 2725 2823 2726
f 2726 2823 2824
f 2726 2824 2727
f 2727 2824 2825
f 2727 2825 2728
f 2728 2825 2826
f 2728 2826 2729
f 2729 2826 2827
f 2729 2827 2730
f 2730 2827 2828
f 2730 2828 2731
f 2731 2828 2829
f 2731 2829 2732
f 2732 2829 2830
f 2732 2830 2733
f 2733 2830 2831
f 2733 2831 2734
f 2734 2831 2832
f 2734 2832 2735
f 2735 2832 2833
f 2735 2833 2736
f 2736 2833 2834
f 2736 2834 2737
f 2737 2834 2835
f 2737 2835 2738
f 2738 2835 2836
f 2738 2836 2739
f 2739 2836 2837
f 2739 2837 2740
f 2740 2837 2838
f 2740 2838 2741
f 2741 2838 2839
f 2741 2839 2742
f 2742 2839 2840
f 2742 2840 2743
f 2743 2840 2841
f 2743 2841 2744
f 2744 2841 2842
f 2744 2842 2745
f 2745 2842 2843
f 2745 2843 2746
f 2746 2843 2844
f 2746 2844 2747
f 2747 2844 2845
f 2747 2845 2748
f 2748 2845 2846
f 2748 2846 2749
f 2749 2846 2847
f 2749 2847 2750
f 2750 2847 2848
f 2750 2848 2751
f 2751 2848 2849
f 2751 2849 2752
f 2752 2849 2850
f 2752 2850 2753
f 2753 2850 2851
f 2753 2851 2754
f 2754 2851 2852
f 2754 2852 2755
f 2755 2852 2853
f 2755 2853 2756
f 2756 2853 2854
f 2756 2854 2757
f 2757 2854 2855
f 2757 2855 2758
f 2758 2855 2856
f 2758 2856 2759
f 2759 2856 2857
f 2759 2857 2760
f 2760 2857 2858
f 2760 2858 2761
f 2761 2858 2859
f 2761 2859 2762
f 2762 2859 2860
f 2762 2860 2763
f 2763 2860 2861
f 2763 2861 2764
f 2764 2861 2862
f 2764 2862 2765
f 2765 2862 2863
f 2765 2863 2766
f 2766 2863 2864
f 2766 2864 2767
f 2767 2864 2865
f 2767 2865 2768
f 2768 2865 2866
f 2768 2866 2769
f 2769 2866 2867
f 2769 2867 2770
f 2770 2867 2868
f 2770 2868 2771
f 2771 2868 2869
f 2771 2869 2772
f 2772 2869 2870
f 2772 2870 2773
f 2773 2870 2871
f 2773 2871 2774
f 2774 2871 2872
f 2774 2872 2775
f 2775 2872 2873
f 2775 2873 2776
f 2776 2873 2874
f 2776 2874 2777
f 2777 2874 2875
f 2777 2875 2778
f 2778 2875 2876
f 2778 2876 2779
f 2779 2876 2877
f 2779 2877 2780
f 2780 2877 2878
f 2780 2878 2781
f 2781 2878 2879
f 2781 2879 2782
f 2782 2879 2880
f 2782 2880 2783
f 2783 2880 2881
f 2783 2881 2784
f 2784 2881 2882
f 2784 2882 2785
f 2785 2882 2883
f 2785 2883 2786
f 2786 2883 2884
f 2786 2884 2787
f 2787 2884 2885
f 2787 2885 2788
f 2788 2885 2886
f 2788 2886 2789
f 2789 2886 2887
f 2789 2887 2790
f 2790 2887 2888
f 2790 2888 2791
f 2791 2888 2889
f 2791 2889 2792
f 2792 2889 2890
f 2792 2890 2793
f 2793 2890 2891
f 2793 2891 2794
f 2794 2891 2892
f 2794 2892 2795
f 2795 2892 2893
f 2795 2893 2796
f 2796 2893 2894
f 2796 2894 2797
f 2797 2894 2895
f 2797 2895 2798
f 2798 2895 2896
f 2798 2896 2799
f 2799 2896 2897
f 2799 2897 2800
f 2800 2897 2898
f 2800 2898 2801
f 2801 2898 2899
f 2801 2899 2802
f 2802 2899 2900
f 2802 2900 2803
f 2803 2900 2901
f 2803 2901 2804
f 2804 2901 2902
f 2804 2902 2805
f 2805 2902 2903
f 2805 2903 2806
f 2806 2903 2904
f 2806 2904 2807
f 2807 2904 2905
f 2807 2905 2808
f 2808 2905 2906
f 2808 2906 2809
f 2809 2906 2907
f 2809 2907 2810
f 2810 2907 2908
f 2810 2908 2811
f 2811 2908 2909
f 2811 2909 2812
f 2812 2909 2910
f 2812 2910 2813
f 2814 2911 2912
f 2814 2912 2815
f 2815 2912 2913
f 2815 2913 2816
f 2816 2913 2914
f 2816 2914 2817
f 2817 2914 2915
f 2817 2915 2818
f 2818 2915 2916
f 2818 2916 2819
f 2819 2916 2917
f 2819 2917 2820
f 2820 2917 2918
f 2820 2918 2821
f 2821 2918 2919
f 2821 2919 2822
f 2822 2919 2920
f 2822 2920 2823
f 2823 2920 2921
f 2823 2921 2824
f 2824 2921 2922
f 2824 2922 2825
f 2825 2922 2923
f 2825 2923 2826
f 2826 2923 2924
f 2826 2924 2827
f 2827 2924 2925
f 2827 2925 2828
f 2828 2925 2926
f 2828 2926 2829
f 2829 2926 2927
f 2829 2927 2830
f 2830 2927 2928
f 2830 2928 2831
f 2831 2928 2929
f 2831 2929 2832
f 2832 2929 2930
f 2832 2930 2833
f 2833 2930 2931
f 2833 2931 2834
f 2834 2931 2932
f 2834 2932 2835
f 2835 2932 2933
f 2835 2933 2836
f 2836 2933 2934
f 2836 2934 2837
f 2837 2934 2935
f 2837 2935 2838
f 2838 2935 2936
f 2838 2936 2839
f 2839 2936 2937
f 2839 2937 2840
f 2840 2937 2938
f 2840 2938 2841
f 2841 2938 2939
f 2841 2939 2842
f 2842 2939 2940
f 2842 2940 2843
f 2843 2940 2941
f 2843 2941 2844
f 2844 2941 2942
f 2844 2942 2845
f 2845 2942 2943
f 2845 2943 2846
f 2846 2943 2944
f 2846 2944 2847
f 2847 2944 2945
f 2847 2945 2848
f 2848 2945 2946
f 2848 2946 2849
f 2849 2946 2947
f 2849 2947 2850
f 2850 2947 2948
f 2850 2948 2851
f 2851 2948 2949
f 2851 2949 2852
f 2852 2949 2950
f 2852 2950 2853
f 2853 2950 2951
f 2853 2951 2854
f 2854 2951 2952
f 2854 2952 2855
f 2855 2952 2953
f 2855 2953 2856
f 2856 2953 2954
f 2856 2954 2857
f 2857 2954 2955
f 2857 2955 2858
f 2858 2955 2956
f 2858 2956 2859
f 2859 2956 2957
f 2859 2957 2860
f 2860 2957 2958
f 2860 2958 2861
f 2861 2958 2959
f 2861 2959 2862
f 2862 2959 2960
f 2862 2960 2863
f 2863 2960 2961
f 2863 2961 2864
f 2864 2961 2962
f 2864 2962 2865
f 2865 2962 2963
f 2865 2963 2866
f 2866 2963 2964
f 2866 2964 2867
f 2867 2964 2965
f 2867 2965 2868
f 2868 2965 2966
f 2868 2966 2869
f 2869 2966 2967
f 2869 2967 2870
f 2870 2967 2968
f 2870 2968 2871
f 2871 2968 2969
f 2871 2969 2872
f 2872 2969 2970
f 2872 2970 2873
f 2873 2970 2971
f 2873 2971 2874
f 2874 2971 2972
f 2874 2972 2875
f 2875 2972 2973
f 2875 2973 2876
f 2876 2973 2974
f 2876 2974 2877
f 2877 2974 2975
f 2877 2975 2878
f 2878 2975 2976
f 2878 2976 2879
f 2879 2976 2977
f 2879 2977 2880
f 2880 2977 2978
f 2880 2978 2881
f 2881 2978 2979
f 2881 2979 2882
f 2882 2979 2980
f 2882 2980 2883
f 2883 2980 2981
f 2883 2981 2884
f 2884 2981 2982
f 2884 2982 2885
f 2885 2982 2983
f 2885 2983 2886
f 2886 2983 2984
f 2886 2984 2887
f 2887 2984 2985
f 2887 2985 2888
f 2888 2985 2986
f 2888 2986 2889
f 2889 2986 2987
f 2889 2987 2890
f 2890 2987 2988
f 2890 2988 2891
f 2891 2988 2989
f 2891 2989 2892
f 2892 2989 2990
f 2892 2990 2893
f 2893 2990 2991
f 2893 2991 2894
f 2894 2991 2992
f 2894 2992 2895
f 2895 2992 2993
f 2895 2993 2896
f 2896 2993 2994
f 2896 2994 2897
f 2897 2994 2995
f 2897 2995 2898
f 2898 2995 2996
f 2898 2996 2899
f 2899 2996 2997
f 2899 2997 2900
f 2900 2997 2998
f 2900 2998 2901
f 2901 2998 2999
f 2901 2999 2902
f 2902 2999 3000
f 2902 3000 2903
f 2903 3000 3001
f 2903 3001 2904
f 2904 3001 3002
f 2904 3002 2905
f 2905 3002 3003
f 2905 3003 2906
f 2906 3003 3004
f 2906 3004 2907
f 2907 3004 3005
f 2907 3005 2908
f 2908 3005 3006
f 2908 3006 2909
f 2909 3006 3007
f 2909 3007 2910
f 2911 3008 3009
f 2911 3009 2912
f 2912 3009 3010
f 2912 3010 2913
f 2913 3010 3011
f 2913 3011 2914
f 2914 3011 3012
f 2914 3012 2915
f 2915 3012 3013
f 2915 3013 2916
f 2916 3013 3014
f 2916 3014 2917
f 2917 3014 3015
f 2917 3015 2918
f 2918 3015 3016
f 2918 3016 2919
f 2919 3016 3017
f 2919 3017 2920
f 2920 3017 3018
f 2920 3018 2921
f 2921 3018 3019
f 2921 3019 2922
f 2922 3019 3020
f 2922 3020 2923
f 2923 3020 3021
f 2923 3021 2924
f 2924 3021 3022
f 2924 3022 2925
f 2925 3022 3023
f 2925 3023 2926
f 2926 3023 3024
f 2926 3024 2927
f 2927 3024 3025
f 2927 3025 2928
f 2928 3025 3026
f 2928 3026 2929
f 2929 3026 3027
f 2929 3027 2930
f 2930 3027 3028
f 2930 3028 2931
f 2931 3028 3029
f 2931 3029 2932
f 2932 3029 3030
f 2932 3030 2933
f 2933 3030 3031
f 2933 3031 2934
f 2934 3031 3032
f 2934 3032 2935
f 2935 3032 3033
f 2935 3033 2936
f 2936 3033 3034
f 2936 3034 2937
f 2937 3034 3035
f 2937 3035 2938
f 2938 3035 3036
f 2938 3036 2939
f 2939 3036 3037
f 2939 3037 2940
f 2940 3037 3038
f 2940 3038 2941
f 2941 3038 3039
f 2941 3039 2942
f 2942 3039 3040
f 2942 3040 2943
f 2943 3040 3041
f 2943 3041 2944
f 2944 3041 3042
f 2944 3042 2945
f 2945 3042 3043
f 2945 3043 2946
f 2946 3043 3044
f 2946 3044 2947
f 2947 3044 3045
f 2947 3045 2948
f 2948 3045 3046
f 2948 3046 2949
f 2949 3046 3047
f 2949 3047 2950
f 2950 3047 3048
f 2950 3048 2951
f 2951 3048 3049
f 2951 3049 2952
f 2952 3049 3050
f 2952 3050 2953
f 2953 3050 3051
f 2953 3051 2954
f 2954 3051 3052
f 2954 3052 2955
f 2955 3052 3053
f 2955 3053 2956
f 2956 3053 3054
f 2956 3054 2957
f 2957 3054 3055
f 2957 3055 2958
f 2958 3055 3056
f 2958 3056 2959
f 2959 3056 3057
f 2959 3057 2960
f 2960 3057 3058
f 2960 3058 2961
f 2961 3058 3059
f 2961 3059 2962
f 2962 3059 3060
f 2962 3060 2963
f 2963 3060 3061
f 2963 3061 2964
f 2964 3061 3062
f 2964 3062 2965
f 2965 3062 3063
f 2965 3063 2966
f 2966 3063 3064
f 2966 3064 2967
f 2967 3064 3065
f 2967 3065 2968
f 2968 3065 3066
f 2968 3066 2969
f 2969 3066 3067
f 2969 3067 2970
f 2970 3067 3068
f 2970 3068 2971
f 2971 3068 3069
f 2971 3069 2972
f 2972 3069 3070
f 2972 3070 2973
f 2973 3070 3071
f 2973 3071 2974
f 2974 3071 3072
f 2974 3072 2975
f 2975 3072 3073
f 2975 3073 2976
f 2976 3073 3074
f 2976 3074 2977
f 2977 3074 3075
f 2977 3075 2978
f 2978 3075 3076
f 2978 3076 2979
f 2979 3076 3077
f 2979 3077 2980
f 2980 3077 3078
f 2980 3078 2981
f 2981 3078 3079
f 2981 3079 2982
f 2982 3079 3080
f 2982 3080 2983
f 2983 3080 3081
f 2983 3081 2984
f 2984 3081 3082
f 2984 3082 2985
f 2985 3082 3083
f 2985 3083 2986
f 2986 3083 3084
f 2986 3084 2987
f 2987 3084 3085
f 2987 3085 2988
f 2988 3085 3086
f 2988 3086 2989
f 2989 3086 3087
f 2989 3087 2990
f 2990 3087 3088
f 2990 3088 2991
f 2991 3088 3089
f 2991 3089 2992
f 2992 3089 3090
f 2992 3090 2993
f 2993 3090 3091
f 2993 3091 2994
f 2994 3091 3092
f 2994 3092 2995
f 2995 3092 3093
f 2995 3093 2996
f 2996 3093 3094
f 2996 3094 2997
f 2997 3094 3095
f 2997 3095 2998
f 2998 3095 3096
f 2998 3096 2999
f 2999 3096 3097
f 2999 3097 3000
f 3000 3097 3098
f 3000 3098 3001
f 3001 3098 3099
f 3001 3099 3002
f 3002 3099 3100
f 3002 3100 3003
f 3003 3100 3101
f 3003 3101 3004
f 3004 3101 3102
f 3004 3102 3005
f 3005 3102 3103
f 3005 3103 3006
f 3006 3103 3104
f 3006 3104 3007
f 3008 3105 3106
f 3008 3106 3009
f 3009 3106 3107
f 3009 3107 3010
f 3010 3107 3108
f 3010 3108 3011
f 3011 3108 3109
f 3011 3109 3012
f 3012 3109 3110
f 3012 3110 3013
f 3013 3110 3111
f 3013 3111 3014
f 3014 3111 3112
f 3014 3112 3015
f 3015 3112 3113
f 3015 3113 3016
f 3016 3113 3114
f 3016 3114 3017
f 3017 3114 3115
f 3017 3115 3018
f 3018 3115 3116
f 3018 3116 3019
f 3019 3116 3117
f 3019 3117 3020
f 3020 3117 3118
f 3020 3118 3021
f 3021 3118 3119
f 3021 3119 3022
f 3022 3119 3120
f 3022 3120 3023
f 3023 3120 3121
f 3023 3121 3024
f 3024 3121 3122
f 3024 3122 3025
f 3025 3122 3123
f 3025 3123 3026
f 3026 3123 3124
f 3026 3124 3027
f 3027 3124 3125
f 3027 3125 3028
f 3028 3125 3126
f 3028 3126 3029
f 3029 3126 3127
f 3029 3127 3030
f 3030 3127 3128
f 3030 3128 3031
f 3031 3128 3129
f 3031 3129 3032
f 3032 3129 3130
f 3032 3130 3033
f 3033 3130 3131
f 3033 3131 3034
f 3034 3131 3132
f 3034 3132 3035
f 3035 3132 3133
f 3035 3133 3036
f 3036 3133 3134
f 3036 3134 3037
f 3037 3134 3135
f 3037 3135 3038
f 3038 3135 3136
f 3038 3136 3039
f 3039 3136 3137
f 3039 3137 3040
f 3040 3137 3138
f 3040 3138 3041
f 3041 3138 3139
f 3041 3139 3042
f 3042 3139 3140
f 3042 3140 3043
f 3043 3140 3141
f 3043 3141 3044
f 3044 3141 3142
f 3044 3142 3045
f 3045 3142 3143
f 3045 3143 3046
f 3046 3143 3144
f 3046 3144 3047
f 3047 3144 3145
f 3047 3145 3048
f 3048 3145 3146
f 3048 3146 3049
f 3049 3146 3147
f 3049 3147 3050
f 3050 3147 3148
f 3050 3148 3051
f 3051 3148 3149
f 3051 3149 3052
f 3052 3149 3150
f 3052 3150 3053
f 3053 3150 3151
f 3053 3151 3054
f 3054 3151 3152
f 3054 3152 3055
f 3055 3152 3153
f 3055 3153 3056
f 3056 3153 3154
f 3056 3154 3057
f 3057 3154 3155
f 3057 3155 3058
f 3058 3155 3156
f 3058 3156 3059
f 3059 3156 3157
f 3059 3157 3060
f 3060 3157 3158
f 3060 3158 3061
f 3061 3158 3159
f 3061 3159 3062
f 3062 3159 3160
f 3062 3160 3063
f 3063 3160 3161
f 3063 3161 3064
f 3064 3161 3162
f 3064 3162 3065
f 3065 3162 3163
f 3065 3163 3066
f 3066 3163 3164
f 3066 3164 3067
f 3067 3164 3165
f 3067 3165 3068
f 3068 3165 3166
f 3068 3166 3069
f 3069 3166 3167
f 3069 3167 3070
f 3070 3167 3168
f 3070 3168 3071
f 3071 3168 3169
f 3071 3169 3072
f 3072 3169 3170
f 3072 3170 3073
f 3073 3170 3171
f 3073 3171 3074
f 3074 3171 3172
f 3074 3172 3075
f 3075 3172 3173
f 3075 3173 3076
f 3076 3173 3174
f 3076 3174 3077
f 3077 3174 3175
f 3077 3175 3078
f 3078 3175 3176
f 3078 3176 3079
f 3079 3176 3177
f 3079 3177 3080
f 3080 3177 3178
f 3080 3178 3081
f 3081 3178 3179
f 3081 3179 3082
f 3082 3179 3180
f 3082 3180 3083
f 3083 3180 3181
f 3083 3181 3084
f 3084 3181 3182
f 3084 3182 3085
f 3085 3182 3183
f 3085 3183 3086
f 3086 3183 3184
f 3086 3184 3087
f 3087 3184 3185
f 3087 3185 3088
f 3088 3185 3186
f 3088 3186 3089
f 3089 3186 3187
f 3089 3187 3090
f 3090 3187 3188
f 3090 3188 3091
f 3091 3188 3189
f 3091 3189 3092
f 3092 3189 3190
f 3092 3190 3093
f 3093 3190 3191
f 3093 3191 3094
f 3094 3191 3192
f 3094 3192 3095
f 3095 3192 3193
f 3095 3193 3096
f 3096 3193 3194
f 3096 3194 3097
f 3097 3194 3195
f 3097 3195 3098
f 3098 3195 3196
f 3098 3196 3099
f 3099 3196 3197
f 3099 3197 3100
f 3100 3197 3198
f 3100 3198 3101
f 3101 3198 3199
f 3101 3199 3102
f 3102 3199 3200
f 3102 3200 3103
f 3103 3200 3201
f 3103 3201 3104
f 3105 3202 3203
f 3105 3203 3106
f 3106 3203 3204
f 3106 3204 3107
f 3107 3204 3205
f 3107 3205 3108
f 3108 3205 3206
f 3108 3206 3109
f 3109 3206 3207
f 3109 3207 3110
f 3110 3207 3208
f 3110 3208 3111
f 3111 3208 3209
f 3111 3209 3112
f 3112 3209 3210
f 3112 3210 3113
f 3113 3210 3211
f 3113 3211 3114
f 3114 3211 3212
f 3114 3212 3115
f 3115 3212 3213
f 3115 3213 3116
f 3116 3213 3214
f 3116 3214 3117
f 3117 3214 3215
f 3117 3215 3118
f 3118 3215 3216
f 3118 3216 3119
f 3119 3216 3217
f 3119 3217 3120
f 3120 3217 3218
f 3120 3218 3121
f 3121 3218 3219
f 3121 3219 3122
f 3122 3219 3220
f 3122 3220 3123
f 3123 3220 3221
f 3123 3221 3124
f 3124 3221 3222
f 3124 3222 3125
f 3125 3222 3223
f 3125 3223 3126
f 3126 3223 3224
f 3126 3224 3127
f 3127 3224 3225
f 3127 3225 3128
f 3128 3225 3226
f 3128 3226 3129
f 3129 3226 3227
f 3129 3227 3130
f 3130 3227 3228
f 3130 3228 3131
f 3131 3228 3229
f 3131 3229 3132
f 3132 3229 3230
f 3132 3230 3133
f 3133 3230 3231
f 3133 3231 3134
f 3134 3231 3232
f 3134 3232 3135
f 3135 3232 3233
f 3135 3233 3136
f 3136 3233 3234
f 3136 3234 3137
f 3137 3234 3235
f 3137 3235 3138
f 3138 3235 3236
f 3138 3236 3139
f 3139 3236 3237
f 3139 3237 3140
f 3140 3237 3238
f 3140 3238 3141
f 3141 3238 3239
f 3141 3239 3142
f 3142 3239 3240
f 3142 3240 3143
f 3143 3240 3241
f 3143 3241 3144
f 3144 3241 3242
f 3144 3242 3145
f 3145 3242 3243
f 3145 3243 3146
f 3146 3243 3244
f 3146 3244 3147
f 3147 3244 3245
f 3147 3245 3148
f 3148 3245 3246
f 3148 3246 3149
f 3149 3246 3247
f 3149 3247 3150
f 3150 3247 3248
f 3150 3248 3151
f 3151 3248 3249
f 3151 3249 3152
f 3152 3249 3250
f 3152 3250 3153
f 3153 3250 3251
f 3153 3251 3154
f 3154 3251 3252
f 3154 3252 3155
f 3155 3252 3253
f 3155 3253 3156
f 3156 3253 3254
f 3156 3254 3157
f 3157 3254 3255
f 3157 3255 3158
f 3158 3255 3256
f 3158 3256 3159
f 3159 3256 3257
f 3159 3257 3160
f 3160 3257 3258
f 3160 3258 3161
f 3161 3258 3259
f 3161 3259 3162
f 3162 3259 3260
f 3162 3260 3163
f 3163 3260 3261
f 3163 3261 3164
f 3164 3261 3262
f 3164 3262 3165
f 3165 3262 3263
f 3165 3263 3166
f 3166 3263 3264
f 3166 3264 3167
f 3167 3264 3265
f 3167 3265 3168
f 3168 3265 3266
f 3168 3266 3169
f 3169 3266 3267
f 3169 3267 3170
f 3170 3267 3268
f 3170 3268 3171
f 3171 3268 3269
f 3171 3269 3172
f 3172 3269 3270
f 3172 3270 3173
f 3173 3270 3271
f 3173 3271 3174
f 3174 3271 3272
f 3174 3272 3175
f 3175 3272 3273
f 3175 3273 3176
f 3176 3273 3274
f 3176 3274 3177
f 3177 3274 3275
f 3177 3275 3178
f 3178 3275 3276
f 3178 3276 3179
f 3179 3276 3277
f 3179 3277 3180
f 3180 3277 3278
f 3180 3278 3181
f 3181 3278 3279
f 3181 3279 3182
f 3182 3279 3280
f 3182 3280 3183
f 3183 3280 3281
f 3183 3281 3184
f 3184 3281 3282
f 3184 3282 3185
f 3185 3282 3283
f 3185 3283 3186
f 3186 3283 3284
f 3186 3284 3187
f 3187 3284 3285
f 3187 3285 3188
f 3188 3285 3286
f 3188 3286 3189
f 3189 3286 3287
f 3189 3287 3190
f 3190 3287 3288
f 3190 3288 3191
f 3191 3288 3289
f 3191 3289 3192
f 3192 3289 3290
f 3192 3290 3193
f 3193 3290 3291
f 3193 3291 3194
f 3194 3291 3292
f 3194 3292 3195
f 3195 3292 3293
f 3195 3293 3196
f 3196 3293 3294
f 3196 3294 3197
f 3197 3294 3295
f 3197 3295 3198
f 3198 3295 3296
f 3198 3296 3199
f 3199 3296 3297
f 3199 3297 3200
f 3200 3297 3298
f 3200 3298 3201
f 3202 3299 3300
f 3202 3300 3203
f 3203 3300 3301
f 3203 3301 3204
f 3204 3301 3302
f 3204 3302 3205
f 3205 3302 3303
f 3205 3303 3206
f 3206 3303 3304
f 3206 3304 3207
f 3207 3304 3305
f 3207 3305 3208
f 3208 3305 3306
f 3208 3306 3209
f 3209 3306 3307
f 3209 3307 3210
f 3210 3307 3308
f 3210 3308 3211
f 3211 3308 3309
f 3211 3309 3212
f 3212 3309 3310
f 3212 3310 3213
f 3213 3310 3311
f 3213 3311 3214
f 3214 3311 3312
f 3214 3312 3215
f 3215 3312 3313
f 3215 3313 3216
f 3216 3313 3314
f 3216 3314 3217
f 3217 3314 3315
f 3217 3315 3218
f 3218 3315 3316
f 3218 3316 3219
f 3219 3316 3317
f 3219 3317 3220
f 3220 3317 3318
f 3220 3318 3221
f 3221 3318 3319
f 3221 3319 3222
f 3222 3319 3320
f 3222 3320 3223
f 3223 3320 3321
f 3223 3321 3224
f 3224 3321 3322
f 3224 3322 3225
f 3225 3322 3323
f 3225 3323 3226
f 3226 3323 3324
f 3226 3324 3227
f 3227 3324 3325
f 3227 3325 3228
f 3228 3325 3326
f 3228 3326 3229
f 3229 3326 3327
f 3229 3327 3230
f 3230 3327 3328
f 3230 3328 3231
f 3231 3328 3329
f 3231 3329 3232
f 3232 3329 3330
f 3232 3330 3233
f 3233 3330 3331
f 3233 3331 3234
f 3234 3331 3332
f 3234 3332 3235
f 3235 3332 3333
f 3235 3333 3236
f 3236 3333 3334
f 3236 3334 3237
f 3237 3334 3335
f 3237 3335 3238
f 3238 3335 3336
f 3238 3336 3239
f 3239 3336 3337
f 3239 3337 3240
f 3240 3337 3338
f 3240 3338 3241
f 3241 3338 3339
f 3241 3339 3242
f 3242 3339 3340
f 3242 3340 3243
f 3243 3340 3341
f 3243 3341 3244
f 3244 3341 3342
f 3244 3342 3245
f 3245 3342 3343
f 3245 3343 3246
f 3246 3343 3344
f 3246 3344 3247
f 3247 3344 3345
f 3247 3345 3248
f 3248 3345 3346
f 3248 3346 3249
f 3249 3346 3347
f 3249 3347 3250
f 3250 3347 3348
f 3250 3348 3251
f 3251 3348 3349
f 3251 3349 3252
f 3252 3349 3350
f 3252 3350 3253
f 3253 3350 3351
f 3253 3351 3254
f 3254 3351 3352
f 3254 3352 3255
f 3255 3352 3353
f 3255 3353 3256
f 3256 3353 3354
f 3256 3354 3257
f 3257 3354 3355
f 3257 3355 3258
f 3258 3355 3356
f 3258 3356 3259
f 3259 3356 3357
f 3259 3357 3260
f 3260 3357 3358
f 3260 3358 3261
f 3261 3358 3359
f 3261 3359 3262
f 3262 3359 3360
f 3262 3360 3263
f 3263 3360 3361
f 3263 3361 3264
f 3264 3361 3362
f 3264 3362 3265
f 3265 3362 3363
f 3265 3363 3266
f 3266 3363 3364
f 3266 3364 3267
f 3267 3364 3365
f 3267 3365 3268
f 3268 3365 3366
f 3268 3366 3269
f 3269 3366 3367
f 3269 3367 3270
f 3270 3367 3368
f 3270 3368 3271
f 3271 3368 3369
f 3271 3369 3272
f 3272 3369 3370
f 3272 3370 3273
f 3273 3370 3371
f 3273 3371 3274
f 3274 3371 3372
f 3274 3372 3275
f 3275 3372 3373
f 3275 3373 3276
f 3276 3373 3374
f 3276 3374 3277
f 3277 3374 3375
f 3277 3375 3278
f 3278 3375 3376
f 3278 3376 3279
f 3279 3376 3377
f 3279 3377 3280
f 3280 3377 3378
f 3280 3378 3281
f 3281 3378 3379
f 3281 3379 3282
f 3282 3379 3380
f 3282 3380 3283
f 3283 3380 3381
f 3283 3381 3284
f 3284 3381 3382
f 3284 3382 3285
f 3285 3382 3383
f 3285 3383 3286
f 3286 3383 3384
f 3286 3384 3287
f 3287 3384 3385
f 3287 3385 3288
f 3288 3385 3386
f 3288 3386 3289
f 3289 3386 3387
f 3289 3387 3290
f 3290 3387 3388
f 3290 3388 3291
f 3291 3388 3389
f 3291 3389 3292
f 3292 3389 3390
f 3292 3390 3293
f 3293 3390 3391
f 3293 3391 3294
f 3294 3391 3392
f 3294 3392 3295
f 3295 3392 3393
f 3295 3393 3296
f 3296 3393 3394
f 3296 3394 3297
f 3297 3394 3395
f 3297 3395 3298
f 3299 3396 3397
f 3299 3397 3300
f 3300 3397 3398
f 3300 3398 3301
f 3301 3398 3399
f 3301 3399 3302
f 3302 3399 3400
f 3302 3400 3303
f 3303 3400 3401
f 3303 3401 3304
f 3304 3401 3402
f 3304 3402 3305
f 3305 3402 3403
f 3305 3403 3306
f 3306 3403 3404
f 3306 3404 3307
f 3307 3404 3405
f 3307 3405 3308
f 3308 3405 3406
f 3308 3406 3309
f 3309 3406 3407
f 3309 3407 3310
f 3310 3407 3408
f 3310 3408 3311
f 3311 3408 3409
f 3311 3409 3312
f 3312 3409 3410
f 3312 3410 3313
f 3313 3410 3411
f 3313 3411 3314
f 3314 3411 3412
f 3314 3412 3315
f 3315 3412 3413
f 3315 3413 3316
f 3316 3413 3414
f 3316 3414 3317
f 3317 3414 3415
f 3317 3415 3318
f 3318 3415 3416
f 3318 3416 3319
f 3319 3416 3417
f 3319 3417 3320
f 3320 3417 3418
f 3320 3418 3321
f 3321 3418 3419
f 3321 3419 3322
f 3322 3419 3420
f 3322 3420 3323
f 3323 3420 3421
f 3323 3421 3324
f 3324 3421 3422
f 3324 3422 3325
f 3325 3422 3423
f 3325 3423 3326
f 3326 3423 3424
f 3326 3424 3327
f 3327 3424 3425
f 3327 3425 3328
f 3328 3425 3426
f 3328 3426 3329
f 3329 3426 3427
f 3329 3427 3330
f 3330 3427 3428
f 3330 3428 3331
f 3331 3428 3429
f 3331 3429 3332
f 3332 3429 3430
f 3332 3430 3333
f 3333 3430 3431
f 3333 3431 3334
f 3334 3431 3432
f 3334 3432 3335
f 3335 3432 3433
f 3335 3433 3336
f 3336 3433 3434
f 3336 3434 3337
f 3337 3434 3435
f 3337 3435 3338
f 3338 3435 3436
f 3338 3436 3339
f 3339 3436 3437
f 3339 3437 3340
f 3340 3437 3438
f 3340 3438 3341
f 3341 3438 3439
f 3341 3439 3342
f 3342 3439 3440
f 3342 3440 3343
f 3343 3440 3441
f 3343 3441 3344
f 3344 3441 3442
f 3344 3442 3345
f 3345 3442 3443
f 3345 3443 3346
f 3346 3443 3444
f 3346 3444 3347
f 3347 3444 3445
f 3347 3445 3348
f 3348 3445 3446
f 3348 3446 3349
f 3349 3446 3447
f 3349 3447 3350
f 3350 3447 3448
f 3350 3448 3351
f 3351 3448 3449
f 3351 3449 3352
f 3352 3449 3450
f 3352 3450 3353
f 3353 3450 3451
f 3353 3451 3354
f 3354 3451 3452
f 3354 3452 3355
f 3355 3452 3453
f 3355 3453 3356
f 3356 3453 3454
f 3356 3454 3357
f 3357 3454 3455
f 3357 3455 3358
f 3358 3455 3456
f 3358 3456 3359
f 3359 3456 3457
f 3359 3457 3360
f 3360 3457 3458
f 3360 3458 3361
f 3361 3458 3459
f 3361 3459 3362
f 3362 3459 3460
f 3362 3460 3363
f 3363 3460 3461
f 3363 3461 3364
f 3364 3461 3462
f 3364 3462 3365
f 3365 3462 3463
f 3365 3463 3366
f 3366 3463 3464
f 3366 3464 3367
f 3367 3464 3465
f 3367 3465 3368
f 3368 3465 3466
f 3368 3466 3369
f 3369 3466 3467
f 3369 3467 3370
f 3370 3467 3468
f 3370 3468 3371
f 3371 3468 3469
f 3371 3469 3372
f 3372 3469 3470
f 3372 3470 3373
f 3373 3470 3471
f 3373 3471 3374
f 3374 3471 3472
f 3374 3472 3375
f 3375 3472 3473
f 3375 3473 3376
f 3376 3473 3474
f 3376 3474 3377
f 3377 3474 3475
f 3377 3475 3378
f 3378 3475 3476
f 3378 3476 3379
f 3379 3476 3477
f 3379 3477 3380
f 3380 3477 3478
f 3380 3478 3381
f 3381 3478 3479
f 3381 3479 3382
f 3382 3479 3480
f 3382 3480 3383
f 3383 3480 3481
f 3383 3481 3384
f 3384 3481 3482
f 3384 3482 3385
f 3385 3482 3483
f 3385 3483 3386
f 3386 3483 3484
f 3386 3484 3387
f 3387 3484 3485
f 3387 3485 3388
f 3388 3485 3486
f 3388 3486 3389
f 3389 3486 3487
f 3389 3487 3390
f 3390 3487 3488
f 3390 3488 3391
f 3391 3488 3489
f 3391 3489 3392
f 3392 3489 3490
f 3392 3490 3393
f 3393 3490 3491
f 3393 3491 3394
f 3394 3491 3492
f 3394 3492 3395
f 3396 3493 3494
f 3396 3494 3397
f 3397 3494 3495
f 3397 3495 3398
f 3398 3495 3496
f 3398 3496 3399
f 3399 3496 3497
f 3399 3497 3400
f 3400 3497 3498
f 3400 3498 3401
f 3401 3498 3499
f 3401 3499 3402
f 3402 3499 3500
f 3402 3500 3403
f 3403 3500 3501
f 3403 3501 3404
f 3404 3501 3502
f 3404 3502 3405
f 3405 3502 3503
f 3405 3503 3406
f 3406 3503 3504
f 3406 3504 3407
f 3407 3504 3505
f 3407 3505 3408
f 3408 3505 3506
f 3408 3506 3409
f 3409 3506 3507
f 3409 3507 3410
f 3410 3507 3508
f 3410 3508 3411
f 3411 3508 3509
f 3411 3509 3412
f 3412 3509 3510
f 3412 3510 3413
f 3413 3510 3511
f 3413 3511 3414
f 3414 3511 3512
f 3414 3512 3415
f 3415 3512 3513
f 3415 3513 3416
f 3416 3513 3514
f 3416 3514 3417
f 3417 3514 3515
f 3417 3515 3418
f 3418 3515 3516
f 3418 3516 3419
f 3419 3516 3517
f 3419 3517 3420
f 3420 3517 3518
f 3420 3518 3421
f 3421 3518 3519
f 3421 3519 3422
f 3422 3519 3520
f 3422 3520 3423
f 3423 3520 3521
f 3423 3521 3424
f 3424 3521 3522
f 3424 3522 3425
f 3425 3522 3523
f 3425 3523 3426
f 3426 3523 3524
f 3426 3524 3427
f 3427 3524 3525
f 3427 3525 3428
f 3428 3525 3526
f 3428 3526 3429
f 3429 3526 3527
f 3429 3527 3430
f 3430 3527 3528
f 3430 3528 3431
f 3431 3528 3529
f 3431 3529 3432
f 3432 3529 3530
f 3432 3530 3433
f 3433 3530 3531
f 3433 3531 3434
f 3434 3531 3532
f 3434 3532 3435
f 3435 3532 3533
f 3435 3533 3436
f 3436 3533 3534
f 3436 3534 3437
f 3437 3534 3535
f 3437 3535 3438
f 3438 3535 3536
f 3438 3536 3439
f 3439 3536 3537
f 3439 3537 3440
f 3440 3537 3538
f 3440 3538 3441
f 3441 3538 3539
f 3441 3539 3442
f 3442 3539 3540
f 3442 3540 3443
f 3443 3540 3541
f 3443 3541 3444
f 3444 3541 3542
f 3444 3542 3445
f 3445 3542 3543
f 3445 3543 3446
f 3446 3543 3544
f 3446 3544 3447
f 3447 3544 3545
f 3447 3545 3448
f 3448 3545 3546
f 3448 3546 3449
f 3449 3546 3547
f 3449 3547 3450
f 3450 3547 3548
f 3450 3548 3451
f 3451 3548 3549
f 3451 3549 3452
f 3452 3549 3550
f 3452 3550 3453
f 3453 3550 3551
f 3453 3551 3454
f 3454 3551 3552
f 3454 3552 3455
f 3455 3552 3553
f 3455 3553 3456
f 3456 3553 3554
f 3456 3554 3457
f 3457 3554 3555
f 3457 3555 3458
f 3458 3555 3556
f 3458 3556 3459
f 3459 3556 3557
f 3459 3557 3460
f 3460 3557 3558
f 3460 3558 3461
f 3461 3558 3559
f 3461 3559 3462
f 3462 3559 3560
f 3462 3560 3463
f 3463 3560 3561
f 3463 3561 3464
f 3464 3561 3562
f 3464 3562 3465
f 3465 3562 3563
f 3465 3563 3466
f 3466 3563 3564
f 3466 3564 3467
f 3467 3564 3565
f 3467 3565 3468
f 3468 3565 3566
f 3468 3566 3469
f 3469 3566 3567
f 3469 3567 3470
f 3470 3567 3568
f 3470 3568 3471
f 3471 3568 3569
f 3471 3569 3472
f 3472 3569 3570
f 3472 3570 3473
f 3473 3570 3571
f 3473 3571 3474
f 3474 3571 3572
f 3474 3572 3475
f 3475 3572 3573
f 3475 3573 3476
f 3476 3573 3574
f 3476 3574 3477
f 3477 3574 3575
f 3477 3575 3478
f 3478 3575 3576
f 3478 3576 3479
f 3479 3576 3577
f 3479 3577 3480
f 3480 3577 3578
f 3480 3578 3481
f 3481 3578 3579
f 3481 3579 3482
f 3482 3579 3580
f 3482 3580 3483
f 3483 3580 3581
f 3483 3581 3484
f 3484 3581 3582
f 3484 3582 3485
f 3485 3582 3583
f 3485 3583 3486
f 3486 3583 3584
f 3486 3584 3487
f 3487 3584 3585
f 3487 3585 3488
f 3488 3585 3586
f 3488 3586 3489
f 3489 3586 3587
f 3489 3587 3490
f 3490 3587 3588
f 3490 3588 3491
f 3491 3588 3589
f 3491 3589 3492
f 3493 3590 3591
f 3493 3591 3494
f 3494 3591 3592
f 3494 3592 3495
f 3495 3592 3593
f 3495 3593 3496
f 3496 3593 3594
f 3496 3594 3497
f 3497 3594 3595
f 3497 3595 3498
f 3498 3595 3596
f 3498 3596 3499
f 3499 3596 3597
f 3499 3597 3500
f 3500 3597 3598
f 3500 3598 3501
f 3501 3598 3599
f 3501 3599 3502
f 3502 3599 3600
f 3502 3600 3503
f 3503 3600 3601
f 3503 3601 3504
f 3504 3601 3602
f 3504 3602 3505
f 3505 3602 3603
f 3505 3603 3506
f 3506 3603 3604
f 3506 3604 3507
f 3507 3604 3605
f 3507 3605 3508
f 3508 3605 3606
f 3508 3606 3509
f 3509 3606 3607
f 3509 3607 3510
f 3510 3607 3608
f 3510 3608 3511
f 3511 3608 3609
f 3511 3609 3512
f 3512 3609 3610
f 3512 3610 3513
f 3513 3610 3611
f 3513 3611 3514
f 3514 3611 3612
f 3514 3612 3515
f 3515 3612 3613
f 3515 3613 3516
f 3516 3613 3614
f 3516 3614 3517
f 3517 3614 3615
f 3517 3615 3518
f 3518 3615 3616
f 3518 3616 3519
f 3519 3616 3617
f 3519 3617 3520
f 3520 3617 3618
f 3520 3618 3521
f 3521 3618 3619
f 3521 3619 3522
f 3522 3619 3620
f 3522 3620 3523
f 3523 3620 3621
f 3523 3621 3524
f 3524 3621 3622
f 3524 3622 3525
f 3525 3622 3623
f 3525 3623 3526
f 3526 3623 3624
f 3526 3624 3527
f 3527 3624 3625
f 3527 3625 3528
f 3528 3625 3626
f 3528 3626 3529
f 3529 3626 3627
f 3529 3627 3530
f 3530 3627 3628
f 3530 3628 3531
f 3531 3628 3629
f 3531 3629 3532
f 3532 3629 3630
f 3532 3630 3533
f 3533 3630 3631
f 3533 3631 3534
f 3534 3631 3632
f 3534 3632 3535
f 3535 3632 3633
f 3535 3633 3536
f 3536 3633 3634
f 3536 3634 3537
f 3537 3634 3635
f 3537 3635 3538
f 3538 3635 3636
f 3538 3636 3539
f 3539 3636 3637
f 3539 3637 3540
f 3540 3637 3638
f 3540 3638 3541
f 3541 3638 3639
f 3541 3639 3542
f 3542 3639 3640
f 3542 3640 3543
f 3543 3640 3641
f 3543 3641 3544
f 3544 3641 3642
f 3544 3642 3545
f 3545 3642 3643
f 3545 3643 3546
f 3546 3643 3644
f 3546 3644 3547
f 3547 3644 3645
f 3547 3645 3548
f 3548 3645 3646
f 3548 3646 3549
f 3549 3646 3647
f 3549 3647 3550
f 3550 3647 3648
f 3550 3648 3551
f 3551 3648 3649
f 3551 3649 3552
f 3552 3649 3650
f 3552 3650 3553
f 3553 3650 3651
f 3553 3651 3554
f 3554 3651 3652
f 3554 3652 3555
f 3555 3652 3653
f 3555 3653 3556
f 3556 3653 3654
f 3556 3654 3557
f 3557 3654 3655
f 3557 3655 3558
f 3558 3655 3656
f 3558 3656 3559
f 3559 3656 3657
f 3559 3657 3560
f 3560 3657 3658
f 3560 3658 3561
f 3561 3658 3659
f 3561 3659 3562
f 3562 3659 3660
f 3562 3660 3563
f 3563 3660 3661
f 3563 3661 3564
f 3564 3661 3662
f 3564 3662 3565
f 3565 3662 3663
f 3565 3663 3566
f 3566 3663 3664
f 3566 3664 3567
f 3567 3664 3665
f 3567 3665 3568
f 3568 3665 3666
f 3568 3666 3569
f 3569 3666 3667
f 3569 3667 3570
f 3570 3667 3668
f 3570 3668 3571
f 3571 3668 3669
f 3571 3669 3572
f 3572 3669 3670
f 3572 3670 3573
f 3573 3670 3671
f 3573 3671 3574
f 3574 3671 3672
f 3574 3672 3575
f 3575 3672 3673
f 3575 3673 3576
f 3576 3673 3674
f 3576 3674 3577
f 3577 3674 3675
f 3577 3675 3578
f 3578 3675 3676
f 3578 3676 3579
f 3579 3676 3677
f 3579 3677 3580
f 3580 3677 3678
f 3580 3678 3581
f 3581 3678 3679
f 3581 3679 3582
f 3582 3679 3680
f 3582 3680 3583
f 3583 3680 3681
f 3583 3681 3584
f 3584 3681 3682
f 3584 3682 3585
f 3585 3682 3683
f 3585 3683 3586
f 3586 3683 3684
f 3586 3684 3587
f 3587 3684 3685
f 3587 3685 3588
f 3588 3685 3686
f 3588 3686 3589
f 3590 3687 3688
f 3590 3688 3591
f 3591 3688 3689
f 3591 3689 3592
f 3592 3689 3690
f 3592 3690 3593
f 3593 3690 3691
f 3593 3691 3594
f 3594 3691 3692
f 3594 3692 3595
f 3595 3692 3693
f 3595 3693 3596
f 3596 3693 3694
f 3596 3694 3597
f 3597 3694 3695
f 3597 3695 3598
f 3598 3695 3696
f 3598 3696 3599
f 3599 3696 3697
f 3599 3697 3600
f 3600 3697 3698
f 3600 3698 3601
f 3601 3698 3699
f 3601 3699 3602
f 3602 3699 3700
f 3602 3700 3603
f 3603 3700 3701
f 3603 3701 3604
f 3604 3701 3702
f 3604 3702 3605
f 3605 3702 3703
f 3605 3703 3606
f 3606 3703 3704
f 3606 3704 3607
f 3607 3704 3705
f 3607 3705 3608
f 3608 3705 3706
f 3608 3706 3609
f 3609 3706 3707
f 3609 3707 3610
f 3610 3707 3708
f 3610 3708 3611
f 3611 3708 3709
f 3611 3709 3612
f 3612 3709 3710
f 3612 3710 3613
f 3613 3710 3711
f 3613 3711 3614
f 3614 3711 3712
f 3614 3712 3615
f 3615 3712 3713
f 3615 3713 3616
f 3616 3713 3714
f 3616 3714 3617
f 3617 3714 3715
f 3617 3715 3618
f 3618 3715 3716
f 3618 3716 3619
f 3619 3716 3717
f 3619 3717 3620
f 3620 3717 3718
f 3620 3718 3621
f 3621 3718 3719
f 3621 3719 3622
f 3622 3719 3720
f 3622 3720 3623
f 3623 3720 3721
f 3623 3721 3624
f 3624 3721 3722
f 3624 3722 3625
f 3625 3722 3723
f 3625 3723 3626
f 3626 3723 3724
f 3626 3724 3627
f 3627 3724 3725
f 3627 3725 3628
f 3628 3725 3726
f 3628 3726 3629
f 3629 3726 3727
f 3629 3727 3630
f 3630 3727 3728
f 3630 3728 3631
f 3631 3728 3729
f 3631 3729 3632
f 3632 3729 3730
f 3632 3730 3633
f 3633 3730 3731
f 3633 3731 3634
f 3634 3731 3732
f 3634 3732 3635
f 3635 3732 3733
f 3635 3733 3636
f 3636 3733 3734
f 3636 3734 3637
f 3637 3734 3735
f 3637 3735 3638
f 3638 3735 3736
f 3638 3736 3639
f 3639 3736 3737
f 3639 3737 3640
f 3640 3737 3738
f 3640 3738 3641
f 3641 3738 3739
f 3641 3739 3642
f 3642 3739 3740
f 3642 3740 3643
f 3643 3740 3741
f 3643 3741 3644
f 3644 3741 3742
f 3644 3742 3645
f 3645 3742 3743
f 3645 3743 3646
f 3646 3743 3744
f 3646 3744 3647
f 3647 3744 3745
f 3647 3745 3648
f 3648 3745 3746
f 3648 3746 3649
f 3649 3746 3747
f 3649 3747 3650
f 3650 3747 3748
f 3650 3748 3651
f 3651 3748 3749
f 3651 3749 3652
f 3652 3749 3750
f 3652 3750 3653
f 3653 3750 3751
f 3653 3751 3654
f 3654 3751 3752
f 3654 3752 3655
f 3655 3752 3753
f 3655 3753 3656
f 3656 3753 3754
f 3656 3754 3657
f 3657 3754 3755
f 3657 3755 3658
f 3658 3755 3756
f 3658 3756 3659
f 3659 3756 3757
f 3659 3757 3660
f 3660 3757 3758
f 3660 3758 3661
f 3661 3758 3759
f 3661 3759 3662
f 3662 3759 3760
f 3662 3760 3663
f 3663 3760 3761
f 3663 3761 3664
f 3664 3761 3762
f 3664 3762 3665
f 3665 3762 3763
f 3665 3763 3666
f 3666 3763 3764
f 3666 3764 3667
f 3667 3764 3765
f 3667 3765 3668
f 3668 3765 3766
f 3668 3766 3669
f 3669 3766 3767
f 3669 3767 3670
f 3670 3767 3768
f 3670 3768 3671
f 3671 3768 3769
f 3671 3769 3672
f 3672 3769 3770
f 3672 3770 3673
f 3673 3770 3771
f 3673 3771 3674
f 3674 3771 3772
f 3674 3772 3675
f 3675 3772 3773
f 3675 3773 3676
f 3676 3773 3774
f 3676 3774 3677
f 3677 3774 3775
f 3677 3775 3678
f 3678 3775 3776
f 3678 3776 3679
f 3679 3776 3777
f 3679 3777 3680
f 3680 3777 3778
f 3680 3778 3681
f 3681 3778 3779
f 3681 3779 3682
f 3682 3779 3780
f 3682 3780 3683
f 3683 3780 3781
f 3683 3781 3684
f 3684 3781 3782
f 3684 3782 3685
f 3685 3782 3783
f 3685 3783 3686
f 3687 3784 3785
f 3687 3785 3688
f 3688 3785 3786
f 3688 3786 3689
f 3689 3786 3787
f 3689 3787 3690
f 3690 3787 3788
f 3690 3788 3691
f 3691 3788 3789
f 3691 3789 3692
f 3692 3789 3790
f 3692 3790 3693
f 3693 3790 3791
f 3693 3791 3694
f 3694 3791 3792
f 3694 3792 3695
f 3695 3792 3793
f 3695 3793 3696
f 3696 3793 3794
f 3696 3794 3697
f 3697 3794 3795
f 3697 3795 3698
f 3698 3795 3796
f 3698 3796 3699
f 3699 3796 3797
f 3699 3797 3700
f 3700 3797 3798
f 3700 3798 3701
f 3701 3798 3799
f 3701 3799 3702
f 3702 3799 3800
f 3702 3800 3703
f 3703 3800 3801
f 3703 3801 3704
f 3704 3801 3802
f 3704 3802 3705
f 3705 3802 3803
f 3705 3803 3706
f 3706 3803 3804
f 3706 3804 3707
f 3707 3804 3805
f 3707 3805 3708
f 3708 3805 3806
f 3708 3806 3709
f 3709 3806 3807
f 3709 3807 3710
f 3710 3807 3808
f 3710 3808 3711
f 3711 3808 3809
f 3711 3809 3712
f 3712 3809 3810
f 3712 3810 3713
f 3713 3810 3811
f 3713 3811 3714
f 3714 3811 3812
f 3714 3812 3715
f 3715 3812 3813
f 3715 3813 3716
f 3716 3813 3814
f 3716 3814 3717
f 3717 3814 3815
f 3717 3815 3718
f 3718 3815 3816
f 3718 3816 3719
f 3719 3816 3817
f 3719 3817 3720
f 3720 3817 3818
f 3720 3818 3721
f 3721 3818 3819
f 3721 3819 3722
f 3722 3819 3820
f 3722 3820 3723
f 3723 3820 3821
f 3723 3821 3724
f 3724 3821 3822
f 3724 3822 3725
f 3725 3822 3823
f 3725 3823 3726
f 3726 3823 3824
f 3726 3824 3727
f 3727 3824 3825
f 3727 3825 3728
f 3728 3825 3826
f 3728 3826 3729
f 3729 3826 3827
f 3729 3827 3730
f 3730 3827 3828
f 3730 3828 3731
f 3731 3828 3829
f 3731 3829 3732
f 3732 3829 3830
f 3732 3830 3733
f 3733 3830 3831
f 3733 3831 3734
f 3734 3831 3832
f 3734 3832 3735
f 3735 3832 3833
f 3735 3833 3736
f 3736 3833 3834
f 3736 3834 3737
f 3737 3834 3835
f 3737 3835 3738
f 3738 3835 3836
f 3738 3836 3739
f 3739 3836 3837
f 3739 3837 3740
f 3740 3837 3838
f 3740 3838 3741
f 3741 3838 3839
f 3741 3839 3742
f 3742 3839 3840
f 3742 3840 3743
f 3743 3840 3841
f 3743 3841 3744
f 3744 3841 3842
f 3744 3842 3745
f 3745 3842 3843
f 3745 3843 3746
f 3746 3843 3844
f 3746 3844 3747
f 3747 3844 3845
f 3747 3845 3748
f 3748 3845 3846
f 3748 3846 3749
f 3749 3846 3847
f 3749 3847 3750
f 3750 3847 3848
f 3750 3848 3751
f 3751 3848 3849
f 3751 3849 3752
f 3752 3849 3850
f 3752 3850 3753
f 3753 3850 3851
f 3753 3851 3754
f 3754 3851 3852
f 3754 3852 3755
f 3755 3852 3853
f 3755 3853 3756
f 3756 3853 3854
f 3756 3854 3757
f 3757 3854 3855
f 3757 3855 3758
f 3758 3855 3856
f 3758 3856 3759
f 3759 3856 3857
f 3759 3857 3760
f 3760 3857 3858
f 3760 3858 3761
f 3761 3858 3859
f 3761 3859 3762
f 3762 3859 3860
f 3762 3860 3763
f 3763 3860 3861
f 3763 3861 3764
f 3764 3861 3862
f 3764 3862 3765
f 3765 3862 3863
f 3765 3863 3766
f 3766 3863 3864
f 3766 3864 3767
f 3767 3864 3865
f 3767 3865 3768
f 3768 3865 3866
f 3768 3866 3769
f 3769 3866 3867
f 3769 3867 3770
f 3770 3867 3868
f 3770 3868 3771
f 3771 3868 3869
f 3771 3869 3772
f 3772 3869 3870
f 3772 3870 3773
f 3773 3870 3871
f 3773 3871 3774
f 3774 3871 3872
f 3774 3872 3775
f 3775 3872 3873
f 3775 3873 3776
f 3776 3873 3874
f 3776 3874 3777
f 3777 3874 3875
f 3777 3875 3778
f 3778 3875 3876
f 3778 3876 3779
f 3779 3876 3877
f 3779 3877 3780
f 3780 3877 3878
f 3780 3878 3781
f 3781 3878 3879
f 3781 3879 3782
f 3782 3879 3880
f 3782 3880 3783
f 3784 3881 3882
f 3784 3882 3785
f 3785 3882 3883
f 3785 3883 3786
f 3786 3883 3884
f 3786 3884 3787
f 3787 3884 3885
f 3787 3885 3788
f 3788 3885 3886
f 3788 3886 3789
f 3789 3886 3887
f 3789 3887 3790
f 3790 3887 3888
f 3790 3888 3791
f 3791 3888 3889
f 3791 3889 3792
f 3792 3889 3890
f 3792 3890 3793
f 3793 3890 3891
f 3793 3891 3794
f 3794 3891 3892
f 3794 3892 3795
f 3795 3892 3893
f 3795 3893 3796
f 3796 3893 3894
f 3796 3894 3797
f 3797 3894 3895
f 3797 3895 3798
f 3798 3895 3896
f 3798 3896 3799
f 3799 3896 3897
f 3799 3897 3800
f 3800 3897 3898
f 3800 3898 3801
f 3801 3898 3899
f 3801 3899 3802
f 3802 3899 3900
f 3802 3900 3803
f 3803 3900 3901
f 3803 3901 3804
f 3804 3901 3902
f 3804 3902 3805
f 3805 3902 3903
f 3805 3903 3806
f 3806 3903 3904
f 3806 3904 3807
f 3807 3904 3905
f 3807 3905 3808
f 3808 3905 3906
f 3808 3906 3809
f 3809 3906 3907
f 3809 3907 3810
f 3810 3907 3908
f 3810 3908 3811
f 3811 3908 3909
f 3811 3909 3812
f 3812 3909 3910
f 3812 3910 3813
f 3813 3910 3911
f 3813 3911 3814
f 3814 3911 3912
f 3814 3912 3815
f 3815 3912 3913
f 3815 3913 3816
f 3816 3913 3914
f 3816 3914 3817
f 3817 3914 3915
f 3817 3915 3818
f 3818 3915 3916
f 3818 3916 3819
f 3819 3916 3917
f 3819 3917 3820
f 3820 3917 3918
f 3820 3918 3821
f 3821 3918 3919
f 3821 3919 3822
f 3822 3919 3920
f 3822 3920 3823
f 3823 3920 3921
f 3823 3921 3824
f 3824 3921 3922
f 3824 3922 3825
f 3825 3922 3923
f 3825 3923 3826
f 3826 3923 3924
f 3826 3924 3827
f 3827 3924 3925
f 3827 3925 3828
f 3828 3925 3926
f 3828 3926 3829
f 3829 3926 3927
f 3829 3927 3830
f 3830 3927 3928
f 3830 3928 3831
f 3831 3928 3929
f 3831 3929 3832
f 3832 3929 3930
f 3832 3930 3833
f 3833 3930 3931
f 3833 3931 3834
f 3834 3931 3932
f 3834 3932 3835
f 3835 3932 3933
f 3835 3933 3836
f 3836 3933 3934
f 3836 3934 3837
f 3837 3934 3935
f 3837 3935 3838
f 3838 3935 3936
f 3838 3936 3839
f 3839 3936 3937
f 3839 3937 3840
f 3840 3937 3938
f 3840 3938 3841
f 3841 3938 3939
f 3841 3939 3842
f 3842 3939 3940
f 3842 3940 3843
f 3843 3940 3941
f 3843 3941 3844
f 3844 3941 3942
f 3844 3942 3845
f 3845 3942 3943
f 3845 3943 3846
f 3846 3943 3944
f 3846 3944 3847
f 3847 3944 3945
f 3847 3945 3848
f 3848 3945 3946
f 3848 3946 3849
f 3849 3946 3947
f 3849 3947 3850
f 3850 3947 3948
f 3850 3948 3851
f 3851 3948 3949
f 3851 3949 3852
f 3852 3949 3950
f 3852 3950 3853
f 3853 3950 3951
f 3853 3951 3854
f 3854 3951 3952
f 3854 3952 3855
f 3855 3952 3953
f 3855 3953 3856
f 3856 3953 3954
f 3856 3954 3857
f 3857 3954 3955
f 3857 3955 3858
f 3858 3955 3956
f 3858 3956 3859
f 3859 3956 3957
f 3859 3957 3860
f 3860 3957 3958
f 3860 3958 3861
f 3861 3958 3959
f 3861 3959 3862
f 3862 3959 3960
f 3862 3960 3863
f 3863 3960 3961
f 3863 3961 3864
f 3864 3961 3962
f 3864 3962 3865
f 3865 3962 3963
f 3865 3963 3866
f 3866 3963 3964
f 3866 3964 3867
f 3867 3964 3965
f 3867 3965 3868
f 3868 3965 3966
f 3868 3966 3869
f 3869 3966 3967
f 3869 3967 3870
f 3870 3967 3968
f 3870 3968 3871
f 3871 3968 3969
f 3871 3969 3872
f 3872 3969 3970
f 3872 3970 3873
f 3873 3970 3971
f 3873 3971 3874
f 3874 3971 3972
f 3874 3972 3875
f 3875 3972 3973
f 3875 3973 3876
f 3876 3973 3974
f 3876 3974 3877
f 3877 3974 3975
f 3877 3975 3878
f 3878 3975 3976
f 3878 3976 3879
f 3879 3976 3977
f 3879 3977 3880
f 3881 3978 3979
f 3881 3979 3882
f 3882 3979 3980
f 3882 3980 3883
f 3883 3980 3981
f 3883 3981 3884
f 3884 3981 3982
f 3884 3982 3885
f 3885 3982 3983
f 3885 3983 3886
f 3886 3983 3984
f 3886 3984 3887
f 3887 3984 3985
f 3887 3985 3888
f 3888 3985 3986
f 3888 3986 3889
f 3889 3986 3987
f 3889 3987 3890
f 3890 3987 3988
f 3890 3988 3891
f 3891 3988 3989
f 3891 3989 3892
f 3892 3989 3990
f 3892 3990 3893
f 3893 3990 3991
f 3893 3991 3894
f 3894 3991 3992
f 3894 3992 3895
f 3895 3992 3993
f 3895 3993 3896
f 3896 3993 3994
f 3896 3994 3897
f 3897 3994 3995
f 3897 3995 3898
f 3898 3995 3996
f 3898 3996 3899
f 3899 3996 3997
f 3899 3997 3900
f 3900 3997 3998
f 3900 3998 3901
f 3901 3998 3999
f 3901 3999 3902
f 3902 3999 4000
f 3902 4000 3903
f 3903 4000 4001
f 3903 4001 3904
f 3904 4001 4002
f 3904 4002 3905
f 3905 4002 4003
f 3905 4003 3906
f 3906 4003 4004
f 3906 4004 3907
f 3907 4004 4005
f 3907 4005 3908
f 3908 4005 4006
f 3908 4006 3909
f 3909 4006 4007
f 3909 4007 3910
f 3910 4007 4008
f 3910 4008 3911
f 3911 4008 4009
f 3911 4009 3912
f 3912 4009 4010
f 3912 4010 3913
f 3913 4010 4011
f 3913 4011 3914
f 3914 4011 4012
f 3914 4012 3915
f 3915 4012 4013
f 3915 4013 3916
f 3916 4013 4014
f 3916 4014 3917
f 3917 4014 4015
f 3917 4015 3918
f 3918 4015 4016
f 3918 4016 3919
f 3919 4016 4017
f 3919 4017 3920
f 3920 4017 4018
f 3920 4018 3921
f 3921 4018 4019
f 3921 4019 3922
f 3922 4019 4020
f 3922 4020 3923
f 3923 4020 4021
f 3923 4021 3924
f 3924 4021 4022
f 3924 4022 3925
f 3925 4022 4023
f 3925 4023 3926
f 3926 4023 4024
f 3926 4024 3927
f 3927 4024 4025
f 3927 4025 3928
f 3928 4025 4026
f 3928 4026 3929
f 3929 4026 4027
f 3929 4027 3930
f 3930 4027 4028
f 3930 4028 3931
f 3931 4028 4029
f 3931 4029 3932
f 3932 4029 4030
f 3932 4030 3933
f 3933 4030 4031
f 3933 4031 3934
f 3934 4031 4032
f 3934 4032 3935
f 3935 4032 4033
f 3935 4033 3936
f 3936 4033 4034
f 3936 4034 3937
f 3937 4034 4035
f 3937 4035 3938
f 3938 4035 4036
f 3938 4036 3939
f 3939 4036 4037
f 3939 4037 3940
f 3940 4037 4038
f 3940 4038 3941
f 3941 4038 4039
f 3941 4039 3942
f 3942 4039 4040
f 3942 4040 3943
f 3943 4040 4041
f 3943 4041 3944
f 3944 4041 4042
f 3944 4042 3945
f 3945 4042 4043
f 3945 4043 3946
f 3946 4043 4044
f 3946 4044 3947
f 3947 4044 4045
f 3947 4045 3948
f 3948 4045 4046
f 3948 4046 3949
f 3949 4046 4047
f 3949 4047 3950
f 3950 4047 4048
f 3950 4048 3951
f 3951 4048 4049
f 3951 4049 3952
f 3952 4049 4050
f 3952 4050 3953
f 3953 4050 4051
f 3953 4051 3954
f 3954 4051 4052
f 3954 4052 3955
f 3955 4052 4053
f 3955 4053 3956
f 3956 4053 4054
f 3956 4054 3957
f 3957 4054 4055
f 3957 4055 3958
f 3958 4055 4056
f 3958 4056 3959
f 3959 4056 4057
f 3959 4057 3960
f 3960 4057 4058
f 3960 4058 3961
f 3961 4058 4059
f 3961 4059 3962
f 3962 4059 4060
f 3962 4060 3963
f 3963 4060 4061
f 3963 4061 3964
f 3964 4061 4062
f 3964 4062 3965
f 3965 4062 4063
f 3965 4063 3966
f 3966 4063 4064
f 3966 4064 3967
f 3967 4064 4065
f 3967 4065 3968
f 3968 4065 4066
f 3968 4066 3969
f 3969 4066 4067
f 3969 4067 3970
f 3970 4067 4068
f 3970 4068 3971
f 3971 4068 4069
f 3971 4069 3972
f 3972 4069 4070
f 3972 4070 3973
f 3973 4070 4071
f 3973 4071 3974
f 3974 4071 4072
f 3974 4072 3975
f 3975 4072 4073
f 3975 4073 3976
f 3976 4073 4074
f 3976 4074 3977
f 3978 4075 4076
f 3978 4076 3979
f 3979 4076 4077
f 3979 4077 3980
f 3980 4077 4078
f 3980 4078 3981
f 3981 4078 4079
f 3981 4079 3982
f 3982 4079 4080
f 3982 4080 3983
f 3983 4080 4081
f 3983 4081 3984
f 3984 4081 4082
f 3984 4082 3985
f 3985 4082 4083
f 3985 4083 3986
f 3986 4083 4084
f 3986 4084 3987
f 3987 4084 4085
f 3987 4085 3988
f 3988 4085 4086
f 3988 4086 3989
f 3989 4086 4087
f 3989 4087 3990
f 3990 4087 4088
f 3990 4088 3991
f 3991 4088 4089
f 3991 4089 3992
f 3992 4089 4090
f 3992 4090 3993
f 3993 4090 4091
f 3993 4091 3994
f 3994 4091 4092
f 3994 4092 3995
f 3995 4092 4093
f 3995 4093 3996
f 3996 4093 4094
f 3996 4094 3997
f 3997 4094 4095
f 3997 4095 3998
f 3998 4095 4096
f 3998 4096 3999
f 3999 4096 4097
f 3999 4097 4000
f 4000 4097 4098
f 4000 4098 4001
f 4001 4098 4099
f 4001 4099 4002
f 4002 4099 4100
f 4002 4100 4003
f 4003 4100 4101
f 4003 4101 4004
f 4004 4101 4102
f 4004 4102 4005
f 4005 4102 4103
f 4005 4103 4006
f 4006 4103 4104
f 4006 4104 4007
f 4007 4104 4105
f 4007 4105 4008
f 4008 4105 4106
f 4008 4106 4009
f 4009 4106 4107
f 4009 4107 4010
f 4010 4107 4108
f 4010 4108 4011
f 4011 4108 4109
f 4011 4109 4012
f 4012 4109 4110
f 4012 4110 4013
f 4013 4110 4111
f 4013 4111 4014
f 4014 4111 4112
f 4014 4112 4015
f 4015 4112 4113
f 4015 4113 4016
f 4016 4113 4114
f 4016 4114 4017
f 4017 4114 4115
f 4017 4115 4018
f 4018 4115 4116
f 4018 4116 4019
f 4019 4116 4117
f 4019 4117 4020
f 4020 4117 4118
f 4020 4118 4021
f 4021 4118 4119
f 4021 4119 4022
f 4022 4119 4120
f 4022 4120 4023
f 4023 4120 4121
f 4023 4121 4024
f 4024 4121 4122
f 4024 4122 4025
f 4025 4122 4123
f 4025 4123 4026
f 4026 4123 4124
f 4026 4124 4027
f 4027 4124 4125
f 4027 4125 4028
f 4028 4125 4126
f 4028 4126 4029
f 4029 4126 4127
f 4029 4127 4030
f 4030 4127 4128
f 4030 4128 4031
f 4031 4128 4129
f 4031 4129 4032
f 4032 4129 4130
f 4032 4130 4033
f 4033 4130 4131
f 4033 4131 4034
f 4034 4131 4132
f 4034 4132 4035
f 4035 4132 4133
f 4035 4133 4036
f 4036 4133 4134
f 4036 4134 4037
f 4037 4134 4135
f 4037 4135 4038
f 4038 4135 4136
f 4038 4136 4039
f 4039 4136 4137
f 4039 4137 4040
f 4040 4137 4138
f 4040 4138 4041
f 4041 4138 4139
f 4041 4139 4042
f 4042 4139 4140
f 4042 4140 4043
f 4043 4140 4141
f 4043 4141 4044
f 4044 4141 4142
f 4044 4142 4045
f 4045 4142 4143
f 4045 4143 4046
f 4046 4143 4144
f 4046 4144 4047
f 4047 4144 4145
f 4047 4145 4048
f 4048 4145 4146
f 4048 4146 4049
f 4049 4146 4147
f 4049 4147 4050
f 4050 4147 4148
f 4050 4148 4051
f 4051 4148 4149
f 4051 4149 4052
f 4052 4149 4150
f 4052 4150 4053
f 4053 4150 4151
f 4053 4151 4054
f 4054 4151 4152
f 4054 4152 4055
f 4055 4152 4153
f 4055 4153 4056
f 4056 4153 4154
f 4056 4154 4057
f 4057 4154 4155
f 4057 4155 4058
f 4058 4155 4156
f 4058 4156 4059
f 4059 4156 4157
f 4059 4157 4060
f 4060 4157 4158
f 4060 4158 4061
f 4061 4158 4159
f 4061 4159 4062
f 4062 4159 4160
f 4062 4160 4063
f 4063 4160 4161
f 4063 4161 4064
f 4064 4161 4162
f 4064 4162 4065
f 4065 4162 4163
f 4065 4163 4066
f 4066 4163 4164
f 4066 4164 4067
f 4067 4164 4165
f 4067 4165 4068
f 4068 4165 4166
f 4068 4166 4069
f 4069 4166 4167
f 4069 4167 4070
f 4070 4167 4168
f 4070 4168 4071
f 4071 4168 4169
f 4071 4169 4072
f 4072 4169 4170
f 4072 4170 4073
f 4073 4170 4171
f 4073 4171 4074
f 4075 4172 4173
f 4075 4173 4076
f 4076 4173 4174
f 4076 4174 4077
f 4077 4174 4175
f 4077 4175 4078
f 4078 4175 4176
f 4078 4176 4079
f 4079 4176 4177
f 4079 4177 4080
f 4080 4177 4178
f 4080 4178 4081
f 4081 4178 4179
f 4081 4179 4082
f 4082 4179 4180
f 4082 4180 4083
f 4083 4180 4181
f 4083 4181 4084
f 4084 4181 4182
f 4084 4182 4085
f 4085 4182 4183
f 4085 4183 4086
f 4086 4183 4184
f 4086 4184 4087
f 4087 4184 4185
f 4087 4185 4088
f 4088 4185 4186
f 4088 4186 4089
f 4089 4186 4187
f 4089 4187 4090
f 4090 4187 4188
f 4090 4188 4091
f 4091 4188 4189
f 4091 4189 4092
f 4092 4189 4190
f 4092 4190 4093
f 4093 4190 4191
f 4093 4191 4094
f 4094 4191 4192
f 4094 4192 4095
f 4095 4192 4193
f 4095 4193 4096
f 4096 4193 4194
f 4096 4194 4097
f 4097 4194 4195
f 4097 4195 4098
f 4098 4195 4196
f 4098 4196 4099
f 4099 4196 4197
f 4099 4197 4100
f 4100 4197 4198
f 4100 4198 4101
f 4101 4198 4199
f 4101 4199 4102
f 4102 4199 4200
f 4102 4200 4103
f 4103 4200 4201
f 4103 4201 4104
f 4104 4201 4202
f 4104 4202 4105
f 4105 4202 4203
f 4105 4203 4106
f 4106 4203 4204
f 4106 4204 4107
f 4107 4204 4205
f 4107 4205 4108
f 4108 4205 4206
f 4108 4206 4109
f 4109 4206 4207
f 4109 4207 4110
f 4110 4207 4208
f 4110 4208 4111
f 4111 4208 4209
f 4111 4209 4112
f 4112 4209 4210
f 4112 4210 4113
f 4113 4210 4211
f 4113 4211 4114
f 4114 4211 4212
f 4114 4212 4115
f 4115 4212 4213
f 4115 4213 4116
f 4116 4213 4214
f 4116 4214 4117
f 4117 4214 4215
f 4117 4215 4118
f 4118 4215 4216
f 4118 4216 4119
f 4119 4216 4217
f 4119 4217 4120
f 4120 4217 4218
f 4120 4218 4121
f 4121 4218 4219
f 4121 4219 4122
f 4122 4219 4220
f 4122 4220 4123
f 4123 4220 4221
f 4123 4221 4124
f 4124 4221 4222
f 4124 4222 4125
f 4125 4222 4223
f 4125 4223 4126
f 4126 4223 4224
f 4126 4224 4127
f 4127 4224 4225
f 4127 4225 4128
f 4128 4225 4226
f 4128 4226 4129
f 4129 4226 4227
f 4129 4227 4130
f 4130 4227 4228
f 4130 4228 4131
f 4131 4228 4229
f 4131 4229 4132
f 4132 4229 4230
f 4132 4230 4133
f 4133 4230 4231
f 4133 4231 4134
f 4134 4231 4232
f 4134 4232 4135
f 4135 4232 4233
f 4135 4233 4136
f 4136 4233 4234
f 4136 4234 4137
f 4137 4234 4235
f 4137 4235 4138
f 4138 4235 4236
f 4138 4236 4139
f 4139 4236 4237
f 4139 4237 4140
f 4140 4237 4238
f 4140 4238 4141
f 4141 4238 4239
f 4141 4239 4142
f 4142 4239 4240
f 4142 4240 4143
f 4143 4240 4241
f 4143 4241 4144
f 4144 4241 4242
f 4144 4242 4145
f 4145 4242 4243
f 4145 4243 4146
f 4146 4243 4244
f 4146 4244 4147
f 4147 4244 4245
f 4147 4245 4148
f 4148 4245 4246
f 4148 4246 4149
f 4149 4246 4247
f 4149 4247 4150
f 4150 4247 4248
f 4150 4248 4151
f 4151 4248 4249
f 4151 4249 4152
f 4152 4249 4250
f 4152 4250 4153
f 4153 4250 4251
f 4153 4251 4154
f 4154 4251 4252
f 4154 4252 4155
f 4155 4252 4253
f 4155 4253 4156
f 4156 4253 4254
f 4156 4254 4157
f 4157 4254 4255
f 4157 4255 4158
f 4158 4255 4256
f 4158 4256 4159
f 4159 4256 4257
f 4159 4257 4160
f 4160 4257 4258
f 4160 4258 4161
f 4161 4258 4259
f 4161 4259 4162
f 4162 4259 4260
f 4162 4260 4163
f 4163 4260 4261
f 4163 4261 4164
f 4164 4261 4262
f 4164 4262 4165
f 4165 4262 4263
f 4165 4263 4166
f 4166 4263 4264
f 4166 4264 4167
f 4167 4264 4265
f 4167 4265 4168
f 4168 4265 4266
f 4168 4266 4169
f 4169 4266 4267
f 4169 4267 4170
f 4170 4267 4268
f 4170 4268 4171
f 4172 4269 4270
f 4172 4270 4173
f 4173 4270 4271
f 4173 4271 4174
f 4174 4271 4272
f 4174 4272 4175
f 4175 4272 4273
f 4175 4273 4176
f 4176 4273 4274
f 4176 4274 4177
f 4177 4274 4275
f 4177 4275 4178
f 4178 4275 4276
f 4178 4276 4179
f 4179 4276 4277
f 4179 4277 4180
f 4180 4277 4278
f 4180 4278 4181
f 4181 4278 4279
f 4181 4279 4182
f 4182 4279 4280
f 4182 4280 4183
f 4183 4280 4281
f 4183 4281 4184
f 4184 4281 4282
f 4184 4282 4185
f 4185 4282 4283
f 4185 4283 4186
f 4186 4283 4284
f 4186 4284 4187
f 4187 4284 4285
f 4187 4285 4188
f 4188 4285 4286
f 4188 4286 4189
f 4189 4286 4287
f 4189 4287 4190
f 4190 4287 4288
f 4190 4288 4191
f 4191 4288 4289
f 4191 4289 4192
f 4192 4289 4290
f 4192 4290 4193
f 4193 4290 4291
f 4193 4291 4194
f 4194 4291 4292
f 4194 4292 4195
f 4195 4292 4293
f 4195 4293 4196
f 4196 4293 4294
f 4196 4294 4197
f 4197 4294 4295
f 4197 4295 4198
f 4198 4295 4296
f 4198 4296 4199
f 4199 4296 4297
f 4199 4297 4200
f 4200 4297 4298
f 4200 4298 4201
f 4201 4298 4299
f 4201 4299 4202
f 4202 4299 4300
f 4202 4300 4203
f 4203 4300 4301
f 4203 4301 4204
f 4204 4301 4302
f 4204 4302 4205
f 4205 4302 4303
f 4205 4303 4206
f 4206 4303 4304
f 4206 4304 4207
f 4207 4304 4305
f 4207 4305 4208
f 4208 4305 4306
f 4208 4306 4209
f 4209 4306 4307
f 4209 4307 4210
f 4210 4307 4308
f 4210 4308 4211
f 4211 4308 4309
f 4211 4309 4212
f 4212 4309 4310
f 4212 4310 4213
f 4213 4310 4311
f 4213 4311 4214
f 4214 4311 4312
f 4214 4312 4215
f 4215 4312 4313
f 4215 4313 4216
f 4216 4313 4314
f 4216 4314 4217
f 4217 4314 4315
f 4217 4315 4218
f 4218 4315 4316
f 4218 4316 4219
f 4219 4316 4317
f 4219 4317 4220
f 4220 4317 4318
f 4220 4318 4221
f 4221 4318 4319
f 4221 4319 4222
f 4222 4319 4320
f 4222 4320 4223
f 4223 4320 4321
f 4223 4321 4224
f 4224 4321 4322
f 4224 4322 4225
f 4225 4322 4323
f 4225 4323 4226
f 4226 4323 4324
f 4226 4324 4227
f 4227 4324 4325
f 4227 4325 4228
f 4228 4325 4326
f 4228 4326 4229
f 4229 4326 4327
f 4229 4327 4230
f 4230 4327 4328
f 4230 4328 4231
f 4231 4328 4329
f 4231 4329 4232
f 4232 4329 4330
f 4232 4330 4233
f 4233 4330 4331
f 4233 4331 4234
f 4234 4331 4332
f 4234 4332 4235
f 4235 4332 4333
f 4235 4333 4236
f 4236 4333 4334
f 4236 4334 4237
f 4237 4334 4335
f 4237 4335 4238
f 4238 4335 4336
f 4238 4336 4239
f 4239 4336 4337
f 4239 4337 4240
f 4240 4337 4338
f 4240 4338 4241
f 4241 4338 4339
f 4241 4339 4242
f 4242 4339 4340
f 4242 4340 4243
f 4243 4340 4341
f 4243 4341 4244
f 4244 4341 4342
f 4244 4342 4245
f 4245 4342 4343
f 4245 4343 4246
f 4246 4343 4344
f 4246 4344 4247
f 4247 4344 4345
f 4247 4345 4248
f 4248 4345 4346
f 4248 4346 4249
f 4249 4346 4347
f 4249 4347 4250
f 4250 4347 4348
f 4250 4348 4251
f 4251 4348 4349
f 4251 4349 4252
f 4252 4349 4350
f 4252 4350 4253
f 4253 4350 4351
f 4253 4351 4254
f 4254 4351 4352
f 4254 4352 4255
f 4255 4352 4353
f 4255 4353 4256
f 4256 4353 4354
f 4256 4354 4257
f 4257 4354 4355
f 4257 4355 4258
f 4258 4355 4356
f 4258 4356 4259
f 4259 4356 4357
f 4259 4357 4260
f 4260 4357 4358
f 4260 4358 4261
f 4261 4358 4359
f 4261 4359 4262
f 4262 4359 4360
f 4262 4360 4263
f 4263 4360 4361
f 4263 4361 4264
f 4264 4361 4362
f 4264 4362 4265
f 4265 4362 4363
f 4265 4363 4266
f 4266 4363 4364
f 4266 4364 4267
f 4267 4364 4365
f 4267 4365 4268
f 4269 4366 4367
f 4269 4367 4270
f 4270 4367 4368
f 4270 4368 4271
f 4271 4368 4369
f 4271 4369 4272
f 4272 4369 4370
f 4272 4370 4273
f 4273 4370 4371
f 4273 4371 4274
f 4274 4371 4372
f 4274 4372 4275
f 4275 4372 4373
f 4275 4373 4276
f 4276 4373 4374
f 4276 4374 4277
f 4277 4374 4375
f 4277 4375 4278
f 4278 4375 4376
f 4278 4376 4279
f 4279 4376 4377
f 4279 4377 4280
f 4280 4377 4378
f 4280 4378 4281
f 4281 4378 4379
f 4281 4379 4282
f 4282 4379 4380
f 4282 4380 4283
f 4283 4380 4381
f 4283 4381 4284
f 4284 4381 4382
f 4284 4382 4285
f 4285 4382 4383
f 4285 4383 4286
f 4286 4383 4384
f 4286 4384 4287
f 4287 4384 4385
f 4287 4385 4288
f 4288 4385 4386
f 4288 4386 4289
f 4289 4386 4387
f 4289 4387 4290
f 4290 4387 4388
f 4290 4388 4291
f 4291 4388 4389
f 4291 4389 4292
f 4292 4389 4390
f 4292 4390 4293
f 4293 4390 4391
f 4293 4391 4294
f 4294 4391 4392
f 4294 4392 4295
f 4295 4392 4393
f 4295 4393 4296
f 4296 4393 4394
f 4296 4394 4297
f 4297 4394 4395
f 4297 4395 4298
f 4298 4395 4396
f 4298 4396 4299
f 4299 4396 4397
f 4299 4397 4300
f 4300 4397 4398
f 4300 4398 4301
f 4301 4398 4399
f 4301 4399 4302
f 4302 4399 4400
f 4302 4400 4303
f 4303 4400 4401
f 4303 4401 4304
f 4304 4401 4402
f 4304 4402 4305
f 4305 4402 4403
f 4305 4403 4306
f 4306 4403 4404
f 4306 4404 4307
f 4307 4404 4405
f 4307 4405 4308
f 4308 4405 4406
f 4308 4406 4309
f 4309 4406 4407
f 4309 4407 4310
f 4310 4407 4408
f 4310 4408 4311
f 4311 4408 4409
f 4311 4409 4312
f 4312 4409 4410
f 4312 4410 4313
f 4313 4410 4411
f 4313 4411 4314
f 4314 4411 4412
f 4314 4412 4315
f 4315 4412 4413
f 4315 4413 4316
f 4316 4413 4414
f 4316 4414 4317
f 4317 4414 4415
f 4317 4415 4318
f 4318 4415 4416
f 4318 4416 4319
f 4319 4416 4417
f 4319 4417 4320
f 4320 4417 4418
f 4320 4418 4321
f 4321 4418 4419
f 4321 4419 4322
f 4322 4419 4420
f 4322 4420 4323
f 4323 4420 4421
f 4323 4421 4324
f 4324 4421 4422
f 4324 4422 4325
f 4325 4422 4423
f 4325 4423 4326
f 4326 4423 4424
f 4326 4424 4327
f 4327 4424 4425
f 4327 4425 4328
f 4328 4425 4426
f 4328 4426 4329
f 4329 4426 4427
f 4329 4427 4330
f 4330 4427 4428
f 4330 4428 4331
f 4331 4428 4429
f 4331 4429 4332
f 4332 4429 4430
f 4332 4430 4333
f 4333 4430 4431
f 4333 4431 4334
f 4334 4431 4432
f 4334 4432 4335
f 4335 4432 4433
f 4335 4433 4336
f 4336 4433 4434
f 4336 4434 4337
f 4337 4434 4435
f 4337 4435 4338
f 4338 4435 4436
f 4338 4436 4339
f 4339 4436 4437
f 4339 4437 4340
f 4340 4437 4438
f 4340 4438 4341
f 4341 4438 4439
f 4341 4439 4342
f 4342 4439 4440
f 4342 4440 4343
f 4343 4440 4441
f 4343 4441 4344
f 4344 4441 4442
f 4344 4442 4345
f 4345 4442 4443
f 4345 4443 4346
f 4346 4443 4444
f 4346 4444 4347
f 4347 4444 4445
f 4347 4445 4348
f 4348 4445 4446
f 4348 4446 4349
f 4349 4446 4447
f 4349 4447 4350
f 4350 4447 4448
f 4350 4448 4351
f 4351 4448 4449
f 4351 4449 4352
f 4352 4449 4450
f 4352 4450 4353
f 4353 4450 4451
f 4353 4451 4354
f 4354 4451 4452
f 4354 4452 4355
f 4355 4452 4453
f 4355 4453 4356
f 4356 4453 4454
f 4356 4454 4357
f 4357 4454 4455
f 4357 4455 4358
f 4358 4455 4456
f 4358 4456 4359
f 4359 4456 4457
f 4359 4457 4360
f 4360 4457 4458
f 4360 4458 4361
f 4361 4458 4459
f 4361 4459 4362
f 4362 4459 4460
f 4362 4460 4363
f 4363 4460 4461
f 4363 4461 4364
f 4364 4461 4462
f 4364 4462 4365
f 4366 4463 4464
f 4366 4464 4367
f 4367 4464 4465
f 4367 4465 4368
f 4368 4465 4466
f 4368 4466 4369
f 4369 4466 4467
f 4369 4467 4370
f 4370 4467 4468
f 4370 4468 4371
f 4371 4468 4469
f 4371 4469 4372
f 4372 4469 4470
f 4372 4470 4373
f 4373 4470 4471
f 4373 4471 4374
f 4374 4471 4472
f 4374 4472 4375
f 4375 4472 4473
f 4375 4473 4376
f 4376 4473 4474
f 4376 4474 4377
f 4377 4474 4475
f 4377 4475 4378
f 4378 4475 4476
f 4378 4476 4379
f 4379 4476 4477
f 4379 4477 4380
f 4380 4477 4478
f 4380 4478 4381
f 4381 4478 4479
f 4381 4479 4382
f 4382 4479 4480
f 4382 4480 4383
f 4383 4480 4481
f 4383 4481 4384
f 4384 4481 4482
f 4384 4482 4385
f 4385 4482 4483
f 4385 4483 4386
f 4386 4483 4484
f 4386 4484 4387
f 4387 4484 4485
f 4387 4485 4388
f 4388 4485 4486
f 4388 4486 4389
f 4389 4486 4487
f 4389 4487 4390
f 4390 4487 4488
f 4390 4488 4391
f 4391 4488 4489
f 4391 4489 4392
f 4392 4489 4490
f 4392 4490 4393
f 4393 4490 4491
f 4393 4491 4394
f 4394 4491 4492
f 4394 4492 4395
f 4395 4492 4493
f 4395 4493 4396
f 4396 4493 4494
f 4396 4494 4397
f 4397 4494 4495
f 4397 4495 4398
f 4398 4495 4496
f 4398 4496 4399
f 4399 4496 4497
f 4399 4497 4400
f 4400 4497 4498
f 4400 4498 4401
f 4401 4498 4499
f 4401 4499 4402
f 4402 4499 4500
f 4402 4500 4403
f 4403 4500 4501
f 4403 4501 4404
f 4404 4501 4502
f 4404 4502 4405
f 4405 4502 4503
f 4405 4503 4406
f 4406 4503 4504
f 4406 4504 4407
f 4407 4504 4505
f 4407 4505 4408
f 4408 4505 4506
f 4408 4506 4409
f 4409 4506 4507
f 4409 4507 4410
f 4410 4507 4508
f 4410 4508 4411
f 4411 4508 4509
f 4411 4509 4412
f 4412 4509 4510
f 4412 4510 4413
f 4413 4510 4511
f 4413 4511 4414
f 4414 4511 4512
f 4414 4512 4415
f 4415 4512 4513
f 4415 4513 4416
f 4416 4513 4514
f 4416 4514 4417
f 4417 4514 4515
f 4417 4515 4418
f 4418 4515 4516
f 4418 4516 4419
f 4419 4516 4517
f 4419 4517 4420
f 4420 4517 4518
f 4420 4518 4421
f 4421 4518 4519
f 4421 4519 4422
f 4422 4519 4520
f 4422 4520 4423
f 4423 4520 4521
f 4423 4521 4424
f 4424 4521 4522
f 4424 4522 4425
f 4425 4522 4523
f 4425 4523 4426
f 4426 4523 4524
f 4426 4524 4427
f 4427 4524 4525
f 4427 4525 4428
f 4428 4525 4526
f 4428 4526 4429
f 4429 4526 4527
f 4429 4527 4430
f 4430 4527 4528
f 4430 4528 4431
f 4431 4528 4529
f 4431 4529 4432
f 4432 4529 4530
f 4432 4530 4433
f 4433 4530 4531
f 4433 4531 4434
f 4434 4531 4532
f 4434 4532 4435
f 4435 4532 4533
f 4435 4533 4436
f 4436 4533 4534
f 4436 4534 4437
f 4437 4534 4535
f 4437 4535 4438
f 4438 4535 4536
f 4438 4536 4439
f 4439 4536 4537
f 4439 4537 4440
f 4440 4537 4538
f 4440 4538 4441
f 4441 4538 4539
f 4441 4539 4442
f 4442 4539 4540
f 4442 4540 4443
f 4443 4540 4541
f 4443 4541 4444
f 4444 4541 4542
f 4444 4542 4445
f 4445 4542 4543
f 4445 4543 4446
f 4446 4543 4544
f 4446 4544 4447
f 4447 4544 4545
f 4447 4545 4448
f 4448 4545 4546
f 4448 4546 4449
f 4449 4546 4547
f 4449 4547 4450
f 4450 4547 4548
f 4450 4548 4451
f 4451 4548 4549
f 4451 4549 4452
f 4452 4549 4550
f 4452 4550 4453
f 4453 4550 4551
f 4453 4551 4454
f 4454 4551 4552
f 4454 4552 4455
f 4455 4552 4553
f 4455 4553 4456
f 4456 4553 4554
f 4456 4554 4457
f 4457 4554 4555
f 4457 4555 4458
f 4458 4555 4556
f 4458 4556 4459
f 4459 4556 4557
f 4459 4557 4460
f 4460 4557 4558
f 4460 4558 4461
f 4461 4558 4559
f 4461 4559 4462
f 4463 4560 4561
f 4463 4561 4464
f 4464 4561 4562
f 4464 4562 4465
f 4465 4562 4563
f 4465 4563 4466
f 4466 4563 4564
f 4466 4564 4467
f 4467 4564 4565
f 4467 4565 4468
f 4468 4565 4566
f 4468 4566 4469
f 4469 4566 4567
f 4469 4567 4470
f 4470 4567 4568
f 4470 4568 4471
f 4471 4568 4569
f 4471 4569 4472
f 4472 4569 4570
f 4472 4570 4473
f 4473 4570 4571
f 4473 4571 4474
f 4474 4571 4572
f 4474 4572 4475
f 4475 4572 4573
f 4475 4573 4476
f 4476 4573 4574
f 4476 4574 4477
f 4477 4574 4575
f 4477 4575 4478
f 4478 4575 4576
f 4478 4576 4479
f 4479 4576 4577
f 4479 4577 4480
f 4480 4577 4578
f 4480 4578 4481
f 4481 4578 4579
f 4481 4579 4482
f 4482 4579 4580
f 4482 4580 4483
f 4483 4580 4581
f 4483 4581 4484
f 4484 4581 4582
f 4484 4582 4485
f 4485 4582 4583
f 4485 4583 4486
f 4486 4583 4584
f 4486 4584 4487
f 4487 4584 4585
f 4487 4585 4488
f 4488 4585 4586
f 4488 4586 4489
f 4489 4586 4587
f 4489 4587 4490
f 4490 4587 4588
f 4490 4588 4491
f 4491 4588 4589
f 4491 4589 4492
f 4492 4589 4590
f 4492 4590 4493
f 4493 4590 4591
f 4493 4591 4494
f 4494 4591 4592
f 4494 4592 4495
f 4495 4592 4593
f 4495 4593 4496
f 4496 4593 4594
f 4496 4594 4497
f 4497 4594 4595
f 4497 4595 4498
f 4498 4595 4596
f 4498 4596 4499
f 4499 4596 4597
f 4499 4597 4500
f 4500 4597 4598
f 4500 4598 4501
f 4501 4598 4599
f 4501 4599 4502
f 4502 4599 4600
f 4502 4600 4503
f 4503 4600 4601
f 4503 4601 4504
f 4504 4601 4602
f 4504 4602 4505
f 4505 4602 4603
f 4505 4603 4506
f 4506 4603 4604
f 4506 4604 4507
f 4507 4604 4605
f 4507 4605 4508
f 4508 4605 4606
f 4508 4606 4509
f 4509 4606 4607
f 4509 4607 4510
f 4510 4607 4608
f 4510 4608 4511
f 4511 4608 4609
f 4511 4609 4512
f 4512 4609 4610
f 4512 4610 4513
f 4513 4610 4611
f 4513 4611 4514
f 4514 4611 4612
f 4514 4612 4515
f 4515 4612 4613
f 4515 4613 4516
f 4516 4613 4614
f 4516 4614 4517
f 4517 4614 4615
f 4517 4615 4518
f 4518 4615 4616
f 4518 4616 4519
f 4519 4616 4617
f 4519 4617 4520
f 4520 4617 4618
f 4520 4618 4521
f 4521 4618 4619
f 4521 4619 4522
f 4522 4619 4620
f 4522 4620 4523
f 4523 4620 4621
f 4523 4621 4524
f 4524 4621 4622
f 4524 4622 4525
f 4525 4622 4623
f 4525 4623 4526
f 4526 4623 4624
f 4526 4624 4527
f 4527 4624 4625
f 4527 4625 4528
f 4528 4625 4626
f 4528 4626 4529
f 4529 4626 4627
f 4529 4627 4530
f 4530 4627 4628
f 4530 4628 4531
f 4531 4628 4629
f 4531 4629 4532
f 4532 4629 4630
f 4532 4630 4533
f 4533 4630 4631
f 4533 4631 4534
f 4534 4631 4632
f 4534 4632 4535
f 4535 4632 4633
f 4535 4633 4536
f 4536 4633 4634
f 4536 4634 4537
f 4537 4634 4635
f 4537 4635 4538
f 4538 4635 4636
f 4538 4636 4539
f 4539 4636 4637
f 4539 4637 4540
f 4540 4637 4638
f 4540 4638 4541
f 4541 4638 4639
f 4541 4639 4542
f 4542 4639 4640
f 4542 4640 4543
f 4543 4640 4641
f 4543 4641 4544
f 4544 4641 4642
f 4544 4642 4545
f 4545 4642 4643
f 4545 4643 4546
f 4546 4643 4644
f 4546 4644 4547
f 4547 4644 4645
f 4547 4645 4548
f 4548 4645 4646
f 4548 4646 4549
f 4549 4646 4647
f 4549 4647 4550
f 4550 4647 4648
f 4550 4648 4551
f 4551 4648 4649
f 4551 4649 4552
f 4552 4649 4650
f 4552 4650 4553
f 4553 4650 4651
f 4553 4651 4554
f 4554 4651 4652
f 4554 4652 4555
f 4555 4652 4653
f 4555 4653 4556
f 4556 4653 4654
f 4556 4654 4557
f 4557 4654 4655
f 4557 4655 4558
f 4558 4655 4656
f 4558 4656 4559
f 4560 4657 4658
f 4560 4658 4561
f 4561 4658 4659
f 4561 4659 4562
f 4562 4659 4660
f 4562 4660 4563
f 4563 4660 4661
f 4563 4661 4564
f 4564 4661 4662
f 4564 4662 4565
f 4565 4662 4663
f 4565 4663 4566
f 4566 4663 4664
f 4566 4664 4567
f 4567 4664 4665
f 4567 4665 4568
f 4568 4665 4666
f 4568 4666 4569
f 4569 4666 4667
f 4569 4667 4570
f 4570 4667 4668
f 4570 4668 4571
f 4571 4668 4669
f 4571 4669 4572
f 4572 4669 4670
f 4572 4670 4573
f 4573 4670 4671
f 4573 4671 4574
f 4574 4671 4672
f 4574 4672 4575
f 4575 4672 4673
f 4575 4673 4576
f 4576 4673 4674
f 4576 4674 4577
f 4577 4674 4675
f 4577 4675 4578
f 4578 4675 4676
f 4578 4676 4579
f 4579 4676 4677
f 4579 4677 4580
f 4580 4677 4678
f 4580 4678 4581
f 4581 4678 4679
f 4581 4679 4582
f 4582 4679 4680
f 4582 4680 4583
f 4583 4680 4681
f 4583 4681 4584
f 4584 4681 4682
f 4584 4682 4585
f 4585 4682 4683
f 4585 4683 4586
f 4586 4683 4684
f 4586 4684 4587
f 4587 4684 4685
f 4587 4685 4588
f 4588 4685 4686
f 4588 4686 4589
f 4589 4686 4687
f 4589 4687 4590
f 4590 4687 4688
f 4590 4688 4591
f 4591 4688 4689
f 4591 4689 4592
f 4592 4689 4690
f 4592 4690 4593
f 4593 4690 4691
f 4593 4691 4594
f 4594 4691 4692
f 4594 4692 4595
f 4595 4692 4693
f 4595 4693 4596
f 4596 4693 4694
f 4596 4694 4597
f 4597 4694 4695
f 4597 4695 4598
f 4598 4695 4696
f 4598 4696 4599
f 4599 4696 4697
f 4599 4697 4600
f 4600 4697 4698
f 4600 4698 4601
f 4601 4698 4699
f 4601 4699 4602
f 4602 4699 4700
f 4602 4700 4603
f 4603 4700 4701
f 4603 4701 4604
f 4604 4701 4702
f 4604 4702 4605
f 4605 4702 4703
f 4605 4703 4606
f 4606 4703 4704
f 4606 4704 4607
f 4607 4704 4705
f 4607 4705 4608
f 4608 4705 4706
f 4608 4706 4609
f 4609 4706 4707
f 4609 4707 4610
f 4610 4707 4708
f 4610 4708 4611
f 4611 4708 4709
f 4611 4709 4612
f 4612 4709 4710
f 4612 4710 4613
f 4613 4710 4711
f 4613 4711 4614
f 4614 4711 4712
f 4614 4712 4615
f 4615 4712 4713
f 4615 4713 4616
f 4616 4713 4714
f 4616 4714 4617
f 4617 4714 4715
f 4617 4715 4618
f 4618 4715 4716
f 4618 4716 4619
f 4619 4716 4717
f 4619 4717 4620
f 4620 4717 4718
f 4620 4718 4621
f 4621 4718 4719
f 4621 4719 4622
f 4622 4719 4720
f 4622 4720 4623
f 4623 4720 4721
f 4623 4721 4624
f 4624 4721 4722
f 4624 4722 4625
f 4625 4722 4723
f 4625 4723 4626
f 4626 4723 4724
f 4626 4724 4627
f 4627 4724 4725
f 4627 4725 4628
f 4628 4725 4726
f 4628 4726 4629
f 4629 4726 4727
f 4629 4727 4630
f 4630 4727 4728
f 4630 4728 4631
f 4631 4728 4729
f 4631 4729 4632
f 4632 4729 4730
f 4632 4730 4633
f 4633 4730 4731
f 4633 4731 4634
f 4634 4731 4732
f 4634 4732 4635
f 4635 4732 4733
f 4635 4733 4636
f 4636 4733 4734
f 4636 4734 4637
f 4637 4734 4735
f 4637 4735 4638
f 4638 4735 4736
f 4638 4736 4639
f 4639 4736 4737
f 4639 4737 4640
f 4640 4737 4738
f 4640 4738 4641
f 4641 4738 4739
f 4641 4739 4642
f 4642 4739 4740
f 4642 4740 4643
f 4643 4740 4741
f 4643 4741 4644
f 4644 4741 4742
f 4644 4742 4645
f 4645 4742 4743
f 4645 4743 4646
f 4646 4743 4744
f 4646 4744 4647
f 4647 4744 4745
f 4647 4745 4648
f 4648 4745 4746
f 4648 4746 4649
f 4649 4746 4747
f 4649 4747 4650
f 4650 4747 4748
f 4650 4748 4651
f 4651 4748 4749
f 4651 4749 4652
f 4652 4749 4750
f 4652 4750 4653
f 4653 4750 4751
f 4653 4751 4654
f 4654 4751 4752
f 4654 4752 4655
f 4655 4752 4753
f 4655 4753 4656
f 4657 4754 4755
f 4657 4755 4658
f 4658 4755 4756
f 4658 4756 4659
f 4659 4756 4757
f 4659 4757 4660
f 4660 4757 4758
f 4660 4758 4661
f 4661 4758 4759
f 4661 4759 4662
f 4662 4759 4760
f 4662 4760 4663
f 4663 4760 4761
f 4663 4761 4664
f 4664 4761 4762
f 4664 4762 4665
f 4665 4762 4763
f 4665 4763 4666
f 4666 4763 4764
f 4666 4764 4667
f 4667 4764 4765
f 4667 4765 4668
f 4668 4765 4766
f 4668 4766 4669
f 4669 4766 4767
f 4669 4767 4670
f 4670 4767 4768
f 4670 4768 4671
f 4671 4768 4769
f 4671 4769 4672
f 4672 4769 4770
f 4672 4770 4673
f 4673 4770 4771
f 4673 4771 4674
f 4674 4771 4772
f 4674 4772 4675
f 4675 4772 4773
f 4675 4773 4676
f 4676 4773 4774
f 4676 4774 4677
f 4677 4774 4775
f 4677 4775 4678
f 4678 4775 4776
f 4678 4776 4679
f 4679 4776 4777
f 4679 4777 4680
f 4680 4777 4778
f 4680 4778 4681
f 4681 4778 4779
f 4681 4779 4682
f 4682 4779 4780
f 4682 4780 4683
f 4683 4780 4781
f 4683 4781 4684
f 4684 4781 4782
f 4684 4782 4685
f 4685 4782 4783
f 4685 4783 4686
f 4686 4783 4784
f 4686 4784 4687
f 4687 4784 4785
f 4687 4785 4688
f 4688 4785 4786
f 4688 4786 4689
f 4689 4786 4787
f 4689 4787 4690
f 4690 4787 4788
f 4690 4788 4691
f 4691 4788 4789
f 4691 4789 4692
f 4692 4789 4790
f 4692 4790 4693
f 4693 4790 4791
f 4693 4791 4694
f 4694 4791 4792
f 4694 4792 4695
f 4695 4792 4793
f 4695 4793 4696
f 4696 4793 4794
f 4696 4794 4697
f 4697 4794 4795
f 4697 4795 4698
f 4698 4795 4796
f 4698 4796 4699
f 4699 4796 4797
f 4699 4797 4700
f 4700 4797 4798
f 4700 4798 4701
f 4701 4798 4799
f 4701 4799 4702
f 4702 4799 4800
f 4702 4800 4703
f 4703 4800 4801
f 4703 4801 4704
f 4704 4801 4802
f 4704 4802 4705
f 4705 4802 4803
f 4705 4803 4706
f 4706 4803 4804
f 4706 4804 4707
f 4707 4804 4805
f 4707 4805 4708
f 4708 4805 4806
f 4708 4806 4709
f 4709 4806 4807
f 4709 4807 4710
f 4710 4807 4808
f 4710 4808 4711
f 4711 4808 4809
f 4711 4809 4712
f 4712 4809 4810
f 4712 4810 4713
f 4713 4810 4811
f 4713 4811 4714
f 4714 4811 4812
f 4714 4812 4715
f 4715 4812 4813
f 4715 4813 4716
f 4716 4813 4814
f 4716 4814 4717
f 4717 4814 4815
f 4717 4815 4718
f 4718 4815 4816
f 4718 4816 4719
f 4719 4816 4817
f 4719 4817 4720
f 4720 4817 4818
f 4720 4818 4721
f 4721 4818 4819
f 4721 4819 4722
f 4722 4819 4820
f 4722 4820 4723
f 4723 4820 4821
f 4723 4821 4724
f 4724 4821 4822
f 4724 4822 4725
f 4725 4822 4823
f 4725 4823 4726
f 4726 4823 4824
f 4726 4824 4727
f 4727 4824 4825
f 4727 4825 4728
f 4728 4825 4826
f 4728 4826 4729
f 4729 4826 4827
f 4729 4827 4730
f 4730 4827 4828
f 4730 4828 4731
f 4731 4828 4829
f 4731 4829 4732
f 4732 4829 4830
f 4732 4830 4733
f 4733 4830 4831
f 4733 4831 4734
f 4734 4831 4832
f 4734 4832 4735
f 4735 4832 4833
f 4735 4833 4736
f 4736 4833 4834
f 4736 4834 4737
f 4737 4834 4835
f 4737 4835 4738
f 4738 4835 4836
f 4738 4836 4739
f 4739 4836 4837
f 4739 4837 4740
f 4740 4837 4838
f 4740 4838 4741
f 4741 4838 4839
f 4741 4839 4742
f 4742 4839 4840
f 4742 4840 4743
f 4743 4840 4841
f 4743 4841 4744
f 4744 4841 4842
f 4744 4842 4745
f 4745 4842 4843
f 4745 4843 4746
f 4746 4843 4844
f 4746 4844 4747
f 4747 4844 4845
f 4747 4845 4748
f 4748 4845 4846
f 4748 4846 4749
f 4749 4846 4847
f 4749 4847 4750
f 4750 4847 4848
f 4750 4848 4751
f 4751 4848 4849
f 4751 4849 4752
f 4752 4849 4850
f 4752 4850 4753
f 4754 4851 4852
f 4754 4852 4755
f 4755 4852 4853
f 4755 4853 4756
f 4756 4853 4854
f 4756 4854 4757
f 4757 4854 4855
f 4757 4855 4758
f 4758 4855 4856
f 4758 4856 4759
f 4759 4856 4857
f 4759 4857 4760
f 4760 4857 4858
f 4760 4858 4761
f 4761 4858 4859
f 4761 4859 4762
f 4762 4859 4860
f 4762 4860 4763
f 4763 4860 4861
f 4763 4861 4764
f 4764 4861 4862
f 4764 4862 4765
f 4765 4862 4863
f 4765 4863 4766
f 4766 4863 4864
f 4766 4864 4767
f 4767 4864 4865
f 4767 4865 4768
f 4768 4865 4866
f 4768 4866 4769
f 4769 4866 4867
f 4769 4867 4770
f 4770 4867 4868
f 4770 4868 4771
f 4771 4868 4869
f 4771 4869 4772
f 4772 4869 4870
f 4772 4870 4773
f 4773 4870 4871
f 4773 4871 4774
f 4774 4871 4872
f 4774 4872 4775
f 4775 4872 4873
f 4775 4873 4776
f 4776 4873 4874
f 4776 4874 4777
f 4777 4874 4875
f 4777 4875 4778
f 4778 4875 4876
f 4778 4876 4779
f 4779 4876 4877
f 4779 4877 4780
f 4780 4877 4878
f 4780 4878 4781
f 4781 4878 4879
f 4781 4879 4782
f 4782 4879 4880
f 4782 4880 4783
f 4783 4880 4881
f 4783 4881 4784
f 4784 4881 4882
f 4784 4882 4785
f 4785 4882 4883
f 4785 4883 4786
f 4786 4883 4884
f 4786 4884 4787
f 4787 4884 4885
f 4787 4885 4788
f 4788 4885 4886
f 4788 4886 4789
f 4789 4886 4887
f 4789 4887 4790
f 4790 4887 4888
f 4790 4888 4791
f 4791 4888 4889
f 4791 4889 4792
f 4792 4889 4890
f 4792 4890 4793
f 4793 4890 4891
f 4793 4891 4794
f 4794 4891 4892
f 4794 4892 4795
f 4795 4892 4893
f 4795 4893 4796
f 4796 4893 4894
f 4796 4894 4797
f 4797 4894 4895
f 4797 4895 4798
f 4798 4895 4896
f 4798 4896 4799
f 4799 4896 4897
f 4799 4897 4800
f 4800 4897 4898
f 4800 4898 4801
f 4801 4898 4899
f 4801 4899 4802
f 4802 4899 4900
f 4802 4900 4803
f 4803 4900 4901
f 4803 4901 4804
f 4804 4901 4902
f 4804 4902 4805
f 4805 4902 4903
f 4805 4903 4806
f 4806 4903 4904
f 4806 4904 4807
f 4807 4904 4905
f 4807 4905 4808
f 4808 4905 4906
f 4808 4906 4809
f 4809 4906 4907
f 4809 4907 4810
f 4810 4907 4908
f 4810 4908 4811
f 4811 4908 4909
f 4811 4909 4812
f 4812 4909 4910
f 4812 4910 4813
f 4813 4910 4911
f 4813 4911 4814
f 4814 4911 4912
f 4814 4912 4815
f 4815 4912 4913
f 4815 4913 4816
f 4816 4913 4914
f 4816 4914 4817
f 4817 4914 4915
f 4817 4915 4818
f 4818 4915 4916
f 4818 4916 4819
f 4819 4916 4917
f 4819 4917 4820
f 4820 4917 4918
f 4820 4918 4821
f 4821 4918 4919
f 4821 4919 4822
f 4822 4919 4920
f 4822 4920 4823
f 4823 4920 4921
f 4823 4921 4824
f 4824 4921 4922
f 4824 4922 4825
f 4825 4922 4923
f 4825 4923 4826
f 4826 4923 4924
f 4826 4924 4827
f 4827 4924 4925
f 4827 4925 4828
f 4828 4925 4926
f 4828 4926 4829
f 4829 4926 4927
f 4829 4927 4830
f 4830 4927 4928
f 4830 4928 4831
f 4831 4928 4929
f 4831 4929 4832
f 4832 4929 4930
f 4832 4930 4833
f 4833 4930 4931
f 4833 4931 4834
f 4834 4931 4932
f 4834 4932 4835
f 4835 4932 4933
f 4835 4933 4836
f 4836 4933 4934
f 4836 4934 4837
f 4837 4934 4935
f 4837 4935 4838
f 4838 4935 4936
f 4838 4936 4839
f 4839 4936 4937
f 4839 4937 4840
f 4840 4937 4938
f 4840 4938 4841
f 4841 4938 4939
f 4841 4939 4842
f 4842 4939 4940
f 4842 4940 4843
f 4843 4940 4941
f 4843 4941 4844
f 4844 4941 4942
f 4844 4942 4845
f 4845 4942 4943
f 4845 4943 4846
f 4846 4943 4944
f 4846 4944 4847
f 4847 4944 4945
f 4847 4945 4848
f 4848 4945 4946
f 4848 4946 4849
f 4849 4946 4947
f 4849 4947 4850
f 4851 4948 4949
f 4851 4949 4852
f 4852 4949 4950
f 4852 4950 4853
f 4853 4950 4951
f 4853 4951 4854
f 4854 4951 4952
f 4854 4952 4855
f 4855 4952 4953
f 4855 4953 4856
f 4856 4953 4954
f 4856 4954 4857
f 4857 4954 4955
f 4857 4955 4858
f 4858 4955 4956
f 4858 4956 4859
f 4859 4956 4957
f 4859 4957 4860
f 4860 4957 4958
f 4860 4958 4861
f 4861 4958 4959
f 4861 4959 4862
f 4862 4959 4960
f 4862 4960 4863
f 4863 4960 4961
f 4863 4961 4864
f 4864 4961 4962
f 4864 4962 4865
f 4865 4962 4963
f 4865 4963 4866
f 4866 4963 4964
f 4866 4964 4867
f 4867 4964 4965
f 4867 4965 4868
f 4868 4965 4966
f 4868 4966 4869
f 4869 4966 4967
f 4869 4967 4870
f 4870 4967 4968
f 4870 4968 4871
f 4871 4968 4969
f 4871 4969 4872
f 4872 4969 4970
f 4872 4970 4873
f 4873 4970 4971
f 4873 4971 4874
f 4874 4971 4972
f 4874 4972 4875
f 4875 4972 4973
f 4875 4973 4876
f 4876 4973 4974
f 4876 4974 4877
f 4877 4974 4975
f 4877 4975 4878
f 4878 4975 4976
f 4878 4976 4879
f 4879 4976 4977
f 4879 4977 4880
f 4880 4977 4978
f 4880 4978 4881
f 4881 4978 4979
f 4881 4979 4882
f 4882 4979 4980
f 4882 4980 4883
f 4883 4980 4981
f 4883 4981 4884
f 4884 4981 4982
f 4884 4982 4885
f 4885 4982 4983
f 4885 4983 4886
f 4886 4983 4984
f 4886 4984 4887
f 4887 4984 4985
f 4887 4985 4888
f 4888 4985 4986
f 4888 4986 4889
f 4889 4986 4987
f 4889 4987 4890
f 4890 4987 4988
f 4890 4988 4891
f 4891 4988 4989
f 4891 4989 4892
f 4892 4989 4990
f 4892 4990 4893
f 4893 4990 4991
f 4893 4991 4894
f 4894 4991 4992
f 4894 4992 4895
f 4895 4992 4993
f 4895 4993 4896
f 4896 4993 4994
f 4896 4994 4897
f 4897 4994 4995
f 4897 4995 4898
f 4898 4995 4996
f 4898 4996 4899
f 4899 4996 4997
f 4899 4997 4900
f 4900 4997 4998
f 4900 4998 4901
f 4901 4998 4999
f 4901 4999 4902
f 4902 4999 5000
f 4902 5000 4903
f 4903 5000 5001
f 4903 5001 4904
f 4904 5001 5002
f 4904 5002 4905
f 4905 5002 5003
f 4905 5003 4906
f 4906 5003 5004
f 4906 5004 4907
f 4907 5004 5005
f 4907 5005 4908
f 4908 5005 5006
f 4908 5006 4909
f 4909 5006 5007
f 4909 5007 4910
f 4910 5007 5008
f 4910 5008 4911
f 4911 5008 5009
f 4911 5009 4912
f 4912 5009 5010
f 4912 5010 4913
f 4913 5010 5011
f 4913 5011 4914
f 4914 5011 5012
f 4914 5012 4915
f 4915 5012 5013
f 4915 5013 4916
f 4916 5013 5014
f 4916 5014 4917
f 4917 5014 5015
f 4917 5015 4918
f 4918 5015 5016
f 4918 5016 4919
f 4919 5016 5017
f 4919 5017 4920
f 4920 5017 5018
f 4920 5018 4921
f 4921 5018 5019
f 4921 5019 4922
f 4922 5019 5020
f 4922 5020 4923
f 4923 5020 5021
f 4923 5021 4924
f 4924 5021 5022
f 4924 5022 4925
f 4925 5022 5023
f 4925 5023 4926
f 4926 5023 5024
f 4926 5024 4927
f 4927 5024 5025
f 4927 5025 4928
f 4928 5025 5026
f 4928 5026 4929
f 4929 5026 5027
f 4929 5027 4930
f 4930 5027 5028
f 4930 5028 4931
f 4931 5028 5029
f 4931 5029 4932
f 4932 5029 5030
f 4932 5030 4933
f 4933 5030 5031
f 4933 5031 4934
f 4934 5031 5032
f 4934 5032 4935
f 4935 5032 5033
f 4935 5033 4936
f 4936 5033 5034
f 4936 5034 4937
f 4937 5034 5035
f 4937 5035 4938
f 4938 5035 5036
f 4938 5036 4939
f 4939 5036 5037
f 4939 5037 4940
f 4940 5037 5038
f 4940 5038 4941
f 4941 5038 5039
f 4941 5039 4942
f 4942 5039 5040
f 4942 5040 4943
f 4943 5040 5041
f 4943 5041 4944
f 4944 5041 5042
f 4944 5042 4945
f 4945 5042 5043
f 4945 5043 4946
f 4946 5043 5044
f 4946 5044 4947
f 4948 5045 5046
f 4948 5046 4949
f 4949 5046 5047
f 4949 5047 4950
f 4950 5047 5048
f 4950 5048 4951
f 4951 5048 5049
f 4951 5049 4952
f 4952 5049 5050
f 4952 5050 4953
f 4953 5050 5051
f 4953 5051 4954
f 4954 5051 5052
f 4954 5052 4955
f 4955 5052 5053
f 4955 5053 4956
f 4956 5053 5054
f 4956 5054 4957
f 4957 5054 5055
f 4957 5055 4958
f 4958 5055 5056
f 4958 5056 4959
f 4959 5056 5057
f 4959 5057 4960
f 4960 5057 5058
f 4960 5058 4961
f 4961 5058 5059
f 4961 5059 4962
f 4962 5059 5060
f 4962 5060 4963
f 4963 5060 5061
f 4963 5061 4964
f 4964 5061 5062
f 4964 5062 4965
f 4965 5062 5063
f 4965 5063 4966
f 4966 5063 5064
f 4966 5064 4967
f 4967 5064 5065
f 4967 5065 4968
f 4968 5065 5066
f 4968 5066 4969
f 4969 5066 5067
f 4969 5067 4970
f 4970 5067 5068
f 4970 5068 4971
f 4971 5068 5069
f 4971 5069 4972
f 4972 5069 5070
f 4972 5070 4973
f 4973 5070 5071
f 4973 5071 4974
f 4974 5071 5072
f 4974 5072 4975
f 4975 5072 5073
f 4975 5073 4976
f 4976 5073 5074
f 4976 5074 4977
f 4977 5074 5075
f 4977 5075 4978
f 4978 5075 5076
f 4978 5076 4979
f 4979 5076 5077
f 4979 5077 4980
f 4980 5077 5078
f 4980 5078 4981
f 4981 5078 5079
f 4981 5079 4982
f 4982 5079 5080
f 4982 5080 4983
f 4983 5080 5081
f 4983 5081 4984
f 4984 5081 5082
f 4984 5082 4985
f 4985 5082 5083
f 4985 5083 4986
f 4986 5083 5084
f 4986 5084 4987
f 4987 5084 5085
f 4987 5085 4988
f 4988 5085 5086
f 4988 5086 4989
f 4989 5086 5087
f 4989 5087 4990
f 4990 5087 5088
f 4990 5088 4991
f 4991 5088 5089
f 4991 5089 4992
f 4992 5089 5090
f 4992 5090 4993
f 4993 5090 5091
f 4993 5091 4994
f 4994 5091 5092
f 4994 5092 4995
f 4995 5092 5093
f 4995 5093 4996
f 4996 5093 5094
f 4996 5094 4997
f 4997 5094 5095
f 4997 5095 4998
f 4998 5095 5096
f 4998 5096 4999
f 4999 5096 5097
f 4999 5097 5000
f 5000 5097 5098
f 5000 5098 5001
f 5001 5098 5099
f 5001 5099 5002
f 5002 5099 5100
f 5002 5100 5003
f 5003 5100 5101
f 5003 5101 5004
f 5004 5101 5102
f 5004 5102 5005
f 5005 5102 5103
f 5005 5103 5006
f 5006 5103 5104
f 5006 5104 5007
f 5007 5104 5105
f 5007 5105 5008
f 5008 5105 5106
f 5008 5106 5009
f 5009 5106 5107
f 5009 5107 5010
f 5010 5107 5108
f 5010 5108 5011
f 5011 5108 5109
f 5011 5109 5012
f 5012 5109 5110
f 5012 5110 5013
f 5013 5110 5111
f 5013 5111 5014
f 5014 5111 5112
f 5014 5112 5015
f 5015 5112 5113
f 5015 5113 5016
f 5016 5113 5114
f 5016 5114 5017
f 5017 5114 5115
f 5017 5115 5018
f 5018 5115 5116
f 5018 5116 5019
f 5019 5116 5117
f 5019 5117 5020
f 5020 5117 5118
f 5020 5118 5021
f 5021 5118 5119
f 5021 5119 5022
f 5022 5119 5120
f 5022 5120 5023
f 5023 5120 5121
f 5023 5121 5024
f 5024 5121 5122
f 5024 5122 5025
f 5025 5122 5123
f 5025 5123 5026
f 5026 5123 5124
f 5026 5124 5027
f 5027 5124 5125
f 5027 5125 5028
f 5028 5125 5126
f 5028 5126 5029
f 5029 5126 5127
f 5029 5127 5030
f 5030 5127 5128
f 5030 5128 5031
f 5031 5128 5129
f 5031 5129 5032
f 5032 5129 5130
f 5032 5130 5033
f 5033 5130 5131
f 5033 5131 5034
f 5034 5131 5132
f 5034 5132 5035
f 5035 5132 5133
f 5035 5133 5036
f 5036 5133 5134
f 5036 5134 5037
f 5037 5134 5135
f 5037 5135 5038
f 5038 5135 5136
f 5038 5136 5039
f 5039 5136 5137
f 5039 5137 5040
f 5040 5137 5138
f 5040 5138 5041
f 5041 5138 5139
f 5041 5139 5042
f 5042 5139 5140
f 5042 5140 5043
f 5043 5140 5141
f 5043 5141 5044
f 5045 5142 5143
f 5045 5143 5046
f 5046 5143 5144
f 5046 5144 5047
f 5047 5144 5145
f 5047 5145 5048
f 5048 5145 5146
f 5048 5146 5049
f 5049 5146 5147
f 5049 5147 5050
f 5050 5147 5148
f 5050 5148 5051
f 5051 5148 5149
f 5051 5149 5052
f 5052 5149 5150
f 5052 5150 5053
f 5053 5150 5151
f 5053 5151 5054
f 5054 5151 5152
f 5054 5152 5055
f 5055 5152 5153
f 5055 5153 5056
f 5056 5153 5154
f 5056 5154 5057
f 5057 5154 5155
f 5057 5155 5058
f 5058 5155 5156
f 5058 5156 5059
f 5059 5156 5157
f 5059 5157 5060
f 5060 5157 5158
f 5060 5158 5061
f 5061 5158 5159
f 5061 5159 5062
f 5062 5159 5160
f 5062 5160 5063
f 5063 5160 5161
f 5063 5161 5064
f 5064 5161 5162
f 5064 5162 5065
f 5065 5162 5163
f 5065 5163 5066
f 5066 5163 5164
f 5066 5164 5067
f 5067 5164 5165
f 5067 5165 5068
f 5068 5165 5166
f 5068 5166 5069
f 5069 5166 5167
f 5069 5167 5070
f 5070 5167 5168
f 5070 5168 5071
f 5071 5168 5169
f 5071 5169 5072
f 5072 5169 5170
f 5072 5170 5073
f 5073 5170 5171
f 5073 5171 5074
f 5074 5171 5172
f 5074 5172 5075
f 5075 5172 5173
f 5075 5173 5076
f 5076 5173 5174
f 5076 5174 5077
f 5077 5174 5175
f 5077 5175 5078
f 5078 5175 5176
f 5078 5176 5079
f 5079 5176 5177
f 5079 5177 5080
f 5080 5177 5178
f 5080 5178 5081
f 5081 5178 5179
f 5081 5179 5082
f 5082 5179 5180
f 5082 5180 5083
f 5083 5180 5181
f 5083 5181 5084
f 5084 5181 5182
f 5084 5182 5085
f 5085 5182 5183
f 5085 5183 5086
f 5086 5183 5184
f 5086 5184 5087
f 5087 5184 5185
f 5087 5185 5088
f 5088 5185 5186
f 5088 5186 5089
f 5089 5186 5187
f 5089 5187 5090
f 5090 5187 5188
f 5090 5188 5091
f 5091 5188 5189
f 5091 5189 5092
f 5092 5189 5190
f 5092 5190 5093
f 5093 5190 5191
f 5093 5191 5094
f 5094 5191 5192
f 5094 5192 5095
f 5095 5192 5193
f 5095 5193 5096
f 5096 5193 5194
f 5096 5194 5097
f 5097 5194 5195
f 5097 5195 5098
f 5098 5195 5196
f 5098 5196 5099
f 5099 5196 5197
f 5099 5197 5100
f 5100 5197 5198
f 5100 5198 5101
f 5101 5198 5199
f 5101 5199 5102
f 5102 5199 5200
f 5102 5200 5103
f 5103 5200 5201
f 5103 5201 5104
f 5104 5201 5202
f 5104 5202 5105
f 5105 5202 5203
f 5105 5203 5106
f 5106 5203 5204
f 5106 5204 5107
f 5107 5204 5205
f 5107 5205 5108
f 5108 5205 5206
f 5108 5206 5109
f 5109 5206 5207
f 5109 5207 5110
f 5110 5207 5208
f 5110 5208 5111
f 5111 5208 5209
f 5111 5209 5112
f 5112 5209 5210
f 5112 5210 5113
f 5113 5210 5211
f 5113 5211 5114
f 5114 5211 5212
f 5114 5212 5115
f 5115 5212 5213
f 5115 5213 5116
f 5116 5213 5214
f 5116 5214 5117
f 5117 5214 5215
f 5117 5215 5118
f 5118 5215 5216
f 5118 5216 5119
f 5119 5216 5217
f 5119 5217 5120
f 5120 5217 5218
f 5120 5218 5121
f 5121 5218 5219
f 5121 5219 5122
f 5122 5219 5220
f 5122 5220 5123
f 5123 5220 5221
f 5123 5221 5124
f 5124 5221 5222
f 5124 5222 5125
f 5125 5222 5223
f 5125 5223 5126
f 5126 5223 5224
f 5126 5224 5127
f 5127 5224 5225
f 5127 5225 5128
f 5128 5225 5226
f 5128 5226 5129
f 5129 5226 5227
f 5129 5227 5130
f 5130 5227 5228
f 5130 5228 5131
f 5131 5228 5229
f 5131 5229 5132
f 5132 5229 5230
f 5132 5230 5133
f 5133 5230 5231
f 5133 5231 5134
f 5134 5231 5232
f 5134 5232 5135
f 5135 5232 5233
f 5135 5233 5136
f 5136 5233 5234
f 5136 5234 5137
f 5137 5234 5235
f 5137 5235 5138
f 5138 5235 5236
f 5138 5236 5139
f 5139 5236 5237
f 5139 5237 5140
f 5140 5237 5238
f 5140 5238 5141
f 5142 5239 5240
f 5142 5240 5143
f 5143 5240 5241
f 5143 5241 5144
f 5144 5241 5242
f 5144 5242 5145
f 5145 5242 5243
f 5145 5243 5146
f 5146 5243 5244
f 5146 5244 5147
f 5147 5244 5245
f 5147 5245 5148
f 5148 5245 5246
f 5148 5246 5149
f 5149 5246 5247
f 5149 5247 5150
f 5150 5247 5248
f 5150 5248 5151
f 5151 5248 5249
f 5151 5249 5152
f 5152 5249 5250
f 5152 5250 5153
f 5153 5250 5251
f 5153 5251 5154
f 5154 5251 5252
f 5154 5252 5155
f 5155 5252 5253
f 5155 5253 5156
f 5156 5253 5254
f 5156 5254 5157
f 5157 5254 5255
f 5157 5255 5158
f 5158 5255 5256
f 5158 5256 5159
f 5159 5256 5257
f 5159 5257 5160
f 5160 5257 5258
f 5160 5258 5161
f 5161 5258 5259
f 5161 5259 5162
f 5162 5259 5260
f 5162 5260 5163
f 5163 5260 5261
f 5163 5261 5164
f 5164 5261 5262
f 5164 5262 5165
f 5165 5262 5263
f 5165 5263 5166
f 5166 5263 5264
f 5166 5264 5167
f 5167 5264 5265
f 5167 5265 5168
f 5168 5265 5266
f 5168 5266 5169
f 5169 5266 5267
f 5169 5267 5170
f 5170 5267 5268
f 5170 5268 5171
f 5171 5268 5269
f 5171 5269 5172
f 5172 5269 5270
f 5172 5270 5173
f 5173 5270 5271
f 5173 5271 5174
f 5174 5271 5272
f 5174 5272 5175
f 5175 5272 5273
f 5175 5273 5176
f 5176 5273 5274
f 5176 5274 5177
f 5177 5274 5275
f 5177 5275 5178
f 5178 5275 5276
f 5178 5276 5179
f 5179 5276 5277
f 5179 5277 5180
f 5180 5277 5278
f 5180 5278 5181
f 5181 5278 5279
f 5181 5279 5182
f 5182 5279 5280
f 5182 5280 5183
f 5183 5280 5281
f 5183 5281 5184
f 5184 5281 5282
f 5184 5282 5185
f 5185 5282 5283
f 5185 5283 5186
f 5186 5283 5284
f 5186 5284 5187
f 5187 5284 5285
f 5187 5285 5188
f 5188 5285 5286
f 5188 5286 5189
f 5189 5286 5287
f 5189 5287 5190
f 5190 5287 5288
f 5190 5288 5191
f 5191 5288 5289
f 5191 5289 5192
f 5192 5289 5290
f 5192 5290 5193
f 5193 5290 5291
f 5193 5291 5194
f 5194 5291 5292
f 5194 5292 5195
f 5195 5292 5293
f 5195 5293 5196
f 5196 5293 5294
f 5196 5294 5197
f 5197 5294 5295
f 5197 5295 5198
f 5198 5295 5296
f 5198 5296 5199
f 5199 5296 5297
f 5199 5297 5200
f 5200 5297 5298
f 5200 5298 5201
f 5201 5298 5299
f 5201 5299 5202
f 5202 5299 5300
f 5202 5300 5203
f 5203 5300 5301
f 5203 5301 5204
f 5204 5301 5302
f 5204 5302 5205
f 5205 5302 5303
f 5205 5303 5206
f 5206 5303 5304
f 5206 5304 5207
f 5207 5304 5305
f 5207 5305 5208
f 5208 5305 5306
f 5208 5306 5209
f 5209 5306 5307
f 5209 5307 5210
f 5210 5307 5308
f 5210 5308 5211
f 5211 5308 5309
f 5211 5309 5212
f 5212 5309 5310
f 5212 5310 5213
f 5213 5310 5311
f 5213 5311 5214
f 5214 5311 5312
f 5214 5312 5215
f 5215 5312 5313
f 5215 5313 5216
f 5216 5313 5314
f 5216 5314 5217
f 5217 5314 5315
f 5217 5315 5218
f 5218 5315 5316
f 5218 5316 5219
f 5219 5316 5317
f 5219 5317 5220
f 5220 5317 5318
f 5220 5318 5221
f 5221 5318 5319
f 5221 5319 5222
f 5222 5319 5320
f 5222 5320 5223
f 5223 5320 5321
f 5223 5321 5224
f 5224 5321 5322
f 5224 5322 5225
f 5225 5322 5323
f 5225 5323 5226
f 5226 5323 5324
f 5226 5324 5227
f 5227 5324 5325
f 5227 5325 5228
f 5228 5325 5326
f 5228 5326 5229
f 5229 5326 5327
f 5229 5327 5230
f 5230 5327 5328
f 5230 5328 5231
f 5231 5328 5329
f 5231 5329 5232
f 5232 5329 5330
f 5232 5330 5233
f 5233 5330 5331
f 5233 5331 5234
f 5234 5331 5332
f 5234 5332 5235
f 5235 5332 5333
f 5235 5333 5236
f 5236 5333 5334
f 5236 5334 5237
f 5237 5334 5335
f 5237 5335 5238
f 5239 5336 5337
f 5239 5337 5240
f 5240 5337 5338
f 5240 5338 5241
f 5241 5338 5339
f 5241 5339 5242
f 5242 5339 5340
f 5242 5340 5243
f 5243 5340 5341
f 5243 5341 5244
f 5244 5341 5342
f 5244 5342 5245
f 5245 5342 5343
f 5245 5343 5246
f 5246 5343 5344
f 5246 5344 5247
f 5247 5344 5345
f 5247 5345 5248
f 5248 5345 5346
f 5248 5346 5249
f 5249 5346 5347
f 5249 5347 5250
f 5250 5347 5348
f 5250 5348 5251
f 5251 5348 5349
f 5251 5349 5252
f 5252 5349 5350
f 5252 5350 5253
f 5253 5350 5351
f 5253 5351 5254
f 5254 5351 5352
f 5254 5352 5255
f 5255 5352 5353
f 5255 5353 5256
f 5256 5353 5354
f 5256 5354 5257
f 5257 5354 5355
f 5257 5355 5258
f 5258 5355 5356
f 5258 5356 5259
f 5259 5356 5357
f 5259 5357 5260
f 5260 5357 5358
f 5260 5358 5261
f 5261 5358 5359
f 5261 5359 5262
f 5262 5359 5360
f 5262 5360 5263
f 5263 5360 5361
f 5263 5361 5264
f 5264 5361 5362
f 5264 5362 5265
f 5265 5362 5363
f 5265 5363 5266
f 5266 5363 5364
f 5266 5364 5267
f 5267 5364 5365
f 5267 5365 5268
f 5268 5365 5366
f 5268 5366 5269
f 5269 5366 5367
f 5269 5367 5270
f 5270 5367 5368
f 5270 5368 5271
f 5271 5368 5369
f 5271 5369 5272
f 5272 5369 5370
f 5272 5370 5273
f 5273 5370 5371
f 5273 5371 5274
f 5274 5371 5372
f 5274 5372 5275
f 5275 5372 5373
f 5275 5373 5276
f 5276 5373 5374
f 5276 5374 5277
f 5277 5374 5375
f 5277 5375 5278
f 5278 5375 5376
f 5278 5376 5279
f 5279 5376 5377
f 5279 5377 5280
f 5280 5377 5378
f 5280 5378 5281
f 5281 5378 5379
f 5281 5379 5282
f 5282 5379 5380
f 5282 5380 5283
f 5283 5380 5381
f 5283 5381 5284
f 5284 5381 5382
f 5284 5382 5285
f 5285 5382 5383
f 5285 5383 5286
f 5286 5383 5384
f 5286 5384 5287
f 5287 5384 5385
f 5287 5385 5288
f 5288 5385 5386
f 5288 5386 5289
f 5289 5386 5387
f 5289 5387 5290
f 5290 5387 5388
f 5290 5388 5291
f 5291 5388 5389
f 5291 5389 5292
f 5292 5389 5390
f 5292 5390 5293
f 5293 5390 5391
f 5293 5391 5294
f 5294 5391 5392
f 5294 5392 5295
f 5295 5392 5393
f 5295 5393 5296
f 5296 5393 5394
f 5296 5394 5297
f 5297 5394 5395
f 5297 5395 5298
f 5298 5395 5396
f 5298 5396 5299
f 5299 5396 5397
f 5299 5397 5300
f 5300 5397 5398
f 5300 5398 5301
f 5301 5398 5399
f 5301 5399 5302
f 5302 5399 5400
f 5302 5400 5303
f 5303 5400 5401
f 5303 5401 5304
f 5304 5401 5402
f 5304 5402 5305
f 5305 5402 5403
f 5305 5403 5306
f 5306 5403 5404
f 5306 5404 5307
f 5307 5404 5405
f 5307 5405 5308
f 5308 5405 5406
f 5308 5406 5309
f 5309 5406 5407
f 5309 5407 5310
f 5310 5407 5408
f 5310 5408 5311
f 5311 5408 5409
f 5311 5409 5312
f 5312 5409 5410
f 5312 5410 5313
f 5313 5410 5411
f 5313 5411 5314
f 5314 5411 5412
f 5314 5412 5315
f 5315 5412 5413
f 5315 5413 5316
f 5316 5413 5414
f 5316 5414 5317
f 5317 5414 5415
f 5317 5415 5318
f 5318 5415 5416
f 5318 5416 5319
f 5319 5416 5417
f 5319 5417 5320
f 5320 5417 5418
f 5320 5418 5321
f 5321 5418 5419
f 5321 5419 5322
f 5322 5419 5420
f 5322 5420 5323
f 5323 5420 5421
f 5323 5421 5324
f 5324 5421 5422
f 5324 5422 5325
f 5325 5422 5423
f 5325 5423 5326
f 5326 5423 5424
f 5326 5424 5327
f 5327 5424 5425
f 5327 5425 5328
f 5328 5425 5426
f 5328 5426 5329
f 5329 5426 5427
f 5329 5427 5330
f 5330 5427 5428
f 5330 5428 5331
f 5331 5428 5429
f 5331 5429 5332
f 5332 5429 5430
f 5332 5430 5333
f 5333 5430 5431
f 5333 5431 5334
f 5334 5431 5432
f 5334 5432 5335
f 5336 5433 5434
f 5336 5434 5337
f 5337 5434 5435
f 5337 5435 5338
f 5338 5435 5436
f 5338 5436 5339
f 5339 5436 5437
f 5339 5437 5340
f 5340 5437 5438
f 5340 5438 5341
f 5341 5438 5439
f 5341 5439 5342
f 5342 5439 5440
f 5342 5440 5343
f 5343 5440 5441
f 5343 5441 5344
f 5344 5441 5442
f 5344 5442 5345
f 5345 5442 5443
f 5345 5443 5346
f 5346 5443 5444
f 5346 5444 5347
f 5347 5444 5445
f 5347 5445 5348
f 5348 5445 5446
f 5348 5446 5349
f 5349 5446 5447
f 5349 5447 5350
f 5350 5447 5448
f 5350 5448 5351
f 5351 5448 5449
f 5351 5449 5352
f 5352 5449 5450
f 5352 5450 5353
f 5353 5450 5451
f 5353 5451 5354
f 5354 5451 5452
f 5354 5452 5355
f 5355 5452 5453
f 5355 5453 5356
f 5356 5453 5454
f 5356 5454 5357
f 5357 5454 5455
f 5357 5455 5358
f 5358 5455 5456
f 5358 5456 5359
f 5359 5456 5457
f 5359 5457 5360
f 5360 5457 5458
f 5360 5458 5361
f 5361 5458 5459
f 5361 5459 5362
f 5362 5459 5460
f 5362 5460 5363
f 5363 5460 5461
f 5363 5461 5364
f 5364 5461 5462
f 5364 5462 5365
f 5365 5462 5463
f 5365 5463 5366
f 5366 5463 5464
f 5366 5464 5367
f 5367 5464 5465
f 5367 5465 5368
f 5368 5465 5466
f 5368 5466 5369
f 5369 5466 5467
f 5369 5467 5370
f 5370 5467 5468
f 5370 5468 5371
f 5371 5468 5469
f 5371 5469 5372
f 5372 5469 5470
f 5372 5470 5373
f 5373 5470 5471
f 5373 5471 5374
f 5374 5471 5472
f 5374 5472 5375
f 5375 5472 5473
f 5375 5473 5376
f 5376 5473 5474
f 5376 5474 5377
f 5377 5474 5475
f 5377 5475 5378
f 5378 5475 5476
f 5378 5476 5379
f 5379 5476 5477
f 5379 5477 5380
f 5380 5477 5478
f 5380 5478 5381
f 5381 5478 5479
f 5381 5479 5382
f 5382 5479 5480
f 5382 5480 5383
f 5383 5480 5481
f 5383 5481 5384
f 5384 5481 5482
f 5384 5482 5385
f 5385 5482 5483
f 5385 5483 5386
f 5386 5483 5484
f 5386 5484 5387
f 5387 5484 5485
f 5387 5485 5388
f 5388 5485 5486
f 5388 5486 5389
f 5389 5486 5487
f 5389 5487 5390
f 5390 5487 5488
f 5390 5488 5391
f 5391 5488 5489
f 5391 5489 5392
f 5392 5489 5490
f 5392 5490 5393
f 5393 5490 5491
f 5393 5491 5394
f 5394 5491 5492
f 5394 5492 5395
f 5395 5492 5493
f 5395 5493 5396
f 5396 5493 5494
f 5396 5494 5397
f 5397 5494 5495
f 5397 5495 5398
f 5398 5495 5496
f 5398 5496 5399
f 5399 5496 5497
f 5399 5497 5400
f 5400 5497 5498
f 5400 5498 5401
f 5401 5498 5499
f 5401 5499 5402
f 5402 5499 5500
f 5402 5500 5403
f 5403 5500 5501
f 5403 5501 5404
f 5404 5501 5502
f 5404 5502 5405
f 5405 5502 5503
f 5405 5503 5406
f 5406 5503 5504
f 5406 5504 5407
f 5407 5504 5505
f 5407 5505 5408
f 5408 5505 5506
f 5408 5506 5409
f 5409 5506 5507
f 5409 5507 5410
f 5410 5507 5508
f 5410 5508 5411
f 5411 5508 5509
f 5411 5509 5412
f 5412 5509 5510
f 5412 5510 5413
f 5413 5510 5511
f 5413 5511 5414
f 5414 5511 5512
f 5414 5512 5415
f 5415 5512 5513
f 5415 5513 5416
f 5416 5513 5514
f 5416 5514 5417
f 5417 5514 5515
f 5417 5515 5418
f 5418 5515 5516
f 5418 5516 5419
f 5419 5516 5517
f 5419 5517 5420
f 5420 5517 5518
f 5420 5518 5421
f 5421 5518 5519
f 5421 5519 5422
f 5422 5519 5520
f 5422 5520 5423
f 5423 5520 5521
f 5423 5521 5424
f 5424 5521 5522
f 5424 5522 5425
f 5425 5522 5523
f 5425 5523 5426
f 5426 5523 5524
f 5426 5524 5427
f 5427 5524 5525
f 5427 5525 5428
f 5428 5525 5526
f 5428 5526 5429
f 5429 5526 5527
f 5429 5527 5430
f 5430 5527 5528
f 5430 5528 5431
f 5431 5528 5529
f 5431 5529 5432
f 5433 5530 5531
f 5433 5531 5434
f 5434 5531 5532
f 5434 5532 5435
f 5435 5532 5533
f 5435 5533 5436
f 5436 5533 5534
f 5436 5534 5437
f 5437 5534 5535
f 5437 5535 5438
f 5438 5535 5536
f 5438 5536 5439
f 5439 5536 5537
f 5439 5537 5440
f 5440 5537 5538
f 5440 5538 5441
f 5441 5538 5539
f 5441 5539 5442
f 5442 5539 5540
f 5442 5540 5443
f 5443 5540 5541
f 5443 5541 5444
f 5444 5541 5542
f 5444 5542 5445
f 5445 5542 5543
f 5445 5543 5446
f 5446 5543 5544
f 5446 5544 5447
f 5447 5544 5545
f 5447 5545 5448
f 5448 5545 5546
f 5448 5546 5449
f 5449 5546 5547
f 5449 5547 5450
f 5450 5547 5548
f 5450 5548 5451
f 5451 5548 5549
f 5451 5549 5452
f 5452 5549 5550
f 5452 5550 5453
f 5453 5550 5551
f 5453 5551 5454
f 5454 5551 5552
f 5454 5552 5455
f 5455 5552 5553
f 5455 5553 5456
f 5456 5553 5554
f 5456 5554 5457
f 5457 5554 5555
f 5457 5555 5458
f 5458 5555 5556
f 5458 5556 5459
f 5459 5556 5557
f 5459 5557 5460
f 5460 5557 5558
f 5460 5558 5461
f 5461 5558 5559
f 5461 5559 5462
f 5462 5559 5560
f 5462 5560 5463
f 5463 5560 5561
f 5463 5561 5464
f 5464 5561 5562
f 5464 5562 5465
f 5465 5562 5563
f 5465 5563 5466
f 5466 5563 5564
f 5466 5564 5467
f 5467 5564 5565
f 5467 5565 5468
f 5468 5565 5566
f 5468 5566 5469
f 5469 5566 5567
f 5469 5567 5470
f 5470 5567 5568
f 5470 5568 5471
f 5471 5568 5569
f 5471 5569 5472
f 5472 5569 5570
f 5472 5570 5473
f 5473 5570 5571
f 5473 5571 5474
f 5474 5571 5572
f 5474 5572 5475
f 5475 5572 5573
f 5475 5573 5476
f 5476 5573 5574
f 5476 5574 5477
f 5477 5574 5575
f 5477 5575 5478
f 5478 5575 5576
f 5478 5576 5479
f 5479 5576 5577
f 5479 5577 5480
f 5480 5577 5578
f 5480 5578 5481
f 5481 5578 5579
f 5481 5579 5482
f 5482 5579 5580
f 5482 5580 5483
f 5483 5580 5581
f 5483 5581 5484
f 5484 5581 5582
f 5484 5582 5485
f 5485 5582 5583
f 5485 5583 5486
f 5486 5583 5584
f 5486 5584 5487
f 5487 5584 5585
f 5487 5585 5488
f 5488 5585 5586
f 5488 5586 5489
f 5489 5586 5587
f 5489 5587 5490
f 5490 5587 5588
f 5490 5588 5491
f 5491 5588 5589
f 5491 5589 5492
f 5492 5589 5590
f 5492 5590 5493
f 5493 5590 5591
f 5493 5591 5494
f 5494 5591 5592
f 5494 5592 5495
f 5495 5592 5593
f 5495 5593 5496
f 5496 5593 5594
f 5496 5594 5497
f 5497 5594 5595
f 5497 5595 5498
f 5498 5595 5596
f 5498 5596 5499
f 5499 5596 5597
f 5499 5597 5500
f 5500 5597 5598
f 5500 5598 5501
f 5501 5598 5599
f 5501 5599 5502
f 5502 5599 5600
f 5502 5600 5503
f 5503 5600 5601
f 5503 5601 5504
f 5504 5601 5602
f 5504 5602 5505
f 5505 5602 5603
f 5505 5603 5506
f 5506 5603 5604
f 5506 5604 5507
f 5507 5604 5605
f 5507 5605 5508
f 5508 5605 5606
f 5508 5606 5509
f 5509 5606 5607
f 5509 5607 5510
f 5510 5607 5608
f 5510 5608 5511
f 5511 5608 5609
f 5511 5609 5512
f 5512 5609 5610
f 5512 5610 5513
f 5513 5610 5611
f 5513 5611 5514
f 5514 5611 5612
f 5514 5612 5515
f 5515 5612 5613
f 5515 5613 5516
f 5516 5613 5614
f 5516 5614 5517
f 5517 5614 5615
f 5517 5615 5518
f 5518 5615 5616
f 5518 5616 5519
f 5519 5616 5617
f 5519 5617 5520
f 5520 5617 5618
f 5520 5618 5521
f 5521 5618 5619
f 5521 5619 5522
f 5522 5619 5620
f 5522 5620 5523
f 5523 5620 5621
f 5523 5621 5524
f 5524 5621 5622
f 5524 5622 5525
f 5525 5622 5623
f 5525 5623 5526
f 5526 5623 5624
f 5526 5624 5527
f 5527 5624 5625
f 5527 5625 5528
f 5528 5625 5626
f 5528 5626 5529
f 5530 5627 5628
f 5530 5628 5531
f 5531 5628 5629
f 5531 5629 5532
f 5532 5629 5630
f 5532 5630 5533
f 5533 5630 5631
f 5533 5631 5534
f 5534 5631 5632
f 5534 5632 5535
f 5535 5632 5633
f 5535 5633 5536
f 5536 5633 5634
f 5536 5634 5537
f 5537 5634 5635
f 5537 5635 5538
f 5538 5635 5636
f 5538 5636 5539
f 5539 5636 5637
f 5539 5637 5540
f 5540 5637 5638
f 5540 5638 5541
f 5541 5638 5639
f 5541 5639 5542
f 5542 5639 5640
f 5542 5640 5543
f 5543 5640 5641
f 5543 5641 5544
f 5544 5641 5642
f 5544 5642 5545
f 5545 5642 5643
f 5545 5643 5546
f 5546 5643 5644
f 5546 5644 5547
f 5547 5644 5645
f 5547 5645 5548
f 5548 5645 5646
f 5548 5646 5549
f 5549 5646 5647
f 5549 5647 5550
f 5550 5647 5648
f 5550 5648 5551
f 5551 5648 5649
f 5551 5649 5552
f 5552 5649 5650
f 5552 5650 5553
f 5553 5650 5651
f 5553 5651 5554
f 5554 5651 5652
f 5554 5652 5555
f 5555 5652 5653
f 5555 5653 5556
f 5556 5653 5654
f 5556 5654 5557
f 5557 5654 5655
f 5557 5655 5558
f 5558 5655 5656
f 5558 5656 5559
f 5559 5656 5657
f 5559 5657 5560
f 5560 5657 5658
f 5560 5658 5561
f 5561 5658 5659
f 5561 5659 5562
f 5562 5659 5660
f 5562 5660 5563
f 5563 5660 5661
f 5563 5661 5564
f 5564 5661 5662
f 5564 5662 5565
f 5565 5662 5663
f 5565 5663 5566
f 5566 5663 5664
f 5566 5664 5567
f 5567 5664 5665
f 5567 5665 5568
f 5568 5665 5666
f 5568 5666 5569
f 5569 5666 5667
f 5569 5667 5570
f 5570 5667 5668
f 5570 5668 5571
f 5571 5668 5669
f 5571 5669 5572
f 5572 5669 5670
f 5572 5670 5573
f 5573 5670 5671
f 5573 5671 5574
f 5574 5671 5672
f 5574 5672 5575
f 5575 5672 5673
f 5575 5673 5576
f 5576 5673 5674
f 5576 5674 5577
f 5577 5674 5675
f 5577 5675 5578
f 5578 5675 5676
f 5578 5676 5579
f 5579 5676 5677
f 5579 5677 5580
f 5580 5677 5678
f 5580 5678 5581
f 5581 5678 5679
f 5581 5679 5582
f 5582 5679 5680
f 5582 5680 5583
f 5583 5680 5681
f 5583 5681 5584
f 5584 5681 5682
f 5584 5682 5585
f 5585 5682 5683
f 5585 5683 5586
f 5586 5683 5684
f 5586 5684 5587
f 5587 5684 5685
f 5587 5685 5588
f 5588 5685 5686
f 5588 5686 5589
f 5589 5686 5687
f 5589 5687 5590
f 5590 5687 5688
f 5590 5688 5591
f 5591 5688 5689
f 5591 5689 5592
f 5592 5689 5690
f 5592 5690 5593
f 5593 5690 5691
f 5593 5691 5594
f 5594 5691 5692
f 5594 5692 5595
f 5595 5692 5693
f 5595 5693 5596
f 5596 5693 5694
f 5596 5694 5597
f 5597 5694 5695
f 5597 5695 5598
f 5598 5695 5696
f 5598 5696 5599
f 5599 5696 5697
f 5599 5697 5600
f 5600 5697 5698
f 5600 5698 5601
f 5601 5698 5699
f 5601 5699 5602
f 5602 5699 5700
f 5602 5700 5603
f 5603 5700 5701
f 5603 5701 5604
f 5604 5701 5702
f 5604 5702 5605
f 5605 5702 5703
f 5605 5703 5606
f 5606 5703 5704
f 5606 5704 5607
f 5607 5704 5705
f 5607 5705 5608
f 5608 5705 5706
f 5608 5706 5609
f 5609 5706 5707
f 5609 5707 5610
f 5610 5707 5708
f 5610 5708 5611
f 5611 5708 5709
f 5611 5709 5612
f 5612 5709 5710
f 5612 5710 5613
f 5613 5710 5711
f 5613 5711 5614
f 5614 5711 5712
f 5614 5712 5615
f 5615 5712 5713
f 5615 5713 5616
f 5616 5713 5714
f 5616 5714 5617
f 5617 5714 5715
f 5617 5715 5618
f 5618 5715 5716
f 5618 5716 5619
f 5619 5716 5717
f 5619 5717 5620
f 5620 5717 5718
f 5620 5718 5621
f 5621 5718 5719
f 5621 5719 5622
f 5622 5719 5720
f 5622 5720 5623
f 5623 5720 5721
f 5623 5721 5624
f 5624 5721 5722
f 5624 5722 5625
f 5625 5722 5723
f 5625 5723 5626
f 5627 5724 5725
f 5627 5725 5628
f 5628 5725 5726
f 5628 5726 5629
f 5629 5726 5727
f 5629 5727 5630
f 5630 5727 5728
f 5630 5728 5631
f 5631 5728 5729
f 5631 5729 5632
f 5632 5729 5730
f 5632 5730 5633
f 5633 5730 5731
f 5633 5731 5634
f 5634 5731 5732
f 5634 5732 5635
f 5635 5732 5733
f 5635 5733 5636
f 5636 5733 5734
f 5636 5734 5637
f 5637 5734 5735
f 5637 5735 5638
f 5638 5735 5736
f 5638 5736 5639
f 5639 5736 5737
f 5639 5737 5640
f 5640 5737 5738
f 5640 5738 5641
f 5641 5738 5739
f 5641 5739 5642
f 5642 5739 5740
f 5642 5740 5643
f 5643 5740 5741
f 5643 5741 5644
f 5644 5741 5742
f 5644 5742 5645
f 5645 5742 5743
f 5645 5743 5646
f 5646 5743 5744
f 5646 5744 5647
f 5647 5744 5745
f 5647 5745 5648
f 5648 5745 5746
f 5648 5746 5649
f 5649 5746 5747
f 5649 5747 5650
f 5650 5747 5748
f 5650 5748 5651
f 5651 5748 5749
f 5651 5749 5652
f 5652 5749 5750
f 5652 5750 5653
f 5653 5750 5751
f 5653 5751 5654
f 5654 5751 5752
f 5654 5752 5655
f 5655 5752 5753
f 5655 5753 5656
f 5656 5753 5754
f 5656 5754 5657
f 5657 5754 5755
f 5657 5755 5658
f 5658 5755 5756
f 5658 5756 5659
f 5659 5756 5757
f 5659 5757 5660
f 5660 5757 5758
f 5660 5758 5661
f 5661 5758 5759
f 5661 5759 5662
f 5662 5759 5760
f 5662 5760 5663
f 5663 5760 5761
f 5663 5761 5664
f 5664 5761 5762
f 5664 5762 5665
f 5665 5762 5763
f 5665 5763 5666
f 5666 5763 5764
f 5666 5764 5667
f 5667 5764 5765
f 5667 5765 5668
f 5668 5765 5766
f 5668 5766 5669
f 5669 5766 5767
f 5669 5767 5670
f 5670 5767 5768
f 5670 5768 5671
f 5671 5768 5769
f 5671 5769 5672
f 5672 5769 5770
f 5672 5770 5673
f 5673 5770 5771
f 5673 5771 5674
f 5674 5771 5772
f 5674 5772 5675
f 5675 5772 5773
f 5675 5773 5676
f 5676 5773 5774
f 5676 5774 5677
f 5677 5774 5775
f 5677 5775 5678
f 5678 5775 5776
f 5678 5776 5679
f 5679 5776 5777
f 5679 5777 5680
f 5680 5777 5778
f 5680 5778 5681
f 5681 5778 5779
f 5681 5779 5682
f 5682 5779 5780
f 5682 5780 5683
f 5683 5780 5781
f 5683 5781 5684
f 5684 5781 5782
f 5684 5782 5685
f 5685 5782 5783
f 5685 5783 5686
f 5686 5783 5784
f 5686 5784 5687
f 5687 5784 5785
f 5687 5785 5688
f 5688 5785 5786
f 5688 5786 5689
f 5689 5786 5787
f 5689 5787 5690
f 5690 5787 5788
f 5690 5788 5691
f 5691 5788 5789
f 5691 5789 5692
f 5692 5789 5790
f 5692 5790 5693
f 5693 5790 5791
f 5693 5791 5694
f 5694 5791 5792
f 5694 5792 5695
f 5695 5792 5793
f 5695 5793 5696
f 5696 5793 5794
f 5696 5794 5697
f 5697 5794 5795
f 5697 5795 5698
f 5698 5795 5796
f 5698 5796 5699
f 5699 5796 5797
f 5699 5797 5700
f 5700 5797 5798
f 5700 5798 5701
f 5701 5798 5799
f 5701 5799 5702
f 5702 5799 5800
f 5702 5800 5703
f 5703 5800 5801
f 5703 5801 5704
f 5704 5801 5802
f 5704 5802 5705
f 5705 5802 5803
f 5705 5803 5706
f 5706 5803 5804
f 5706 5804 5707
f 5707 5804 5805
f 5707 5805 5708
f 5708 5805 5806
f 5708 5806 5709
f 5709 5806 5807
f 5709 5807 5710
f 5710 5807 5808
f 5710 5808 5711
f 5711 5808 5809
f 5711 5809 5712
f 5712 5809 5810
f 5712 5810 5713
f 5713 5810 5811
f 5713 5811 5714
f 5714 5811 5812
f 5714 5812 5715
f 5715 5812 5813
f 5715 5813 5716
f 5716 5813 5814
f 5716 5814 5717
f 5717 5814 5815
f 5717 5815 5718
f 5718 5815 5816
f 5718 5816 5719
f 5719 5816 5817
f 5719 5817 5720
f 5720 5817 5818
f 5720 5818 5721
f 5721 5818 5819
f 5721 5819 5722
f 5722 5819 5820
f 5722 5820 5723
f 5724 5821 5822
f 5724 5822 5725
f 5725 5822 5823
f 5725 5823 5726
f 5726 5823 5824
f 5726 5824 5727
f 5727 5824 5825
f 5727 5825 5728
f 5728 5825 5826
f 5728 5826 5729
f 5729 5826 5827
f 5729 5827 5730
f 5730 5827 5828
f 5730 5828 5731
f 5731 5828 5829
f 5731 5829 5732
f 5732 5829 5830
f 5732 5830 5733
f 5733 5830 5831
f 5733 5831 5734
f 5734 5831 5832
f 5734 5832 5735
f 5735 5832 5833
f 5735 5833 5736
f 5736 5833 5834
f 5736 5834 5737
f 5737 5834 5835
f 5737 5835 5738
f 5738 5835 5836
f 5738 5836 5739
f 5739 5836 5837
f 5739 5837 5740
f 5740 5837 5838
f 5740 5838 5741
f 5741 5838 5839
f 5741 5839 5742
f 5742 5839 5840
f 5742 5840 5743
f 5743 5840 5841
f 5743 5841 5744
f 5744 5841 5842
f 5744 5842 5745
f 5745 5842 5843
f 5745 5843 5746
f 5746 5843 5844
f 5746 5844 5747
f 5747 5844 5845
f 5747 5845 5748
f 5748 5845 5846
f 5748 5846 5749
f 5749 5846 5847
f 5749 5847 5750
f 5750 5847 5848
f 5750 5848 5751
f 5751 5848 5849
f 5751 5849 5752
f 5752 5849 5850
f 5752 5850 5753
f 5753 5850 5851
f 5753 5851 5754
f 5754 5851 5852
f 5754 5852 5755
f 5755 5852 5853
f 5755 5853 5756
f 5756 5853 5854
f 5756 5854 5757
f 5757 5854 5855
f 5757 5855 5758
f 5758 5855 5856
f 5758 5856 5759
f 5759 5856 5857
f 5759 5857 5760
f 5760 5857 5858
f 5760 5858 5761
f 5761 5858 5859
f 5761 5859 5762
f 5762 5859 5860
f 5762 5860 5763
f 5763 5860 5861
f 5763 5861 5764
f 5764 5861 5862
f 5764 5862 5765
f 5765 5862 5863
f 5765 5863 5766
f 5766 5863 5864
f 5766 5864 5767
f 5767 5864 5865
f 5767 5865 5768
f 5768 5865 5866
f 5768 5866 5769
f 5769 5866 5867
f 5769 5867 5770
f 5770 5867 5868
f 5770 5868 5771
f 5771 5868 5869
f 5771 5869 5772
f 5772 5869 5870
f 5772 5870 5773
f 5773 5870 5871
f 5773 5871 5774
f 5774 5871 5872
f 5774 5872 5775
f 5775 5872 5873
f 5775 5873 5776
f 5776 5873 5874
f 5776 5874 5777
f 5777 5874 5875
f 5777 5875 5778
f 5778 5875 5876
f 5778 5876 5779
f 5779 5876 5877
f 5779 5877 5780
f 5780 5877 5878
f 5780 5878 5781
f 5781 5878 5879
f 5781 5879 5782
f 5782 5879 5880
f 5782 5880 5783
f 5783 5880 5881
f 5783 5881 5784
f 5784 5881 5882
f 5784 5882 5785
f 5785 5882 5883
f 5785 5883 5786
f 5786 5883 5884
f 5786 5884 5787
f 5787 5884 5885
f 5787 5885 5788
f 5788 5885 5886
f 5788 5886 5789
f 5789 5886 5887
f 5789 5887 5790
f 5790 5887 5888
f 5790 5888 5791
f 5791 5888 5889
f 5791 5889 5792
f 5792 5889 5890
f 5792 5890 5793
f 5793 5890 5891
f 5793 5891 5794
f 5794 5891 5892
f 5794 5892 5795
f 5795 5892 5893
f 5795 5893 5796
f 5796 5893 5894
f 5796 5894 5797
f 5797 5894 5895
f 5797 5895 5798
f 5798 5895 5896
f 5798 5896 5799
f 5799 5896 5897
f 5799 5897 5800
f 5800 5897 5898
f 5800 5898 5801
f 5801 5898 5899
f 5801 5899 5802
f 5802 5899 5900
f 5802 5900 5803
f 5803 5900 5901
f 5803 5901 5804
f 5804 5901 5902
f 5804 5902 5805
f 5805 5902 5903
f 5805 5903 5806
f 5806 5903 5904
f 5806 5904 5807
f 5807 5904 5905
f 5807 5905 5808
f 5808 5905 5906
f 5808 5906 5809
f 5809 5906 5907
f 5809 5907 5810
f 5810 5907 5908
f 5810 5908 5811
f 5811 5908 5909
f 5811 5909 5812
f 5812 5909 5910
f 5812 5910 5813
f 5813 5910 5911
f 5813 5911 5814
f 5814 5911 5912
f 5814 5912 5815
f 5815 5912 5913
f 5815 5913 5816
f 5816 5913 5914
f 5816 5914 5817
f 5817 5914 5915
f 5817 5915 5818
f 5818 5915 5916
f 5818 5916 5819
f 5819 5916 5917
f 5819 5917 5820
f 5821 5918 5919
f 5821 5919 5822
f 5822 5919 5920
f 5822 5920 5823
f 5823 5920 5921
f 5823 5921 5824
f 5824 5921 5922
f 5824 5922 5825
f 5825 5922 5923
f 5825 5923 5826
f 5826 5923 5924
f 5826 5924 5827
f 5827 5924 5925
f 5827 5925 5828
f 5828 5925 5926
f 5828 5926 5829
f 5829 5926 5927
f 5829 5927 5830
f 5830 5927 5928
f 5830 5928 5831
f 5831 5928 5929
f 5831 5929 5832
f 5832 5929 5930
f 5832 5930 5833
f 5833 5930 5931
f 5833 5931 5834
f 5834 5931 5932
f 5834 5932 5835
f 5835 5932 5933
f 5835 5933 5836
f 5836 5933 5934
f 5836 5934 5837
f 5837 5934 5935
f 5837 5935 5838
f 5838 5935 5936
f 5838 5936 5839
f 5839 5936 5937
f 5839 5937 5840
f 5840 5937 5938
f 5840 5938 5841
f 5841 5938 5939
f 5841 5939 5842
f 5842 5939 5940
f 5842 5940 5843
f 5843 5940 5941
f 5843 5941 5844
f 5844 5941 5942
f 5844 5942 5845
f 5845 5942 5943
f 5845 5943 5846
f 5846 5943 5944
f 5846 5944 5847
f 5847 5944 5945
f 5847 5945 5848
f 5848 5945 5946
f 5848 5946 5849
f 5849 5946 5947
f 5849 5947 5850
f 5850 5947 5948
f 5850 5948 5851
f 5851 5948 5949
f 5851 5949 5852
f 5852 5949 5950
f 5852 5950 5853
f 5853 5950 5951
f 5853 5951 5854
f 5854 5951 5952
f 5854 5952 5855
f 5855 5952 5953
f 5855 5953 5856
f 5856 5953 5954
f 5856 5954 5857
f 5857 5954 5955
f 5857 5955 5858
f 5858 5955 5956
f 5858 5956 5859
f 5859 5956 5957
f 5859 5957 5860
f 5860 5957 5958
f 5860 5958 5861
f 5861 5958 5959
f 5861 5959 5862
f 5862 5959 5960
f 5862 5960 5863
f 5863 5960 5961
f 5863 5961 5864
f 5864 5961 5962
f 5864 5962 5865
f 5865 5962 5963
f 5865 5963 5866
f 5866 5963 5964
f 5866 5964 5867
f 5867 5964 5965
f 5867 5965 5868
f 5868 5965 5966
f 5868 5966 5869
f 5869 5966 5967
f 5869 5967 5870
f 5870 5967 5968
f 5870 5968 5871
f 5871 5968 5969
f 5871 5969 5872
f 5872 5969 5970
f 5872 5970 5873
f 5873 5970 5971
f 5873 5971 5874
f 5874 5971 5972
f 5874 5972 5875
f 5875 5972 5973
f 5875 5973 5876
f 5876 5973 5974
f 5876 5974 5877
f 5877 5974 5975
f 5877 5975 5878
f 5878 5975 5976
f 5878 5976 5879
f 5879 5976 5977
f 5879 5977 5880
f 5880 5977 5978
f 5880 5978 5881
f 5881 5978 5979
f 5881 5979 5882
f 5882 5979 5980
f 5882 5980 5883
f 5883 5980 5981
f 5883 5981 5884
f 5884 5981 5982
f 5884 5982 5885
f 5885 5982 5983
f 5885 5983 5886
f 5886 5983 5984
f 5886 5984 5887
f 5887 5984 5985
f 5887 5985 5888
f 5888 5985 5986
f 5888 5986 5889
f 5889 5986 5987
f 5889 5987 5890
f 5890 5987 5988
f 5890 5988 5891
f 5891 5988 5989
f 5891 5989 5892
f 5892 5989 5990
f 5892 5990 5893
f 5893 5990 5991
f 5893 5991 5894
f 5894 5991 5992
f 5894 5992 5895
f 5895 5992 5993
f 5895 5993 5896
f 5896 5993 5994
f 5896 5994 5897
f 5897 5994 5995
f 5897 5995 5898
f 5898 5995 5996
f 5898 5996 5899
f 5899 5996 5997
f 5899 5997 5900
f 5900 5997 5998
f 5900 5998 5901
f 5901 5998 5999
f 5901 5999 5902
f 5902 5999 6000
f 5902 6000 5903
f 5903 6000 6001
f 5903 6001 5904
f 5904 6001 6002
f 5904 6002 5905
f 5905 6002 6003
f 5905 6003 5906
f 5906 6003 6004
f 5906 6004 5907
f 5907 6004 6005
f 5907 6005 5908
f 5908 6005 6006
f 5908 6006 5909
f 5909 6006 6007
f 5909 6007 5910
f 5910 6007 6008
f 5910 6008 5911
f 5911 6008 6009
f 5911 6009 5912
f 5912 6009 6010
f 5912 6010 5913
f 5913 6010 6011
f 5913 6011 5914
f 5914 6011 6012
f 5914 6012 5915
f 5915 6012 6013
f 5915 6013 5916
f 5916 6013 6014
f 5916 6014 5917
f 5918 6015 6016
f 5918 6016 5919
f 5919 6016 6017
f 5919 6017 5920
f 5920 6017 6018
f 5920 6018 5921
f 5921 6018 6019
f 5921 6019 5922
f 5922 6019 6020
f 5922 6020 5923
f 5923 6020 6021
f 5923 6021 5924
f 5924 6021 6022
f 5924 6022 5925
f 5925 6022 6023
f 5925 6023 5926
f 5926 6023 6024
f 5926 6024 5927
f 5927 6024 6025
f 5927 6025 5928
f 5928 6025 6026
f 5928 6026 5929
f 5929 6026 6027
f 5929 6027 5930
f 5930 6027 6028
f 5930 6028 5931
f 5931 6028 6029
f 5931 6029 5932
f 5932 6029 6030
f 5932 6030 5933
f 5933 6030 6031
f 5933 6031 5934
f 5934 6031 6032
f 5934 6032 5935
f 5935 6032 6033
f 5935 6033 5936
f 5936 6033 6034
f 5936 6034 5937
f 5937 6034 6035
f 5937 6035 5938
f 5938 6035 6036
f 5938 6036 5939
f 5939 6036 6037
f 5939 6037 5940
f 5940 6037 6038
f 5940 6038 5941
f 5941 6038 6039
f 5941 6039 5942
f 5942 6039 6040
f 5942 6040 5943
f 5943 6040 6041
f 5943 6041 5944
f 5944 6041 6042
f 5944 6042 5945
f 5945 6042 6043
f 5945 6043 5946
f 5946 6043 6044
f 5946 6044 5947
f 5947 6044 6045
f 5947 6045 5948
f 5948 6045 6046
f 5948 6046 5949
f 5949 6046 6047
f 5949 6047 5950
f 5950 6047 6048
f 5950 6048 5951
f 5951 6048 6049
f 5951 6049 5952
f 5952 6049 6050
f 5952 6050 5953
f 5953 6050 6051
f 5953 6051 5954
f 5954 6051 6052
f 5954 6052 5955
f 5955 6052 6053
f 5955 6053 5956
f 5956 6053 6054
f 5956 6054 5957
f 5957 6054 6055
f 5957 6055 5958
f 5958 6055 6056
f 5958 6056 5959
f 5959 6056 6057
f 5959 6057 5960
f 5960 6057 6058
f 5960 6058 5961
f 5961 6058 6059
f 5961 6059 5962
f 5962 6059 6060
f 5962 6060 5963
f 5963 6060 6061
f 5963 6061 5964
f 5964 6061 6062
f 5964 6062 5965
f 5965 6062 6063
f 5965 6063 5966
f 5966 6063 6064
f 5966 6064 5967
f 5967 6064 6065
f 5967 6065 5968
f 5968 6065 6066
f 5968 6066 5969
f 5969 6066 6067
f 5969 6067 5970
f 5970 6067 6068
f 5970 6068 5971
f 5971 6068 6069
f 5971 6069 5972
f 5972 6069 6070
f 5972 6070 5973
f 5973 6070 6071
f 5973 6071 5974
f 5974 6071 6072
f 5974 6072 5975
f 5975 6072 6073
f 5975 6073 5976
f 5976 6073 6074
f 5976 6074 5977
f 5977 6074 6075
f 5977 6075 5978
f 5978 6075 6076
f 5978 6076 5979
f 5979 6076 6077
f 5979 6077 5980
f 5980 6077 6078
f 5980 6078 5981
f 5981 6078 6079
f 5981 6079 5982
f 5982 6079 6080
f 5982 6080 5983
f 5983 6080 6081
f 5983 6081 5984
f 5984 6081 6082
f 5984 6082 5985
f 5985 6082 6083
f 5985 6083 5986
f 5986 6083 6084
f 5986 6084 5987
f 5987 6084 6085
f 5987 6085 5988
f 5988 6085 6086
f 5988 6086 5989
f 5989 6086 6087
f 5989 6087 5990
f 5990 6087 6088
f 5990 6088 5991
f 5991 6088 6089
f 5991 6089 5992
f 5992 6089 6090
f 5992 6090 5993
f 5993 6090 6091
f 5993 6091 5994
f 5994 6091 6092
f 5994 6092 5995
f 5995 6092 6093
f 5995 6093 5996
f 5996 6093 6094
f 5996 6094 5997
f 5997 6094 6095
f 5997 6095 5998
f 5998 6095 6096
f 5998 6096 5999
f 5999 6096 6097
f 5999 6097 6000
f 6000 6097 6098
f 6000 6098 6001
f 6001 6098 6099
f 6001 6099 6002
f 6002 6099 6100
f 6002 6100 6003
f 6003 6100 6101
f 6003 6101 6004
f 6004 6101 6102
f 6004 6102 6005
f 6005 6102 6103
f 6005 6103 6006
f 6006 6103 6104
f 6006 6104 6007
f 6007 6104 6105
f 6007 6105 6008
f 6008 6105 6106
f 6008 6106 6009
f 6009 6106 6107
f 6009 6107 6010
f 6010 6107 6108
f 6010 6108 6011
f 6011 6108 6109
f 6011 6109 6012
f 6012 6109 6110
f 6012 6110 6013
f 6013 6110 6111
f 6013 6111 6014
f 6015 6112 6113
f 6015 6113 6016
f 6016 6113 6114
f 6016 6114 6017
f 6017 6114 6115
f 6017 6115 6018
f 6018 6115 6116
f 6018 6116 6019
f 6019 6116 6117
f 6019 6117 6020
f 6020 6117 6118
f 6020 6118 6021
f 6021 6118 6119
f 6021 6119 6022
f 6022 6119 6120
f 6022 6120 6023
f 6023 6120 6121
f 6023 6121 6024
f 6024 6121 6122
f 6024 6122 6025
f 6025 6122 6123
f 6025 6123 6026
f 6026 6123 6124
f 6026 6124 6027
f 6027 6124 6125
f 6027 6125 6028
f 6028 6125 6126
f 6028 6126 6029
f 6029 6126 6127
f 6029 6127 6030
f 6030 6127 6128
f 6030 6128 6031
f 6031 6128 6129
f 6031 6129 6032
f 6032 6129 6130
f 6032 6130 6033
f 6033 6130 6131
f 6033 6131 6034
f 6034 6131 6132
f 6034 6132 6035
f 6035 6132 6133
f 6035 6133 6036
f 6036 6133 6134
f 6036 6134 6037
f 6037 6134 6135
f 6037 6135 6038
f 6038 6135 6136
f 6038 6136 6039
f 6039 6136 6137
f 6039 6137 6040
f 6040 6137 6138
f 6040 6138 6041
f 6041 6138 6139
f 6041 6139 6042
f 6042 6139 6140
f 6042 6140 6043
f 6043 6140 6141
f 6043 6141 6044
f 6044 6141 6142
f 6044 6142 6045
f 6045 6142 6143
f 6045 6143 6046
f 6046 6143 6144
f 6046 6144 6047
f 6047 6144 6145
f 6047 6145 6048
f 6048 6145 6146
f 6048 6146 6049
f 6049 6146 6147
f 6049 6147 6050
f 6050 6147 6148
f 6050 6148 6051
f 6051 6148 6149
f 6051 6149 6052
f 6052 6149 6150
f 6052 6150 6053
f 6053 6150 6151
f 6053 6151 6054
f 6054 6151 6152
f 6054 6152 6055
f 6055 6152 6153
f 6055 6153 6056
f 6056 6153 6154
f 6056 6154 6057
f 6057 6154 6155
f 6057 6155 6058
f 6058 6155 6156
f 6058 6156 6059
f 6059 6156 6157
f 6059 6157 6060
f 6060 6157 6158
f 6060 6158 6061
f 6061 6158 6159
f 6061 6159 6062
f 6062 6159 6160
f 6062 6160 6063
f 6063 6160 6161
f 6063 6161 6064
f 6064 6161 6162
f 6064 6162 6065
f 6065 6162 6163
f 6065 6163 6066
f 6066 6163 6164
f 6066 6164 6067
f 6067 6164 6165
f 6067 6165 6068
f 6068 6165 6166
f 6068 6166 6069
f 6069 6166 6167
f 6069 6167 6070
f 6070 6167 6168
f 6070 6168 6071
f 6071 6168 6169
f 6071 6169 6072
f 6072 6169 6170
f 6072 6170 6073
f 6073 6170 6171
f 6073 6171 6074
f 6074 6171 6172
f 6074 6172 6075
f 6075 6172 6173
f 6075 6173 6076
f 6076 6173 6174
f 6076 6174 6077
f 6077 6174 6175
f 6077 6175 6078
f 6078 6175 6176
f 6078 6176 6079
f 6079 6176 6177
f 6079 6177 6080
f 6080 6177 6178
f 6080 6178 6081
f 6081 6178 6179
f 6081 6179 6082
f 6082 6179 6180
f 6082 6180 6083
f 6083 6180 6181
f 6083 6181 6084
f 6084 6181 6182
f 6084 6182 6085
f 6085 6182 6183
f 6085 6183 6086
f 6086 6183 6184
f 6086 6184 6087
f 6087 6184 6185
f 6087 6185 6088
f 6088 6185 6186
f 6088 6186 6089
f 6089 6186 6187
f 6089 6187 6090
f 6090 6187 6188
f 6090 6188 6091
f 6091 6188 6189
f 6091 6189 6092
f 6092 6189 6190
f 6092 6190 6093
f 6093 6190 6191
f 6093 6191 6094
f 6094 6191 6192
f 6094 6192 6095
f 6095 6192 6193
f 6095 6193 6096
f 6096 6193 6194
f 6096 6194 6097
f 6097 6194 6195
f 6097 6195 6098
f 6098 6195 6196
f 6098 6196 6099
f 6099 6196 6197
f 6099 6197 6100
f 6100 6197 6198
f 6100 6198 6101
f 6101 6198 6199
f 6101 6199 6102
f 6102 6199 6200
f 6102 6200 6103
f 6103 6200 6201
f 6103 6201 6104
f 6104 6201 6202
f 6104 6202 6105
f 6105 6202 6203
f 6105 6203 6106
f 6106 6203 6204
f 6106 6204 6107
f 6107 6204 6205
f 6107 6205 6108
f 6108 6205 6206
f 6108 6206 6109
f 6109 6206 6207
f 6109 6207 6110
f 6110 6207 6208
f 6110 6208 6111
f 6112 6209 6210
f 6112 6210 6113
f 6113 6210 6211
f 6113 6211 6114
f 6114 6211 6212
f 6114 6212 6115
f 6115 6212 6213
f 6115 6213 6116
f 6116 6213 6214
f 6116 6214 6117
f 6117 6214 6215
f 6117 6215 6118
f 6118 6215 6216
f 6118 6216 6119
f 6119 6216 6217
f 6119 6217 6120
f 6120 6217 6218
f 6120 6218 6121
f 6121 6218 6219
f 6121 6219 6122
f 6122 6219 6220
f 6122 6220 6123
f 6123 6220 6221
f 6123 6221 6124
f 6124 6221 6222
f 6124 6222 6125
f 6125 6222 6223
f 6125 6223 6126
f 6126 6223 6224
f 6126 6224 6127
f 6127 6224 6225
f 6127 6225 6128
f 6128 6225 6226
f 6128 6226 6129
f 6129 6226 6227
f 6129 6227 6130
f 6130 6227 6228
f 6130 6228 6131
f 6131 6228 6229
f 6131 6229 6132
f 6132 6229 6230
f 6132 6230 6133
f 6133 6230 6231
f 6133 6231 6134
f 6134 6231 6232
f 6134 6232 6135
f 6135 6232 6233
f 6135 6233 6136
f 6136 6233 6234
f 6136 6234 6137
f 6137 6234 6235
f 6137 6235 6138
f 6138 6235 6236
f 6138 6236 6139
f 6139 6236 6237
f 6139 6237 6140
f 6140 6237 6238
f 6140 6238 6141
f 6141 6238 6239
f 6141 6239 6142
f 6142 6239 6240
f 6142 6240 6143
f 6143 6240 6241
f 6143 6241 6144
f 6144 6241 6242
f 6144 6242 6145
f 6145 6242 6243
f 6145 6243 6146
f 6146 6243 6244
f 6146 6244 6147
f 6147 6244 6245
f 6147 6245 6148
f 6148 6245 6246
f 6148 6246 6149
f 6149 6246 6247
f 6149 6247 6150
f 6150 6247 6248
f 6150 6248 6151
f 6151 6248 6249
f 6151 6249 6152
f 6152 6249 6250
f 6152 6250 6153
f 6153 6250 6251
f 6153 6251 6154
f 6154 6251 6252
f 6154 6252 6155
f 6155 6252 6253
f 6155 6253 6156
f 6156 6253 6254
f 6156 6254 6157
f 6157 6254 6255
f 6157 6255 6158
f 6158 6255 6256
f 6158 6256 6159
f 6159 6256 6257
f 6159 6257 6160
f 6160 6257 6258
f 6160 6258 6161
f 6161 6258 6259
f 6161 6259 6162
f 6162 6259 6260
f 6162 6260 6163
f 6163 6260 6261
f 6163 6261 6164
f 6164 6261 6262
f 6164 6262 6165
f 6165 6262 6263
f 6165 6263 6166
f 6166 6263 6264
f 6166 6264 6167
f 6167 6264 6265
f 6167 6265 6168
f 6168 6265 6266
f 6168 6266 6169
f 6169 6266 6267
f 6169 6267 6170
f 6170 6267 6268
f 6170 6268 6171
f 6171 6268 6269
f 6171 6269 6172
f 6172 6269 6270
f 6172 6270 6173
f 6173 6270 6271
f 6173 6271 6174
f 6174 6271 6272
f 6174 6272 6175
f 6175 6272 6273
f 6175 6273 6176
f 6176 6273 6274
f 6176 6274 6177
f 6177 6274 6275
f 6177 6275 6178
f 6178 6275 6276
f 6178 6276 6179
f 6179 6276 6277
f 6179 6277 6180
f 6180 6277 6278
f 6180 6278 6181
f 6181 6278 6279
f 6181 6279 6182
f 6182 6279 6280
f 6182 6280 6183
f 6183 6280 6281
f 6183 6281 6184
f 6184 6281 6282
f 6184 6282 6185
f 6185 6282 6283
f 6185 6283 6186
f 6186 6283 6284
f 6186 6284 6187
f 6187 6284 6285
f 6187 6285 6188
f 6188 6285 6286
f 6188 6286 6189
f 6189 6286 6287
f 6189 6287 6190
f 6190 6287 6288
f 6190 6288 6191
f 6191 6288 6289
f 6191 6289 6192
f 6192 6289 6290
f 6192 6290 6193
f 6193 6290 6291
f 6193 6291 6194
f 6194 6291 6292
f 6194 6292 6195
f 6195 6292 6293
f 6195 6293 6196
f 6196 6293 6294
f 6196 6294 6197
f 6197 6294 6295
f 6197 6295 6198
f 6198 6295 6296
f 6198 6296 6199
f 6199 6296 6297
f 6199 6297 6200
f 6200 6297 6298
f 6200 6298 6201
f 6201 6298 6299
f 6201 6299 6202
f 6202 6299 6300
f 6202 6300 6203
f 6203 6300 6301
f 6203 6301 6204
f 6204 6301 6302
f 6204 6302 6205
f 6205 6302 6303
f 6205 6303 6206
f 6206 6303 6304
f 6206 6304 6207
f 6207 6304 6305
f 6207 6305 6208
f 6209 6306 6307
f 6209 6307 6210
f 6210 6307 6308
f 6210 6308 6211
f 6211 6308 6309
f 6211 6309 6212
f 6212 6309 6310
f 6212 6310 6213
f 6213 6310 6311
f 6213 6311 6214
f 6214 6311 6312
f 6214 6312 6215
f 6215 6312 6313
f 6215 6313 6216
f 6216 6313 6314
f 6216 6314 6217
f 6217 6314 6315
f 6217 6315 6218
f 6218 6315 6316
f 6218 6316 6219
f 6219 6316 6317
f 6219 6317 6220
f 6220 6317 6318
f 6220 6318 6221
f 6221 6318 6319
f 6221 6319 6222
f 6222 6319 6320
f 6222 6320 6223
f 6223 6320 6321
f 6223 6321 6224
f 6224 6321 6322
f 6224 6322 6225
f 6225 6322 6323
f 6225 6323 6226
f 6226 6323 6324
f 6226 6324 6227
f 6227 6324 6325
f 6227 6325 6228
f 6228 6325 6326
f 6228 6326 6229
f 6229 6326 6327
f 6229 6327 6230
f 6230 6327 6328
f 6230 6328 6231
f 6231 6328 6329
f 6231 6329 6232
f 6232 6329 6330
f 6232 6330 6233
f 6233 6330 6331
f 6233 6331 6234
f 6234 6331 6332
f 6234 6332 6235
f 6235 6332 6333
f 6235 6333 6236
f 6236 6333 6334
f 6236 6334 6237
f 6237 6334 6335
f 6237 6335 6238
f 6238 6335 6336
f 6238 6336 6239
f 6239 6336 6337
f 6239 6337 6240
f 6240 6337 6338
f 6240 6338 6241
f 6241 6338 6339
f 6241 6339 6242
f 6242 6339 6340
f 6242 6340 6243
f 6243 6340 6341
f 6243 6341 6244
f 6244 6341 6342
f 6244 6342 6245
f 6245 6342 6343
f 6245 6343 6246
f 6246 6343 6344
f 6246 6344 6247
f 6247 6344 6345
f 6247 6345 6248
f 6248 6345 6346
f 6248 6346 6249
f 6249 6346 6347
f 6249 6347 6250
f 6250 6347 6348
f 6250 6348 6251
f 6251 6348 6349
f 6251 6349 6252
f 6252 6349 6350
f 6252 6350 6253
f 6253 6350 6351
f 6253 6351 6254
f 6254 6351 6352
f 6254 6352 6255
f 6255 6352 6353
f 6255 6353 6256
f 6256 6353 6354
f 6256 6354 6257
f 6257 6354 6355
f 6257 6355 6258
f 6258 6355 6356
f 6258 6356 6259
f 6259 6356 6357
f 6259 6357 6260
f 6260 6357 6358
f 6260 6358 6261
f 6261 6358 6359
f 6261 6359 6262
f 6262 6359 6360
f 6262 6360 6263
f 6263 6360 6361
f 6263 6361 6264
f 6264 6361 6362
f 6264 6362 6265
f 6265 6362 6363
f 6265 6363 6266
f 6266 6363 6364
f 6266 6364 6267
f 6267 6364 6365
f 6267 6365 6268
f 6268 6365 6366
f 6268 6366 6269
f 6269 6366 6367
f 6269 6367 6270
f 6270 6367 6368
f 6270 6368 6271
f 6271 6368 6369
f 6271 6369 6272
f 6272 6369 6370
f 6272 6370 6273
f 6273 6370 6371
f 6273 6371 6274
f 6274 6371 6372
f 6274 6372 6275
f 6275 6372 6373
f 6275 6373 6276
f 6276 6373 6374
f 6276 6374 6277
f 6277 6374 6375
f 6277 6375 6278
f 6278 6375 6376
f 6278 6376 6279
f 6279 6376 6377
f 6279 6377 6280
f 6280 6377 6378
f 6280 6378 6281
f 6281 6378 6379
f 6281 6379 6282
f 6282 6379 6380
f 6282 6380 6283
f 6283 6380 6381
f 6283 6381 6284
f 6284 6381 6382
f 6284 6382 6285
f 6285 6382 6383
f 6285 6383 6286
f 6286 6383 6384
f 6286 6384 6287
f 6287 6384 6385
f 6287 6385 6288
f 6288 6385 6386
f 6288 6386 6289
f 6289 6386 6387
f 6289 6387 6290
f 6290 6387 6388
f 6290 6388 6291
f 6291 6388 6389
f 6291 6389 6292
f 6292 6389 6390
f 6292 6390 6293
f 6293 6390 6391
f 6293 6391 6294
f 6294 6391 6392
f 6294 6392 6295
f 6295 6392 6393
f 6295 6393 6296
f 6296 6393 6394
f 6296 6394 6297
f 6297 6394 6395
f 6297 6395 6298
f 6298 6395 6396
f 6298 6396 6299
f 6299 6396 6397
f 6299 6397 6300
f 6300 6397 6398
f 6300 6398 6301
f 6301 6398 6399
f 6301 6399 6302
f 6302 6399 6400
f 6302 6400 6303
f 6303 6400 6401
f 6303 6401 6304
f 6304 6401 6402
f 6304 6402 6305
f 6306 6403 6404
f 6306 6404 6307
f 6307 6404 6405
f 6307 6405 6308
f 6308 6405 6406
f 6308 6406 6309
f 6309 6406 6407
f 6309 6407 6310
f 6310 6407 6408
f 6310 6408 6311
f 6311 6408 6409
f 6311 6409 6312
f 6312 6409 6410
f 6312 6410 6313
f 6313 6410 6411
f 6313 6411 6314
f 6314 6411 6412
f 6314 6412 6315
f 6315 6412 6413
f 6315 6413 6316
f 6316 6413 6414
f 6316 6414 6317
f 6317 6414 6415
f 6317 6415 6318
f 6318 6415 6416
f 6318 6416 6319
f 6319 6416 6417
f 6319 6417 6320
f 6320 6417 6418
f 6320 6418 6321
f 6321 6418 6419
f 6321 6419 6322
f 6322 6419 6420
f 6322 6420 6323
f 6323 6420 6421
f 6323 6421 6324
f 6324 6421 6422
f 6324 6422 6325
f 6325 6422 6423
f 6325 6423 6326
f 6326 6423 6424
f 6326 6424 6327
f 6327 6424 6425
f 6327 6425 6328
f 6328 6425 6426
f 6328 6426 6329
f 6329 6426 6427
f 6329 6427 6330
f 6330 6427 6428
f 6330 6428 6331
f 6331 6428 6429
f 6331 6429 6332
f 6332 6429 6430
f 6332 6430 6333
f 6333 6430 6431
f 6333 6431 6334
f 6334 6431 6432
f 6334 6432 6335
f 6335 6432 6433
f 6335 6433 6336
f 6336 6433 6434
f 6336 6434 6337
f 6337 6434 6435
f 6337 6435 6338
f 6338 6435 6436
f 6338 6436 6339
f 6339 6436 6437
f 6339 6437 6340
f 6340 6437 6438
f 6340 6438 6341
f 6341 6438 6439
f 6341 6439 6342
f 6342 6439 6440
f 6342 6440 6343
f 6343 6440 6441
f 6343 6441 6344
f 6344 6441 6442
f 6344 6442 6345
f 6345 6442 6443
f 6345 6443 6346
f 6346 6443 6444
f 6346 6444 6347
f 6347 6444 6445
f 6347 6445 6348
f 6348 6445 6446
f 6348 6446 6349
f 6349 6446 6447
f 6349 6447 6350
f 6350 6447 6448
f 6350 6448 6351
f 6351 6448 6449
f 6351 6449 6352
f 6352 6449 6450
f 6352 6450 6353
f 6353 6450 6451
f 6353 6451 6354
f 6354 6451 6452
f 6354 6452 6355
f 6355 6452 6453
f 6355 6453 6356
f 6356 6453 6454
f 6356 6454 6357
f 6357 6454 6455
f 6357 6455 6358
f 6358 6455 6456
f 6358 6456 6359
f 6359 6456 6457
f 6359 6457 6360
f 6360 6457 6458
f 6360 6458 6361
f 6361 6458 6459
f 6361 6459 6362
f 6362 6459 6460
f 6362 6460 6363
f 6363 6460 6461
f 6363 6461 6364
f 6364 6461 6462
f 6364 6462 6365
f 6365 6462 6463
f 6365 6463 6366
f 6366 6463 6464
f 6366 6464 6367
f 6367 6464 6465
f 6367 6465 6368
f 6368 6465 6466
f 6368 6466 6369
f 6369 6466 6467
f 6369 6467 6370
f 6370 6467 6468
f 6370 6468 6371
f 6371 6468 6469
f 6371 6469 6372
f 6372 6469 6470
f 6372 6470 6373
f 6373 6470 6471
f 6373 6471 6374
f 6374 6471 6472
f 6374 6472 6375
f 6375 6472 6473
f 6375 6473 6376
f 6376 6473 6474
f 6376 6474 6377
f 6377 6474 6475
f 6377 6475 6378
f 6378 6475 6476
f 6378 6476 6379
f 6379 6476 6477
f 6379 6477 6380
f 6380 6477 6478
f 6380 6478 6381
f 6381 6478 6479
f 6381 6479 6382
f 6382 6479 6480
f 6382 6480 6383
f 6383 6480 6481
f 6383 6481 6384
f 6384 6481 6482
f 6384 6482 6385
f 6385 6482 6483
f 6385 6483 6386
f 6386 6483 6484
f 6386 6484 6387
f 6387 6484 6485
f 6387 6485 6388
f 6388 6485 6486
f 6388 6486 6389
f 6389 6486 6487
f 6389 6487 6390
f 6390 6487 6488
f 6390 6488 6391
f 6391 6488 6489
f 6391 6489 6392
f 6392 6489 6490
f 6392 6490 6393
f 6393 6490 6491
f 6393 6491 6394
f 6394 6491 6492
f 6394 6492 6395
f 6395 6492 6493
f 6395 6493 6396
f 6396 6493 6494
f 6396 6494 6397
f 6397 6494 6495
f 6397 6495 6398
f 6398 6495 6496
f 6398 6496 6399
f 6399 6496 6497
f 6399 6497 6400
f 6400 6497 6498
f 6400 6498 6401
f 6401 6498 6499
f 6401 6499 6402
f 6403 6500 6501
f 6403 6501 6404
f 6404 6501 6502
f 6404 6502 6405
f 6405 6502 6503
f 6405 6503 6406
f 6406 6503 6504
f 6406 6504 6407
f 6407 6504 6505
f 6407 6505 6408
f 6408 6505 6506
f 6408 6506 6409
f 6409 6506 6507
f 6409 6507 6410
f 6410 6507 6508
f 6410 6508 6411
f 6411 6508 6509
f 6411 6509 6412
f 6412 6509 6510
f 6412 6510 6413
f 6413 6510 6511
f 6413 6511 6414
f 6414 6511 6512
f 6414 6512 6415
f 6415 6512 6513
f 6415 6513 6416
f 6416 6513 6514
f 6416 6514 6417
f 6417 6514 6515
f 6417 6515 6418
f 6418 6515 6516
f 6418 6516 6419
f 6419 6516 6517
f 6419 6517 6420
f 6420 6517 6518
f 6420 6518 6421
f 6421 6518 6519
f 6421 6519 6422
f 6422 6519 6520
f 6422 6520 6423
f 6423 6520 6521
f 6423 6521 6424
f 6424 6521 6522
f 6424 6522 6425
f 6425 6522 6523
f 6425 6523 6426
f 6426 6523 6524
f 6426 6524 6427
f 6427 6524 6525
f 6427 6525 6428
f 6428 6525 6526
f 6428 6526 6429
f 6429 6526 6527
f 6429 6527 6430
f 6430 6527 6528
f 6430 6528 6431
f 6431 6528 6529
f 6431 6529 6432
f 6432 6529 6530
f 6432 6530 6433
f 6433 6530 6531
f 6433 6531 6434
f 6434 6531 6532
f 6434 6532 6435
f 6435 6532 6533
f 6435 6533 6436
f 6436 6533 6534
f 6436 6534 6437
f 6437 6534 6535
f 6437 6535 6438
f 6438 6535 6536
f 6438 6536 6439
f 6439 6536 6537
f 6439 6537 6440
f 6440 6537 6538
f 6440 6538 6441
f 6441 6538 6539
f 6441 6539 6442
f 6442 6539 6540
f 6442 6540 6443
f 6443 6540 6541
f 6443 6541 6444
f 6444 6541 6542
f 6444 6542 6445
f 6445 6542 6543
f 6445 6543 6446
f 6446 6543 6544
f 6446 6544 6447
f 6447 6544 6545
f 6447 6545 6448
f 6448 6545 6546
f 6448 6546 6449
f 6449 6546 6547
f 6449 6547 6450
f 6450 6547 6548
f 6450 6548 6451
f 6451 6548 6549
f 6451 6549 6452
f 6452 6549 6550
f 6452 6550 6453
f 6453 6550 6551
f 6453 6551 6454
f 6454 6551 6552
f 6454 6552 6455
f 6455 6552 6553
f 6455 6553 6456
f 6456 6553 6554
f 6456 6554 6457
f 6457 6554 6555
f 6457 6555 6458
f 6458 6555 6556
f 6458 6556 6459
f 6459 6556 6557
f 6459 6557 6460
f 6460 6557 6558
f 6460 6558 6461
f 6461 6558 6559
f 6461 6559 6462
f 6462 6559 6560
f 6462 6560 6463
f 6463 6560 6561
f 6463 6561 6464
f 6464 6561 6562
f 6464 6562 6465
f 6465 6562 6563
f 6465 6563 6466
f 6466 6563 6564
f 6466 6564 6467
f 6467 6564 6565
f 6467 6565 6468
f 6468 6565 6566
f 6468 6566 6469
f 6469 6566 6567
f 6469 6567 6470
f 6470 6567 6568
f 6470 6568 6471
f 6471 6568 6569
f 6471 6569 6472
f 6472 6569 6570
f 6472 6570 6473
f 6473 6570 6571
f 6473 6571 6474
f 6474 6571 6572
f 6474 6572 6475
f 6475 6572 6573
f 6475 6573 6476
f 6476 6573 6574
f 6476 6574 6477
f 6477 6574 6575
f 6477 6575 6478
f 6478 6575 6576
f 6478 6576 6479
f 6479 6576 6577
f 6479 6577 6480
f 6480 6577 6578
f 6480 6578 6481
f 6481 6578 6579
f 6481 6579 6482
f 6482 6579 6580
f 6482 6580 6483
f 6483 6580 6581
f 6483 6581 6484
f 6484 6581 6582
f 6484 6582 6485
f 6485 6582 6583
f 6485 6583 6486
f 6486 6583 6584
f 6486 6584 6487
f 6487 6584 6585
f 6487 6585 6488
f 6488 6585 6586
f 6488 6586 6489
f 6489 6586 6587
f 6489 6587 6490
f 6490 6587 6588
f 6490 6588 6491
f 6491 6588 6589
f 6491 6589 6492
f 6492 6589 6590
f 6492 6590 6493
f 6493 6590 6591
f 6493 6591 6494
f 6494 6591 6592
f 6494 6592 6495
f 6495 6592 6593
f 6495 6593 6496
f 6496 6593 6594
f 6496 6594 6497
f 6497 6594 6595
f 6497 6595 6498
f 6498 6595 6596
f 6498 6596 6499
f 6500 6597 6598
f 6500 6598 6501
f 6501 6598 6599
f 6501 6599 6502
f 6502 6599 6600
f 6502 6600 6503
f 6503 6600 6601
f 6503 6601 6504
f 6504 6601 6602
f 6504 6602 6505
f 6505 6602 6603
f 6505 6603 6506
f 6506 6603 6604
f 6506 6604 6507
f 6507 6604 6605
f 6507 6605 6508
f 6508 6605 6606
f 6508 6606 6509
f 6509 6606 6607
f 6509 6607 6510
f 6510 6607 6608
f 6510 6608 6511
f 6511 6608 6609
f 6511 6609 6512
f 6512 6609 6610
f 6512 6610 6513
f 6513 6610 6611
f 6513 6611 6514
f 6514 6611 6612
f 6514 6612 6515
f 6515 6612 6613
f 6515 6613 6516
f 6516 6613 6614
f 6516 6614 6517
f 6517 6614 6615
f 6517 6615 6518
f 6518 6615 6616
f 6518 6616 6519
f 6519 6616 6617
f 6519 6617 6520
f 6520 6617 6618
f 6520 6618 6521
f 6521 6618 6619
f 6521 6619 6522
f 6522 6619 6620
f 6522 6620 6523
f 6523 6620 6621
f 6523 6621 6524
f 6524 6621 6622
f 6524 6622 6525
f 6525 6622 6623
f 6525 6623 6526
f 6526 6623 6624
f 6526 6624 6527
f 6527 6624 6625
f 6527 6625 6528
f 6528 6625 6626
f 6528 6626 6529
f 6529 6626 6627
f 6529 6627 6530
f 6530 6627 6628
f 6530 6628 6531
f 6531 6628 6629
f 6531 6629 6532
f 6532 6629 6630
f 6532 6630 6533
f 6533 6630 6631
f 6533 6631 6534
f 6534 6631 6632
f 6534 6632 6535
f 6535 6632 6633
f 6535 6633 6536
f 6536 6633 6634
f 6536 6634 6537
f 6537 6634 6635
f 6537 6635 6538
f 6538 6635 6636
f 6538 6636 6539
f 6539 6636 6637
f 6539 6637 6540
f 6540 6637 6638
f 6540 6638 6541
f 6541 6638 6639
f 6541 6639 6542
f 6542 6639 6640
f 6542 6640 6543
f 6543 6640 6641
f 6543 6641 6544
f 6544 6641 6642
f 6544 6642 6545
f 6545 6642 6643
f 6545 6643 6546
f 6546 6643 6644
f 6546 6644 6547
f 6547 6644 6645
f 6547 6645 6548
f 6548 6645 6646
f 6548 6646 6549
f 6549 6646 6647
f 6549 6647 6550
f 6550 6647 6648
f 6550 6648 6551
f 6551 6648 6649
f 6551 6649 6552
f 6552 6649 6650
f 6552 6650 6553
f 6553 6650 6651
f 6553 6651 6554
f 6554 6651 6652
f 6554 6652 6555
f 6555 6652 6653
f 6555 6653 6556
f 6556 6653 6654
f 6556 6654 6557
f 6557 6654 6655
f 6557 6655 6558
f 6558 6655 6656
f 6558 6656 6559
f 6559 6656 6657
f 6559 6657 6560
f 6560 6657 6658
f 6560 6658 6561
f 6561 6658 6659
f 6561 6659 6562
f 6562 6659 6660
f 6562 6660 6563
f 6563 6660 6661
f 6563 6661 6564
f 6564 6661 6662
f 6564 6662 6565
f 6565 6662 6663
f 6565 6663 6566
f 6566 6663 6664
f 6566 6664 6567
f 6567 6664 6665
f 6567 6665 6568
f 6568 6665 6666
f 6568 6666 6569
f 6569 6666 6667
f 6569 6667 6570
f 6570 6667 6668
f 6570 6668 6571
f 6571 6668 6669
f 6571 6669 6572
f 6572 6669 6670
f 6572 6670 6573
f 6573 6670 6671
f 6573 6671 6574
f 6574 6671 6672
f 6574 6672 6575
f 6575 6672 6673
f 6575 6673 6576
f 6576 6673 6674
f 6576 6674 6577
f 6577 6674 6675
f 6577 6675 6578
f 6578 6675 6676
f 6578 6676 6579
f 6579 6676 6677
f 6579 6677 6580
f 6580 6677 6678
f 6580 6678 6581
f 6581 6678 6679
f 6581 6679 6582
f 6582 6679 6680
f 6582 6680 6583
f 6583 6680 6681
f 6583 6681 6584
f 6584 6681 6682
f 6584 6682 6585
f 6585 6682 6683
f 6585 6683 6586
f 6586 6683 6684
f 6586 6684 6587
f 6587 6684 6685
f 6587 6685 6588
f 6588 6685 6686
f 6588 6686 6589
f 6589 6686 6687
f 6589 6687 6590
f 6590 6687 6688
f 6590 6688 6591
f 6591 6688 6689
f 6591 6689 6592
f 6592 6689 6690
f 6592 6690 6593
f 6593 6690 6691
f 6593 6691 6594
f 6594 6691 6692
f 6594 6692 6595
f 6595 6692 6693
f 6595 6693 6596
f 6597 6694 6695
f 6597 6695 6598
f 6598 6695 6696
f 6598 6696 6599
f 6599 6696 6697
f 6599 6697 6600
f 6600 6697 6698
f 6600 6698 6601
f 6601 6698 6699
f 6601 6699 6602
f 6602 6699 6700
f 6602 6700 6603
f 6603 6700 6701
f 6603 6701 6604
f 6604 6701 6702
f 6604 6702 6605
f 6605 6702 6703
f 6605 6703 6606
f 6606 6703 6704
f 6606 6704 6607
f 6607 6704 6705
f 6607 6705 6608
f 6608 6705 6706
f 6608 6706 6609
f 6609 6706 6707
f 6609 6707 6610
f 6610 6707 6708
f 6610 6708 6611
f 6611 6708 6709
f 6611 6709 6612
f 6612 6709 6710
f 6612 6710 6613
f 6613 6710 6711
f 6613 6711 6614
f 6614 6711 6712
f 6614 6712 6615
f 6615 6712 6713
f 6615 6713 6616
f 6616 6713 6714
f 6616 6714 6617
f 6617 6714 6715
f 6617 6715 6618
f 6618 6715 6716
f 6618 6716 6619
f 6619 6716 6717
f 6619 6717 6620
f 6620 6717 6718
f 6620 6718 6621
f 6621 6718 6719
f 6621 6719 6622
f 6622 6719 6720
f 6622 6720 6623
f 6623 6720 6721
f 6623 6721 6624
f 6624 6721 6722
f 6624 6722 6625
f 6625 6722 6723
f 6625 6723 6626
f 6626 6723 6724
f 6626 6724 6627
f 6627 6724 6725
f 6627 6725 6628
f 6628 6725 6726
f 6628 6726 6629
f 6629 6726 6727
f 6629 6727 6630
f 6630 6727 6728
f 6630 6728 6631
f 6631 6728 6729
f 6631 6729 6632
f 6632 6729 6730
f 6632 6730 6633
f 6633 6730 6731
f 6633 6731 6634
f 6634 6731 6732
f 6634 6732 6635
f 6635 6732 6733
f 6635 6733 6636
f 6636 6733 6734
f 6636 6734 6637
f 6637 6734 6735
f 6637 6735 6638
f 6638 6735 6736
f 6638 6736 6639
f 6639 6736 6737
f 6639 6737 6640
f 6640 6737 6738
f 6640 6738 6641
f 6641 6738 6739
f 6641 6739 6642
f 6642 6739 6740
f 6642 6740 6643
f 6643 6740 6741
f 6643 6741 6644
f 6644 6741 6742
f 6644 6742 6645
f 6645 6742 6743
f 6645 6743 6646
f 6646 6743 6744
f 6646 6744 6647
f 6647 6744 6745
f 6647 6745 6648
f 6648 6745 6746
f 6648 6746 6649
f 6649 6746 6747
f 6649 6747 6650
f 6650 6747 6748
f 6650 6748 6651
f 6651 6748 6749
f 6651 6749 6652
f 6652 6749 6750
f 6652 6750 6653
f 6653 6750 6751
f 6653 6751 6654
f 6654 6751 6752
f 6654 6752 6655
f 6655 6752 6753
f 6655 6753 6656
f 6656 6753 6754
f 6656 6754 6657
f 6657 6754 6755
f 6657 6755 6658
f 6658 6755 6756
f 6658 6756 6659
f 6659 6756 6757
f 6659 6757 6660
f 6660 6757 6758
f 6660 6758 6661
f 6661 6758 6759
f 6661 6759 6662
f 6662 6759 6760
f 6662 6760 6663
f 6663 6760 6761
f 6663 6761 6664
f 6664 6761 6762
f 6664 6762 6665
f 6665 6762 6763
f 6665 6763 6666
f 6666 6763 6764
f 6666 6764 6667
f 6667 6764 6765
f 6667 6765 6668
f 6668 6765 6766
f 6668 6766 6669
f 6669 6766 6767
f 6669 6767 6670
f 6670 6767 6768
f 6670 6768 6671
f 6671 6768 6769
f 6671 6769 6672
f 6672 6769 6770
f 6672 6770 6673
f 6673 6770 6771
f 6673 6771 6674
f 6674 6771 6772
f 6674 6772 6675
f 6675 6772 6773
f 6675 6773 6676
f 6676 6773 6774
f 6676 6774 6677
f 6677 6774 6775
f 6677 6775 6678
f 6678 6775 6776
f 6678 6776 6679
f 6679 6776 6777
f 6679 6777 6680
f 6680 6777 6778
f 6680 6778 6681
f 6681 6778 6779
f 6681 6779 6682
f 6682 6779 6780
f 6682 6780 6683
f 6683 6780 6781
f 6683 6781 6684
f 6684 6781 6782
f 6684 6782 6685
f 6685 6782 6783
f 6685 6783 6686
f 6686 6783 6784
f 6686 6784 6687
f 6687 6784 6785
f 6687 6785 6688
f 6688 6785 6786
f 6688 6786 6689
f 6689 6786 6787
f 6689 6787 6690
f 6690 6787 6788
f 6690 6788 6691
f 6691 6788 6789
f 6691 6789 6692
f 6692 6789 6790
f 6692 6790 6693
f 6694 6791 6792
f 6694 6792 6695
f 6695 6792 6793
f 6695 6793 6696
f 6696 6793 6794
f 6696 6794 6697
f 6697 6794 6795
f 6697 6795 6698
f 6698 6795 6796
f 6698 6796 6699
f 6699 6796 6797
f 6699 6797 6700
f 6700 6797 6798
f 6700 6798 6701
f 6701 6798 6799
f 6701 6799 6702
f 6702 6799 6800
f 6702 6800 6703
f 6703 6800 6801
f 6703 6801 6704
f 6704 6801 6802
f 6704 6802 6705
f 6705 6802 6803
f 6705 6803 6706
f 6706 6803 6804
f 6706 6804 6707
f 6707 6804 6805
f 6707 6805 6708
f 6708 6805 6806
f 6708 6806 6709
f 6709 6806 6807
f 6709 6807 6710
f 6710 6807 6808
f 6710 6808 6711
f 6711 6808 6809
f 6711 6809 6712
f 6712 6809 6810
f 6712 6810 6713
f 6713 6810 6811
f 6713 6811 6714
f 6714 6811 6812
f 6714 6812 6715
f 6715 6812 6813
f 6715 6813 6716
f 6716 6813 6814
f 6716 6814 6717
f 6717 6814 6815
f 6717 6815 6718
f 6718 6815 6816
f 6718 6816 6719
f 6719 6816 6817
f 6719 6817 6720
f 6720 6817 6818
f 6720 6818 6721
f 6721 6818 6819
f 6721 6819 6722
f 6722 6819 6820
f 6722 6820 6723
f 6723 6820 6821
f 6723 6821 6724
f 6724 6821 6822
f 6724 6822 6725
f 6725 6822 6823
f 6725 6823 6726
f 6726 6823 6824
f 6726 6824 6727
f 6727 6824 6825
f 6727 6825 6728
f 6728 6825 6826
f 6728 6826 6729
f 6729 6826 6827
f 6729 6827 6730
f 6730 6827 6828
f 6730 6828 6731
f 6731 6828 6829
f 6731 6829 6732
f 6732 6829 6830
f 6732 6830 6733
f 6733 6830 6831
f 6733 6831 6734
f 6734 6831 6832
f 6734 6832 6735
f 6735 6832 6833
f 6735 6833 6736
f 6736 6833 6834
f 6736 6834 6737
f 6737 6834 6835
f 6737 6835 6738
f 6738 6835 6836
f 6738 6836 6739
f 6739 6836 6837
f 6739 6837 6740
f 6740 6837 6838
f 6740 6838 6741
f 6741 6838 6839
f 6741 6839 6742
f 6742 6839 6840
f 6742 6840 6743
f 6743 6840 6841
f 6743 6841 6744
f 6744 6841 6842
f 6744 6842 6745
f 6745 6842 6843
f 6745 6843 6746
f 6746 6843 6844
f 6746 6844 6747
f 6747 6844 6845
f 6747 6845 6748
f 6748 6845 6846
f 6748 6846 6749
f 6749 6846 6847
f 6749 6847 6750
f 6750 6847 6848
f 6750 6848 6751
f 6751 6848 6849
f 6751 6849 6752
f 6752 6849 6850
f 6752 6850 6753
f 6753 6850 6851
f 6753 6851 6754
f 6754 6851 6852
f 6754 6852 6755
f 6755 6852 6853
f 6755 6853 6756
f 6756 6853 6854
f 6756 6854 6757
f 6757 6854 6855
f 6757 6855 6758
f 6758 6855 6856
f 6758 6856 6759
f 6759 6856 6857
f 6759 6857 6760
f 6760 6857 6858
f 6760 6858 6761
f 6761 6858 6859
f 6761 6859 6762
f 6762 6859 6860
f 6762 6860 6763
f 6763 6860 6861
f 6763 6861 6764
f 6764 6861 6862
f 6764 6862 6765
f 6765 6862 6863
f 6765 6863 6766
f 6766 6863 6864
f 6766 6864 6767
f 6767 6864 6865
f 6767 6865 6768
f 6768 6865 6866
f 6768 6866 6769
f 6769 6866 6867
f 6769 6867 6770
f 6770 6867 6868
f 6770 6868 6771
f 6771 6868 6869
f 6771 6869 6772
f 6772 6869 6870
f 6772 6870 6773
f 6773 6870 6871
f 6773 6871 6774
f 6774 6871 6872
f 6774 6872 6775
f 6775 6872 6873
f 6775 6873 6776
f 6776 6873 6874
f 6776 6874 6777
f 6777 6874 6875
f 6777 6875 6778
f 6778 6875 6876
f 6778 6876 6779
f 6779 6876 6877
f 6779 6877 6780
f 6780 6877 6878
f 6780 6878 6781
f 6781 6878 6879
f 6781 6879 6782
f 6782 6879 6880
f 6782 6880 6783
f 6783 6880 6881
f 6783 6881 6784
f 6784 6881 6882
f 6784 6882 6785
f 6785 6882 6883
f 6785 6883 6786
f 6786 6883 6884
f 6786 6884 6787
f 6787 6884 6885
f 6787 6885 6788
f 6788 6885 6886
f 6788 6886 6789
f 6789 6886 6887
f 6789 6887 6790
f 6791 6888 6889
f 6791 6889 6792
f 6792 6889 6890
f 6792 6890 6793
f 6793 6890 6891
f 6793 6891 6794
f 6794 6891 6892
f 6794 6892 6795
f 6795 6892 6893
f 6795 6893 6796
f 6796 6893 6894
f 6796 6894 6797
f 6797 6894 6895
f 6797 6895 6798
f 6798 6895 6896
f 6798 6896 6799
f 6799 6896 6897
f 6799 6897 6800
f 6800 6897 6898
f 6800 6898 6801
f 6801 6898 6899
f 6801 6899 6802
f 6802 6899 6900
f 6802 6900 6803
f 6803 6900 6901
f 6803 6901 6804
f 6804 6901 6902
f 6804 6902 6805
f 6805 6902 6903
f 6805 6903 6806
f 6806 6903 6904
f 6806 6904 6807
f 6807 6904 6905
f 6807 6905 6808
f 6808 6905 6906
f 6808 6906 6809
f 6809 6906 6907
f 6809 6907 6810
f 6810 6907 6908
f 6810 6908 6811
f 6811 6908 6909
f 6811 6909 6812
f 6812 6909 6910
f 6812 6910 6813
f 6813 6910 6911
f 6813 6911 6814
f 6814 6911 6912
f 6814 6912 6815
f 6815 6912 6913
f 6815 6913 6816
f 6816 6913 6914
f 6816 6914 6817
f 6817 6914 6915
f 6817 6915 6818
f 6818 6915 6916
f 6818 6916 6819
f 6819 6916 6917
f 6819 6917 6820
f 6820 6917 6918
f 6820 6918 6821
f 6821 6918 6919
f 6821 6919 6822
f 6822 6919 6920
f 6822 6920 6823
f 6823 6920 6921
f 6823 6921 6824
f 6824 6921 6922
f 6824 6922 6825
f 6825 6922 6923
f 6825 6923 6826
f 6826 6923 6924
f 6826 6924 6827
f 6827 6924 6925
f 6827 6925 6828
f 6828 6925 6926
f 6828 6926 6829
f 6829 6926 6927
f 6829 6927 6830
f 6830 6927 6928
f 6830 6928 6831
f 6831 6928 6929
f 6831 6929 6832
f 6832 6929 6930
f 6832 6930 6833
f 6833 6930 6931
f 6833 6931 6834
f 6834 6931 6932
f 6834 6932 6835
f 6835 6932 6933
f 6835 6933 6836
f 6836 6933 6934
f 6836 6934 6837
f 6837 6934 6935
f 6837 6935 6838
f 6838 6935 6936
f 6838 6936 6839
f 6839 6936 6937
f 6839 6937 6840
f 6840 6937 6938
f 6840 6938 6841
f 6841 6938 6939
f 6841 6939 6842
f 6842 6939 6940
f 6842 6940 6843
f 6843 6940 6941
f 6843 6941 6844
f 6844 6941 6942
f 6844 6942 6845
f 6845 6942 6943
f 6845 6943 6846
f 6846 6943 6944
f 6846 6944 6847
f 6847 6944 6945
f 6847 6945 6848
f 6848 6945 6946
f 6848 6946 6849
f 6849 6946 6947
f 6849 6947 6850
f 6850 6947 6948
f 6850 6948 6851
f 6851 6948 6949
f 6851 6949 6852
f 6852 6949 6950
f 6852 6950 6853
f 6853 6950 6951
f 6853 6951 6854
f 6854 6951 6952
f 6854 6952 6855
f 6855 6952 6953
f 6855 6953 6856
f 6856 6953 6954
f 6856 6954 6857
f 6857 6954 6955
f 6857 6955 6858
f 6858 6955 6956
f 6858 6956 6859
f 6859 6956 6957
f 6859 6957 6860
f 6860 6957 6958
f 6860 6958 6861
f 6861 6958 6959
f 6861 6959 6862
f 6862 6959 6960
f 6862 6960 6863
f 6863 6960 6961
f 6863 6961 6864
f 6864 6961 6962
f 6864 6962 6865
f 6865 6962 6963
f 6865 6963 6866
f 6866 6963 6964
f 6866 6964 6867
f 6867 6964 6965
f 6867 6965 6868
f 6868 6965 6966
f 6868 6966 6869
f 6869 6966 6967
f 6869 6967 6870
f 6870 6967 6968
f 6870 6968 6871
f 6871 6968 6969
f 6871 6969 6872
f 6872 6969 6970
f 6872 6970 6873
f 6873 6970 6971
f 6873 6971 6874
f 6874 6971 6972
f 6874 6972 6875
f 6875 6972 6973
f 6875 6973 6876
f 6876 6973 6974
f 6876 6974 6877
f 6877 6974 6975
f 6877 6975 6878
f 6878 6975 6976
f 6878 6976 6879
f 6879 6976 6977
f 6879 6977 6880
f 6880 6977 6978
f 6880 6978 6881
f 6881 6978 6979
f 6881 6979 6882
f 6882 6979 6980
f 6882 6980 6883
f 6883 6980 6981
f 6883 6981 6884
f 6884 6981 6982
f 6884 6982 6885
f 6885 6982 6983
f 6885 6983 6886
f 6886 6983 6984
f 6886 6984 6887
f 6888 6985 6986
f 6888 6986 6889
f 6889 6986 6987
f 6889 6987 6890
f 6890 6987 6988
f 6890 6988 6891
f 6891 6988 6989
f 6891 6989 6892
f 6892 6989 6990
f 6892 6990 6893
f 6893 6990 6991
f 6893 6991 6894
f 6894 6991 6992
f 6894 6992 6895
f 6895 6992 6993
f 6895 6993 6896
f 6896 6993 6994
f 6896 6994 6897
f 6897 6994 6995
f 6897 6995 6898
f 6898 6995 6996
f 6898 6996 6899
f 6899 6996 6997
f 6899 6997 6900
f 6900 6997 6998
f 6900 6998 6901
f 6901 6998 6999
f 6901 6999 6902
f 6902 6999 7000
f 6902 7000 6903
f 6903 7000 7001
f 6903 7001 6904
f 6904 7001 7002
f 6904 7002 6905
f 6905 7002 7003
f 6905 7003 6906
f 6906 7003 7004
f 6906 7004 6907
f 6907 7004 7005
f 6907 7005 6908
f 6908 7005 7006
f 6908 7006 6909
f 6909 7006 7007
f 6909 7007 6910
f 6910 7007 7008
f 6910 7008 6911
f 6911 7008 7009
f 6911 7009 6912
f 6912 7009 7010
f 6912 7010 6913
f 6913 7010 7011
f 6913 7011 6914
f 6914 7011 7012
f 6914 7012 6915
f 6915 7012 7013
f 6915 7013 6916
f 6916 7013 7014
f 6916 7014 6917
f 6917 7014 7015
f 6917 7015 6918
f 6918 7015 7016
f 6918 7016 6919
f 6919 7016 7017
f 6919 7017 6920
f 6920 7017 7018
f 6920 7018 6921
f 6921 7018 7019
f 6921 7019 6922
f 6922 7019 7020
f 6922 7020 6923
f 6923 7020 7021
f 6923 7021 6924
f 6924 7021 7022
f 6924 7022 6925
f 6925 7022 7023
f 6925 7023 6926
f 6926 7023 7024
f 6926 7024 6927
f 6927 7024 7025
f 6927 7025 6928
f 6928 7025 7026
f 6928 7026 6929
f 6929 7026 7027
f 6929 7027 6930
f 6930 7027 7028
f 6930 7028 6931
f 6931 7028 7029
f 6931 7029 6932
f 6932 7029 7030
f 6932 7030 6933
f 6933 7030 7031
f 6933 7031 6934
f 6934 7031 7032
f 6934 7032 6935
f 6935 7032 7033
f 6935 7033 6936
f 6936 7033 7034
f 6936 7034 6937
f 6937 7034 7035
f 6937 7035 6938
f 6938 7035 7036
f 6938 7036 6939
f 6939 7036 7037
f 6939 7037 6940
f 6940 7037 7038
f 6940 7038 6941
f 6941 7038 7039
f 6941 7039 6942
f 6942 7039 7040
f 6942 7040 6943
f 6943 7040 7041
f 6943 7041 6944
f 6944 7041 7042
f 6944 7042 6945
f 6945 7042 7043
f 6945 7043 6946
f 6946 7043 7044
f 6946 7044 6947
f 6947 7044 7045
f 6947 7045 6948
f 6948 7045 7046
f 6948 7046 6949
f 6949 7046 7047
f 6949 7047 6950
f 6950 7047 7048
f 6950 7048 6951
f 6951 7048 7049
f 6951 7049 6952
f 6952 7049 7050
f 6952 7050 6953
f 6953 7050 7051
f 6953 7051 6954
f 6954 7051 7052
f 6954 7052 6955
f 6955 7052 7053
f 6955 7053 6956
f 6956 7053 7054
f 6956 7054 6957
f 6957 7054 7055
f 6957 7055 6958
f 6958 7055 7056
f 6958 7056 6959
f 6959 7056 7057
f 6959 7057 6960
f 6960 7057 7058
f 6960 7058 6961
f 6961 7058 7059
f 6961 7059 6962
f 6962 7059 7060
f 6962 7060 6963
f 6963 7060 7061
f 6963 7061 6964
f 6964 7061 7062
f 6964 7062 6965
f 6965 7062 7063
f 6965 7063 6966
f 6966 7063 7064
f 6966 7064 6967
f 6967 7064 7065
f 6967 7065 6968
f 6968 7065 7066
f 6968 7066 6969
f 6969 7066 7067
f 6969 7067 6970
f 6970 7067 7068
f 6970 7068 6971
f 6971 7068 7069
f 6971 7069 6972
f 6972 7069 7070
f 6972 7070 6973
f 6973 7070 7071
f 6973 7071 6974
f 6974 7071 7072
f 6974 7072 6975
f 6975 7072 7073
f 6975 7073 6976
f 6976 7073 7074
f 6976 7074 6977
f 6977 7074 7075
f 6977 7075 6978
f 6978 7075 7076
f 6978 7076 6979
f 6979 7076 7077
f 6979 7077 6980
f 6980 7077 7078
f 6980 7078 6981
f 6981 7078 7079
f 6981 7079 6982
f 6982 7079 7080
f 6982 7080 6983
f 6983 7080 7081
f 6983 7081 6984
f 6985 7082 7083
f 6985 7083 6986
f 6986 7083 7084
f 6986 7084 6987
f 6987 7084 7085
f 6987 7085 6988
f 6988 7085 7086
f 6988 7086 6989
f 6989 7086 7087
f 6989 7087 6990
f 6990 7087 7088
f 6990 7088 6991
f 6991 7088 7089
f 6991 7089 6992
f 6992 7089 7090
f 6992 7090 6993
f 6993 7090 7091
f 6993 7091 6994
f 6994 7091 7092
f 6994 7092 6995
f 6995 7092 7093
f 6995 7093 6996
f 6996 7093 7094
f 6996 7094 6997
f 6997 7094 7095
f 6997 7095 6998
f 6998 7095 7096
f 6998 7096 6999
f 6999 7096 7097
f 6999 7097 7000
f 7000 7097 7098
f 7000 7098 7001
f 7001 7098 7099
f 7001 7099 7002
f 7002 7099 7100
f 7002 7100 7003
f 7003 7100 7101
f 7003 7101 7004
f 7004 7101 7102
f 7004 7102 7005
f 7005 7102 7103
f 7005 7103 7006
f 7006 7103 7104
f 7006 7104 7007
f 7007 7104 7105
f 7007 7105 7008
f 7008 7105 7106
f 7008 7106 7009
f 7009 7106 7107
f 7009 7107 7010
f 7010 7107 7108
f 7010 7108 7011
f 7011 7108 7109
f 7011 7109 7012
f 7012 7109 7110
f 7012 7110 7013
f 7013 7110 7111
f 7013 7111 7014
f 7014 7111 7112
f 7014 7112 7015
f 7015 7112 7113
f 7015 7113 7016
f 7016 7113 7114
f 7016 7114 7017
f 7017 7114 7115
f 7017 7115 7018
f 7018 7115 7116
f 7018 7116 7019
f 7019 7116 7117
f 7019 7117 7020
f 7020 7117 7118
f 7020 7118 7021
f 7021 7118 7119
f 7021 7119 7022
f 7022 7119 7120
f 7022 7120 7023
f 7023 7120 7121
f 7023 7121 7024
f 7024 7121 7122
f 7024 7122 7025
f 7025 7122 7123
f 7025 7123 7026
f 7026 7123 7124
f 7026 7124 7027
f 7027 7124 7125
f 7027 7125 7028
f 7028 7125 7126
f 7028 7126 7029
f 7029 7126 7127
f 7029 7127 7030
f 7030 7127 7128
f 7030 7128 7031
f 7031 7128 7129
f 7031 7129 7032
f 7032 7129 7130
f 7032 7130 7033
f 7033 7130 7131
f 7033 7131 7034
f 7034 7131 7132
f 7034 7132 7035
f 7035 7132 7133
f 7035 7133 7036
f 7036 7133 7134
f 7036 7134 7037
f 7037 7134 7135
f 7037 7135 7038
f 7038 7135 7136
f 7038 7136 7039
f 7039 7136 7137
f 7039 7137 7040
f 7040 7137 7138
f 7040 7138 7041
f 7041 7138 7139
f 7041 7139 7042
f 7042 7139 7140
f 7042 7140 7043
f 7043 7140 7141
f 7043 7141 7044
f 7044 7141 7142
f 7044 7142 7045
f 7045 7142 7143
f 7045 7143 7046
f 7046 7143 7144
f 7046 7144 7047
f 7047 7144 7145
f 7047 7145 7048
f 7048 7145 7146
f 7048 7146 7049
f 7049 7146 7147
f 7049 7147 7050
f 7050 7147 7148
f 7050 7148 7051
f 7051 7148 7149
f 7051 7149 7052
f 7052 7149 7150
f 7052 7150 7053
f 7053 7150 7151
f 7053 7151 7054
f 7054 7151 7152
f 7054 7152 7055
f 7055 7152 7153
f 7055 7153 7056
f 7056 7153 7154
f 7056 7154 7057
f 7057 7154 7155
f 7057 7155 7058
f 7058 7155 7156
f 7058 7156 7059
f 7059 7156 7157
f 7059 7157 7060
f 7060 7157 7158
f 7060 7158 7061
f 7061 7158 7159
f 7061 7159 7062
f 7062 7159 7160
f 7062 7160 7063
f 7063 7160 7161
f 7063 7161 7064
f 7064 7161 7162
f 7064 7162 7065
f 7065 7162 7163
f 7065 7163 7066
f 7066 7163 7164
f 7066 7164 7067
f 7067 7164 7165
f 7067 7165 7068
f 7068 7165 7166
f 7068 7166 7069
f 7069 7166 7167
f 7069 7167 7070
f 7070 7167 7168
f 7070 7168 7071
f 7071 7168 7169
f 7071 7169 7072
f 7072 7169 7170
f 7072 7170 7073
f 7073 7170 7171
f 7073 7171 7074
f 7074 7171 7172
f 7074 7172 7075
f 7075 7172 7173
f 7075 7173 7076
f 7076 7173 7174
f 7076 7174 7077
f 7077 7174 7175
f 7077 7175 7078
f 7078 7175 7176
f 7078 7176 7079
f 7079 7176 7177
f 7079 7177 7080
f 7080 7177 7178
f 7080 7178 7081
f 7082 7179 7180
f 7082 7180 7083
f 7083 7180 7181
f 7083 7181 7084
f 7084 7181 7182
f 7084 7182 7085
f 7085 7182 7183
f 7085 7183 7086
f 7086 7183 7184
f 7086 7184 7087
f 7087 7184 7185
f 7087 7185 7088
f 7088 7185 7186
f 7088 7186 7089
f 7089 7186 7187
f 7089 7187 7090
f 7090 7187 7188
f 7090 7188 7091
f 7091 7188 7189
f 7091 7189 7092
f 7092 7189 7190
f 7092 7190 7093
f 7093 7190 7191
f 7093 7191 7094
f 7094 7191 7192
f 7094 7192 7095
f 7095 7192 7193
f 7095 7193 7096
f 7096 7193 7194
f 7096 7194 7097
f 7097 7194 7195
f 7097 7195 7098
f 7098 7195 7196
f 7098 7196 7099
f 7099 7196 7197
f 7099 7197 7100
f 7100 7197 7198
f 7100 7198 7101
f 7101 7198 7199
f 7101 7199 7102
f 7102 7199 7200
f 7102 7200 7103
f 7103 7200 7201
f 7103 7201 7104
f 7104 7201 7202
f 7104 7202 7105
f 7105 7202 7203
f 7105 7203 7106
f 7106 7203 7204
f 7106 7204 7107
f 7107 7204 7205
f 7107 7205 7108
f 7108 7205 7206
f 7108 7206 7109
f 7109 7206 7207
f 7109 7207 7110
f 7110 7207 7208
f 7110 7208 7111
f 7111 7208 7209
f 7111 7209 7112
f 7112 7209 7210
f 7112 7210 7113
f 7113 7210 7211
f 7113 7211 7114
f 7114 7211 7212
f 7114 7212 7115
f 7115 7212 7213
f 7115 7213 7116
f 7116 7213 7214
f 7116 7214 7117
f 7117 7214 7215
f 7117 7215 7118
f 7118 7215 7216
f 7118 7216 7119
f 7119 7216 7217
f 7119 7217 7120
f 7120 7217 7218
f 7120 7218 7121
f 7121 7218 7219
f 7121 7219 7122
f 7122 7219 7220
f 7122 7220 7123
f 7123 7220 7221
f 7123 7221 7124
f 7124 7221 7222
f 7124 7222 7125
f 7125 7222 7223
f 7125 7223 7126
f 7126 7223 7224
f 7126 7224 7127
f 7127 7224 7225
f 7127 7225 7128
f 7128 7225 7226
f 7128 7226 7129
f 7129 7226 7227
f 7129 7227 7130
f 7130 7227 7228
f 7130 7228 7131
f 7131 7228 7229
f 7131 7229 7132
f 7132 7229 7230
f 7132 7230 7133
f 7133 7230 7231
f 7133 7231 7134
f 7134 7231 7232
f 7134 7232 7135
f 7135 7232 7233
f 7135 7233 7136
f 7136 7233 7234
f 7136 7234 7137
f 7137 7234 7235
f 7137 7235 7138
f 7138 7235 7236
f 7138 7236 7139
f 7139 7236 7237
f 7139 7237 7140
f 7140 7237 7238
f 7140 7238 7141
f 7141 7238 7239
f 7141 7239 7142
f 7142 7239 7240
f 7142 7240 7143
f 7143 7240 7241
f 7143 7241 7144
f 7144 7241 7242
f 7144 7242 7145
f 7145 7242 7243
f 7145 7243 7146
f 7146 7243 7244
f 7146 7244 7147
f 7147 7244 7245
f 7147 7245 7148
f 7148 7245 7246
f 7148 7246 7149
f 7149 7246 7247
f 7149 7247 7150
f 7150 7247 7248
f 7150 7248 7151
f 7151 7248 7249
f 7151 7249 7152
f 7152 7249 7250
f 7152 7250 7153
f 7153 7250 7251
f 7153 7251 7154
f 7154 7251 7252
f 7154 7252 7155
f 7155 7252 7253
f 7155 7253 7156
f 7156 7253 7254
f 7156 7254 7157
f 7157 7254 7255
f 7157 7255 7158
f 7158 7255 7256
f 7158 7256 7159
f 7159 7256 7257
f 7159 7257 7160
f 7160 7257 7258
f 7160 7258 7161
f 7161 7258 7259
f 7161 7259 7162
f 7162 7259 7260
f 7162 7260 7163
f 7163 7260 7261
f 7163 7261 7164
f 7164 7261 7262
f 7164 7262 7165
f 7165 7262 7263
f 7165 7263 7166
f 7166 7263 7264
f 7166 7264 7167
f 7167 7264 7265
f 7167 7265 7168
f 7168 7265 7266
f 7168 7266 7169
f 7169 7266 7267
f 7169 7267 7170
f 7170 7267 7268
f 7170 7268 7171
f 7171 7268 7269
f 7171 7269 7172
f 7172 7269 7270
f 7172 7270 7173
f 7173 7270 7271
f 7173 7271 7174
f 7174 7271 7272
f 7174 7272 7175
f 7175 7272 7273
f 7175 7273 7176
f 7176 7273 7274
f 7176 7274 7177
f 7177 7274 7275
f 7177 7275 7178
f 7179 7276 7277
f 7179 7277 7180
f 7180 7277 7278
f 7180 7278 7181
f 7181 7278 7279
f 7181 7279 7182
f 7182 7279 7280
f 7182 7280 7183
f 7183 7280 7281
f 7183 7281 7184
f 7184 7281 7282
f 7184 7282 7185
f 7185 7282 7283
f 7185 7283 7186
f 7186 7283 7284
f 7186 7284 7187
f 7187 7284 7285
f 7187 7285 7188
f 7188 7285 7286
f 7188 7286 7189
f 7189 7286 7287
f 7189 7287 7190
f 7190 7287 7288
f 7190 7288 7191
f 7191 7288 7289
f 7191 7289 7192
f 7192 7289 7290
f 7192 7290 7193
f 7193 7290 7291
f 7193 7291 7194
f 7194 7291 7292
f 7194 7292 7195
f 7195 7292 7293
f 7195 7293 7196
f 7196 7293 7294
f 7196 7294 7197
f 7197 7294 7295
f 7197 7295 7198
f 7198 7295 7296
f 7198 7296 7199
f 7199 7296 7297
f 7199 7297 7200
f 7200 7297 7298
f 7200 7298 7201
f 7201 7298 7299
f 7201 7299 7202
f 7202 7299 7300
f 7202 7300 7203
f 7203 7300 7301
f 7203 7301 7204
f 7204 7301 7302
f 7204 7302 7205
f 7205 7302 7303
f 7205 7303 7206
f 7206 7303 7304
f 7206 7304 7207
f 7207 7304 7305
f 7207 7305 7208
f 7208 7305 7306
f 7208 7306 7209
f 7209 7306 7307
f 7209 7307 7210
f 7210 7307 7308
f 7210 7308 7211
f 7211 7308 7309
f 7211 7309 7212
f 7212 7309 7310
f 7212 7310 7213
f 7213 7310 7311
f 7213 7311 7214
f 7214 7311 7312
f 7214 7312 7215
f 7215 7312 7313
f 7215 7313 7216
f 7216 7313 7314
f 7216 7314 7217
f 7217 7314 7315
f 7217 7315 7218
f 7218 7315 7316
f 7218 7316 7219
f 7219 7316 7317
f 7219 7317 7220
f 7220 7317 7318
f 7220 7318 7221
f 7221 7318 7319
f 7221 7319 7222
f 7222 7319 7320
f 7222 7320 7223
f 7223 7320 7321
f 7223 7321 7224
f 7224 7321 7322
f 7224 7322 7225
f 7225 7322 7323
f 7225 7323 7226
f 7226 7323 7324
f 7226 7324 7227
f 7227 7324 7325
f 7227 7325 7228
f 7228 7325 7326
f 7228 7326 7229
f 7229 7326 7327
f 7229 7327 7230
f 7230 7327 7328
f 7230 7328 7231
f 7231 7328 7329
f 7231 7329 7232
f 7232 7329 7330
f 7232 7330 7233
f 7233 7330 7331
f 7233 7331 7234
f 7234 7331 7332
f 7234 7332 7235
f 7235 7332 7333
f 7235 7333 7236
f 7236 7333 7334
f 7236 7334 7237
f 7237 7334 7335
f 7237 7335 7238
f 7238 7335 7336
f 7238 7336 7239
f 7239 7336 7337
f 7239 7337 7240
f 7240 7337 7338
f 7240 7338 7241
f 7241 7338 7339
f 7241 7339 7242
f 7242 7339 7340
f 7242 7340 7243
f 7243 7340 7341
f 7243 7341 7244
f 7244 7341 7342
f 7244 7342 7245
f 7245 7342 7343
f 7245 7343 7246
f 7246 7343 7344
f 7246 7344 7247
f 7247 7344 7345
f 7247 7345 7248
f 7248 7345 7346
f 7248 7346 7249
f 7249 7346 7347
f 7249 7347 7250
f 7250 7347 7348
f 7250 7348 7251
f 7251 7348 7349
f 7251 7349 7252
f 7252 7349 7350
f 7252 7350 7253
f 7253 7350 7351
f 7253 7351 7254
f 7254 7351 7352
f 7254 7352 7255
f 7255 7352 7353
f 7255 7353 7256
f 7256 7353 7354
f 7256 7354 7257
f 7257 7354 7355
f 7257 7355 7258
f 7258 7355 7356
f 7258 7356 7259
f 7259 7356 7357
f 7259 7357 7260
f 7260 7357 7358
f 7260 7358 7261
f 7261 7358 7359
f 7261 7359 7262
f 7262 7359 7360
f 7262 7360 7263
f 7263 7360 7361
f 7263 7361 7264
f 7264 7361 7362
f 7264 7362 7265
f 7265 7362 7363
f 7265 7363 7266
f 7266 7363 7364
f 7266 7364 7267
f 7267 7364 7365
f 7267 7365 7268
f 7268 7365 7366
f 7268 7366 7269
f 7269 7366 7367
f 7269 7367 7270
f 7270 7367 7368
f 7270 7368 7271
f 7271 7368 7369
f 7271 7369 7272
f 7272 7369 7370
f 7272 7370 7273
f 7273 7370 7371
f 7273 7371 7274
f 7274 7371 7372
f 7274 7372 7275
f 7276 7373 7374
f 7276 7374 7277
f 7277 7374 7375
f 7277 7375 7278
f 7278 7375 7376
f 7278 7376 7279
f 7279 7376 7377
f 7279 7377 7280
f 7280 7377 7378
f 7280 7378 7281
f 7281 7378 7379
f 7281 7379 7282
f 7282 7379 7380
f 7282 7380 7283
f 7283 7380 7381
f 7283 7381 7284
f 7284 7381 7382
f 7284 7382 7285
f 7285 7382 7383
f 7285 7383 7286
f 7286 7383 7384
f 7286 7384 7287
f 7287 7384 7385
f 7287 7385 7288
f 7288 7385 7386
f 7288 7386 7289
f 7289 7386 7387
f 7289 7387 7290
f 7290 7387 7388
f 7290 7388 7291
f 7291 7388 7389
f 7291 7389 7292
f 7292 7389 7390
f 7292 7390 7293
f 7293 7390 7391
f 7293 7391 7294
f 7294 7391 7392
f 7294 7392 7295
f 7295 7392 7393
f 7295 7393 7296
f 7296 7393 7394
f 7296 7394 7297
f 7297 7394 7395
f 7297 7395 7298
f 7298 7395 7396
f 7298 7396 7299
f 7299 7396 7397
f 7299 7397 7300
f 7300 7397 7398
f 7300 7398 7301
f 7301 7398 7399
f 7301 7399 7302
f 7302 7399 7400
f 7302 7400 7303
f 7303 7400 7401
f 7303 7401 7304
f 7304 7401 7402
f 7304 7402 7305
f 7305 7402 7403
f 7305 7403 7306
f 7306 7403 7404
f 7306 7404 7307
f 7307 7404 7405
f 7307 7405 7308
f 7308 7405 7406
f 7308 7406 7309
f 7309 7406 7407
f 7309 7407 7310
f 7310 7407 7408
f 7310 7408 7311
f 7311 7408 7409
f 7311 7409 7312
f 7312 7409 7410
f 7312 7410 7313
f 7313 7410 7411
f 7313 7411 7314
f 7314 7411 7412
f 7314 7412 7315
f 7315 7412 7413
f 7315 7413 7316
f 7316 7413 7414
f 7316 7414 7317
f 7317 7414 7415
f 7317 7415 7318
f 7318 7415 7416
f 7318 7416 7319
f 7319 7416 7417
f 7319 7417 7320
f 7320 7417 7418
f 7320 7418 7321
f 7321 7418 7419
f 7321 7419 7322
f 7322 7419 7420
f 7322 7420 7323
f 7323 7420 7421
f 7323 7421 7324
f 7324 7421 7422
f 7324 7422 7325
f 7325 7422 7423
f 7325 7423 7326
f 7326 7423 7424
f 7326 7424 7327
f 7327 7424 7425
f 7327 7425 7328
f 7328 7425 7426
f 7328 7426 7329
f 7329 7426 7427
f 7329 7427 7330
f 7330 7427 7428
f 7330 7428 7331
f 7331 7428 7429
f 7331 7429 7332
f 7332 7429 7430
f 7332 7430 7333
f 7333 7430 7431
f 7333 7431 7334
f 7334 7431 7432
f 7334 7432 7335
f 7335 7432 7433
f 7335 7433 7336
f 7336 7433 7434
f 7336 7434 7337
f 7337 7434 7435
f 7337 7435 7338
f 7338 7435 7436
f 7338 7436 7339
f 7339 7436 7437
f 7339 7437 7340
f 7340 7437 7438
f 7340 7438 7341
f 7341 7438 7439
f 7341 7439 7342
f 7342 7439 7440
f 7342 7440 7343
f 7343 7440 7441
f 7343 7441 7344
f 7344 7441 7442
f 7344 7442 7345
f 7345 7442 7443
f 7345 7443 7346
f 7346 7443 7444
f 7346 7444 7347
f 7347 7444 7445
f 7347 7445 7348
f 7348 7445 7446
f 7348 7446 7349
f 7349 7446 7447
f 7349 7447 7350
f 7350 7447 7448
f 7350 7448 7351
f 7351 7448 7449
f 7351 7449 7352
f 7352 7449 7450
f 7352 7450 7353
f 7353 7450 7451
f 7353 7451 7354
f 7354 7451 7452
f 7354 7452 7355
f 7355 7452 7453
f 7355 7453 7356
f 7356 7453 7454
f 7356 7454 7357
f 7357 7454 7455
f 7357 7455 7358
f 7358 7455 7456
f 7358 7456 7359
f 7359 7456 7457
f 7359 7457 7360
f 7360 7457 7458
f 7360 7458 7361
f 7361 7458 7459
f 7361 7459 7362
f 7362 7459 7460
f 7362 7460 7363
f 7363 7460 7461
f 7363 7461 7364
f 7364 7461 7462
f 7364 7462 7365
f 7365 7462 7463
f 7365 7463 7366
f 7366 7463 7464
f 7366 7464 7367
f 7367 7464 7465
f 7367 7465 7368
f 7368 7465 7466
f 7368 7466 7369
f 7369 7466 7467
f 7369 7467 7370
f 7370 7467 7468
f 7370 7468 7371
f 7371 7468 7469
f 7371 7469 7372
f 7373 7470 7471
f 7373 7471 7374
f 7374 7471 7472
f 7374 7472 7375
f 7375 7472 7473
f 7375 7473 7376
f 7376 7473 7474
f 7376 7474 7377
f 7377 7474 7475
f 7377 7475 7378
f 7378 7475 7476
f 7378 7476 7379
f 7379 7476 7477
f 7379 7477 7380
f 7380 7477 7478
f 7380 7478 7381
f 7381 7478 7479
f 7381 7479 7382
f 7382 7479 7480
f 7382 7480 7383
f 7383 7480 7481
f 7383 7481 7384
f 7384 7481 7482
f 7384 7482 7385
f 7385 7482 7483
f 7385 7483 7386
f 7386 7483 7484
f 7386 7484 7387
f 7387 7484 7485
f 7387 7485 7388
f 7388 7485 7486
f 7388 7486 7389
f 7389 7486 7487
f 7389 7487 7390
f 7390 7487 7488
f 7390 7488 7391
f 7391 7488 7489
f 7391 7489 7392
f 7392 7489 7490
f 7392 7490 7393
f 7393 7490 7491
f 7393 7491 7394
f 7394 7491 7492
f 7394 7492 7395
f 7395 7492 7493
f 7395 7493 7396
f 7396 7493 7494
f 7396 7494 7397
f 7397 7494 7495
f 7397 7495 7398
f 7398 7495 7496
f 7398 7496 7399
f 7399 7496 7497
f 7399 7497 7400
f 7400 7497 7498
f 7400 7498 7401
f 7401 7498 7499
f 7401 7499 7402
f 7402 7499 7500
f 7402 7500 7403
f 7403 7500 7501
f 7403 7501 7404
f 7404 7501 7502
f 7404 7502 7405
f 7405 7502 7503
f 7405 7503 7406
f 7406 7503 7504
f 7406 7504 7407
f 7407 7504 7505
f 7407 7505 7408
f 7408 7505 7506
f 7408 7506 7409
f 7409 7506 7507
f 7409 7507 7410
f 7410 7507 7508
f 7410 7508 7411
f 7411 7508 7509
f 7411 7509 7412
f 7412 7509 7510
f 7412 7510 7413
f 7413 7510 7511
f 7413 7511 7414
f 7414 7511 7512
f 7414 7512 7415
f 7415 7512 7513
f 7415 7513 7416
f 7416 7513 7514
f 7416 7514 7417
f 7417 7514 7515
f 7417 7515 7418
f 7418 7515 7516
f 7418 7516 7419
f 7419 7516 7517
f 7419 7517 7420
f 7420 7517 7518
f 7420 7518 7421
f 7421 7518 7519
f 7421 7519 7422
f 7422 7519 7520
f 7422 7520 7423
f 7423 7520 7521
f 7423 7521 7424
f 7424 7521 7522
f 7424 7522 7425
f 7425 7522 7523
f 7425 7523 7426
f 7426 7523 7524
f 7426 7524 7427
f 7427 7524 7525
f 7427 7525 7428
f 7428 7525 7526
f 7428 7526 7429
f 7429 7526 7527
f 7429 7527 7430
f 7430 7527 7528
f 7430 7528 7431
f 7431 7528 7529
f 7431 7529 7432
f 7432 7529 7530
f 7432 7530 7433
f 7433 7530 7531
f 7433 7531 7434
f 7434 7531 7532
f 7434 7532 7435
f 7435 7532 7533
f 7435 7533 7436
f 7436 7533 7534
f 7436 7534 7437
f 7437 7534 7535
f 7437 7535 7438
f 7438 7535 7536
f 7438 7536 7439
f 7439 7536 7537
f 7439 7537 7440
f 7440 7537 7538
f 7440 7538 7441
f 7441 7538 7539
f 7441 7539 7442
f 7442 7539 7540
f 7442 7540 7443
f 7443 7540 7541
f 7443 7541 7444
f 7444 7541 7542
f 7444 7542 7445
f 7445 7542 7543
f 7445 7543 7446
f 7446 7543 7544
f 7446 7544 7447
f 7447 7544 7545
f 7447 7545 7448
f 7448 7545 7546
f 7448 7546 7449
f 7449 7546 7547
f 7449 7547 7450
f 7450 7547 7548
f 7450 7548 7451
f 7451 7548 7549
f 7451 7549 7452
f 7452 7549 7550
f 7452 7550 7453
f 7453 7550 7551
f 7453 7551 7454
f 7454 7551 7552
f 7454 7552 7455
f 7455 7552 7553
f 7455 7553 7456
f 7456 7553 7554
f 7456 7554 7457
f 7457 7554 7555
f 7457 7555 7458
f 7458 7555 7556
f 7458 7556 7459
f 7459 7556 7557
f 7459 7557 7460
f 7460 7557 7558
f 7460 7558 7461
f 7461 7558 7559
f 7461 7559 7462
f 7462 7559 7560
f 7462 7560 7463
f 7463 7560 7561
f 7463 7561 7464
f 7464 7561 7562
f 7464 7562 7465
f 7465 7562 7563
f 7465 7563 7466
f 7466 7563 7564
f 7466 7564 7467
f 7467 7564 7565
f 7467 7565 7468
f 7468 7565 7566
f 7468 7566 7469
f 7470 7567 7568
f 7470 7568 7471
f 7471 7568 7569
f 7471 7569 7472
f 7472 7569 7570
f 7472 7570 7473
f 7473 7570 7571
f 7473 7571 7474
f 7474 7571 7572
f 7474 7572 7475
f 7475 7572 7573
f 7475 7573 7476
f 7476 7573 7574
f 7476 7574 7477
f 7477 7574 7575
f 7477 7575 7478
f 7478 7575 7576
f 7478 7576 7479
f 7479 7576 7577
f 7479 7577 7480
f 7480 7577 7578
f 7480 7578 7481
f 7481 7578 7579
f 7481 7579 7482
f 7482 7579 7580
f 7482 7580 7483
f 7483 7580 7581
f 7483 7581 7484
f 7484 7581 7582
f 7484 7582 7485
f 7485 7582 7583
f 7485 7583 7486
f 7486 7583 7584
f 7486 7584 7487
f 7487 7584 7585
f 7487 7585 7488
f 7488 7585 7586
f 7488 7586 7489
f 7489 7586 7587
f 7489 7587 7490
f 7490 7587 7588
f 7490 7588 7491
f 7491 7588 7589
f 7491 7589 7492
f 7492 7589 7590
f 7492 7590 7493
f 7493 7590 7591
f 7493 7591 7494
f 7494 7591 7592
f 7494 7592 7495
f 7495 7592 7593
f 7495 7593 7496
f 7496 7593 7594
f 7496 7594 7497
f 7497 7594 7595
f 7497 7595 7498
f 7498 7595 7596
f 7498 7596 7499
f 7499 7596 7597
f 7499 7597 7500
f 7500 7597 7598
f 7500 7598 7501
f 7501 7598 7599
f 7501 7599 7502
f 7502 7599 7600
f 7502 7600 7503
f 7503 7600 7601
f 7503 7601 7504
f 7504 7601 7602
f 7504 7602 7505
f 7505 7602 7603
f 7505 7603 7506
f 7506 7603 7604
f 7506 7604 7507
f 7507 7604 7605
f 7507 7605 7508
f 7508 7605 7606
f 7508 7606 7509
f 7509 7606 7607
f 7509 7607 7510
f 7510 7607 7608
f 7510 7608 7511
f 7511 7608 7609
f 7511 7609 7512
f 7512 7609 7610
f 7512 7610 7513
f 7513 7610 7611
f 7513 7611 7514
f 7514 7611 7612
f 7514 7612 7515
f 7515 7612 7613
f 7515 7613 7516
f 7516 7613 7614
f 7516 7614 7517
f 7517 7614 7615
f 7517 7615 7518
f 7518 7615 7616
f 7518 7616 7519
f 7519 7616 7617
f 7519 7617 7520
f 7520 7617 7618
f 7520 7618 7521
f 7521 7618 7619
f 7521 7619 7522
f 7522 7619 7620
f 7522 7620 7523
f 7523 7620 7621
f 7523 7621 7524
f 7524 7621 7622
f 7524 7622 7525
f 7525 7622 7623
f 7525 7623 7526
f 7526 7623 7624
f 7526 7624 7527
f 7527 7624 7625
f 7527 7625 7528
f 7528 7625 7626
f 7528 7626 7529
f 7529 7626 7627
f 7529 7627 7530
f 7530 7627 7628
f 7530 7628 7531
f 7531 7628 7629
f 7531 7629 7532
f 7532 7629 7630
f 7532 7630 7533
f 7533 7630 7631
f 7533 7631 7534
f 7534 7631 7632
f 7534 7632 7535
f 7535 7632 7633
f 7535 7633 7536
f 7536 7633 7634
f 7536 7634 7537
f 7537 7634 7635
f 7537 7635 7538
f 7538 7635 7636
f 7538 7636 7539
f 7539 7636 7637
f 7539 7637 7540
f 7540 7637 7638
f 7540 7638 7541
f 7541 7638 7639
f 7541 7639 7542
f 7542 7639 7640
f 7542 7640 7543
f 7543 7640 7641
f 7543 7641 7544
f 7544 7641 7642
f 7544 7642 7545
f 7545 7642 7643
f 7545 7643 7546
f 7546 7643 7644
f 7546 7644 7547
f 7547 7644 7645
f 7547 7645 7548
f 7548 7645 7646
f 7548 7646 7549
f 7549 7646 7647
f 7549 7647 7550
f 7550 7647 7648
f 7550 7648 7551
f 7551 7648 7649
f 7551 7649 7552
f 7552 7649 7650
f 7552 7650 7553
f 7553 7650 7651
f 7553 7651 7554
f 7554 7651 7652
f 7554 7652 7555
f 7555 7652 7653
f 7555 7653 7556
f 7556 7653 7654
f 7556 7654 7557
f 7557 7654 7655
f 7557 7655 7558
f 7558 7655 7656
f 7558 7656 7559
f 7559 7656 7657
f 7559 7657 7560
f 7560 7657 7658
f 7560 7658 7561
f 7561 7658 7659
f 7561 7659 7562
f 7562 7659 7660
f 7562 7660 7563
f 7563 7660 7661
f 7563 7661 7564
f 7564 7661 7662
f 7564 7662 7565
f 7565 7662 7663
f 7565 7663 7566
f 7567 7664 7665
f 7567 7665 7568
f 7568 7665 7666
f 7568 7666 7569
f 7569 7666 7667
f 7569 7667 7570
f 7570 7667 7668
f 7570 7668 7571
f 7571 7668 7669
f 7571 7669 7572
f 7572 7669 7670
f 7572 7670 7573
f 7573 7670 7671
f 7573 7671 7574
f 7574 7671 7672
f 7574 7672 7575
f 7575 7672 7673
f 7575 7673 7576
f 7576 7673 7674
f 7576 7674 7577
f 7577 7674 7675
f 7577 7675 7578
f 7578 7675 7676
f 7578 7676 7579
f 7579 7676 7677
f 7579 7677 7580
f 7580 7677 7678
f 7580 7678 7581
f 7581 7678 7679
f 7581 7679 7582
f 7582 7679 7680
f 7582 7680 7583
f 7583 7680 7681
f 7583 7681 7584
f 7584 7681 7682
f 7584 7682 7585
f 7585 7682 7683
f 7585 7683 7586
f 7586 7683 7684
f 7586 7684 7587
f 7587 7684 7685
f 7587 7685 7588
f 7588 7685 7686
f 7588 7686 7589
f 7589 7686 7687
f 7589 7687 7590
f 7590 7687 7688
f 7590 7688 7591
f 7591 7688 7689
f 7591 7689 7592
f 7592 7689 7690
f 7592 7690 7593
f 7593 7690 7691
f 7593 7691 7594
f 7594 7691 7692
f 7594 7692 7595
f 7595 7692 7693
f 7595 7693 7596
f 7596 7693 7694
f 7596 7694 7597
f 7597 7694 7695
f 7597 7695 7598
f 7598 7695 7696
f 7598 7696 7599
f 7599 7696 7697
f 7599 7697 7600
f 7600 7697 7698
f 7600 7698 7601
f 7601 7698 7699
f 7601 7699 7602
f 7602 7699 7700
f 7602 7700 7603
f 7603 7700 7701
f 7603 7701 7604
f 7604 7701 7702
f 7604 7702 7605
f 7605 7702 7703
f 7605 7703 7606
f 7606 7703 7704
f 7606 7704 7607
f 7607 7704 7705
f 7607 7705 7608
f 7608 7705 7706
f 7608 7706 7609
f 7609 7706 7707
f 7609 7707 7610
f 7610 7707 7708
f 7610 7708 7611
f 7611 7708 7709
f 7611 7709 7612
f 7612 7709 7710
f 7612 7710 7613
f 7613 7710 7711
f 7613 7711 7614
f 7614 7711 7712
f 7614 7712 7615
f 7615 7712 7713
f 7615 7713 7616
f 7616 7713 7714
f 7616 7714 7617
f 7617 7714 7715
f 7617 7715 7618
f 7618 7715 7716
f 7618 7716 7619
f 7619 7716 7717
f 7619 7717 7620
f 7620 7717 7718
f 7620 7718 7621
f 7621 7718 7719
f 7621 7719 7622
f 7622 7719 7720
f 7622 7720 7623
f 7623 7720 7721
f 7623 7721 7624
f 7624 7721 7722
f 7624 7722 7625
f 7625 7722 7723
f 7625 7723 7626
f 7626 7723 7724
f 7626 7724 7627
f 7627 7724 7725
f 7627 7725 7628
f 7628 7725 7726
f 7628 7726 7629
f 7629 7726 7727
f 7629 7727 7630
f 7630 7727 7728
f 7630 7728 7631
f 7631 7728 7729
f 7631 7729 7632
f 7632 7729 7730
f 7632 7730 7633
f 7633 7730 7731
f 7633 7731 7634
f 7634 7731 7732
f 7634 7732 7635
f 7635 7732 7733
f 7635 7733 7636
f 7636 7733 7734
f 7636 7734 7637
f 7637 7734 7735
f 7637 7735 7638
f 7638 7735 7736
f 7638 7736 7639
f 7639 7736 7737
f 7639 7737 7640
f 7640 7737 7738
f 7640 7738 7641
f 7641 7738 7739
f 7641 7739 7642
f 7642 7739 7740
f 7642 7740 7643
f 7643 7740 7741
f 7643 7741 7644
f 7644 7741 7742
f 7644 7742 7645
f 7645 7742 7743
f 7645 7743 7646
f 7646 7743 7744
f 7646 7744 7647
f 7647 7744 7745
f 7647 7745 7648
f 7648 7745 7746
f 7648 7746 7649
f 7649 7746 7747
f 7649 7747 7650
f 7650 7747 7748
f 7650 7748 7651
f 7651 7748 7749
f 7651 7749 7652
f 7652 7749 7750
f 7652 7750 7653
f 7653 7750 7751
f 7653 7751 7654
f 7654 7751 7752
f 7654 7752 7655
f 7655 7752 7753
f 7655 7753 7656
f 7656 7753 7754
f 7656 7754 7657
f 7657 7754 7755
f 7657 7755 7658
f 7658 7755 7756
f 7658 7756 7659
f 7659 7756 7757
f 7659 7757 7660
f 7660 7757 7758
f 7660 7758 7661
f 7661 7758 7759
f 7661 7759 7662
f 7662 7759 7760
f 7662 7760 7663
f 7664 7761 7762
f 7664 7762 7665
f 7665 7762 7763
f 7665 7763 7666
f 7666 7763 7764
f 7666 7764 7667
f 7667 7764 7765
f 7667 7765 7668
f 7668 7765 7766
f 7668 7766 7669
f 7669 7766 7767
f 7669 7767 7670
f 7670 7767 7768
f 7670 7768 7671
f 7671 7768 7769
f 7671 7769 7672
f 7672 7769 7770
f 7672 7770 7673
f 7673 7770 7771
f 7673 7771 7674
f 7674 7771 7772
f 7674 7772 7675
f 7675 7772 7773
f 7675 7773 7676
f 7676 7773 7774
f 7676 7774 7677
f 7677 7774 7775
f 7677 7775 7678
f 7678 7775 7776
f 7678 7776 7679
f 7679 7776 7777
f 7679 7777 7680
f 7680 7777 7778
f 7680 7778 7681
f 7681 7778 7779
f 7681 7779 7682
f 7682 7779 7780
f 7682 7780 7683
f 7683 7780 7781
f 7683 7781 7684
f 7684 7781 7782
f 7684 7782 7685
f 7685 7782 7783
f 7685 7783 7686
f 7686 7783 7784
f 7686 7784 7687
f 7687 7784 7785
f 7687 7785 7688
f 7688 7785 7786
f 7688 7786 7689
f 7689 7786 7787
f 7689 7787 7690
f 7690 7787 7788
f 7690 7788 7691
f 7691 7788 7789
f 7691 7789 7692
f 7692 7789 7790
f 7692 7790 7693
f 7693 7790 7791
f 7693 7791 7694
f 7694 7791 7792
f 7694 7792 7695
f 7695 7792 7793
f 7695 7793 7696
f 7696 7793 7794
f 7696 7794 7697
f 7697 7794 7795
f 7697 7795 7698
f 7698 7795 7796
f 7698 7796 7699
f 7699 7796 7797
f 7699 7797 7700
f 7700 7797 7798
f 7700 7798 7701
f 7701 7798 7799
f 7701 7799 7702
f 7702 7799 7800
f 7702 7800 7703
f 7703 7800 7801
f 7703 7801 7704
f 7704 7801 7802
f 7704 7802 7705
f 7705 7802 7803
f 7705 7803 7706
f 7706 7803 7804
f 7706 7804 7707
f 7707 7804 7805
f 7707 7805 7708
f 7708 7805 7806
f 7708 7806 7709
f 7709 7806 7807
f 7709 7807 7710
f 7710 7807 7808
f 7710 7808 7711
f 7711 7808 7809
f 7711 7809 7712
f 7712 7809 7810
f 7712 7810 7713
f 7713 7810 7811
f 7713 7811 7714
f 7714 7811 7812
f 7714 7812 7715
f 7715 7812 7813
f 7715 7813 7716
f 7716 7813 7814
f 7716 7814 7717
f 7717 7814 7815
f 7717 7815 7718
f 7718 7815 7816
f 7718 7816 7719
f 7719 7816 7817
f 7719 7817 7720
f 7720 7817 7818
f 7720 7818 7721
f 7721 7818 7819
f 7721 7819 7722
f 7722 7819 7820
f 7722 7820 7723
f 7723 7820 7821
f 7723 7821 7724
f 7724 7821 7822
f 7724 7822 7725
f 7725 7822 7823
f 7725 7823 7726
f 7726 7823 7824
f 7726 7824 7727
f 7727 7824 7825
f 7727 7825 7728
f 7728 7825 7826
f 7728 7826 7729
f 7729 7826 7827
f 7729 7827 7730
f 7730 7827 7828
f 7730 7828 7731
f 7731 7828 7829
f 7731 7829 7732
f 7732 7829 7830
f 7732 7830 7733
f 7733 7830 7831
f 7733 7831 7734
f 7734 7831 7832
f 7734 7832 7735
f 7735 7832 7833
f 7735 7833 7736
f 7736 7833 7834
f 7736 7834 7737
f 7737 7834 7835
f 7737 7835 7738
f 7738 7835 7836
f 7738 7836 7739
f 7739 7836 7837
f 7739 7837 7740
f 7740 7837 7838
f 7740 7838 7741
f 7741 7838 7839
f 7741 7839 7742
f 7742 7839 7840
f 7742 7840 7743
f 7743 7840 7841
f 7743 7841 7744
f 7744 7841 7842
f 7744 7842 7745
f 7745 7842 7843
f 7745 7843 7746
f 7746 7843 7844
f 7746 7844 7747
f 7747 7844 7845
f 7747 7845 7748
f 7748 7845 7846
f 7748 7846 7749
f 7749 7846 7847
f 7749 7847 7750
f 7750 7847 7848
f 7750 7848 7751
f 7751 7848 7849
f 7751 7849 7752
f 7752 7849 7850
f 7752 7850 7753
f 7753 7850 7851
f 7753 7851 7754
f 7754 7851 7852
f 7754 7852 7755
f 7755 7852 7853
f 7755 7853 7756
f 7756 7853 7854
f 7756 7854 7757
f 7757 7854 7855
f 7757 7855 7758
f 7758 7855 7856
f 7758 7856 7759
f 7759 7856 7857
f 7759 7857 7760
f 7761 7858 7859
f 7761 7859 7762
f 7762 7859 7860
f 7762 7860 7763
f 7763 7860 7861
f 7763 7861 7764
f 7764 7861 7862
f 7764 7862 7765
f 7765 7862 7863
f 7765 7863 7766
f 7766 7863 7864
f 7766 7864 7767
f 7767 7864 7865
f 7767 7865 7768
f 7768 7865 7866
f 7768 7866 7769
f 7769 7866 7867
f 7769 7867 7770
f 7770 7867 7868
f 7770 7868 7771
f 7771 7868 7869
f 7771 7869 7772
f 7772 7869 7870
f 7772 7870 7773
f 7773 7870 7871
f 7773 7871 7774
f 7774 7871 7872
f 7774 7872 7775
f 7775 7872 7873
f 7775 7873 7776
f 7776 7873 7874
f 7776 7874 7777
f 7777 7874 7875
f 7777 7875 7778
f 7778 7875 7876
f 7778 7876 7779
f 7779 7876 7877
f 7779 7877 7780
f 7780 7877 7878
f 7780 7878 7781
f 7781 7878 7879
f 7781 7879 7782
f 7782 7879 7880
f 7782 7880 7783
f 7783 7880 7881
f 7783 7881 7784
f 7784 7881 7882
f 7784 7882 7785
f 7785 7882 7883
f 7785 7883 7786
f 7786 7883 7884
f 7786 7884 7787
f 7787 7884 7885
f 7787 7885 7788
f 7788 7885 7886
f 7788 7886 7789
f 7789 7886 7887
f 7789 7887 7790
f 7790 7887 7888
f 7790 7888 7791
f 7791 7888 7889
f 7791 7889 7792
f 7792 7889 7890
f 7792 7890 7793
f 7793 7890 7891
f 7793 7891 7794
f 7794 7891 7892
f 7794 7892 7795
f 7795 7892 7893
f 7795 7893 7796
f 7796 7893 7894
f 7796 7894 7797
f 7797 7894 7895
f 7797 7895 7798
f 7798 7895 7896
f 7798 7896 7799
f 7799 7896 7897
f 7799 7897 7800
f 7800 7897 7898
f 7800 7898 7801
f 7801 7898 7899
f 7801 7899 7802
f 7802 7899 7900
f 7802 7900 7803
f 7803 7900 7901
f 7803 7901 7804
f 7804 7901 7902
f 7804 7902 7805
f 7805 7902 7903
f 7805 7903 7806
f 7806 7903 7904
f 7806 7904 7807
f 7807 7904 7905
f 7807 7905 7808
f 7808 7905 7906
f 7808 7906 7809
f 7809 7906 7907
f 7809 7907 7810
f 7810 7907 7908
f 7810 7908 7811
f 7811 7908 7909
f 7811 7909 7812
f 7812 7909 7910
f 7812 7910 7813
f 7813 7910 7911
f 7813 7911 7814
f 7814 7911 7912
f 7814 7912 7815
f 7815 7912 7913
f 7815 7913 7816
f 7816 7913 7914
f 7816 7914 7817
f 7817 7914 7915
f 7817 7915 7818
f 7818 7915 7916
f 7818 7916 7819
f 7819 7916 7917
f 7819 7917 7820
f 7820 7917 7918
f 7820 7918 7821
f 7821 7918 7919
f 7821 7919 7822
f 7822 7919 7920
f 7822 7920 7823
f 7823 7920 7921
f 7823 7921 7824
f 7824 7921 7922
f 7824 7922 7825
f 7825 7922 7923
f 7825 7923 7826
f 7826 7923 7924
f 7826 7924 7827
f 7827 7924 7925
f 7827 7925 7828
f 7828 7925 7926
f 7828 7926 7829
f 7829 7926 7927
f 7829 7927 7830
f 7830 7927 7928
f 7830 7928 7831
f 7831 7928 7929
f 7831 7929 7832
f 7832 7929 7930
f 7832 7930 7833
f 7833 7930 7931
f 7833 7931 7834
f 7834 7931 7932
f 7834 7932 7835
f 7835 7932 7933
f 7835 7933 7836
f 7836 7933 7934
f 7836 7934 7837
f 7837 7934 7935
f 7837 7935 7838
f 7838 7935 7936
f 7838 7936 7839
f 7839 7936 7937
f 7839 7937 7840
f 7840 7937 7938
f 7840 7938 7841
f 7841 7938 7939
f 7841 7939 7842
f 7842 7939 7940
f 7842 7940 7843
f 7843 7940 7941
f 7843 7941 7844
f 7844 7941 7942
f 7844 7942 7845
f 7845 7942 7943
f 7845 7943 7846
f 7846 7943 7944
f 7846 7944 7847
f 7847 7944 7945
f 7847 7945 7848
f 7848 7945 7946
f 7848 7946 7849
f 7849 7946 7947
f 7849 7947 7850
f 7850 7947 7948
f 7850 7948 7851
f 7851 7948 7949
f 7851 7949 7852
f 7852 7949 7950
f 7852 7950 7853
f 7853 7950 7951
f 7853 7951 7854
f 7854 7951 7952
f 7854 7952 7855
f 7855 7952 7953
f 7855 7953 7856
f 7856 7953 7954
f 7856 7954 7857
f 7858 7955 7956
f 7858 7956 7859
f 7859 7956 7957
f 7859 7957 7860
f 7860 7957 7958
f 7860 7958 7861
f 7861 7958 7959
f 7861 7959 7862
f 7862 7959 7960
f 7862 7960 7863
f 7863 7960 7961
f 7863 7961 7864
f 7864 7961 7962
f 7864 7962 7865
f 7865 7962 7963
f 7865 7963 7866
f 7866 7963 7964
f 7866 7964 7867
f 7867 7964 7965
f 7867 7965 7868
f 7868 7965 7966
f 7868 7966 7869
f 7869 7966 7967
f 7869 7967 7870
f 7870 7967 7968
f 7870 7968 7871
f 7871 7968 7969
f 7871 7969 7872
f 7872 7969 7970
f 7872 7970 7873
f 7873 7970 7971
f 7873 7971 7874
f 7874 7971 7972
f 7874 7972 7875
f 7875 7972 7973
f 7875 7973 7876
f 7876 7973 7974
f 7876 7974 7877
f 7877 7974 7975
f 7877 7975 7878
f 7878 7975 7976
f 7878 7976 7879
f 7879 7976 7977
f 7879 7977 7880
f 7880 7977 7978
f 7880 7978 7881
f 7881 7978 7979
f 7881 7979 7882
f 7882 7979 7980
f 7882 7980 7883
f 7883 7980 7981
f 7883 7981 7884
f 7884 7981 7982
f 7884 7982 7885
f 7885 7982 7983
f 7885 7983 7886
f 7886 7983 7984
f 7886 7984 7887
f 7887 7984 7985
f 7887 7985 7888
f 7888 7985 7986
f 7888 7986 7889
f 7889 7986 7987
f 7889 7987 7890
f 7890 7987 7988
f 7890 7988 7891
f 7891 7988 7989
f 7891 7989 7892
f 7892 7989 7990
f 7892 7990 7893
f 7893 7990 7991
f 7893 7991 7894
f 7894 7991 7992
f 7894 7992 7895
f 7895 7992 7993
f 7895 7993 7896
f 7896 7993 7994
f 7896 7994 7897
f 7897 7994 7995
f 7897 7995 7898
f 7898 7995 7996
f 7898 7996 7899
f 7899 7996 7997
f 7899 7997 7900
f 7900 7997 7998
f 7900 7998 7901
f 7901 7998 7999
f 7901 7999 7902
f 7902 7999 8000
f 7902 8000 7903
f 7903 8000 8001
f 7903 8001 7904
f 7904 8001 8002
f 7904 8002 7905
f 7905 8002 8003
f 7905 8003 7906
f 7906 8003 8004
f 7906 8004 7907
f 7907 8004 8005
f 7907 8005 7908
f 7908 8005 8006
f 7908 8006 7909
f 7909 8006 8007
f 7909 8007 7910
f 7910 8007 8008
f 7910 8008 7911
f 7911 8008 8009
f 7911 8009 7912
f 7912 8009 8010
f 7912 8010 7913
f 7913 8010 8011
f 7913 8011 7914
f 7914 8011 8012
f 7914 8012 7915
f 7915 8012 8013
f 7915 8013 7916
f 7916 8013 8014
f 7916 8014 7917
f 7917 8014 8015
f 7917 8015 7918
f 7918 8015 8016
f 7918 8016 7919
f 7919 8016 8017
f 7919 8017 7920
f 7920 8017 8018
f 7920 8018 7921
f 7921 8018 8019
f 7921 8019 7922
f 7922 8019 8020
f 7922 8020 7923
f 7923 8020 8021
f 7923 8021 7924
f 7924 8021 8022
f 7924 8022 7925
f 7925 8022 8023
f 7925 8023 7926
f 7926 8023 8024
f 7926 8024 7927
f 7927 8024 8025
f 7927 8025 7928
f 7928 8025 8026
f 7928 8026 7929
f 7929 8026 8027
f 7929 8027 7930
f 7930 8027 8028
f 7930 8028 7931
f 7931 8028 8029
f 7931 8029 7932
f 7932 8029 8030
f 7932 8030 7933
f 7933 8030 8031
f 7933 8031 7934
f 7934 8031 8032
f 7934 8032 7935
f 7935 8032 8033
f 7935 8033 7936
f 7936 8033 8034
f 7936 8034 7937
f 7937 8034 8035
f 7937 8035 7938
f 7938 8035 8036
f 7938 8036 7939
f 7939 8036 8037
f 7939 8037 7940
f 7940 8037 8038
f 7940 8038 7941
f 7941 8038 8039
f 7941 8039 7942
f 7942 8039 8040
f 7942 8040 7943
f 7943 8040 8041
f 7943 8041 7944
f 7944 8041 8042
f 7944 8042 7945
f 7945 8042 8043
f 7945 8043 7946
f 7946 8043 8044
f 7946 8044 7947
f 7947 8044 8045
f 7947 8045 7948
f 7948 8045 8046
f 7948 8046 7949
f 7949 8046 8047
f 7949 8047 7950
f 7950 8047 8048
f 7950 8048 7951
f 7951 8048 8049
f 7951 8049 7952
f 7952 8049 8050
f 7952 8050 7953
f 7953 8050 8051
f 7953 8051 7954
f 7955 8052 8053
f 7955 8053 7956
f 7956 8053 8054
f 7956 8054 7957
f 7957 8054 8055
f 7957 8055 7958
f 7958 8055 8056
f 7958 8056 7959
f 7959 8056 8057
f 7959 8057 7960
f 7960 8057 8058
f 7960 8058 7961
f 7961 8058 8059
f 7961 8059 7962
f 7962 8059 8060
f 7962 8060 7963
f 7963 8060 8061
f 7963 8061 7964
f 7964 8061 8062
f 7964 8062 7965
f 7965 8062 8063
f 7965 8063 7966
f 7966 8063 8064
f 7966 8064 7967
f 7967 8064 8065
f 7967 8065 7968
f 7968 8065 8066
f 7968 8066 7969
f 7969 8066 8067
f 7969 8067 7970
f 7970 8067 8068
f 7970 8068 7971
f 7971 8068 8069
f 7971 8069 7972
f 7972 8069 8070
f 7972 8070 7973
f 7973 8070 8071
f 7973 8071 7974
f 7974 8071 8072
f 7974 8072 7975
f 7975 8072 8073
f 7975 8073 7976
f 7976 8073 8074
f 7976 8074 7977
f 7977 8074 8075
f 7977 8075 7978
f 7978 8075 8076
f 7978 8076 7979
f 7979 8076 8077
f 7979 8077 7980
f 7980 8077 8078
f 7980 8078 7981
f 7981 8078 8079
f 7981 8079 7982
f 7982 8079 8080
f 7982 8080 7983
f 7983 8080 8081
f 7983 8081 7984
f 7984 8081 8082
f 7984 8082 7985
f 7985 8082 8083
f 7985 8083 7986
f 7986 8083 8084
f 7986 8084 7987
f 7987 8084 8085
f 7987 8085 7988
f 7988 8085 8086
f 7988 8086 7989
f 7989 8086 8087
f 7989 8087 7990
f 7990 8087 8088
f 7990 8088 7991
f 7991 8088 8089
f 7991 8089 7992
f 7992 8089 8090
f 7992 8090 7993
f 7993 8090 8091
f 7993 8091 7994
f 7994 8091 8092
f 7994 8092 7995
f 7995 8092 8093
f 7995 8093 7996
f 7996 8093 8094
f 7996 8094 7997
f 7997 8094 8095
f 7997 8095 7998
f 7998 8095 8096
f 7998 8096 7999
f 7999 8096 8097
f 7999 8097 8000
f 8000 8097 8098
f 8000 8098 8001
f 8001 8098 8099
f 8001 8099 8002
f 8002 8099 8100
f 8002 8100 8003
f 8003 8100 8101
f 8003 8101 8004
f 8004 8101 8102
f 8004 8102 8005
f 8005 8102 8103
f 8005 8103 8006
f 8006 8103 8104
f 8006 8104 8007
f 8007 8104 8105
f 8007 8105 8008
f 8008 8105 8106
f 8008 8106 8009
f 8009 8106 8107
f 8009 8107 8010
f 8010 8107 8108
f 8010 8108 8011
f 8011 8108 8109
f 8011 8109 8012
f 8012 8109 8110
f 8012 8110 8013
f 8013 8110 8111
f 8013 8111 8014
f 8014 8111 8112
f 8014 8112 8015
f 8015 8112 8113
f 8015 8113 8016
f 8016 8113 8114
f 8016 8114 8017
f 8017 8114 8115
f 8017 8115 8018
f 8018 8115 8116
f 8018 8116 8019
f 8019 8116 8117
f 8019 8117 8020
f 8020 8117 8118
f 8020 8118 8021
f 8021 8118 8119
f 8021 8119 8022
f 8022 8119 8120
f 8022 8120 8023
f 8023 8120 8121
f 8023 8121 8024
f 8024 8121 8122
f 8024 8122 8025
f 8025 8122 8123
f 8025 8123 8026
f 8026 8123 8124
f 8026 8124 8027
f 8027 8124 8125
f 8027 8125 8028
f 8028 8125 8126
f 8028 8126 8029
f 8029 8126 8127
f 8029 8127 8030
f 8030 8127 8128
f 8030 8128 8031
f 8031 8128 8129
f 8031 8129 8032
f 8032 8129 8130
f 8032 8130 8033
f 8033 8130 8131
f 8033 8131 8034
f 8034 8131 8132
f 8034 8132 8035
f 8035 8132 8133
f 8035 8133 8036
f 8036 8133 8134
f 8036 8134 8037
f 8037 8134 8135
f 8037 8135 8038
f 8038 8135 8136
f 8038 8136 8039
f 8039 8136 8137
f 8039 8137 8040
f 8040 8137 8138
f 8040 8138 8041
f 8041 8138 8139
f 8041 8139 8042
f 8042 8139 8140
f 8042 8140 8043
f 8043 8140 8141
f 8043 8141 8044
f 8044 8141 8142
f 8044 8142 8045
f 8045 8142 8143
f 8045 8143 8046
f 8046 8143 8144
f 8046 8144 8047
f 8047 8144 8145
f 8047 8145 8048
f 8048 8145 8146
f 8048 8146 8049
f 8049 8146 8147
f 8049 8147 8050
f 8050 8147 8148
f 8050 8148 8051
f 8052 8149 8150
f 8052 8150 8053
f 8053 8150 8151
f 8053 8151 8054
f 8054 8151 8152
f 8054 8152 8055
f 8055 8152 8153
f 8055 8153 8056
f 8056 8153 8154
f 8056 8154 8057
f 8057 8154 8155
f 8057 8155 8058
f 8058 8155 8156
f 8058 8156 8059
f 8059 8156 8157
f 8059 8157 8060
f 8060 8157 8158
f 8060 8158 8061
f 8061 8158 8159
f 8061 8159 8062
f 8062 8159 8160
f 8062 8160 8063
f 8063 8160 8161
f 8063 8161 8064
f 8064 8161 8162
f 8064 8162 8065
f 8065 8162 8163
f 8065 8163 8066
f 8066 8163 8164
f 8066 8164 8067
f 8067 8164 8165
f 8067 8165 8068
f 8068 8165 8166
f 8068 8166 8069
f 8069 8166 8167
f 8069 8167 8070
f 8070 8167 8168
f 8070 8168 8071
f 8071 8168 8169
f 8071 8169 8072
f 8072 8169 8170
f 8072 8170 8073
f 8073 8170 8171
f 8073 8171 8074
f 8074 8171 8172
f 8074 8172 8075
f 8075 8172 8173
f 8075 8173 8076
f 8076 8173 8174
f 8076 8174 8077
f 8077 8174 8175
f 8077 8175 8078
f 8078 8175 8176
f 8078 8176 8079
f 8079 8176 8177
f 8079 8177 8080
f 8080 8177 8178
f 8080 8178 8081
f 8081 8178 8179
f 8081 8179 8082
f 8082 8179 8180
f 8082 8180 8083
f 8083 8180 8181
f 8083 8181 8084
f 8084 8181 8182
f 8084 8182 8085
f 8085 8182 8183
f 8085 8183 8086
f 8086 8183 8184
f 8086 8184 8087
f 8087 8184 8185
f 8087 8185 8088
f 8088 8185 8186
f 8088 8186 8089
f 8089 8186 8187
f 8089 8187 8090
f 8090 8187 8188
f 8090 8188 8091
f 8091 8188 8189
f 8091 8189 8092
f 8092 8189 8190
f 8092 8190 8093
f 8093 8190 8191
f 8093 8191 8094
f 8094 8191 8192
f 8094 8192 8095
f 8095 8192 8193
f 8095 8193 8096
f 8096 8193 8194
f 8096 8194 8097
f 8097 8194 8195
f 8097 8195 8098
f 8098 8195 8196
f 8098 8196 8099
f 8099 8196 8197
f 8099 8197 8100
f 8100 8197 8198
f 8100 8198 8101
f 8101 8198 8199
f 8101 8199 8102
f 8102 8199 8200
f 8102 8200 8103
f 8103 8200 8201
f 8103 8201 8104
f 8104 8201 8202
f 8104 8202 8105
f 8105 8202 8203
f 8105 8203 8106
f 8106 8203 8204
f 8106 8204 8107
f 8107 8204 8205
f 8107 8205 8108
f 8108 8205 8206
f 8108 8206 8109
f 8109 8206 8207
f 8109 8207 8110
f 8110 8207 8208
f 8110 8208 8111
f 8111 8208 8209
f 8111 8209 8112
f 8112 8209 8210
f 8112 8210 8113
f 8113 8210 8211
f 8113 8211 8114
f 8114 8211 8212
f 8114 8212 8115
f 8115 8212 8213
f 8115 8213 8116
f 8116 8213 8214
f 8116 8214 8117
f 8117 8214 8215
f 8117 8215 8118
f 8118 8215 8216
f 8118 8216 8119
f 8119 8216 8217
f 8119 8217 8120
f 8120 8217 8218
f 8120 8218 8121
f 8121 8218 8219
f 8121 8219 8122
f 8122 8219 8220
f 8122 8220 8123
f 8123 8220 8221
f 8123 8221 8124
f 8124 8221 8222
f 8124 8222 8125
f 8125 8222 8223
f 8125 8223 8126
f 8126 8223 8224
f 8126 8224 8127
f 8127 8224 8225
f 8127 8225 8128
f 8128 8225 8226
f 8128 8226 8129
f 8129 8226 8227
f 8129 8227 8130
f 8130 8227 8228
f 8130 8228 8131
f 8131 8228 8229
f 8131 8229 8132
f 8132 8229 8230
f 8132 8230 8133
f 8133 8230 8231
f 8133 8231 8134
f 8134 8231 8232
f 8134 8232 8135
f 8135 8232 8233
f 8135 8233 8136
f 8136 8233 8234
f 8136 8234 8137
f 8137 8234 8235
f 8137 8235 8138
f 8138 8235 8236
f 8138 8236 8139
f 8139 8236 8237
f 8139 8237 8140
f 8140 8237 8238
f 8140 8238 8141
f 8141 8238 8239
f 8141 8239 8142
f 8142 8239 8240
f 8142 8240 8143
f 8143 8240 8241
f 8143 8241 8144
f 8144 8241 8242
f 8144 8242 8145
f 8145 8242 8243
f 8145 8243 8146
f 8146 8243 8244
f 8146 8244 8147
f 8147 8244 8245
f 8147 8245 8148
f 8149 8246 8247
f 8149 8247 8150
f 8150 8247 8248
f 8150 8248 8151
f 8151 8248 8249
f 8151 8249 8152
f 8152 8249 8250
f 8152 8250 8153
f 8153 8250 8251
f 8153 8251 8154
f 8154 8251 8252
f 8154 8252 8155
f 8155 8252 8253
f 8155 8253 8156
f 8156 8253 8254
f 8156 8254 8157
f 8157 8254 8255
f 8157 8255 8158
f 8158 8255 8256
f 8158 8256 8159
f 8159 8256 8257
f 8159 8257 8160
f 8160 8257 8258
f 8160 8258 8161
f 8161 8258 8259
f 8161 8259 8162
f 8162 8259 8260
f 8162 8260 8163
f 8163 8260 8261
f 8163 8261 8164
f 8164 8261 8262
f 8164 8262 8165
f 8165 8262 8263
f 8165 8263 8166
f 8166 8263 8264
f 8166 8264 8167
f 8167 8264 8265
f 8167 8265 8168
f 8168 8265 8266
f 8168 8266 8169
f 8169 8266 8267
f 8169 8267 8170
f 8170 8267 8268
f 8170 8268 8171
f 8171 8268 8269
f 8171 8269 8172
f 8172 8269 8270
f 8172 8270 8173
f 8173 8270 8271
f 8173 8271 8174
f 8174 8271 8272
f 8174 8272 8175
f 8175 8272 8273
f 8175 8273 8176
f 8176 8273 8274
f 8176 8274 8177
f 8177 8274 8275
f 8177 8275 8178
f 8178 8275 8276
f 8178 8276 8179
f 8179 8276 8277
f 8179 8277 8180
f 8180 8277 8278
f 8180 8278 8181
f 8181 8278 8279
f 8181 8279 8182
f 8182 8279 8280
f 8182 8280 8183
f 8183 8280 8281
f 8183 8281 8184
f 8184 8281 8282
f 8184 8282 8185
f 8185 8282 8283
f 8185 8283 8186
f 8186 8283 8284
f 8186 8284 8187
f 8187 8284 8285
f 8187 8285 8188
f 8188 8285 8286
f 8188 8286 8189
f 8189 8286 8287
f 8189 8287 8190
f 8190 8287 8288
f 8190 8288 8191
f 8191 8288 8289
f 8191 8289 8192
f 8192 8289 8290
f 8192 8290 8193
f 8193 8290 8291
f 8193 8291 8194
f 8194 8291 8292
f 8194 8292 8195
f 8195 8292 8293
f 8195 8293 8196
f 8196 8293 8294
f 8196 8294 8197
f 8197 8294 8295
f 8197 8295 8198
f 8198 8295 8296
f 8198 8296 8199
f 8199 8296 8297
f 8199 8297 8200
f 8200 8297 8298
f 8200 8298 8201
f 8201 8298 8299
f 8201 8299 8202
f 8202 8299 8300
f 8202 8300 8203
f 8203 8300 8301
f 8203 8301 8204
f 8204 8301 8302
f 8204 8302 8205
f 8205 8302 8303
f 8205 8303 8206
f 8206 8303 8304
f 8206 8304 8207
f 8207 8304 8305
f 8207 8305 8208
f 8208 8305 8306
f 8208 8306 8209
f 8209 8306 8307
f 8209 8307 8210
f 8210 8307 8308
f 8210 8308 8211
f 8211 8308 8309
f 8211 8309 8212
f 8212 8309 8310
f 8212 8310 8213
f 8213 8310 8311
f 8213 8311 8214
f 8214 8311 8312
f 8214 8312 8215
f 8215 8312 8313
f 8215 8313 8216
f 8216 8313 8314
f 8216 8314 8217
f 8217 8314 8315
f 8217 8315 8218
f 8218 8315 8316
f 8218 8316 8219
f 8219 8316 8317
f 8219 8317 8220
f 8220 8317 8318
f 8220 8318 8221
f 8221 8318 8319
f 8221 8319 8222
f 8222 8319 8320
f 8222 8320 8223
f 8223 8320 8321
f 8223 8321 8224
f 8224 8321 8322
f 8224 8322 8225
f 8225 8322 8323
f 8225 8323 8226
f 8226 8323 8324
f 8226 8324 8227
f 8227 8324 8325
f 8227 8325 8228
f 8228 8325 8326
f 8228 8326 8229
f 8229 8326 8327
f 8229 8327 8230
f 8230 8327 8328
f 8230 8328 8231
f 8231 8328 8329
f 8231 8329 8232
f 8232 8329 8330
f 8232 8330 8233
f 8233 8330 8331
f 8233 8331 8234
f 8234 8331 8332
f 8234 8332 8235
f 8235 8332 8333
f 8235 8333 8236
f 8236 8333 8334
f 8236 8334 8237
f 8237 8334 8335
f 8237 8335 8238
f 8238 8335 8336
f 8238 8336 8239
f 8239 8336 8337
f 8239 8337 8240
f 8240 8337 8338
f 8240 8338 8241
f 8241 8338 8339
f 8241 8339 8242
f 8242 8339 8340
f 8242 8340 8243
f 8243 8340 8341
f 8243 8341 8244
f 8244 8341 8342
f 8244 8342 8245
f 8246 8343 8344
f 8246 8344 8247
f 8247 8344 8345
f 8247 8345 8248
f 8248 8345 8346
f 8248 8346 8249
f 8249 8346 8347
f 8249 8347 8250
f 8250 8347 8348
f 8250 8348 8251
f 8251 8348 8349
f 8251 8349 8252
f 8252 8349 8350
f 8252 8350 8253
f 8253 8350 8351
f 8253 8351 8254
f 8254 8351 8352
f 8254 8352 8255
f 8255 8352 8353
f 8255 8353 8256
f 8256 8353 8354
f 8256 8354 8257
f 8257 8354 8355
f 8257 8355 8258
f 8258 8355 8356
f 8258 8356 8259
f 8259 8356 8357
f 8259 8357 8260
f 8260 8357 8358
f 8260 8358 8261
f 8261 8358 8359
f 8261 8359 8262
f 8262 8359 8360
f 8262 8360 8263
f 8263 8360 8361
f 8263 8361 8264
f 8264 8361 8362
f 8264 8362 8265
f 8265 8362 8363
f 8265 8363 8266
f 8266 8363 8364
f 8266 8364 8267
f 8267 8364 8365
f 8267 8365 8268
f 8268 8365 8366
f 8268 8366 8269
f 8269 8366 8367
f 8269 8367 8270
f 8270 8367 8368
f 8270 8368 8271
f 8271 8368 8369
f 8271 8369 8272
f 8272 8369 8370
f 8272 8370 8273
f 8273 8370 8371
f 8273 8371 8274
f 8274 8371 8372
f 8274 8372 8275
f 8275 8372 8373
f 8275 8373 8276
f 8276 8373 8374
f 8276 8374 8277
f 8277 8374 8375
f 8277 8375 8278
f 8278 8375 8376
f 8278 8376 8279
f 8279 8376 8377
f 8279 8377 8280
f 8280 8377 8378
f 8280 8378 8281
f 8281 8378 8379
f 8281 8379 8282
f 8282 8379 8380
f 8282 8380 8283
f 8283 8380 8381
f 8283 8381 8284
f 8284 8381 8382
f 8284 8382 8285
f 8285 8382 8383
f 8285 8383 8286
f 8286 8383 8384
f 8286 8384 8287
f 8287 8384 8385
f 8287 8385 8288
f 8288 8385 8386
f 8288 8386 8289
f 8289 8386 8387
f 8289 8387 8290
f 8290 8387 8388
f 8290 8388 8291
f 8291 8388 8389
f 8291 8389 8292
f 8292 8389 8390
f 8292 8390 8293
f 8293 8390 8391
f 8293 8391 8294
f 8294 8391 8392
f 8294 8392 8295
f 8295 8392 8393
f 8295 8393 8296
f 8296 8393 8394
f 8296 8394 8297
f 8297 8394 8395
f 8297 8395 8298
f 8298 8395 8396
f 8298 8396 8299
f 8299 8396 8397
f 8299 8397 8300
f 8300 8397 8398
f 8300 8398 8301
f 8301 8398 8399
f 8301 8399 8302
f 8302 8399 8400
f 8302 8400 8303
f 8303 8400 8401
f 8303 8401 8304
f 8304 8401 8402
f 8304 8402 8305
f 8305 8402 8403
f 8305 8403 8306
f 8306 8403 8404
f 8306 8404 8307
f 8307 8404 8405
f 8307 8405 8308
f 8308 8405 8406
f 8308 8406 8309
f 8309 8406 8407
f 8309 8407 8310
f 8310 8407 8408
f 8310 8408 8311
f 8311 8408 8409
f 8311 8409 8312
f 8312 8409 8410
f 8312 8410 8313
f 8313 8410 8411
f 8313 8411 8314
f 8314 8411 8412
f 8314 8412 8315
f 8315 8412 8413
f 8315 8413 8316
f 8316 8413 8414
f 8316 8414 8317
f 8317 8414 8415
f 8317 8415 8318
f 8318 8415 8416
f 8318 8416 8319
f 8319 8416 8417
f 8319 8417 8320
f 8320 8417 8418
f 8320 8418 8321
f 8321 8418 8419
f 8321 8419 8322
f 8322 8419 8420
f 8322 8420 8323
f 8323 8420 8421
f 8323 8421 8324
f 8324 8421 8422
f 8324 8422 8325
f 8325 8422 8423
f 8325 8423 8326
f 8326 8423 8424
f 8326 8424 8327
f 8327 8424 8425
f 8327 8425 8328
f 8328 8425 8426
f 8328 8426 8329
f 8329 8426 8427
f 8329 8427 8330
f 8330 8427 8428
f 8330 8428 8331
f 8331 8428 8429
f 8331 8429 8332
f 8332 8429 8430
f 8332 8430 8333
f 8333 8430 8431
f 8333 8431 8334
f 8334 8431 8432
f 8334 8432 8335
f 8335 8432 8433
f 8335 8433 8336
f 8336 8433 8434
f 8336 8434 8337
f 8337 8434 8435
f 8337 8435 8338
f 8338 8435 8436
f 8338 8436 8339
f 8339 8436 8437
f 8339 8437 8340
f 8340 8437 8438
f 8340 8438 8341
f 8341 8438 8439
f 8341 8439 8342
f 8343 8440 8441
f 8343 8441 8344
f 8344 8441 8442
f 8344 8442 8345
f 8345 8442 8443
f 8345 8443 8346
f 8346 8443 8444
f 8346 8444 8347
f 8347 8444 8445
f 8347 8445 8348
f 8348 8445 8446
f 8348 8446 8349
f 8349 8446 8447
f 8349 8447 8350
f 8350 8447 8448
f 8350 8448 8351
f 8351 8448 8449
f 8351 8449 8352
f 8352 8449 8450
f 8352 8450 8353
f 8353 8450 8451
f 8353 8451 8354
f 8354 8451 8452
f 8354 8452 8355
f 8355 8452 8453
f 8355 8453 8356
f 8356 8453 8454
f 8356 8454 8357
f 8357 8454 8455
f 8357 8455 8358
f 8358 8455 8456
f 8358 8456 8359
f 8359 8456 8457
f 8359 8457 8360
f 8360 8457 8458
f 8360 8458 8361
f 8361 8458 8459
f 8361 8459 8362
f 8362 8459 8460
f 8362 8460 8363
f 8363 8460 8461
f 8363 8461 8364
f 8364 8461 8462
f 8364 8462 8365
f 8365 8462 8463
f 8365 8463 8366
f 8366 8463 8464
f 8366 8464 8367
f 8367 8464 8465
f 8367 8465 8368
f 8368 8465 8466
f 8368 8466 8369
f 8369 8466 8467
f 8369 8467 8370
f 8370 8467 8468
f 8370 8468 8371
f 8371 8468 8469
f 8371 8469 8372
f 8372 8469 8470
f 8372 8470 8373
f 8373 8470 8471
f 8373 8471 8374
f 8374 8471 8472
f 8374 8472 8375
f 8375 8472 8473
f 8375 8473 8376
f 8376 8473 8474
f 8376 8474 8377
f 8377 8474 8475
f 8377 8475 8378
f 8378 8475 8476
f 8378 8476 8379
f 8379 8476 8477
f 8379 8477 8380
f 8380 8477 8478
f 8380 8478 8381
f 8381 8478 8479
f 8381 8479 8382
f 8382 8479 8480
f 8382 8480 8383
f 8383 8480 8481
f 8383 8481 8384
f 8384 8481 8482
f 8384 8482 8385
f 8385 8482 8483
f 8385 8483 8386
f 8386 8483 8484
f 8386 8484 8387
f 8387 8484 8485
f 8387 8485 8388
f 8388 8485 8486
f 8388 8486 8389
f 8389 8486 8487
f 8389 8487 8390
f 8390 8487 8488
f 8390 8488 8391
f 8391 8488 8489
f 8391 8489 8392
f 8392 8489 8490
f 8392 8490 8393
f 8393 8490 8491
f 8393 8491 8394
f 8394 8491 8492
f 8394 8492 8395
f 8395 8492 8493
f 8395 8493 8396
f 8396 8493 8494
f 8396 8494 8397
f 8397 8494 8495
f 8397 8495 8398
f 8398 8495 8496
f 8398 8496 8399
f 8399 8496 8497
f 8399 8497 8400
f 8400 8497 8498
f 8400 8498 8401
f 8401 8498 8499
f 8401 8499 8402
f 8402 8499 8500
f 8402 8500 8403
f 8403 8500 8501
f 8403 8501 8404
f 8404 8501 8502
f 8404 8502 8405
f 8405 8502 8503
f 8405 8503 8406
f 8406 8503 8504
f 8406 8504 8407
f 8407 8504 8505
f 8407 8505 8408
f 8408 8505 8506
f 8408 8506 8409
f 8409 8506 8507
f 8409 8507 8410
f 8410 8507 8508
f 8410 8508 8411
f 8411 8508 8509
f 8411 8509 8412
f 8412 8509 8510
f 8412 8510 8413
f 8413 8510 8511
f 8413 8511 8414
f 8414 8511 8512
f 8414 8512 8415
f 8415 8512 8513
f 8415 8513 8416
f 8416 8513 8514
f 8416 8514 8417
f 8417 8514 8515
f 8417 8515 8418
f 8418 8515 8516
f 8418 8516 8419
f 8419 8516 8517
f 8419 8517 8420
f 8420 8517 8518
f 8420 8518 8421
f 8421 8518 8519
f 8421 8519 8422
f 8422 8519 8520
f 8422 8520 8423
f 8423 8520 8521
f 8423 8521 8424
f 8424 8521 8522
f 8424 8522 8425
f 8425 8522 8523
f 8425 8523 8426
f 8426 8523 8524
f 8426 8524 8427
f 8427 8524 8525
f 8427 8525 8428
f 8428 8525 8526
f 8428 8526 8429
f 8429 8526 8527
f 8429 8527 8430
f 8430 8527 8528
f 8430 8528 8431
f 8431 8528 8529
f 8431 8529 8432
f 8432 8529 8530
f 8432 8530 8433
f 8433 8530 8531
f 8433 8531 8434
f 8434 8531 8532
f 8434 8532 8435
f 8435 8532 8533
f 8435 8533 8436
f 8436 8533 8534
f 8436 8534 8437
f 8437 8534 8535
f 8437 8535 8438
f 8438 8535 8536
f 8438 8536 8439
f 8440 8537 8538
f 8440 8538 8441
f 8441 8538 8539
f 8441 8539 8442
f 8442 8539 8540
f 8442 8540 8443
f 8443 8540 8541
f 8443 8541 8444
f 8444 8541 8542
f 8444 8542 8445
f 8445 8542 8543
f 8445 8543 8446
f 8446 8543 8544
f 8446 8544 8447
f 8447 8544 8545
f 8447 8545 8448
f 8448 8545 8546
f 8448 8546 8449
f 8449 8546 8547
f 8449 8547 8450
f 8450 8547 8548
f 8450 8548 8451
f 8451 8548 8549
f 8451 8549 8452
f 8452 8549 8550
f 8452 8550 8453
f 8453 8550 8551
f 8453 8551 8454
f 8454 8551 8552
f 8454 8552 8455
f 8455 8552 8553
f 8455 8553 8456
f 8456 8553 8554
f 8456 8554 8457
f 8457 8554 8555
f 8457 8555 8458
f 8458 8555 8556
f 8458 8556 8459
f 8459 8556 8557
f 8459 8557 8460
f 8460 8557 8558
f 8460 8558 8461
f 8461 8558 8559
f 8461 8559 8462
f 8462 8559 8560
f 8462 8560 8463
f 8463 8560 8561
f 8463 8561 8464
f 8464 8561 8562
f 8464 8562 8465
f 8465 8562 8563
f 8465 8563 8466
f 8466 8563 8564
f 8466 8564 8467
f 8467 8564 8565
f 8467 8565 8468
f 8468 8565 8566
f 8468 8566 8469
f 8469 8566 8567
f 8469 8567 8470
f 8470 8567 8568
f 8470 8568 8471
f 8471 8568 8569
f 8471 8569 8472
f 8472 8569 8570
f 8472 8570 8473
f 8473 8570 8571
f 8473 8571 8474
f 8474 8571 8572
f 8474 8572 8475
f 8475 8572 8573
f 8475 8573 8476
f 8476 8573 8574
f 8476 8574 8477
f 8477 8574 8575
f 8477 8575 8478
f 8478 8575 8576
f 8478 8576 8479
f 8479 8576 8577
f 8479 8577 8480
f 8480 8577 8578
f 8480 8578 8481
f 8481 8578 8579
f 8481 8579 8482
f 8482 8579 8580
f 8482 8580 8483
f 8483 8580 8581
f 8483 8581 8484
f 8484 8581 8582
f 8484 8582 8485
f 8485 8582 8583
f 8485 8583 8486
f 8486 8583 8584
f 8486 8584 8487
f 8487 8584 8585
f 8487 8585 8488
f 8488 8585 8586
f 8488 8586 8489
f 8489 8586 8587
f 8489 8587 8490
f 8490 8587 8588
f 8490 8588 8491
f 8491 8588 8589
f 8491 8589 8492
f 8492 8589 8590
f 8492 8590 8493
f 8493 8590 8591
f 8493 8591 8494
f 8494 8591 8592
f 8494 8592 8495
f 8495 8592 8593
f 8495 8593 8496
f 8496 8593 8594
f 8496 8594 8497
f 8497 8594 8595
f 8497 8595 8498
f 8498 8595 8596
f 8498 8596 8499
f 8499 8596 8597
f 8499 8597 8500
f 8500 8597 8598
f 8500 8598 8501
f 8501 8598 8599
f 8501 8599 8502
f 8502 8599 8600
f 8502 8600 8503
f 8503 8600 8601
f 8503 8601 8504
f 8504 8601 8602
f 8504 8602 8505
f 8505 8602 8603
f 8505 8603 8506
f 8506 8603 8604
f 8506 8604 8507
f 8507 8604 8605
f 8507 8605 8508
f 8508 8605 8606
f 8508 8606 8509
f 8509 8606 8607
f 8509 8607 8510
f 8510 8607 8608
f 8510 8608 8511
f 8511 8608 8609
f 8511 8609 8512
f 8512 8609 8610
f 8512 8610 8513
f 8513 8610 8611
f 8513 8611 8514
f 8514 8611 8612
f 8514 8612 8515
f 8515 8612 8613
f 8515 8613 8516
f 8516 8613 8614
f 8516 8614 8517
f 8517 8614 8615
f 8517 8615 8518
f 8518 8615 8616
f 8518 8616 8519
f 8519 8616 8617
f 8519 8617 8520
f 8520 8617 8618
f 8520 8618 8521
f 8521 8618 8619
f 8521 8619 8522
f 8522 8619 8620
f 8522 8620 8523
f 8523 8620 8621
f 8523 8621 8524
f 8524 8621 8622
f 8524 8622 8525
f 8525 8622 8623
f 8525 8623 8526
f 8526 8623 8624
f 8526 8624 8527
f 8527 8624 8625
f 8527 8625 8528
f 8528 8625 8626
f 8528 8626 8529
f 8529 8626 8627
f 8529 8627 8530
f 8530 8627 8628
f 8530 8628 8531
f 8531 8628 8629
f 8531 8629 8532
f 8532 8629 8630
f 8532 8630 8533
f 8533 8630 8631
f 8533 8631 8534
f 8534 8631 8632
f 8534 8632 8535
f 8535 8632 8633
f 8535 8633 8536
f 8537 8634 8635
f 8537 8635 8538
f 8538 8635 8636
f 8538 8636 8539
f 8539 8636 8637
f 8539 8637 8540
f 8540 8637 8638
f 8540 8638 8541
f 8541 8638 8639
f 8541 8639 8542
f 8542 8639 8640
f 8542 8640 8543
f 8543 8640 8641
f 8543 8641 8544
f 8544 8641 8642
f 8544 8642 8545
f 8545 8642 8643
f 8545 8643 8546
f 8546 8643 8644
f 8546 8644 8547
f 8547 8644 8645
f 8547 8645 8548
f 8548 8645 8646
f 8548 8646 8549
f 8549 8646 8647
f 8549 8647 8550
f 8550 8647 8648
f 8550 8648 8551
f 8551 8648 8649
f 8551 8649 8552
f 8552 8649 8650
f 8552 8650 8553
f 8553 8650 8651
f 8553 8651 8554
f 8554 8651 8652
f 8554 8652 8555
f 8555 8652 8653
f 8555 8653 8556
f 8556 8653 8654
f 8556 8654 8557
f 8557 8654 8655
f 8557 8655 8558
f 8558 8655 8656
f 8558 8656 8559
f 8559 8656 8657
f 8559 8657 8560
f 8560 8657 8658
f 8560 8658 8561
f 8561 8658 8659
f 8561 8659 8562
f 8562 8659 8660
f 8562 8660 8563
f 8563 8660 8661
f 8563 8661 8564
f 8564 8661 8662
f 8564 8662 8565
f 8565 8662 8663
f 8565 8663 8566
f 8566 8663 8664
f 8566 8664 8567
f 8567 8664 8665
f 8567 8665 8568
f 8568 8665 8666
f 8568 8666 8569
f 8569 8666 8667
f 8569 8667 8570
f 8570 8667 8668
f 8570 8668 8571
f 8571 8668 8669
f 8571 8669 8572
f 8572 8669 8670
f 8572 8670 8573
f 8573 8670 8671
f 8573 8671 8574
f 8574 8671 8672
f 8574 8672 8575
f 8575 8672 8673
f 8575 8673 8576
f 8576 8673 8674
f 8576 8674 8577
f 8577 8674 8675
f 8577 8675 8578
f 8578 8675 8676
f 8578 8676 8579
f 8579 8676 8677
f 8579 8677 8580
f 8580 8677 8678
f 8580 8678 8581
f 8581 8678 8679
f 8581 8679 8582
f 8582 8679 8680
f 8582 8680 8583
f 8583 8680 8681
f 8583 8681 8584
f 8584 8681 8682
f 8584 8682 8585
f 8585 8682 8683
f 8585 8683 8586
f 8586 8683 8684
f 8586 8684 8587
f 8587 8684 8685
f 8587 8685 8588
f 8588 8685 8686
f 8588 8686 8589
f 8589 8686 8687
f 8589 8687 8590
f 8590 8687 8688
f 8590 8688 8591
f 8591 8688 8689
f 8591 8689 8592
f 8592 8689 8690
f 8592 8690 8593
f 8593 8690 8691
f 8593 8691 8594
f 8594 8691 8692
f 8594 8692 8595
f 8595 8692 8693
f 8595 8693 8596
f 8596 8693 8694
f 8596 8694 8597
f 8597 8694 8695
f 8597 8695 8598
f 8598 8695 8696
f 8598 8696 8599
f 8599 8696 8697
f 8599 8697 8600
f 8600 8697 8698
f 8600 8698 8601
f 8601 8698 8699
f 8601 8699 8602
f 8602 8699 8700
f 8602 8700 8603
f 8603 8700 8701
f 8603 8701 8604
f 8604 8701 8702
f 8604 8702 8605
f 8605 8702 8703
f 8605 8703 8606
f 8606 8703 8704
f 8606 8704 8607
f 8607 8704 8705
f 8607 8705 8608
f 8608 8705 8706
f 8608 8706 8609
f 8609 8706 8707
f 8609 8707 8610
f 8610 8707 8708
f 8610 8708 8611
f 8611 8708 8709
f 8611 8709 8612
f 8612 8709 8710
f 8612 8710 8613
f 8613 8710 8711
f 8613 8711 8614
f 8614 8711 8712
f 8614 8712 8615
f 8615 8712 8713
f 8615 8713 8616
f 8616 8713 8714
f 8616 8714 8617
f 8617 8714 8715
f 8617 8715 8618
f 8618 8715 8716
f 8618 8716 8619
f 8619 8716 8717
f 8619 8717 8620
f 8620 8717 8718
f 8620 8718 8621
f 8621 8718 8719
f 8621 8719 8622
f 8622 8719 8720
f 8622 8720 8623
f 8623 8720 8721
f 8623 8721 8624
f 8624 8721 8722
f 8624 8722 8625
f 8625 8722 8723
f 8625 8723 8626
f 8626 8723 8724
f 8626 8724 8627
f 8627 8724 8725
f 8627 8725 8628
f 8628 8725 8726
f 8628 8726 8629
f 8629 8726 8727
f 8629 8727 8630
f 8630 8727 8728
f 8630 8728 8631
f 8631 8728 8729
f 8631 8729 8632
f 8632 8729 8730
f 8632 8730 8633
f 8634 8731 8732
f 8634 8732 8635
f 8635 8732 8733
f 8635 8733 8636
f 8636 8733 8734
f 8636 8734 8637
f 8637 8734 8735
f 8637 8735 8638
f 8638 8735 8736
f 8638 8736 8639
f 8639 8736 8737
f 8639 8737 8640
f 8640 8737 8738
f 8640 8738 8641
f 8641 8738 8739
f 8641 8739 8642
f 8642 8739 8740
f 8642 8740 8643
f 8643 8740 8741
f 8643 8741 8644
f 8644 8741 8742
f 8644 8742 8645
f 8645 8742 8743
f 8645 8743 8646
f 8646 8743 8744
f 8646 8744 8647
f 8647 8744 8745
f 8647 8745 8648
f 8648 8745 8746
f 8648 8746 8649
f 8649 8746 8747
f 8649 8747 8650
f 8650 8747 8748
f 8650 8748 8651
f 8651 8748 8749
f 8651 8749 8652
f 8652 8749 8750
f 8652 8750 8653
f 8653 8750 8751
f 8653 8751 8654
f 8654 8751 8752
f 8654 8752 8655
f 8655 8752 8753
f 8655 8753 8656
f 8656 8753 8754
f 8656 8754 8657
f 8657 8754 8755
f 8657 8755 8658
f 8658 8755 8756
f 8658 8756 8659
f 8659 8756 8757
f 8659 8757 8660
f 8660 8757 8758
f 8660 8758 8661
f 8661 8758 8759
f 8661 8759 8662
f 8662 8759 8760
f 8662 8760 8663
f 8663 8760 8761
f 8663 8761 8664
f 8664 8761 8762
f 8664 8762 8665
f 8665 8762 8763
f 8665 8763 8666
f 8666 8763 8764
f 8666 8764 8667
f 8667 8764 8765
f 8667 8765 8668
f 8668 8765 8766
f 8668 8766 8669
f 8669 8766 8767
f 8669 8767 8670
f 8670 8767 8768
f 8670 8768 8671
f 8671 8768 8769
f 8671 8769 8672
f 8672 8769 8770
f 8672 8770 8673
f 8673 8770 8771
f 8673 8771 8674
f 8674 8771 8772
f 8674 8772 8675
f 8675 8772 8773
f 8675 8773 8676
f 8676 8773 8774
f 8676 8774 8677
f 8677 8774 8775
f 8677 8775 8678
f 8678 8775 8776
f 8678 8776 8679
f 8679 8776 8777
f 8679 8777 8680
f 8680 8777 8778
f 8680 8778 8681
f 8681 8778 8779
f 8681 8779 8682
f 8682 8779 8780
f 8682 8780 8683
f 8683 8780 8781
f 8683 8781 8684
f 8684 8781 8782
f 8684 8782 8685
f 8685 8782 8783
f 8685 8783 8686
f 8686 8783 8784
f 8686 8784 8687
f 8687 8784 8785
f 8687 8785 8688
f 8688 8785 8786
f 8688 8786 8689
f 8689 8786 8787
f 8689 8787 8690
f 8690 8787 8788
f 8690 8788 8691
f 8691 8788 8789
f 8691 8789 8692
f 8692 8789 8790
f 8692 8790 8693
f 8693 8790 8791
f 8693 8791 8694
f 8694 8791 8792
f 8694 8792 8695
f 8695 8792 8793
f 8695 8793 8696
f 8696 8793 8794
f 8696 8794 8697
f 8697 8794 8795
f 8697 8795 8698
f 8698 8795 8796
f 8698 8796 8699
f 8699 8796 8797
f 8699 8797 8700
f 8700 8797 8798
f 8700 8798 8701
f 8701 8798 8799
f 8701 8799 8702
f 8702 8799 8800
f 8702 8800 8703
f 8703 8800 8801
f 8703 8801 8704
f 8704 8801 8802
f 8704 8802 8705
f 8705 8802 8803
f 8705 8803 8706
f 8706 8803 8804
f 8706 8804 8707
f 8707 8804 8805
f 8707 8805 8708
f 8708 8805 8806
f 8708 8806 8709
f 8709 8806 8807
f 8709 8807 8710
f 8710 8807 8808
f 8710 8808 8711
f 8711 8808 8809
f 8711 8809 8712
f 8712 8809 8810
f 8712 8810 8713
f 8713 8810 8811
f 8713 8811 8714
f 8714 8811 8812
f 8714 8812 8715
f 8715 8812 8813
f 8715 8813 8716
f 8716 8813 8814
f 8716 8814 8717
f 8717 8814 8815
f 8717 8815 8718
f 8718 8815 8816
f 8718 8816 8719
f 8719 8816 8817
f 8719 8817 8720
f 8720 8817 8818
f 8720 8818 8721
f 8721 8818 8819
f 8721 8819 8722
f 8722 8819 8820
f 8722 8820 8723
f 8723 8820 8821
f 8723 8821 8724
f 8724 8821 8822
f 8724 8822 8725
f 8725 8822 8823
f 8725 8823 8726
f 8726 8823 8824
f 8726 8824 8727
f 8727 8824 8825
f 8727 8825 8728
f 8728 8825 8826
f 8728 8826 8729
f 8729 8826 8827
f 8729 8827 8730
f 8731 8828 8829
f 8731 8829 8732
f 8732 8829 8830
f 8732 8830 8733
f 8733 8830 8831
f 8733 8831 8734
f 8734 8831 8832
f 8734 8832 8735
f 8735 8832 8833
f 8735 8833 8736
f 8736 8833 8834
f 8736 8834 8737
f 8737 8834 8835
f 8737 8835 8738
f 8738 8835 8836
f 8738 8836 8739
f 8739 8836 8837
f 8739 8837 8740
f 8740 8837 8838
f 8740 8838 8741
f 8741 8838 8839
f 8741 8839 8742
f 8742 8839 8840
f 8742 8840 8743
f 8743 8840 8841
f 8743 8841 8744
f 8744 8841 8842
f 8744 8842 8745
f 8745 8842 8843
f 8745 8843 8746
f 8746 8843 8844
f 8746 8844 8747
f 8747 8844 8845
f 8747 8845 8748
f 8748 8845 8846
f 8748 8846 8749
f 8749 8846 8847
f 8749 8847 8750
f 8750 8847 8848
f 8750 8848 8751
f 8751 8848 8849
f 8751 8849 8752
f 8752 8849 8850
f 8752 8850 8753
f 8753 8850 8851
f 8753 8851 8754
f 8754 8851 8852
f 8754 8852 8755
f 8755 8852 8853
f 8755 8853 8756
f 8756 8853 8854
f 8756 8854 8757
f 8757 8854 8855
f 8757 8855 8758
f 8758 8855 8856
f 8758 8856 8759
f 8759 8856 8857
f 8759 8857 8760
f 8760 8857 8858
f 8760 8858 8761
f 8761 8858 8859
f 8761 8859 8762
f 8762 8859 8860
f 8762 8860 8763
f 8763 8860 8861
f 8763 8861 8764
f 8764 8861 8862
f 8764 8862 8765
f 8765 8862 8863
f 8765 8863 8766
f 8766 8863 8864
f 8766 8864 8767
f 8767 8864 8865
f 8767 8865 8768
f 8768 8865 8866
f 8768 8866 8769
f 8769 8866 8867
f 8769 8867 8770
f 8770 8867 8868
f 8770 8868 8771
f 8771 8868 8869
f 8771 8869 8772
f 8772 8869 8870
f 8772 8870 8773
f 8773 8870 8871
f 8773 8871 8774
f 8774 8871 8872
f 8774 8872 8775
f 8775 8872 8873
f 8775 8873 8776
f 8776 8873 8874
f 8776 8874 8777
f 8777 8874 8875
f 8777 8875 8778
f 8778 8875 8876
f 8778 8876 8779
f 8779 8876 8877
f 8779 8877 8780
f 8780 8877 8878
f 8780 8878 8781
f 8781 8878 8879
f 8781 8879 8782
f 8782 8879 8880
f 8782 8880 8783
f 8783 8880 8881
f 8783 8881 8784
f 8784 8881 8882
f 8784 8882 8785
f 8785 8882 8883
f 8785 8883 8786
f 8786 8883 8884
f 8786 8884 8787
f 8787 8884 8885
f 8787 8885 8788
f 8788 8885 8886
f 8788 8886 8789
f 8789 8886 8887
f 8789 8887 8790
f 8790 8887 8888
f 8790 8888 8791
f 8791 8888 8889
f 8791 8889 8792
f 8792 8889 8890
f 8792 8890 8793
f 8793 8890 8891
f 8793 8891 8794
f 8794 8891 8892
f 8794 8892 8795
f 8795 8892 8893
f 8795 8893 8796
f 8796 8893 8894
f 8796 8894 8797
f 8797 8894 8895
f 8797 8895 8798
f 8798 8895 8896
f 8798 8896 8799
f 8799 8896 8897
f 8799 8897 8800
f 8800 8897 8898
f 8800 8898 8801
f 8801 8898 8899
f 8801 8899 8802
f 8802 8899 8900
f 8802 8900 8803
f 8803 8900 8901
f 8803 8901 8804
f 8804 8901 8902
f 8804 8902 8805
f 8805 8902 8903
f 8805 8903 8806
f 8806 8903 8904
f 8806 8904 8807
f 8807 8904 8905
f 8807 8905 8808
f 8808 8905 8906
f 8808 8906 8809
f 8809 8906 8907
f 8809 8907 8810
f 8810 8907 8908
f 8810 8908 8811
f 8811 8908 8909
f 8811 8909 8812
f 8812 8909 8910
f 8812 8910 8813
f 8813 8910 8911
f 8813 8911 8814
f 8814 8911 8912
f 8814 8912 8815
f 8815 8912 8913
f 8815 8913 8816
f 8816 8913 8914
f 8816 8914 8817
f 8817 8914 8915
f 8817 8915 8818
f 8818 8915 8916
f 8818 8916 8819
f 8819 8916 8917
f 8819 8917 8820
f 8820 8917 8918
f 8820 8918 8821
f 8821 8918 8919
f 8821 8919 8822
f 8822 8919 8920
f 8822 8920 8823
f 8823 8920 8921
f 8823 8921 8824
f 8824 8921 8922
f 8824 8922 8825
f 8825 8922 8923
f 8825 8923 8826
f 8826 8923 8924
f 8826 8924 8827
f 8828 8925 8926
f 8828 8926 8829
f 8829 8926 8927
f 8829 8927 8830
f 8830 8927 8928
f 8830 8928 8831
f 8831 8928 8929
f 8831 8929 8832
f 8832 8929 8930
f 8832 8930 8833
f 8833 8930 8931
f 8833 8931 8834
f 8834 8931 8932
f 8834 8932 8835
f 8835 8932 8933
f 8835 8933 8836
f 8836 8933 8934
f 8836 8934 8837
f 8837 8934 8935
f 8837 8935 8838
f 8838 8935 8936
f 8838 8936 8839
f 8839 8936 8937
f 8839 8937 8840
f 8840 8937 8938
f 8840 8938 8841
f 8841 8938 8939
f 8841 8939 8842
f 8842 8939 8940
f 8842 8940 8843
f 8843 8940 8941
f 8843 8941 8844
f 8844 8941 8942
f 8844 8942 8845
f 8845 8942 8943
f 8845 8943 8846
f 8846 8943 8944
f 8846 8944 8847
f 8847 8944 8945
f 8847 8945 8848
f 8848 8945 8946
f 8848 8946 8849
f 8849 8946 8947
f 8849 8947 8850
f 8850 8947 8948
f 8850 8948 8851
f 8851 8948 8949
f 8851 8949 8852
f 8852 8949 8950
f 8852 8950 8853
f 8853 8950 8951
f 8853 8951 8854
f 8854 8951 8952
f 8854 8952 8855
f 8855 8952 8953
f 8855 8953 8856
f 8856 8953 8954
f 8856 8954 8857
f 8857 8954 8955
f 8857 8955 8858
f 8858 8955 8956
f 8858 8956 8859
f 8859 8956 8957
f 8859 8957 8860
f 8860 8957 8958
f 8860 8958 8861
f 8861 8958 8959
f 8861 8959 8862
f 8862 8959 8960
f 8862 8960 8863
f 8863 8960 8961
f 8863 8961 8864
f 8864 8961 8962
f 8864 8962 8865
f 8865 8962 8963
f 8865 8963 8866
f 8866 8963 8964
f 8866 8964 8867
f 8867 8964 8965
f 8867 8965 8868
f 8868 8965 8966
f 8868 8966 8869
f 8869 8966 8967
f 8869 8967 8870
f 8870 8967 8968
f 8870 8968 8871
f 8871 8968 8969
f 8871 8969 8872
f 8872 8969 8970
f 8872 8970 8873
f 8873 8970 8971
f 8873 8971 8874
f 8874 8971 8972
f 8874 8972 8875
f 8875 8972 8973
f 8875 8973 8876
f 8876 8973 8974
f 8876 8974 8877
f 8877 8974 8975
f 8877 8975 8878
f 8878 8975 8976
f 8878 8976 8879
f 8879 8976 8977
f 8879 8977 8880
f 8880 8977 8978
f 8880 8978 8881
f 8881 8978 8979
f 8881 8979 8882
f 8882 8979 8980
f 8882 8980 8883
f 8883 8980 8981
f 8883 8981 8884
f 8884 8981 8982
f 8884 8982 8885
f 8885 8982 8983
f 8885 8983 8886
f 8886 8983 8984
f 8886 8984 8887
f 8887 8984 8985
f 8887 8985 8888
f 8888 8985 8986
f 8888 8986 8889
f 8889 8986 8987
f 8889 8987 8890
f 8890 8987 8988
f 8890 8988 8891
f 8891 8988 8989
f 8891 8989 8892
f 8892 8989 8990
f 8892 8990 8893
f 8893 8990 8991
f 8893 8991 8894
f 8894 8991 8992
f 8894 8992 8895
f 8895 8992 8993
f 8895 8993 8896
f 8896 8993 8994
f 8896 8994 8897
f 8897 8994 8995
f 8897 8995 8898
f 8898 8995 8996
f 8898 8996 8899
f 8899 8996 8997
f 8899 8997 8900
f 8900 8997 8998
f 8900 8998 8901
f 8901 8998 8999
f 8901 8999 8902
f 8902 8999 9000
f 8902 9000 8903
f 8903 9000 9001
f 8903 9001 8904
f 8904 9001 9002
f 8904 9002 8905
f 8905 9002 9003
f 8905 9003 8906
f 8906 9003 9004
f 8906 9004 8907
f 8907 9004 9005
f 8907 9005 8908
f 8908 9005 9006
f 8908 9006 8909
f 8909 9006 9007
f 8909 9007 8910
f 8910 9007 9008
f 8910 9008 8911
f 8911 9008 9009
f 8911 9009 8912
f 8912 9009 9010
f 8912 9010 8913
f 8913 9010 9011
f 8913 9011 8914
f 8914 9011 9012
f 8914 9012 8915
f 8915 9012 9013
f 8915 9013 8916
f 8916 9013 9014
f 8916 9014 8917
f 8917 9014 9015
f 8917 9015 8918
f 8918 9015 9016
f 8918 9016 8919
f 8919 9016 9017
f 8919 9017 8920
f 8920 9017 9018
f 8920 9018 8921
f 8921 9018 9019
f 8921 9019 8922
f 8922 9019 9020
f 8922 9020 8923
f 8923 9020 9021
f 8923 9021 8924
f 8925 9022 9023
f 8925 9023 8926
f 8926 9023 9024
f 8926 9024 8927
f 8927 9024 9025
f 8927 9025 8928
f 8928 9025 9026
f 8928 9026 8929
f 8929 9026 9027
f 8929 9027 8930
f 8930 9027 9028
f 8930 9028 8931
f 8931 9028 9029
f 8931 9029 8932
f 8932 9029 9030
f 8932 9030 8933
f 8933 9030 9031
f 8933 9031 8934
f 8934 9031 9032
f 8934 9032 8935
f 8935 9032 9033
f 8935 9033 8936
f 8936 9033 9034
f 8936 9034 8937
f 8937 9034 9035
f 8937 9035 8938
f 8938 9035 9036
f 8938 9036 8939
f 8939 9036 9037
f 8939 9037 8940
f 8940 9037 9038
f 8940 9038 8941
f 8941 9038 9039
f 8941 9039 8942
f 8942 9039 9040
f 8942 9040 8943
f 8943 9040 9041
f 8943 9041 8944
f 8944 9041 9042
f 8944 9042 8945
f 8945 9042 9043
f 8945 9043 8946
f 8946 9043 9044
f 8946 9044 8947
f 8947 9044 9045
f 8947 9045 8948
f 8948 9045 9046
f 8948 9046 8949
f 8949 9046 9047
f 8949 9047 8950
f 8950 9047 9048
f 8950 9048 8951
f 8951 9048 9049
f 8951 9049 8952
f 8952 9049 9050
f 8952 9050 8953
f 8953 9050 9051
f 8953 9051 8954
f 8954 9051 9052
f 8954 9052 8955
f 8955 9052 9053
f 8955 9053 8956
f 8956 9053 9054
f 8956 9054 8957
f 8957 9054 9055
f 8957 9055 8958
f 8958 9055 9056
f 8958 9056 8959
f 8959 9056 9057
f 8959 9057 8960
f 8960 9057 9058
f 8960 9058 8961
f 8961 9058 9059
f 8961 9059 8962
f 8962 9059 9060
f 8962 9060 8963
f 8963 9060 9061
f 8963 9061 8964
f 8964 9061 9062
f 8964 9062 8965
f 8965 9062 9063
f 8965 9063 8966
f 8966 9063 9064
f 8966 9064 8967
f 8967 9064 9065
f 8967 9065 8968
f 8968 9065 9066
f 8968 9066 8969
f 8969 9066 9067
f 8969 9067 8970
f 8970 9067 9068
f 8970 9068 8971
f 8971 9068 9069
f 8971 9069 8972
f 8972 9069 9070
f 8972 9070 8973
f 8973 9070 9071
f 8973 9071 8974
f 8974 9071 9072
f 8974 9072 8975
f 8975 9072 9073
f 8975 9073 8976
f 8976 9073 9074
f 8976 9074 8977
f 8977 9074 9075
f 8977 9075 8978
f 8978 9075 9076
f 8978 9076 8979
f 8979 9076 9077
f 8979 9077 8980
f 8980 9077 9078
f 8980 9078 8981
f 8981 9078 9079
f 8981 9079 8982
f 8982 9079 9080
f 8982 9080 8983
f 8983 9080 9081
f 8983 9081 8984
f 8984 9081 9082
f 8984 9082 8985
f 8985 9082 9083
f 8985 9083 8986
f 8986 9083 9084
f 8986 9084 8987
f 8987 9084 9085
f 8987 9085 8988
f 8988 9085 9086
f 8988 9086 8989
f 8989 9086 9087
f 8989 9087 8990
f 8990 9087 9088
f 8990 9088 8991
f 8991 9088 9089
f 8991 9089 8992
f 8992 9089 9090
f 8992 9090 8993
f 8993 9090 9091
f 8993 9091 8994
f 8994 9091 9092
f 8994 9092 8995
f 8995 9092 9093
f 8995 9093 8996
f 8996 9093 9094
f 8996 9094 8997
f 8997 9094 9095
f 8997 9095 8998
f 8998 9095 9096
f 8998 9096 8999
f 8999 9096 9097
f 8999 9097 9000
f 9000 9097 9098
f 9000 9098 9001
f 9001 9098 9099
f 9001 9099 9002
f 9002 9099 9100
f 9002 9100 9003
f 9003 9100 9101
f 9003 9101 9004
f 9004 9101 9102
f 9004 9102 9005
f 9005 9102 9103
f 9005 9103 9006
f 9006 9103 9104
f 9006 9104 9007
f 9007 9104 9105
f 9007 9105 9008
f 9008 9105 9106
f 9008 9106 9009
f 9009 9106 9107
f 9009 9107 9010
f 9010 9107 9108
f 9010 9108 9011
f 9011 9108 9109
f 9011 9109 9012
f 9012 9109 9110
f 9012 9110 9013
f 9013 9110 9111
f 9013 9111 9014
f 9014 9111 9112
f 9014 9112 9015
f 9015 9112 9113
f 9015 9113 9016
f 9016 9113 9114
f 9016 9114 9017
f 9017 9114 9115
f 9017 9115 9018
f 9018 9115 9116
f 9018 9116 9019
f 9019 9116 9117
f 9019 9117 9020
f 9020 9117 9118
f 9020 9118 9021
f 9022 9119 9120
f 9022 9120 9023
f 9023 9120 9121
f 9023 9121 9024
f 9024 9121 9122
f 9024 9122 9025
f 9025 9122 9123
f 9025 9123 9026
f 9026 9123 9124
f 9026 9124 9027
f 9027 9124 9125
f 9027 9125 9028
f 9028 9125 9126
f 9028 9126 9029
f 9029 9126 9127
f 9029 9127 9030
f 9030 9127 9128
f 9030 9128 9031
f 9031 9128 9129
f 9031 9129 9032
f 9032 9129 9130
f 9032 9130 9033
f 9033 9130 9131
f 9033 9131 9034
f 9034 9131 9132
f 9034 9132 9035
f 9035 9132 9133
f 9035 9133 9036
f 9036 9133 9134
f 9036 9134 9037
f 9037 9134 9135
f 9037 9135 9038
f 9038 9135 9136
f 9038 9136 9039
f 9039 9136 9137
f 9039 9137 9040
f 9040 9137 9138
f 9040 9138 9041
f 9041 9138 9139
f 9041 9139 9042
f 9042 9139 9140
f 9042 9140 9043
f 9043 9140 9141
f 9043 9141 9044
f 9044 9141 9142
f 9044 9142 9045
f 9045 9142 9143
f 9045 9143 9046
f 9046 9143 9144
f 9046 9144 9047
f 9047 9144 9145
f 9047 9145 9048
f 9048 9145 9146
f 9048 9146 9049
f 9049 9146 9147
f 9049 9147 9050
f 9050 9147 9148
f 9050 9148 9051
f 9051 9148 9149
f 9051 9149 9052
f 9052 9149 9150
f 9052 9150 9053
f 9053 9150 9151
f 9053 9151 9054
f 9054 9151 9152
f 9054 9152 9055
f 9055 9152 9153
f 9055 9153 9056
f 9056 9153 9154
f 9056 9154 9057
f 9057 9154 9155
f 9057 9155 9058
f 9058 9155 9156
f 9058 9156 9059
f 9059 9156 9157
f 9059 9157 9060
f 9060 9157 9158
f 9060 9158 9061
f 9061 9158 9159
f 9061 9159 9062
f 9062 9159 9160
f 9062 9160 9063
f 9063 9160 9161
f 9063 9161 9064
f 9064 9161 9162
f 9064 9162 9065
f 9065 9162 9163
f 9065 9163 9066
f 9066 9163 9164
f 9066 9164 9067
f 9067 9164 9165
f 9067 9165 9068
f 9068 9165 9166
f 9068 9166 9069
f 9069 9166 9167
f 9069 9167 9070
f 9070 9167 9168
f 9070 9168 9071
f 9071 9168 9169
f 9071 9169 9072
f 9072 9169 9170
f 9072 9170 9073
f 9073 9170 9171
f 9073 9171 9074
f 9074 9171 9172
f 9074 9172 9075
f 9075 9172 9173
f 9075 9173 9076
f 9076 9173 9174
f 9076 9174 9077
f 9077 9174 9175
f 9077 9175 9078
f 9078 9175 9176
f 9078 9176 9079
f 9079 9176 9177
f 9079 9177 9080
f 9080 9177 9178
f 9080 9178 9081
f 9081 9178 9179
f 9081 9179 9082
f 9082 9179 9180
f 9082 9180 9083
f 9083 9180 9181
f 9083 9181 9084
f 9084 9181 9182
f 9084 9182 9085
f 9085 9182 9183
f 9085 9183 9086
f 9086 9183 9184
f 9086 9184 9087
f 9087 9184 9185
f 9087 9185 9088
f 9088 9185 9186
f 9088 9186 9089
f 9089 9186 9187
f 9089 9187 9090
f 9090 9187 9188
f 9090 9188 9091
f 9091 9188 9189
f 9091 9189 9092
f 9092 9189 9190
f 9092 9190 9093
f 9093 9190 9191
f 9093 9191 9094
f 9094 9191 9192
f 9094 9192 9095
f 9095 9192 9193
f 9095 9193 9096
f 9096 9193 9194
f 9096 9194 9097
f 9097 9194 9195
f 9097 9195 9098
f 9098 9195 9196
f 9098 9196 9099
f 9099 9196 9197
f 9099 9197 9100
f 9100 9197 9198
f 9100 9198 9101
f 9101 9198 9199
f 9101 9199 9102
f 9102 9199 9200
f 9102 9200 9103
f 9103 9200 9201
f 9103 9201 9104
f 9104 9201 9202
f 9104 9202 9105
f 9105 9202 9203
f 9105 9203 9106
f 9106 9203 9204
f 9106 9204 9107
f 9107 9204 9205
f 9107 9205 9108
f 9108 9205 9206
f 9108 9206 9109
f 9109 9206 9207
f 9109 9207 9110
f 9110 9207 9208
f 9110 9208 9111
f 9111 9208 9209
f 9111 9209 9112
f 9112 9209 9210
f 9112 9210 9113
f 9113 9210 9211
f 9113 9211 9114
f 9114 9211 9212
f 9114 9212 9115
f 9115 9212 9213
f 9115 9213 9116
f 9116 9213 9214
f 9116 9214 9117
f 9117 9214 9215
f 9117 9215 9118
f 9119 9216 9217
f 9119 9217 9120
f 9120 9217 9218
f 9120 9218 9121
f 9121 9218 9219
f 9121 9219 9122
f 9122 9219 9220
f 9122 9220 9123
f 9123 9220 9221
f 9123 9221 9124
f 9124 9221 9222
f 9124 9222 9125
f 9125 9222 9223
f 9125 9223 9126
f 9126 9223 9224
f 9126 9224 9127
f 9127 9224 9225
f 9127 9225 9128
f 9128 9225 9226
f 9128 9226 9129
f 9129 9226 9227
f 9129 9227 9130
f 9130 9227 9228
f 9130 9228 9131
f 9131 9228 9229
f 9131 9229 9132
f 9132 9229 9230
f 9132 9230 9133
f 9133 9230 9231
f 9133 9231 9134
f 9134 9231 9232
f 9134 9232 9135
f 9135 9232 9233
f 9135 9233 9136
f 9136 9233 9234
f 9136 9234 9137
f 9137 9234 9235
f 9137 9235 9138
f 9138 9235 9236
f 9138 9236 9139
f 9139 9236 9237
f 9139 9237 9140
f 9140 9237 9238
f 9140 9238 9141
f 9141 9238 9239
f 9141 9239 9142
f 9142 9239 9240
f 9142 9240 9143
f 9143 9240 9241
f 9143 9241 9144
f 9144 9241 9242
f 9144 9242 9145
f 9145 9242 9243
f 9145 9243 9146
f 9146 9243 9244
f 9146 9244 9147
f 9147 9244 9245
f 9147 9245 9148
f 9148 9245 9246
f 9148 9246 9149
f 9149 9246 9247
f 9149 9247 9150
f 9150 9247 9248
f 9150 9248 9151
f 9151 9248 9249
f 9151 9249 9152
f 9152 9249 9250
f 9152 9250 9153
f 9153 9250 9251
f 9153 9251 9154
f 9154 9251 9252
f 9154 9252 9155
f 9155 9252 9253
f 9155 9253 9156
f 9156 9253 9254
f 9156 9254 9157
f 9157 9254 9255
f 9157 9255 9158
f 9158 9255 9256
f 9158 9256 9159
f 9159 9256 9257
f 9159 9257 9160
f 9160 9257 9258
f 9160 9258 9161
f 9161 9258 9259
f 9161 9259 9162
f 9162 9259 9260
f 9162 9260 9163
f 9163 9260 9261
f 9163 9261 9164
f 9164 9261 9262
f 9164 9262 9165
f 9165 9262 9263
f 9165 9263 9166
f 9166 9263 9264
f 9166 9264 9167
f 9167 9264 9265
f 9167 9265 9168
f 9168 9265 9266
f 9168 9266 9169
f 9169 9266 9267
f 9169 9267 9170
f 9170 9267 9268
f 9170 9268 9171
f 9171 9268 9269
f 9171 9269 9172
f 9172 9269 9270
f 9172 9270 9173
f 9173 9270 9271
f 9173 9271 9174
f 9174 9271 9272
f 9174 9272 9175
f 9175 9272 9273
f 9175 9273 9176
f 9176 9273 9274
f 9176 9274 9177
f 9177 9274 9275
f 9177 9275 9178
f 9178 9275 9276
f 9178 9276 9179
f 9179 9276 9277
f 9179 9277 9180
f 9180 9277 9278
f 9180 9278 9181
f 9181 9278 9279
f 9181 9279 9182
f 9182 9279 9280
f 9182 9280 9183
f 9183 9280 9281
f 9183 9281 9184
f 9184 9281 9282
f 9184 9282 9185
f 9185 9282 9283
f 9185 9283 9186
f 9186 9283 9284
f 9186 9284 9187
f 9187 9284 9285
f 9187 9285 9188
f 9188 9285 9286
f 9188 9286 9189
f 9189 9286 9287
f 9189 9287 9190
f 9190 9287 9288
f 9190 9288 9191
f 9191 9288 9289
f 9191 9289 9192
f 9192 9289 9290
f 9192 9290 9193
f 9193 9290 9291
f 9193 9291 9194
f 9194 9291 9292
f 9194 9292 9195
f 9195 9292 9293
f 9195 9293 9196
f 9196 9293 9294
f 9196 9294 9197
f 9197 9294 9295
f 9197 9295 9198
f 9198 9295 9296
f 9198 9296 9199
f 9199 9296 9297
f 9199 9297 9200
f 9200 9297 9298
f 9200 9298 9201
f 9201 9298 9299
f 9201 9299 9202
f 9202 9299 9300
f 9202 9300 9203
f 9203 9300 9301
f 9203 9301 9204
f 9204 9301 9302
f 9204 9302 9205
f 9205 9302 9303
f 9205 9303 9206
f 9206 9303 9304
f 9206 9304 9207
f 9207 9304 9305
f 9207 9305 9208
f 9208 9305 9306
f 9208 9306 9209
f 9209 9306 9307
f 9209 9307 9210
f 9210 9307 9308
f 9210 9308 9211
f 9211 9308 9309
f 9211 9309 9212
f 9212 9309 9310
f 9212 9310 9213
f 9213 9310 9311
f 9213 9311 9214
f 9214 9311 9312
f 9214 9312 9215
f 1 2 9314
f 1 9314 9313
f 2 3 9315
f 2 9315 9314
f 3 4 9316
f 3 9316 9315
f 4 5 9317
f 4 9317 9316
f 5 6 9318
f 5 9318 9317
f 6 7 9319
f 6 9319 9318
f 7 8 9320
f 7 9320 9319
f 8 9 9321
f 8 9321 9320
f 9 10 9322
f 9 9322 9321
f 10 11 9323
f 10 9323 9322
f 11 12 9324
f 11 9324 9323
f 12 13 9325
f 12 9325 9324
f 13 14 9326
f 13 9326 9325
f 14 15 9327
f 14 9327 9326
f 15 16 9328
f 15 9328 9327
f 16 17 9329
f 16 9329 9328
f 17 18 9330
f 17 9330 9329
f 18 19 9331
f 18 9331 9330
f 19 20 9332
f 19 9332 9331
f 20 21 9333
f 20 9333 9332
f 21 22 9334
f 21 9334 9333
f 22 23 9335
f 22 9335 9334
f 23 24 9336
f 23 9336 9335
f 24 25 9337
f 24 9337 9336
f 25 26 9338
f 25 9338 9337
f 26 27 9339
f 26 9339 9338
f 27 28 9340
f 27 9340 9339
f 28 29 9341
f 28 9341 9340
f 29 30 9342
f 29 9342 9341
f 30 31 9343
f 30 9343 9342
f 31 32 9344
f 31 9344 9343
f 32 33 9345
f 32 9345 9344
f 33 34 9346
f 33 9346 9345
f 34 35 9347
f 34 9347 9346
f 35 36 9348
f 35 9348 9347
f 36 37 9349
f 36 9349 9348
f 37 38 9350
f 37 9350 9349
f 38 39 9351
f 38 9351 9350
f 39 40 9352
f 39 9352 9351
f 40 41 9353
f 40 9353 9352
f 41 42 9354
f 41 9354 9353
f 42 43 9355
f 42 9355 9354
f 43 44 9356
f 43 9356 9355
f 44 45 9357
f 44 9357 9356
f 45 46 9358
f 45 9358 9357
f 46 47 9359
f 46 9359 9358
f 47 48 9360
f 47 9360 9359
f 48 49 9361
f 48 9361 9360
f 49 50 9362
f 49 9362 9361
f 50 51 9363
f 50 9363 9362
f 51 52 9364
f 51 9364 9363
f 52 53 9365
f 52 9365 9364
f 53 54 9366
f 53 9366 9365
f 54 55 9367
f 54 9367 9366
f 55 56 9368
f 55 9368 9367
f 56 57 9369
f 56 9369 9368
f 57 58 9370
f 57 9370 9369
f 58 59 9371
f 58 9371 9370
f 59 60 9372
f 59 9372 9371
f 60 61 9373
f 60 9373 9372
f 61 62 9374
f 61 9374 9373
f 62 63 9375
f 62 9375 9374
f 63 64 9376
f 63 9376 9375
f 64 65 9377
f 64 9377 9376
f 65 66 9378
f 65 9378 9377
f 66 67 9379
f 66 9379 9378
f 67 68 9380
f 67 9380 9379
f 68 69 9381
f 68 9381 9380
f 69 70 9382
f 69 9382 9381
f 70 71 9383
f 70 9383 9382
f 71 72 9384
f 71 9384 9383
f 72 73 9385
f 72 9385 9384
f 73 74 9386
f 73 9386 9385
f 74 75 9387
f 74 9387 9386
f 75 76 9388
f 75 9388 9387
f 76 77 9389
f 76 9389 9388
f 77 78 9390
f 77 9390 9389
f 78 79 9391
f 78 9391 9390
f 79 80 9392
f 79 9392 9391
f 80 81 9393
f 80 9393 9392
f 81 82 9394
f 81 9394 9393
f 82 83 9395
f 82 9395 9394
f 83 84 9396
f 83 9396 9395
f 84 85 9397
f 84 9397 9396
f 85 86 9398
f 85 9398 9397
f 86 87 9399
f 86 9399 9398
f 87 88 9400
f 87 9400 9399
f 88 89 9401
f 88 9401 9400
f 89 90 9402
f 89 9402 9401
f 90 91 9403
f 90 9403 9402
f 91 92 9404
f 91 9404 9403
f 92 93 9405
f 92 9405 9404
f 93 94 9406
f 93 9406 9405
f 94 95 9407
f 94 9407 9406
f 95 96 9408
f 95 9408 9407
f 96 97 9409
f 96 9409 9408
f 97 194 9410
f 97 9410 9409
f 194 291 9411
f 194 9411 9410
f 291 388 9412
f 291 9412 9411
f 388 485 9413
f 388 9413 9412
f 485 582 9414
f 485 9414 9413
f 582 679 9415
f 582 9415 9414
f 679 776 9416
f 679 9416 9415
f 776 873 9417
f 776 9417 9416
f 873 970 9418
f 873 9418 9417
f 970 1067 9419
f 970 9419 9418
f 1067 1164 9420
f 1067 9420 9419
f 1164 1261 9421
f 1164 9421 9420
f 1261 1358 9422
f 1261 9422 9421
f 1358 1455 9423
f 1358 9423 9422
f 1455 1552 9424
f 1455 9424 9423
f 1552 1649 9425
f 1552 9425 9424
f 1649 1746 9426
f 1649 9426 9425
f 1746 1843 9427
f 1746 9427 9426
f 1843 1940 9428
f 1843 9428 9427
f 1940 2037 9429
f 1940 9429 9428
f 2037 2134 9430
f 2037 9430 9429
f 2134 2231 9431
f 2134 9431 9430
f 2231 2328 9432
f 2231 9432 9431
f 2328 2425 9433
f 2328 9433 9432
f 2425 2522 9434
f 2425 9434 9433
f 2522 2619 9435
f 2522 9435 9434
f 2619 2716 9436
f 2619 9436 9435
f 2716 2813 9437
f 2716 9437 9436
f 2813 2910 9438
f 2813 9438 9437
f 2910 3007 9439
f 2910 9439 9438
f 3007 3104 9440
f 3007 9440 9439
f 3104 3201 9441
f 3104 9441 9440
f 3201 3298 9442
f 3201 9442 9441
f 3298 3395 9443
f 3298 9443 9442
f 3395 3492 9444
f 3395 9444 9443
f 3492 3589 9445
f 3492 9445 9444
f 3589 3686 9446
f 3589 9446 9445
f 3686 3783 9447
f 3686 9447 9446
f 3783 3880 9448
f 3783 9448 9447
f 3880 3977 9449
f 3880 9449 9448
f 3977 4074 9450
f 3977 9450 9449
f 4074 4171 9451
f 4074 9451 9450
f 4171 4268 9452
f 4171 9452 9451
f 4268 4365 9453
f 4268 9453 9452
f 4365 4462 9454
f 4365 9454 9453
f 4462 4559 9455
f 4462 9455 9454
f 4559 4656 9456
f 4559 9456 9455
f 4656 4753 9457
f 4656 9457 9456
f 4753 4850 9458
f 4753 9458 9457
f 4850 4947 9459
f 4850 9459 9458
f 4947 5044 9460
f 4947 9460 9459
f 5044 5141 9461
f 5044 9461 9460
f 5141 5238 9462
f 5141 9462 9461
f 5238 5335 9463
f 5238 9463 9462
f 5335 5432 9464
f 5335 9464 9463
f 5432 5529 9465
f 5432 9465 9464
f 5529 5626 9466
f 5529 9466 9465
f 5626 5723 9467
f 5626 9467 9466
f 5723 5820 9468
f 5723 9468 9467
f 5820 5917 9469
f 5820 9469 9468
f 5917 6014 9470
f 5917 9470 9469
f 6014 6111 9471
f 6014 9471 9470
f 6111 6208 9472
f 6111 9472 9471
f 6208 6305 9473
f 6208 9473 9472
f 6305 6402 9474
f 6305 9474 9473
f 6402 6499 9475
f 6402 9475 9474
f 6499 6596 9476
f 6499 9476 9475
f 6596 6693 9477
f 6596 9477 9476
f 6693 6790 9478
f 6693 9478 9477
f 6790 6887 9479
f 6790 9479 9478
f 6887 6984 9480
f 6887 9480 9479
f 6984 7081 9481
f 6984 9481 9480
f 7081 7178 9482
f 7081 9482 9481
f 7178 7275 9483
f 7178 9483 9482
f 7275 7372 9484
f 7275 9484 9483
f 7372 7469 9485
f 7372 9485 9484
f 7469 7566 9486
f 7469 9486 9485
f 7566 7663 9487
f 7566 9487 9486
f 7663 7760 9488
f 7663 9488 9487
f 7760 7857 9489
f 7760 9489 9488
f 7857 7954 9490
f 7857 9490 9489
f 7954 8051 9491
f 7954 9491 9490
f 8051 8148 9492
f 8051 9492 9491
f 8148 8245 9493
f 8148 9493 9492
f 8245 8342 9494
f 8245 9494 9493
f 8342 8439 9495
f 8342 9495 9494
f 8439 8536 9496
f 8439 9496 9495
f 8536 8633 9497
f 8536 9497 9496
f 8633 8730 9498
f 8633 9498 9497
f 8730 8827 9499
f 8730 9499 9498
f 8827 8924 9500
f 8827 9500 9499
f 8924 9021 9501
f 8924 9501 9500
f 9021 9118 9502
f 9021 9502 9501
f 9118 9215 9503
f 9118 9503 9502
f 9215 9312 9504
f 9215 9504 9503
f 9312 9311 9505
f 9312 9505 9504
f 9311 9310 9506
f 9311 9506 9505
f 9310 9309 9507
f 9310 9507 9506
f 9309 9308 9508
f 9309 9508 9507
f 9308 9307 9509
f 9308 9509 9508
f 9307 9306 9510
f 9307 9510 9509
f 9306 9305 9511
f 9306 9511 9510
f 9305 9304 9512
f 9305 9512 9511
f 9304 9303 9513
f 9304 9513 9512
f 9303 9302 9514
f 9303 9514 9513
f 9302 9301 9515
f 9302 9515 9514
f 9301 9300 9516
f 9301 9516 9515
f 9300 9299 9517
f 9300 9517 9516
f 9299 9298 9518
f 9299 9518 9517
f 9298 9297 9519
f 9298 9519 9518
f 9297 9296 9520
f 9297 9520 9519
f 9296 9295 9521
f 9296 9521 9520
f 9295 9294 9522
f 9295 9522 9521
f 9294 9293 9523
f 9294 9523 9522
f 9293 9292 9524
f 9293 9524 9523
f 9292 9291 9525
f 9292 9525 9524
f 9291 9290 9526
f 9291 9526 9525
f 9290 9289 9527
f 9290 9527 9526
f 9289 9288 9528
f 9289 9528 9527
f 9288 9287 9529
f 9288 9529 9528
f 9287 9286 9530
f 9287 9530 9529
f 9286 9285 9531
f 9286 9531 9530
f 9285 9284 9532
f 9285 9532 9531
f 9284 9283 9533
f 9284 9533 9532
f 9283 9282 9534
f 9283 9534 9533
f 9282 9281 9535
f 9282 9535 9534
f 9281 9280 9536
f 9281 9536 9535
f 9280 9279 9537
f 9280 9537 9536
f 9279 9278 9538
f 9279 9538 9537
f 9278 9277 9539
f 9278 9539 9538
f 9277 9276 9540
f 9277 9540 9539
f 9276 9275 9541
f 9276 9541 9540
f 9275 9274 9542
f 9275 9542 9541
f 9274 9273 9543
f 9274 9543 9542
f 9273 9272 9544
f 9273 9544 9543
f 9272 9271 9545
f 9272 9545 9544
f 9271 9270 9546
f 9271 9546 9545
f 9270 9269 9547
f 9270 9547 9546
f 9269 9268 9548
f 9269 9548 9547
f 9268 9267 9549
f 9268 9549 9548
f 9267 9266 9550
f 9267 9550 9549
f 9266 9265 9551
f 9266 9551 9550
f 9265 9264 9552
f 9265 9552 9551
f 9264 9263 9553
f 9264 9553 9552
f 9263 9262 9554
f 9263 9554 9553
f 9262 9261 9555
f 9262 9555 9554
f 9261 9260 9556
f 9261 9556 9555
f 9260 9259 9557
f 9260 9557 9556
f 9259 9258 9558
f 9259 9558 9557
f 9258 9257 9559
f 9258 9559 9558
f 9257 9256 9560
f 9257 9560 9559
f 9256 9255 9561
f 9256 9561 9560
f 9255 9254 9562
f 9255 9562 9561
f 9254 9253 9563
f 9254 9563 9562
f 9253 9252 9564
f 9253 9564 9563
f 9252 9251 9565
f 9252 9565 9564
f 9251 9250 9566
f 9251 9566 9565
f 9250 9249 9567
f 9250 9567 9566
f 9249 9248 9568
f 9249 9568 9567
f 9248 9247 9569
f 9248 9569 9568
f 9247 9246 9570
f 9247 9570 9569
f 9246 9245 9571
f 9246 9571 9570
f 9245 9244 9572
f 9245 9572 9571
f 9244 9243 9573
f 9244 9573 9572
f 9243 9242 9574
f 9243 9574 9573
f 9242 9241 9575
f 9242 9575 9574
f 9241 9240 9576
f 9241 9576 9575
f 9240 9239 9577
f 9240 9577 9576
f 9239 9238 9578
f 9239 9578 9577
f 9238 9237 9579
f 9238 9579 9578
f 9237 9236 9580
f 9237 9580 9579
f 9236 9235 9581
f 9236 9581 9580
f 9235 9234 9582
f 9235 9582 9581
f 9234 9233 9583
f 9234 9583 9582
f 9233 9232 9584
f 9233 9584 9583
f 9232 9231 9585
f 9232 9585 9584
f 9231 9230 9586
f 9231 9586 9585
f 9230 9229 9587
f 9230 9587 9586
f 9229 9228 9588
f 9229 9588 9587
f 9228 9227 9589
f 9228 9589 9588
f 9227 9226 9590
f 9227 9590 9589
f 9226 9225 9591
f 9226 9591 9590
f 9225 9224 9592
f 9225 9592 9591
f 9224 9223 9593
f 9224 9593 9592
f 9223 9222 9594
f 9223 9594 9593
f 9222 9221 9595
f 9222 9595 9594
f 9221 9220 9596
f 9221 9596 9595
f 9220 9219 9597
f 9220 9597 9596
f 9219 9218 9598
f 9219 9598 9597
f 9218 9217 9599
f 9218 9599 9598
f 9217 9216 9600
f 9217 9600 9599
f 9216 9119 9601
f 9216 9601 9600
f 9119 9022 9602
f 9119 9602 9601
f 9022 8925 9603
f 9022 9603 9602
f 8925 8828 9604
f 8925 9604 9603
f 8828 8731 9605
f 8828 9605 9604
f 8731 8634 9606
f 8731 9606 9605
f 8634 8537 9607
f 8634 9607 9606
f 8537 8440 9608
f 8537 9608 9607
f 8440 8343 9609
f 8440 9609 9608
f 8343 8246 9610
f 8343 9610 9609
f 8246 8149 9611
f 8246 9611 9610
f 8149 8052 9612
f 8149 9612 9611
f 8052 7955 9613
f 8052 9613 9612
f 7955 7858 9614
f 7955 9614 9613
f 7858 7761 9615
f 7858 9615 9614
f 7761 7664 9616
f 7761 9616 9615
f 7664 7567 9617
f 7664 9617 9616
f 7567 7470 9618
f 7567 9618 9617
f 7470 7373 9619
f 7470 9619 9618
f 7373 7276 9620
f 7373 9620 9619
f 7276 7179 9621
f 7276 9621 9620
f 7179 7082 9622
f 7179 9622 9621
f 7082 6985 9623
f 7082 9623 9622
f 6985 6888 9624
f 6985 9624 9623
f 6888 6791 9625
f 6888 9625 9624
f 6791 6694 9626
f 6791 9626 9625
f 6694 6597 9627
f 6694 9627 9626
f 6597 6500 9628
f 6597 9628 9627
f 6500 6403 9629
f 6500 9629 9628
f 6403 6306 9630
f 6403 9630 9629
f 6306 6209 9631
f 6306 9631 9630
f 6209 6112 9632
f 6209 9632 9631
f 6112 6015 9633
f 6112 9633 9632
f 6015 5918 9634
f 6015 9634 9633
f 5918 5821 9635
f 5918 9635 9634
f 5821 5724 9636
f 5821 9636 9635
f 5724 5627 9637
f 5724 9637 9636
f 5627 5530 9638
f 5627 9638 9637
f 5530 5433 9639
f 5530 9639 9638
f 5433 5336 9640
f 5433 9640 9639
f 5336 5239 9641
f 5336 9641 9640
f 5239 5142 9642
f 5239 9642 9641
f 5142 5045 9643
f 5142 9643 9642
f 5045 4948 9644
f 5045 9644 9643
f 4948 4851 9645
f 4948 9645 9644
f 4851 4754 9646
f 4851 9646 9645
f 4754 4657 9647
f 4754 9647 9646
f 4657 4560 9648
f 4657 9648 9647
f 4560 4463 9649
f 4560 9649 9648
f 4463 4366 9650
f 4463 9650 9649
f 4366 4269 9651
f 4366 9651 9650
f 4269 4172 9652
f 4269 9652 9651
f 4172 4075 9653
f 4172 9653 9652
f 4075 3978 9654
f 4075 9654 9653
f 3978 3881 9655
f 3978 9655 9654
f 3881 3784 9656
f 3881 9656 9655
f 3784 3687 9657
f 3784 9657 9656
f 3687 3590 9658
f 3687 9658 9657
f 3590 3493 9659
f 3590 9659 9658
f 3493 3396 9660
f 3493 9660 9659
f 3396 3299 9661
f 3396 9661 9660
f 3299 3202 9662
f 3299 9662 9661
f 3202 3105 9663
f 3202 9663 9662
f 3105 3008 9664
f 3105 9664 9663
f 3008 2911 9665
f 3008 9665 9664
f 2911 2814 9666
f 2911 9666 9665
f 2814 2717 9667
f 2814 9667 9666
f 2717 2620 9668
f 2717 9668 9667
f 2620 2523 9669
f 2620 9669 9668
f 2523 2426 9670
f 2523 9670 9669
f 2426 2329 9671
f 2426 9671 9670
f 2329 2232 9672
f 2329 9672 9671
f 2232 2135 9673
f 2232 9673 9672
f 2135 2038 9674
f 2135 9674 9673
f 2038 1941 9675
f 2038 9675 9674
f 1941 1844 9676
f 1941 9676 9675
f 1844 1747 9677
f 1844 9677 9676
f 1747 1650 9678
f 1747 9678 9677
f 1650 1553 9679
f 1650 9679 9678
f 1553 1456 9680
f 1553 9680 9679
f 1456 1359 9681
f 1456 9681 9680
f 1359 1262 9682
f 1359 9682 9681
f 1262 1165 9683
f 1262 9683 9682
f 1165 1068 9684
f 1165 9684 9683
f 1068 971 9685
f 1068 9685 9684
f 971 874 9686
f 971 9686 9685
f 874 777 9687
f 874 9687 9686
f 777 680 9688
f 777 9688 9687
f 680 583 9689
f 680 9689 9688
f 583 486 9690
f 583 9690 9689
f 486 389 9691
f 486 9691 9690
f 389 292 9692
f 389 9692 9691
f 292 195 9693
f 292 9693 9692
f 195 98 9694
f 195 9694 9693
f 98 1 9313
f 98 9313 9694
f 9313 9314 9696
f 9313 9696 9695
f 9314 9315 9697
f 9314 9697 9696
f 9315 9316 9698
f 9315 9698 9697
f 9316 9317 9699
f 9316 9699 9698
f 9317 9318 9700
f 9317 9700 9699
f 9318 9319 9701
f 9318 9701 9700
f 9319 9320 9702
f 9319 9702 9701
f 9320 9321 9703
f 9320 9703 9702
f 9321 9322 9704
f 9321 9704 9703
f 9322 9323 9705
f 9322 9705 9704
f 9323 9324 9706
f 9323 9706 9705
f 9324 9325 9707
f 9324 9707 9706
f 9325 9326 9708
f 9325 9708 9707
f 9326 9327 9709
f 9326 9709 9708
f 9327 9328 9710
f 9327 9710 9709
f 9328 9329 9711
f 9328 9711 9710
f 9329 9330 9712
f 9329 9712 9711
f 9330 9331 9713
f 9330 9713 9712
f 9331 9332 9714
f 9331 9714 9713
f 9332 9333 9715
f 9332 9715 9714
f 9333 9334 9716
f 9333 9716 9715
f 9334 9335 9717
f 9334 9717 9716
f 9335 9336 9718
f 9335 9718 9717
f 9336 9337 9719
f 9336 9719 9718
f 9337 9338 9720
f 9337 9720 9719
f 9338 9339 9721
f 9338 9721 9720
f 9339 9340 9722
f 9339 9722 9721
f 9340 9341 9723
f 9340 9723 9722
f 9341 9342 9724
f 9341 9724 9723
f 9342 9343 9725
f 9342 9725 9724
f 9343 9344 9726
f 9343 9726 9725
f 9344 9345 9727
f 9344 9727 9726
f 9345 9346 9728
f 9345 9728 9727
f 9346 9347 9729
f 9346 9729 9728
f 9347 9348 9730
f 9347 9730 9729
f 9348 9349 9731
f 9348 9731 9730
f 9349 9350 9732
f 9349 9732 9731
f 9350 9351 9733
f 9350 9733 9732
f 9351 9352 9734
f 9351 9734 9733
f 9352 9353 9735
f 9352 9735 9734
f 9353 9354 9736
f 9353 9736 9735
f 9354 9355 9737
f 9354 9737 9736
f 9355 9356 9738
f 9355 9738 9737
f 9356 9357 9739
f 9356 9739 9738
f 9357 9358 9740
f 9357 9740 9739
f 9358 9359 9741
f 9358 9741 9740
f 9359 9360 9742
f 9359 9742 9741
f 9360 9361 9743
f 9360 9743 9742
f 9361 9362 9744
f 9361 9744 9743
f 9362 9363 9745
f 9362 9745 9744
f 9363 9364 9746
f 9363 9746 9745
f 9364 9365 9747
f 9364 9747 9746
f 9365 9366 9748
f 9365 9748 9747
f 9366 9367 9749
f 9366 9749 9748
f 9367 9368 9750
f 9367 9750 9749
f 9368 9369 9751
f 9368 9751 9750
f 9369 9370 9752
f 9369 9752 9751
f 9370 9371 9753
f 9370 9753 9752
f 9371 9372 9754
f 9371 9754 9753
f 9372 9373 9755
f 9372 9755 9754
f 9373 9374 9756
f 9373 9756 9755
f 9374 9375 9757
f 9374 9757 9756
f 9375 9376 9758
f 9375 9758 9757
f 9376 9377 9759
f 9376 9759 9758
f 9377 9378 9760
f 9377 9760 9759
f 9378 9379 9761
f 9378 9761 9760
f 9379 9380 9762
f 9379 9762 9761
f 9380 9381 9763
f 9380 9763 9762
f 9381 9382 9764
f 9381 9764 9763
f 9382 9383 9765
f 9382 9765 9764
f 9383 9384 9766
f 9383 9766 9765
f 9384 9385 9767
f 9384 9767 9766
f 9385 9386 9768
f 9385 9768 9767
f 9386 9387 9769
f 9386 9769 9768
f 9387 9388 9770
f 9387 9770 9769
f 9388 9389 9771
f 9388 9771 9770
f 9389 9390 9772
f 9389 9772 9771
f 9390 9391 9773
f 9390 9773 9772
f 9391 9392 9774
f 9391 9774 9773
f 9392 9393 9775
f 9392 9775 9774
f 9393 9394 9776
f 9393 9776 9775
f 9394 9395 9777
f 9394 9777 9776
f 9395 9396 9778
f 9395 9778 9777
f 9396 9397 9779
f 9396 9779 9778
f 9397 9398 9780
f 9397 9780 9779
f 9398 9399 9781
f 9398 9781 9780
f 9399 9400 9782
f 9399 9782 9781
f 9400 9401 9783
f 9400 9783 9782
f 9401 9402 9784
f 9401 9784 9783
f 9402 9403 9785
f 9402 9785 9784
f 9403 9404 9786
f 9403 9786 9785
f 9404 9405 9787
f 9404 9787 9786
f 9405 9406 9788
f 9405 9788 9787
f 9406 9407 9789
f 9406 9789 9788
f 9407 9408 9790
f 9407 9790 9789
f 9408 9409 9791
f 9408 9791 9790
f 9409 9410 9792
f 9409 9792 9791
f 9410 9411 9793
f 9410 9793 9792
f 9411 9412 9794
f 9411 9794 9793
f 9412 9413 9795
f 9412 9795 9794
f 9413 9414 9796
f 9413 9796 9795
f 9414 9415 9797
f 9414 9797 9796
f 9415 9416 9798
f 9415 9798 9797
f 9416 9417 9799
f 9416 9799 9798
f 9417 9418 9800
f 9417 9800 9799
f 9418 9419 9801
f 9418 9801 9800
f 9419 9420 9802
f 9419 9802 9801
f 9420 9421 9803
f 9420 9803 9802
f 9421 9422 9804
f 9421 9804 9803
f 9422 9423 9805
f 9422 9805 9804
f 9423 9424 9806
f 9423 9806 9805
f 9424 9425 9807
f 9424 9807 9806
f 9425 9426 9808
f 9425 9808 9807
f 9426 9427 9809
f 9426 9809 9808
f 9427 9428 9810
f 9427 9810 9809
f 9428 9429 9811
f 9428 9811 9810
f 9429 9430 9812
f 9429 9812 9811
f 9430 9431 9813
f 9430 9813 9812
f 9431 9432 9814
f 9431 9814 9813
f 9432 9433 9815
f 9432 9815 9814
f 9433 9434 9816
f 9433 9816 9815
f 9434 9435 9817
f 9434 9817 9816
f 9435 9436 9818
f 9435 9818 9817
f 9436 9437 9819
f 9436 9819 9818
f 9437 9438 9820
f 9437 9820 9819
f 9438 9439 9821
f 9438 9821 9820
f 9439 9440 9822
f 9439 9822 9821
f 9440 9441 9823
f 9440 9823 9822
f 9441 9442 9824
f 9441 9824 9823
f 9442 9443 9825
f 9442 9825 9824
f 9443 9444 9826
f 9443 9826 9825
f 9444 9445 9827
f 9444 9827 9826
f 9445 9446 9828
f 9445 9828 9827
f 9446 9447 9829
f 9446 9829 9828
f 9447 9448 9830
f 9447 9830 9829
f 9448 9449 9831
f 9448 9831 9830
f 9449 9450 9832
f 9449 9832 9831
f 9450 9451 9833
f 9450 9833 9832
f 9451 9452 9834
f 9451 9834 9833
f 9452 9453 9835
f 9452 9835 9834
f 9453 9454 9836
f 9453 9836 9835
f 9454 9455 9837
f 9454 9837 9836
f 9455 9456 9838
f 9455 9838 9837
f 9456 9457 9839
f 9456 9839 9838
f 9457 9458 9840
f 9457 9840 9839
f 9458 9459 9841
f 9458 9841 9840
f 9459 9460 9842
f 9459 9842 9841
f 9460 9461 9843
f 9460 9843 9842
f 9461 9462 9844
f 9461 9844 9843
f 9462 9463 9845
f 9462 9845 9844
f 9463 9464 9846
f 9463 9846 9845
f 9464 9465 9847
f 9464 9847 9846
f 9465 9466 9848
f 9465 9848 9847
f 9466 9467 9849
f 9466 9849 9848
f 9467 9468 9850
f 9467 9850 9849
f 9468 9469 9851
f 9468 9851 9850
f 9469 9470 9852
f 9469 9852 9851
f 9470 9471 9853
f 9470 9853 9852
f 9471 9472 9854
f 9471 9854 9853
f 9472 9473 9855
f 9472 9855 9854
f 9473 9474 9856
f 9473 9856 9855
f 9474 9475 9857
f 9474 9857 9856
f 9475 9476 9858
f 9475 9858 9857
f 9476 9477 9859
f 9476 9859 9858
f 9477 9478 9860
f 9477 9860 9859
f 9478 9479 9861
f 9478 9861 9860
f 9479 9480 9862
f 9479 9862 9861
f 9480 9481 9863
f 9480 9863 9862
f 9481 9482 9864
f 9481 9864 9863
f 9482 9483 9865
f 9482 9865 9864
f 9483 9484 9866
f 9483 9866 9865
f 9484 9485 9867
f 9484 9867 9866
f 9485 9486 9868
f 9485 9868 9867
f 9486 9487 9869
f 9486 9869 9868
f 9487 9488 9870
f 9487 9870 9869
f 9488 9489 9871
f 9488 9871 9870
f 9489 9490 9872
f 9489 9872 9871
f 9490 9491 9873
f 9490 9873 9872
f 9491 9492 9874
f 9491 9874 9873
f 9492 9493 9875
f 9492 9875 9874
f 9493 9494 9876
f 9493 9876 9875
f 9494 9495 9877
f 9494 9877 9876
f 9495 9496 9878
f 9495 9878 9877
f 9496 9497 9879
f 9496 9879 9878
f 9497 9498 9880
f 9497 9880 9879
f 9498 9499 9881
f 9498 9881 9880
f 9499 9500 9882
f 9499 9882 9881
f 9500 9501 9883
f 9500 9883 9882
f 9501 9502 9884
f 9501 9884 9883
f 9502 9503 9885
f 9502 9885 9884
f 9503 9504 9886
f 9503 9886 9885
f 9504 9505 9887
f 9504 9887 9886
f 9505 9506 9888
f 9505 9888 9887
f 9506 9507 9889
f 9506 9889 9888
f 9507 9508 9890
f 9507 9890 9889
f 9508 9509 9891
f 9508 9891 9890
f 9509 9510 9892
f 9509 9892 9891
f 9510 9511 9893
f 9510 9893 9892
f 9511 9512 9894
f 9511 9894 9893
f 9512 9513 9895
f 9512 9895 9894
f 9513 9514 9896
f 9513 9896 9895
f 9514 9515 9897
f 9514 9897 9896
f 9515 9516 9898
f 9515 9898 9897
f 9516 9517 9899
f 9516 9899 9898
f 9517 9518 9900
f 9517 9900 9899
f 9518 9519 9901
f 9518 9901 9900
f 9519 9520 9902
f 9519 9902 9901
f 9520 9521 9903
f 9520 9903 9902
f 9521 9522 9904
f 9521 9904 9903
f 9522 9523 9905
f 9522 9905 9904
f 9523 9524 9906
f 9523 9906 9905
f 9524 9525 9907
f 9524 9907 9906
f 9525 9526 9908
f 9525 9908 9907
f 9526 9527 9909
f 9526 9909 9908
f 9527 9528 9910
f 9527 9910 9909
f 9528 9529 9911
f 9528 9911 9910
f 9529 9530 9912
f 9529 9912 9911
f 9530 9531 9913
f 9530 9913 9912
f 9531 9532 9914
f 9531 9914 9913
f 9532 9533 9915
f 9532 9915 9914
f 9533 9534 9916
f 9533 9916 9915
f 9534 9535 9917
f 9534 9917 9916
f 9535 9536 9918
f 9535 9918 9917
f 9536 9537 9919
f 9536 9919 9918
f 9537 9538 9920
f 9537 9920 9919
f 9538 9539 9921
f 9538 9921 9920
f 9539 9540 9922
f 9539 9922 9921
f 9540 9541 9923
f 9540 9923 9922
f 9541 9542 9924
f 9541 9924 9923
f 9542 9543 9925
f 9542 9925 9924
f 9543 9544 9926
f 9543 9926 9925
f 9544 9545 9927
f 9544 9927 9926
f 9545 9546 9928
f 9545 9928 9927
f 9546 9547 9929
f 9546 9929 9928
f 9547 9548 9930
f 9547 9930 9929
f 9548 9549 9931
f 9548 9931 9930
f 9549 9550 9932
f 9549 9932 9931
f 9550 9551 9933
f 9550 9933 9932
f 9551 9552 9934
f 9551 9934 9933
f 9552 9553 9935
f 9552 9935 9934
f 9553 9554 9936
f 9553 9936 9935
f 9554 9555 9937
f 9554 9937 9936
f 9555 9556 9938
f 9555 9938 9937
f 9556 9557 9939
f 9556 9939 9938
f 9557 9558 9940
f 9557 9940 9939
f 9558 9559 9941
f 9558 9941 9940
f 9559 9560 9942
f 9559 9942 9941
f 9560 9561 9943
f 9560 9943 9942
f 9561 9562 9944
f 9561 9944 9943
f 9562 9563 9945
f 9562 9945 9944
f 9563 9564 9946
f 9563 9946 9945
f 9564 9565 9947
f 9564 9947 9946
f 9565 9566 9948
f 9565 9948 9947
f 9566 9567 9949
f 9566 9949 9948
f 9567 9568 9950
f 9567 9950 9949
f 9568 9569 9951
f 9568 9951 9950
f 9569 9570 9952
f 9569 9952 9951
f 9570 9571 9953
f 9570 9953 9952
f 9571 9572 9954
f 9571 9954 9953
f 9572 9573 9955
f 9572 9955 9954
f 9573 9574 9956
f 9573 9956 9955
f 9574 9575 9957
f 9574 9957 9956
f 9575 9576 9958
f 9575 9958 9957
f 9576 9577 9959
f 9576 9959 9958
f 9577 9578 9960
f 9577 9960 9959
f 9578 9579 9961
f 9578 9961 9960
f 9579 9580 9962
f 9579 9962 9961
f 9580 9581 9963
f 9580 9963 9962
f 9581 9582 9964
f 9581 9964 9963
f 9582 9583 9965
f 9582 9965 9964
f 9583 9584 9966
f 9583 9966 9965
f 9584 9585 9967
f 9584 9967 9966
f 9585 9586 9968
f 9585 9968 9967
f 9586 9587 9969
f 9586 9969 9968
f 9587 9588 9970
f 9587 9970 9969
f 9588 9589 9971
f 9588 9971 9970
f 9589 9590 9972
f 9589 9972 9971
f 9590 9591 9973
f 9590 9973 9972
f 9591 9592 9974
f 9591 9974 9973
f 9592 9593 9975
f 9592 9975 9974
f 9593 9594 9976
f 9593 9976 9975
f 9594 9595 9977
f 9594 9977 9976
f 9595 9596 9978
f 9595 9978 9977
f 9596 9597 9979
f 9596 9979 9978
f 9597 9598 9980
f 9597 9980 9979
f 9598 9599 9981
f 9598 9981 9980
f 9599 9600 9982
f 9599 9982 9981
f 9600 9601 9983
f 9600 9983 9982
f 9601 9602 9984
f 9601 9984 9983
f 9602 9603 9985
f 9602 9985 9984
f 9603 9604 9986
f 9603 9986 9985
f 9604 9605 9987
f 9604 9987 9986
f 9605 9606 9988
f 9605 9988 9987
f 9606 9607 9989
f 9606 9989 9988
f 9607 9608 9990
f 9607 9990 9989
f 9608 9609 9991
f 9608 9991 9990
f 9609 9610 9992
f 9609 9992 9991
f 9610 9611 9993
f 9610 9993 9992
f 9611 9612 9994
f 9611 9994 9993
f 9612 9613 9995
f 9612 9995 9994
f 9613 9614 9996
f 9613 9996 9995
f 9614 9615 9997
f 9614 9997 9996
f 9615 9616 9998
f 9615 9998 9997
f 9616 9617 9999
f 9616 9999 9998
f 9617 9618 10000
f 9617 10000 9999
f 9618 9619 10001
f 9618 10001 10000
f 9619 9620 10002
f 9619 10002 10001
f 9620 9621 10003
f 9620 10003 10002
f 9621 9622 10004
f 9621 10004 10003
f 9622 9623 10005
f 9622 10005 10004
f 9623 9624 10006
f 9623 10006 10005
f 9624 9625 10007
f 9624 10007 10006
f 9625 9626 10008
f 9625 10008 10007
f 9626 9627 10009
f 9626 10009 10008
f 9627 9628 10010
f 9627 10010 10009
f 9628 9629 10011
f 9628 10011 10010
f 9629 9630 10012
f 9629 10012 10011
f 9630 9631 10013
f 9630 10013 10012
f 9631 9632 10014
f 9631 10014 10013
f 9632 9633 10015
f 9632 10015 10014
f 9633 9634 10016
f 9633 10016 10015
f 9634 9635 10017
f 9634 10017 10016
f 9635 9636 10018
f 9635 10018 10017
f 9636 9637 10019
f 9636 10019 10018
f 9637 9638 10020
f 9637 10020 10019
f 9638 9639 10021
f 9638 10021 10020
f 9639 9640 10022
f 9639 10022 10021
f 9640 9641 10023
f 9640 10023 10022
f 9641 9642 10024
f 9641 10024 10023
f 9642 9643 10025
f 9642 10025 10024
f 9643 9644 10026
f 9643 10026 10025
f 9644 9645 10027
f 9644 10027 10026
f 9645 9646 10028
f 9645 10028 10027
f 9646 9647 10029
f 9646 10029 10028
f 9647 9648 10030
f 9647 10030 10029
f 9648 9649 10031
f 9648 10031 10030
f 9649 9650 10032
f 9649 10032 10031
f 9650 9651 10033
f 9650 10033 10032
f 9651 9652 10034
f 9651 10034 10033
f 9652 9653 10035
f 9652 10035 10034
f 9653 9654 10036
f 9653 10036 10035
f 9654 9655 10037
f 9654 10037 10036
f 9655 9656 10038
f 9655 10038 10037
f 9656 9657 10039
f 9656 10039 10038
f 9657 9658 10040
f 9657 10040 10039
f 9658 9659 10041
f 9658 10041 10040
f 9659 9660 10042
f 9659 10042 10041
f 9660 9661 10043
f 9660 10043 10042
f 9661 9662 10044
f 9661 10044 10043
f 9662 9663 10045
f 9662 10045 10044
f 9663 9664 10046
f 9663 10046 10045
f 9664 9665 10047
f 9664 10047 10046
f 9665 9666 10048
f 9665 10048 10047
f 9666 9667 10049
f 9666 10049 10048
f 9667 9668 10050
f 9667 10050 10049
f 9668 9669 10051
f 9668 10051 10050
f 9669 9670 10052
f 9669 10052 10051
f 9670 9671 10053
f 9670 10053 10052
f 9671 9672 10054
f 9671 10054 10053
f 9672 9673 10055
f 9672 10055 10054
f 9673 9674 10056
f 9673 10056 10055
f 9674 9675 10057
f 9674 10057 10056
f 9675 9676 10058
f 9675 10058 10057
f 9676 9677 10059
f 9676 10059 10058
f 9677 9678 10060
f 9677 10060 10059
f 9678 9679 10061
f 9678 10061 10060
f 9679 9680 10062
f 9679 10062 10061
f 9680 9681 10063
f 9680 10063 10062
f 9681 9682 10064
f 9681 10064 10063
f 9682 9683 10065
f 9682 10065 10064
f 9683 9684 10066
f 9683 10066 10065
f 9684 9685 10067
f 9684 10067 10066
f 9685 9686 10068
f 9685 10068 10067
f 9686 9687 10069
f 9686 10069 10068
f 9687 9688 10070
f 9687 10070 10069
f 9688 9689 10071
f 9688 10071 10070
f 9689 9690 10072
f 9689 10072 10071
f 9690 9691 10073
f 9690 10073 10072
f 9691 9692 10074
f 9691 10074 10073
f 9692 9693 10075
f 9692 10075 10074
f 9693 9694 10076
f 9693 10076 10075
f 9694 9313 9695
f 9694 9695 10076
f 9695 9696 10078
f 9695 10078 10077
f 9696 9697 10079
f 9696 10079 10078
f 9697 9698 10080
f 9697 10080 10079
f 9698 9699 10081
f 9698 10081 10080
f 9699 9700 10082
f 9699 10082 10081
f 9700 9701 10083
f 9700 10083 10082
f 9701 9702 10084
f 9701 10084 10083
f 9702 9703 10085
f 9702 10085 10084
f 9703 9704 10086
f 9703 10086 10085
f 9704 9705 10087
f 9704 10087 10086
f 9705 9706 10088
f 9705 10088 10087
f 9706 9707 10089
f 9706 10089 10088
f 9707 9708 10090
f 9707 10090 10089
f 9708 9709 10091
f 9708 10091 10090
f 9709 9710 10092
f 9709 10092 10091
f 9710 9711 10093
f 9710 10093 10092
f 9711 9712 10094
f 9711 10094 10093
f 9712 9713 10095
f 9712 10095 10094
f 9713 9714 10096
f 9713 10096 10095
f 9714 9715 10097
f 9714 10097 10096
f 9715 9716 10098
f 9715 10098 10097
f 9716 9717 10099
f 9716 10099 10098
f 9717 9718 10100
f 9717 10100 10099
f 9718 9719 10101
f 9718 10101 10100
f 9719 9720 10102
f 9719 10102 10101
f 9720 9721 10103
f 9720 10103 10102
f 9721 9722 10104
f 9721 10104 10103
f 9722 9723 10105
f 9722 10105 10104
f 9723 9724 10106
f 9723 10106 10105
f 9724 9725 10107
f 9724 10107 10106
f 9725 9726 10108
f 9725 10108 10107
f 9726 9727 10109
f 9726 10109 10108
f 9727 9728 10110
f 9727 10110 10109
f 9728 9729 10111
f 9728 10111 10110
f 9729 9730 10112
f 9729 10112 10111
f 9730 9731 10113
f 9730 10113 10112
f 9731 9732 10114
f 9731 10114 10113
f 9732 9733 10115
f 9732 10115 10114
f 9733 9734 10116
f 9733 10116 10115
f 9734 9735 10117
f 9734 10117 10116
f 9735 9736 10118
f 9735 10118 10117
f 9736 9737 10119
f 9736 10119 10118
f 9737 9738 10120
f 9737 10120 10119
f 9738 9739 10121
f 9738 10121 10120
f 9739 9740 10122
f 9739 10122 10121
f 9740 9741 10123
f 9740 10123 10122
f 9741 9742 10124
f 9741 10124 10123
f 9742 9743 10125
f 9742 10125 10124
f 9743 9744 10126
f 9743 10126 10125
f 9744 9745 10127
f 9744 10127 10126
f 9745 9746 10128
f 9745 10128 10127
f 9746 9747 10129
f 9746 10129 10128
f 9747 9748 10130
f 9747 10130 10129
f 9748 9749 10131
f 9748 10131 10130
f 9749 9750 10132
f 9749 10132 10131
f 9750 9751 10133
f 9750 10133 10132
f 9751 9752 10134
f 9751 10134 10133
f 9752 9753 10135
f 9752 10135 10134
f 9753 9754 10136
f 9753 10136 10135
f 9754 9755 10137
f 9754 10137 10136
f 9755 9756 10138
f 9755 10138 10137
f 9756 9757 10139
f 9756 10139 10138
f 9757 9758 10140
f 9757 10140 10139
f 9758 9759 10141
f 9758 10141 10140
f 9759 9760 10142
f 9759 10142 10141
f 9760 9761 10143
f 9760 10143 10142
f 9761 9762 10144
f 9761 10144 10143
f 9762 9763 10145
f 9762 10145 10144
f 9763 9764 10146
f 9763 10146 10145
f 9764 9765 10147
f 9764 10147 10146
f 9765 9766 10148
f 9765 10148 10147
f 9766 9767 10149
f 9766 10149 10148
f 9767 9768 10150
f 9767 10150 10149
f 9768 9769 10151
f 9768 10151 10150
f 9769 9770 10152
f 9769 10152 10151
f 9770 9771 10153
f 9770 10153 10152
f 9771 9772 10154
f 9771 10154 10153
f 9772 9773 10155
f 9772 10155 10154
f 9773 9774 10156
f 9773 10156 10155
f 9774 9775 10157
f 9774 10157 10156
f 9775 9776 10158
f 9775 10158 10157
f 9776 9777 10159
f 9776 10159 10158
f 9777 9778 10160
f 9777 10160 10159
f 9778 9779 10161
f 9778 10161 10160
f 9779 9780 10162
f 9779 10162 10161
f 9780 9781 10163
f 9780 10163 10162
f 9781 9782 10164
f 9781 10164 10163
f 9782 9783 10165
f 9782 10165 10164
f 9783 9784 10166
f 9783 10166 10165
f 9784 9785 10167
f 9784 10167 10166
f 9785 9786 10168
f 9785 10168 10167
f 9786 9787 10169
f 9786 10169 10168
f 9787 9788 10170
f 9787 10170 10169
f 9788 9789 10171
f 9788 10171 10170
f 9789 9790 10172
f 9789 10172 10171
f 9790 9791 10173
f 9790 10173 10172
f 9791 9792 10174
f 9791 10174 10173
f 9792 9793 10175
f 9792 10175 10174
f 9793 9794 10176
f 9793 10176 10175
f 9794 9795 10177
f 9794 10177 10176
f 9795 9796 10178
f 9795 10178 10177
f 9796 9797 10179
f 9796 10179 10178
f 9797 9798 10180
f 9797 10180 10179
f 9798 9799 10181
f 9798 10181 10180
f 9799 9800 10182
f 9799 10182 10181
f 9800 9801 10183
f 9800 10183 10182
f 9801 9802 10184
f 9801 10184 10183
f 9802 9803 10185
f 9802 10185 10184
f 9803 9804 10186
f 9803 10186 10185
f 9804 9805 10187
f 9804 10187 10186
f 9805 9806 10188
f 9805 10188 10187
f 9806 9807 10189
f 9806 10189 10188
f 9807 9808 10190
f 9807 10190 10189
f 9808 9809 10191
f 9808 10191 10190
f 9809 9810 10192
f 9809 10192 10191
f 9810 9811 10193
f 9810 10193 10192
f 9811 9812 10194
f 9811 10194 10193
f 9812 9813 10195
f 9812 10195 10194
f 9813 9814 10196
f 9813 10196 10195
f 9814 9815 10197
f 9814 10197 10196
f 9815 9816 10198
f 9815 10198 10197
f 9816 9817 10199
f 9816 10199 10198
f 9817 9818 10200
f 9817 10200 10199
f 9818 9819 10201
f 9818 10201 10200
f 9819 9820 10202
f 9819 10202 10201
f 9820 9821 10203
f 9820 10203 10202
f 9821 9822 10204
f 9821 10204 10203
f 9822 9823 10205
f 9822 10205 10204
f 9823 9824 10206
f 9823 10206 10205
f 9824 9825 10207
f 9824 10207 10206
f 9825 9826 10208
f 9825 10208 10207
f 9826 9827 10209
f 9826 10209 10208
f 9827 9828 10210
f 9827 10210 10209
f 9828 9829 10211
f 9828 10211 10210
f 9829 9830 10212
f 9829 10212 10211
f 9830 9831 10213
f 9830 10213 10212
f 9831 9832 10214
f 9831 10214 10213
f 9832 9833 10215
f 9832 10215 10214
f 9833 9834 10216
f 9833 10216 10215
f 9834 9835 10217
f 9834 10217 10216
f 9835 9836 10218
f 9835 10218 10217
f 9836 9837 10219
f 9836 10219 10218
f 9837 9838 10220
f 9837 10220 10219
f 9838 9839 10221
f 9838 10221 10220
f 9839 9840 10222
f 9839 10222 10221
f 9840 9841 10223
f 9840 10223 10222
f 9841 9842 10224
f 9841 10224 10223
f 9842 9843 10225
f 9842 10225 10224
f 9843 9844 10226
f 9843 10226 10225
f 9844 9845 10227
f 9844 10227 10226
f 9845 9846 10228
f 9845 10228 10227
f 9846 9847 10229
f 9846 10229 10228
f 9847 9848 10230
f 9847 10230 10229
f 9848 9849 10231
f 9848 10231 10230
f 9849 9850 10232
f 9849 10232 10231
f 9850 9851 10233
f 9850 10233 10232
f 9851 9852 10234
f 9851 10234 10233
f 9852 9853 10235
f 9852 10235 10234
f 9853 9854 10236
f 9853 10236 10235
f 9854 9855 10237
f 9854 10237 10236
f 9855 9856 10238
f 9855 10238 10237
f 9856 9857 10239
f 9856 10239 10238
f 9857 9858 10240
f 9857 10240 10239
f 9858 9859 10241
f 9858 10241 10240
f 9859 9860 10242
f 9859 10242 10241
f 9860 9861 10243
f 9860 10243 10242
f 9861 9862 10244
f 9861 10244 10243
f 9862 9863 10245
f 9862 10245 10244
f 9863 9864 10246
f 9863 10246 10245
f 9864 9865 10247
f 9864 10247 10246
f 9865 9866 10248
f 9865 10248 10247
f 9866 9867 10249
f 9866 10249 10248
f 9867 9868 10250
f 9867 10250 10249
f 9868 9869 10251
f 9868 10251 10250
f 9869 9870 10252
f 9869 10252 10251
f 9870 9871 10253
f 9870 10253 10252
f 9871 9872 10254
f 9871 10254 10253
f 9872 9873 10255
f 9872 10255 10254
f 9873 9874 10256
f 9873 10256 10255
f 9874 9875 10257
f 9874 10257 10256
f 9875 9876 10258
f 9875 10258 10257
f 9876 9877 10259
f 9876 10259 10258
f 9877 9878 10260
f 9877 10260 10259
f 9878 9879 10261
f 9878 10261 10260
f 9879 9880 10262
f 9879 10262 10261
f 9880 9881 10263
f 9880 10263 10262
f 9881 9882 10264
f 9881 10264 10263
f 9882 9883 10265
f 9882 10265 10264
f 9883 9884 10266
f 9883 10266 10265
f 9884 9885 10267
f 9884 10267 10266
f 9885 9886 10268
f 9885 10268 10267
f 9886 9887 10269
f 9886 10269 10268
f 9887 9888 10270
f 9887 10270 10269
f 9888 9889 10271
f 9888 10271 10270
f 9889 9890 10272
f 9889 10272 10271
f 9890 9891 10273
f 9890 10273 10272
f 9891 9892 10274
f 9891 10274 10273
f 9892 9893 10275
f 9892 10275 10274
f 9893 9894 10276
f 9893 10276 10275
f 9894 9895 10277
f 9894 10277 10276
f 9895 9896 10278
f 9895 10278 10277
f 9896 9897 10279
f 9896 10279 10278
f 9897 9898 10280
f 9897 10280 10279
f 9898 9899 10281
f 9898 10281 10280
f 9899 9900 10282
f 9899 10282 10281
f 9900 9901 10283
f 9900 10283 10282
f 9901 9902 10284
f 9901 10284 10283
f 9902 9903 10285
f 9902 10285 10284
f 9903 9904 10286
f 9903 10286 10285
f 9904 9905 10287
f 9904 10287 10286
f 9905 9906 10288
f 9905 10288 10287
f 9906 9907 10289
f 9906 10289 10288
f 9907 9908 10290
f 9907 10290 10289
f 9908 9909 10291
f 9908 10291 10290
f 9909 9910 10292
f 9909 10292 10291
f 9910 9911 10293
f 9910 10293 10292
f 9911 9912 10294
f 9911 10294 10293
f 9912 9913 10295
f 9912 10295 10294
f 9913 9914 10296
f 9913 10296 10295
f 9914 9915 10297
f 9914 10297 10296
f 9915 9916 10298
f 9915 10298 10297
f 9916 9917 10299
f 9916 10299 10298
f 9917 9918 10300
f 9917 10300 10299
f 9918 9919 10301
f 9918 10301 10300
f 9919 9920 10302
f 9919 10302 10301
f 9920 9921 10303
f 9920 10303 10302
f 9921 9922 10304
f 9921 10304 10303
f 9922 9923 10305
f 9922 10305 10304
f 9923 9924 10306
f 9923 10306 10305
f 9924 9925 10307
f 9924 10307 10306
f 9925 9926 10308
f 9925 10308 10307
f 9926 9927 10309
f 9926 10309 10308
f 9927 9928 10310
f 9927 10310 10309
f 9928 9929 10311
f 9928 10311 10310
f 9929 9930 10312
f 9929 10312 10311
f 9930 9931 10313
f 9930 10313 10312
f 9931 9932 10314
f 9931 10314 10313
f 9932 9933 10315
f 9932 10315 10314
f 9933 9934 10316
f 9933 10316 10315
f 9934 9935 10317
f 9934 10317 10316
f 9935 9936 10318
f 9935 10318 10317
f 9936 9937 10319
f 9936 10319 10318
f 9937 9938 10320
f 9937 10320 10319
f 9938 9939 10321
f 9938 10321 10320
f 9939 9940 10322
f 9939 10322 10321
f 9940 9941 10323
f 9940 10323 10322
f 9941 9942 10324
f 9941 10324 10323
f 9942 9943 10325
f 9942 10325 10324
f 9943 9944 10326
f 9943 10326 10325
f 9944 9945 10327
f 9944 10327 10326
f 9945 9946 10328
f 9945 10328 10327
f 9946 9947 10329
f 9946 10329 10328
f 9947 9948 10330
f 9947 10330 10329
f 9948 9949 10331
f 9948 10331 10330
f 9949 9950 10332
f 9949 10332 10331
f 9950 9951 10333
f 9950 10333 10332
f 9951 9952 10334
f 9951 10334 10333
f 9952 9953 10335
f 9952 10335 10334
f 9953 9954 10336
f 9953 10336 10335
f 9954 9955 10337
f 9954 10337 10336
f 9955 9956 10338
f 9955 10338 10337
f 9956 9957 10339
f 9956 10339 10338
f 9957 9958 10340
f 9957 10340 10339
f 9958 9959 10341
f 9958 10341 10340
f 9959 9960 10342
f 9959 10342 10341
f 9960 9961 10343
f 9960 10343 10342
f 9961 9962 10344
f 9961 10344 10343
f 9962 9963 10345
f 9962 10345 10344
f 9963 9964 10346
f 9963 10346 10345
f 9964 9965 10347
f 9964 10347 10346
f 9965 9966 10348
f 9965 10348 10347
f 9966 9967 10349
f 9966 10349 10348
f 9967 9968 10350
f 9967 10350 10349
f 9968 9969 10351
f 9968 10351 10350
f 9969 9970 10352
f 9969 10352 10351
f 9970 9971 10353
f 9970 10353 10352
f 9971 9972 10354
f 9971 10354 10353
f 9972 9973 10355
f 9972 10355 10354
f 9973 9974 10356
f 9973 10356 10355
f 9974 9975 10357
f 9974 10357 10356
f 9975 9976 10358
f 9975 10358 10357
f 9976 9977 10359
f 9976 10359 10358
f 9977 9978 10360
f 9977 10360 10359
f 9978 9979 10361
f 9978 10361 10360
f 9979 9980 10362
f 9979 10362 10361
f 9980 9981 10363
f 9980 10363 10362
f 9981 9982 10364
f 9981 10364 10363
f 9982 9983 10365
f 9982 10365 10364
f 9983 9984 10366
f 9983 10366 10365
f 9984 9985 10367
f 9984 10367 10366
f 9985 9986 10368
f 9985 10368 10367
f 9986 9987 10369
f 9986 10369 10368
f 9987 9988 10370
f 9987 10370 10369
f 9988 9989 10371
f 9988 10371 10370
f 9989 9990 10372
f 9989 10372 10371
f 9990 9991 10373
f 9990 10373 10372
f 9991 9992 10374
f 9991 10374 10373
f 9992 9993 10375
f 9992 10375 10374
f 9993 9994 10376
f 9993 10376 10375
f 9994 9995 10377
f 9994 10377 10376
f 9995 9996 10378
f 9995 10378 10377
f 9996 9997 10379
f 9996 10379 10378
f 9997 9998 10380
f 9997 10380 10379
f 9998 9999 10381
f 9998 10381 10380
f 9999 10000 10382
f 9999 10382 10381
f 10000 10001 10383
f 10000 10383 10382
f 10001 10002 10384
f 10001 10384 10383
f 10002 10003 10385
f 10002 10385 10384
f 10003 10004 10386
f 10003 10386 10385
f 10004 10005 10387
f 10004 10387 10386
f 10005 10006 10388
f 10005 10388 10387
f 10006 10007 10389
f 10006 10389 10388
f 10007 10008 10390
f 10007 10390 10389
f 10008 10009 10391
f 10008 10391 10390
f 10009 10010 10392
f 10009 10392 10391
f 10010 10011 10393
f 10010 10393 10392
f 10011 10012 10394
f 10011 10394 10393
f 10012 10013 10395
f 10012 10395 10394
f 10013 10014 10396
f 10013 10396 10395
f 10014 10015 10397
f 10014 10397 10396
f 10015 10016 10398
f 10015 10398 10397
f 10016 10017 10399
f 10016 10399 10398
f 10017 10018 10400
f 10017 10400 10399
f 10018 10019 10401
f 10018 10401 10400
f 10019 10020 10402
f 10019 10402 10401
f 10020 10021 10403
f 10020 10403 10402
f 10021 10022 10404
f 10021 10404 10403
f 10022 10023 10405
f 10022 10405 10404
f 10023 10024 10406
f 10023 10406 10405
f 10024 10025 10407
f 10024 10407 10406
f 10025 10026 10408
f 10025 10408 10407
f 10026 10027 10409
f 10026 10409 10408
f 10027 10028 10410
f 10027 10410 10409
f 10028 10029 10411
f 10028 10411 10410
f 10029 10030 10412
f 10029 10412 10411
f 10030 10031 10413
f 10030 10413 10412
f 10031 10032 10414
f 10031 10414 10413
f 10032 10033 10415
f 10032 10415 10414
f 10033 10034 10416
f 10033 10416 10415
f 10034 10035 10417
f 10034 10417 10416
f 10035 10036 10418
f 10035 10418 10417
f 10036 10037 10419
f 10036 10419 10418
f 10037 10038 10420
f 10037 10420 10419
f 10038 10039 10421
f 10038 10421 10420
f 10039 10040 10422
f 10039 10422 10421
f 10040 10041 10423
f 10040 10423 10422
f 10041 10042 10424
f 10041 10424 10423
f 10042 10043 10425
f 10042 10425 10424
f 10043 10044 10426
f 10043 10426 10425
f 10044 10045 10427
f 10044 10427 10426
f 10045 10046 10428
f 10045 10428 10427
f 10046 10047 10429
f 10046 10429 10428
f 10047 10048 10430
f 10047 10430 10429
f 10048 10049 10431
f 10048 10431 10430
f 10049 10050 10432
f 10049 10432 10431
f 10050 10051 10433
f 10050 10433 10432
f 10051 10052 10434
f 10051 10434 10433
f 10052 10053 10435
f 10052 10435 10434
f 10053 10054 10436
f 10053 10436 10435
f 10054 10055 10437
f 10054 10437 10436
f 10055 10056 10438
f 10055 10438 10437
f 10056 10057 10439
f 10056 10439 10438
f 10057 10058 10440
f 10057 10440 10439
f 10058 10059 10441
f 10058 10441 10440
f 10059 10060 10442
f 10059 10442 10441
f 10060 10061 10443
f 10060 10443 10442
f 10061 10062 10444
f 10061 10444 10443
f 10062 10063 10445
f 10062 10445 10444
f 10063 10064 10446
f 10063 10446 10445
f 10064 10065 10447
f 10064 10447 10446
f 10065 10066 10448
f 10065 10448 10447
f 10066 10067 10449
f 10066 10449 10448
f 10067 10068 10450
f 10067 10450 10449
f 10068 10069 10451
f 10068 10451 10450
f 10069 10070 10452
f 10069 10452 10451
f 10070 10071 10453
f 10070 10453 10452
f 10071 10072 10454
f 10071 10454 10453
f 10072 10073 10455
f 10072 10455 10454
f 10073 10074 10456
f 10073 10456 10455
f 10074 10075 10457
f 10074 10457 10456
f 10075 10076 10458
f 10075 10458 10457
f 10076 9695 10077
f 10076 10077 10458
f 10077 10078 10460
f 10077 10460 10459
f 10078 10079 10461
f 10078 10461 10460
f 10079 10080 10462
f 10079 10462 10461
f 10080 10081 10463
f 10080 10463 10462
f 10081 10082 10464
f 10081 10464 10463
f 10082 10083 10465
f 10082 10465 10464
f 10083 10084 10466
f 10083 10466 10465
f 10084 10085 10467
f 10084 10467 10466
f 10085 10086 10468
f 10085 10468 10467
f 10086 10087 10469
f 10086 10469 10468
f 10087 10088 10470
f 10087 10470 10469
f 10088 10089 10471
f 10088 10471 10470
f 10089 10090 10472
f 10089 10472 10471
f 10090 10091 10473
f 10090 10473 10472
f 10091 10092 10474
f 10091 10474 10473
f 10092 10093 10475
f 10092 10475 10474
f 10093 10094 10476
f 10093 10476 10475
f 10094 10095 10477
f 10094 10477 10476
f 10095 10096 10478
f 10095 10478 10477
f 10096 10097 10479
f 10096 10479 10478
f 10097 10098 10480
f 10097 10480 10479
f 10098 10099 10481
f 10098 10481 10480
f 10099 10100 10482
f 10099 10482 10481
f 10100 10101 10483
f 10100 10483 10482
f 10101 10102 10484
f 10101 10484 10483
f 10102 10103 10485
f 10102 10485 10484
f 10103 10104 10486
f 10103 10486 10485
f 10104 10105 10487
f 10104 10487 10486
f 10105 10106 10488
f 10105 10488 10487
f 10106 10107 10489
f 10106 10489 10488
f 10107 10108 10490
f 10107 10490 10489
f 10108 10109 10491
f 10108 10491 10490
f 10109 10110 10492
f 10109 10492 10491
f 10110 10111 10493
f 10110 10493 10492
f 10111 10112 10494
f 10111 10494 10493
f 10112 10113 10495
f 10112 10495 10494
f 10113 10114 10496
f 10113 10496 10495
f 10114 10115 10497
f 10114 10497 10496
f 10115 10116 10498
f 10115 10498 10497
f 10116 10117 10499
f 10116 10499 10498
f 10117 10118 10500
f 10117 10500 10499
f 10118 10119 10501
f 10118 10501 10500
f 10119 10120 10502
f 10119 10502 10501
f 10120 10121 10503
f 10120 10503 10502
f 10121 10122 10504
f 10121 10504 10503
f 10122 10123 10505
f 10122 10505 10504
f 10123 10124 10506
f 10123 10506 10505
f 10124 10125 10507
f 10124 10507 10506
f 10125 10126 10508
f 10125 10508 10507
f 10126 10127 10509
f 10126 10509 10508
f 10127 10128 10510
f 10127 10510 10509
f 10128 10129 10511
f 10128 10511 10510
f 10129 10130 10512
f 10129 10512 10511
f 10130 10131 10513
f 10130 10513 10512
f 10131 10132 10514
f 10131 10514 10513
f 10132 10133 10515
f 10132 10515 10514
f 10133 10134 10516
f 10133 10516 10515
f 10134 10135 10517
f 10134 10517 10516
f 10135 10136 10518
f 10135 10518 10517
f 10136 10137 10519
f 10136 10519 10518
f 10137 10138 10520
f 10137 10520 10519
f 10138 10139 10521
f 10138 10521 10520
f 10139 10140 10522
f 10139 10522 10521
f 10140 10141 10523
f 10140 10523 10522
f 10141 10142 10524
f 10141 10524 10523
f 10142 10143 10525
f 10142 10525 10524
f 10143 10144 10526
f 10143 10526 10525
f 10144 10145 10527
f 10144 10527 10526
f 10145 10146 10528
f 10145 10528 10527
f 10146 10147 10529
f 10146 10529 10528
f 10147 10148 10530
f 10147 10530 10529
f 10148 10149 10531
f 10148 10531 10530
f 10149 10150 10532
f 10149 10532 10531
f 10150 10151 10533
f 10150 10533 10532
f 10151 10152 10534
f 10151 10534 10533
f 10152 10153 10535
f 10152 10535 10534
f 10153 10154 10536
f 10153 10536 10535
f 10154 10155 10537
f 10154 10537 10536
f 10155 10156 10538
f 10155 10538 10537
f 10156 10157 10539
f 10156 10539 10538
f 10157 10158 10540
f 10157 10540 10539
f 10158 10159 10541
f 10158 10541 10540
f 10159 10160 10542
f 10159 10542 10541
f 10160 10161 10543
f 10160 10543 10542
f 10161 10162 10544
f 10161 10544 10543
f 10162 10163 10545
f 10162 10545 10544
f 10163 10164 10546
f 10163 10546 10545
f 10164 10165 10547
f 10164 10547 10546
f 10165 10166 10548
f 10165 10548 10547
f 10166 10167 10549
f 10166 10549 10548
f 10167 10168 10550
f 10167 10550 10549
f 10168 10169 10551
f 10168 10551 10550
f 10169 10170 10552
f 10169 10552 10551
f 10170 10171 10553
f 10170 10553 10552
f 10171 10172 10554
f 10171 10554 10553
f 10172 10173 10555
f 10172 10555 10554
f 10173 10174 10556
f 10173 10556 10555
f 10174 10175 10557
f 10174 10557 10556
f 10175 10176 10558
f 10175 10558 10557
f 10176 10177 10559
f 10176 10559 10558
f 10177 10178 10560
f 10177 10560 10559
f 10178 10179 10561
f 10178 10561 10560
f 10179 10180 10562
f 10179 10562 10561
f 10180 10181 10563
f 10180 10563 10562
f 10181 10182 10564
f 10181 10564 10563
f 10182 10183 10565
f 10182 10565 10564
f 10183 10184 10566
f 10183 10566 10565
f 10184 10185 10567
f 10184 10567 10566
f 10185 10186 10568
f 10185 10568 10567
f 10186 10187 10569
f 10186 10569 10568
f 10187 10188 10570
f 10187 10570 10569
f 10188 10189 10571
f 10188 10571 10570
f 10189 10190 10572
f 10189 10572 10571
f 10190 10191 10573
f 10190 10573 10572
f 10191 10192 10574
f 10191 10574 10573
f 10192 10193 10575
f 10192 10575 10574
f 10193 10194 10576
f 10193 10576 10575
f 10194 10195 10577
f 10194 10577 10576
f 10195 10196 10578
f 10195 10578 10577
f 10196 10197 10579
f 10196 10579 10578
f 10197 10198 10580
f 10197 10580 10579
f 10198 10199 10581
f 10198 10581 10580
f 10199 10200 10582
f 10199 10582 10581
f 10200 10201 10583
f 10200 10583 10582
f 10201 10202 10584
f 10201 10584 10583
f 10202 10203 10585
f 10202 10585 10584
f 10203 10204 10586
f 10203 10586 10585
f 10204 10205 10587
f 10204 10587 10586
f 10205 10206 10588
f 10205 10588 10587
f 10206 10207 10589
f 10206 10589 10588
f 10207 10208 10590
f 10207 10590 10589
f 10208 10209 10591
f 10208 10591 10590
f 10209 10210 10592
f 10209 10592 10591
f 10210 10211 10593
f 10210 10593 10592
f 10211 10212 10594
f 10211 10594 10593
f 10212 10213 10595
f 10212 10595 10594
f 10213 10214 10596
f 10213 10596 10595
f 10214 10215 10597
f 10214 10597 10596
f 10215 10216 10598
f 10215 10598 10597
f 10216 10217 10599
f 10216 10599 10598
f 10217 10218 10600
f 10217 10600 10599
f 10218 10219 10601
f 10218 10601 10600
f 10219 10220 10602
f 10219 10602 10601
f 10220 10221 10603
f 10220 10603 10602
f 10221 10222 10604
f 10221 10604 10603
f 10222 10223 10605
f 10222 10605 10604
f 10223 10224 10606
f 10223 10606 10605
f 10224 10225 10607
f 10224 10607 10606
f 10225 10226 10608
f 10225 10608 10607
f 10226 10227 10609
f 10226 10609 10608
f 10227 10228 10610
f 10227 10610 10609
f 10228 10229 10611
f 10228 10611 10610
f 10229 10230 10612
f 10229 10612 10611
f 10230 10231 10613
f 10230 10613 10612
f 10231 10232 10614
f 10231 10614 10613
f 10232 10233 10615
f 10232 10615 10614
f 10233 10234 10616
f 10233 10616 10615
f 10234 10235 10617
f 10234 10617 10616
f 10235 10236 10618
f 10235 10618 10617
f 10236 10237 10619
f 10236 10619 10618
f 10237 10238 10620
f 10237 10620 10619
f 10238 10239 10621
f 10238 10621 10620
f 10239 10240 10622
f 10239 10622 10621
f 10240 10241 10623
f 10240 10623 10622
f 10241 10242 10624
f 10241 10624 10623
f 10242 10243 10625
f 10242 10625 10624
f 10243 10244 10626
f 10243 10626 10625
f 10244 10245 10627
f 10244 10627 10626
f 10245 10246 10628
f 10245 10628 10627
f 10246 10247 10629
f 10246 10629 10628
f 10247 10248 10630
f 10247 10630 10629
f 10248 10249 10631
f 10248 10631 10630
f 10249 10250 10632
f 10249 10632 10631
f 10250 10251 10633
f 10250 10633 10632
f 10251 10252 10634
f 10251 10634 10633
f 10252 10253 10635
f 10252 10635 10634
f 10253 10254 10636
f 10253 10636 10635
f 10254 10255 10637
f 10254 10637 10636
f 10255 10256 10638
f 10255 10638 10637
f 10256 10257 10639
f 10256 10639 10638
f 10257 10258 10640
f 10257 10640 10639
f 10258 10259 10641
f 10258 10641 10640
f 10259 10260 10642
f 10259 10642 10641
f 10260 10261 10643
f 10260 10643 10642
f 10261 10262 10644
f 10261 10644 10643
f 10262 10263 10645
f 10262 10645 10644
f 10263 10264 10646
f 10263 10646 10645
f 10264 10265 10647
f 10264 10647 10646
f 10265 10266 10648
f 10265 10648 10647
f 10266 10267 10649
f 10266 10649 10648
f 10267 10268 10650
f 10267 10650 10649
f 10268 10269 10651
f 10268 10651 10650
f 10269 10270 10652
f 10269 10652 10651
f 10270 10271 10653
f 10270 10653 10652
f 10271 10272 10654
f 10271 10654 10653
f 10272 10273 10655
f 10272 10655 10654
f 10273 10274 10656
f 10273 10656 10655
f 10274 10275 10657
f 10274 10657 10656
f 10275 10276 10658
f 10275 10658 10657
f 10276 10277 10659
f 10276 10659 10658
f 10277 10278 10660
f 10277 10660 10659
f 10278 10279 10661
f 10278 10661 10660
f 10279 10280 10662
f 10279 10662 10661
f 10280 10281 10663
f 10280 10663 10662
f 10281 10282 10664
f 10281 10664 10663
f 10282 10283 10665
f 10282 10665 10664
f 10283 10284 10666
f 10283 10666 10665
f 10284 10285 10667
f 10284 10667 10666
f 10285 10286 10668
f 10285 10668 10667
f 10286 10287 10669
f 10286 10669 10668
f 10287 10288 10670
f 10287 10670 10669
f 10288 10289 10671
f 10288 10671 10670
f 10289 10290 10672
f 10289 10672 10671
f 10290 10291 10673
f 10290 10673 10672
f 10291 10292 10674
f 10291 10674 10673
f 10292 10293 10675
f 10292 10675 10674
f 10293 10294 10676
f 10293 10676 10675
f 10294 10295 10677
f 10294 10677 10676
f 10295 10296 10678
f 10295 10678 10677
f 10296 10297 10679
f 10296 10679 10678
f 10297 10298 10680
f 10297 10680 10679
f 10298 10299 10681
f 10298 10681 10680
f 10299 10300 10682
f 10299 10682 10681
f 10300 10301 10683
f 10300 10683 10682
f 10301 10302 10684
f 10301 10684 10683
f 10302 10303 10685
f 10302 10685 10684
f 10303 10304 10686
f 10303 10686 10685
f 10304 10305 10687
f 10304 10687 10686
f 10305 10306 10688
f 10305 10688 10687
f 10306 10307 10689
f 10306 10689 10688
f 10307 10308 10690
f 10307 10690 10689
f 10308 10309 10691
f 10308 10691 10690
f 10309 10310 10692
f 10309 10692 10691
f 10310 10311 10693
f 10310 10693 10692
f 10311 10312 10694
f 10311 10694 10693
f 10312 10313 10695
f 10312 10695 10694
f 10313 10314 10696
f 10313 10696 10695
f 10314 10315 10697
f 10314 10697 10696
f 10315 10316 10698
f 10315 10698 10697
f 10316 10317 10699
f 10316 10699 10698
f 10317 10318 10700
f 10317 10700 10699
f 10318 10319 10701
f 10318 10701 10700
f 10319 10320 10702
f 10319 10702 10701
f 10320 10321 10703
f 10320 10703 10702
f 10321 10322 10704
f 10321 10704 10703
f 10322 10323 10705
f 10322 10705 10704
f 10323 10324 10706
f 10323 10706 10705
f 10324 10325 10707
f 10324 10707 10706
f 10325 10326 10708
f 10325 10708 10707
f 10326 10327 10709
f 10326 10709 10708
f 10327 10328 10710
f 10327 10710 10709
f 10328 10329 10711
f 10328 10711 10710
f 10329 10330 10712
f 10329 10712 10711
f 10330 10331 10713
f 10330 10713 10712
f 10331 10332 10714
f 10331 10714 10713
f 10332 10333 10715
f 10332 10715 10714
f 10333 10334 10716
f 10333 10716 10715
f 10334 10335 10717
f 10334 10717 10716
f 10335 10336 10718
f 10335 10718 10717
f 10336 10337 10719
f 10336 10719 10718
f 10337 10338 10720
f 10337 10720 10719
f 10338 10339 10721
f 10338 10721 10720
f 10339 10340 10722
f 10339 10722 10721
f 10340 10341 10723
f 10340 10723 10722
f 10341 10342 10724
f 10341 10724 10723
f 10342 10343 10725
f 10342 10725 10724
f 10343 10344 10726
f 10343 10726 10725
f 10344 10345 10727
f 10344 10727 10726
f 10345 10346 10728
f 10345 10728 10727
f 10346 10347 10729
f 10346 10729 10728
f 10347 10348 10730
f 10347 10730 10729
f 10348 10349 10731
f 10348 10731 10730
f 10349 10350 10732
f 10349 10732 10731
f 10350 10351 10733
f 10350 10733 10732
f 10351 10352 10734
f 10351 10734 10733
f 10352 10353 10735
f 10352 10735 10734
f 10353 10354 10736
f 10353 10736 10735
f 10354 10355 10737
f 10354 10737 10736
f 10355 10356 10738
f 10355 10738 10737
f 10356 10357 10739
f 10356 10739 10738
f 10357 10358 10740
f 10357 10740 10739
f 10358 10359 10741
f 10358 10741 10740
f 10359 10360 10742
f 10359 10742 10741
f 10360 10361 10743
f 10360 10743 10742
f 10361 10362 10744
f 10361 10744 10743
f 10362 10363 10745
f 10362 10745 10744
f 10363 10364 10746
f 10363 10746 10745
f 10364 10365 10747
f 10364 10747 10746
f 10365 10366 10748
f 10365 10748 10747
f 10366 10367 10749
f 10366 10749 10748
f 10367 10368 10750
f 10367 10750 10749
f 10368 10369 10751
f 10368 10751 10750
f 10369 10370 10752
f 10369 10752 10751
f 10370 10371 10753
f 10370 10753 10752
f 10371 10372 10754
f 10371 10754 10753
f 10372 10373 10755
f 10372 10755 10754
f 10373 10374 10756
f 10373 10756 10755
f 10374 10375 10757
f 10374 10757 10756
f 10375 10376 10758
f 10375 10758 10757
f 10376 10377 10759
f 10376 10759 10758
f 10377 10378 10760
f 10377 10760 10759
f 10378 10379 10761
f 10378 10761 10760
f 10379 10380 10762
f 10379 10762 10761
f 10380 10381 10763
f 10380 10763 10762
f 10381 10382 10764
f 10381 10764 10763
f 10382 10383 10765
f 10382 10765 10764
f 10383 10384 10766
f 10383 10766 10765
f 10384 10385 10767
f 10384 10767 10766
f 10385 10386 10768
f 10385 10768 10767
f 10386 10387 10769
f 10386 10769 10768
f 10387 10388 10770
f 10387 10770 10769
f 10388 10389 10771
f 10388 10771 10770
f 10389 10390 10772
f 10389 10772 10771
f 10390 10391 10773
f 10390 10773 10772
f 10391 10392 10774
f 10391 10774 10773
f 10392 10393 10775
f 10392 10775 10774
f 10393 10394 10776
f 10393 10776 10775
f 10394 10395 10777
f 10394 10777 10776
f 10395 10396 10778
f 10395 10778 10777
f 10396 10397 10779
f 10396 10779 10778
f 10397 10398 10780
f 10397 10780 10779
f 10398 10399 10781
f 10398 10781 10780
f 10399 10400 10782
f 10399 10782 10781
f 10400 10401 10783
f 10400 10783 10782
f 10401 10402 10784
f 10401 10784 10783
f 10402 10403 10785
f 10402 10785 10784
f 10403 10404 10786
f 10403 10786 10785
f 10404 10405 10787
f 10404 10787 10786
f 10405 10406 10788
f 10405 10788 10787
f 10406 10407 10789
f 10406 10789 10788
f 10407 10408 10790
f 10407 10790 10789
f 10408 10409 10791
f 10408 10791 10790
f 10409 10410 10792
f 10409 10792 10791
f 10410 10411 10793
f 10410 10793 10792
f 10411 10412 10794
f 10411 10794 10793
f 10412 10413 10795
f 10412 10795 10794
f 10413 10414 10796
f 10413 10796 10795
f 10414 10415 10797
f 10414 10797 10796
f 10415 10416 10798
f 10415 10798 10797
f 10416 10417 10799
f 10416 10799 10798
f 10417 10418 10800
f 10417 10800 10799
f 10418 10419 10801
f 10418 10801 10800
f 10419 10420 10802
f 10419 10802 10801
f 10420 10421 10803
f 10420 10803 10802
f 10421 10422 10804
f 10421 10804 10803
f 10422 10423 10805
f 10422 10805 10804
f 10423 10424 10806
f 10423 10806 10805
f 10424 10425 10807
f 10424 10807 10806
f 10425 10426 10808
f 10425 10808 10807
f 10426 10427 10809
f 10426 10809 10808
f 10427 10428 10810
f 10427 10810 10809
f 10428 10429 10811
f 10428 10811 10810
f 10429 10430 10812
f 10429 10812 10811
f 10430 10431 10813
f 10430 10813 10812
f 10431 10432 10814
f 10431 10814 10813
f 10432 10433 10815
f 10432 10815 10814
f 10433 10434 10816
f 10433 10816 10815
f 10434 10435 10817
f 10434 10817 10816
f 10435 10436 10818
f 10435 10818 10817
f 10436 10437 10819
f 10436 10819 10818
f 10437 10438 10820
f 10437 10820 10819
f 10438 10439 10821
f 10438 10821 10820
f 10439 10440 10822
f 10439 10822 10821
f 10440 10441 10823
f 10440 10823 10822
f 10441 10442 10824
f 10441 10824 10823
f 10442 10443 10825
f 10442 10825 10824
f 10443 10444 10826
f 10443 10826 10825
f 10444 10445 10827
f 10444 10827 10826
f 10445 10446 10828
f 10445 10828 10827
f 10446 10447 10829
f 10446 10829 10828
f 10447 10448 10830
f 10447 10830 10829
f 10448 10449 10831
f 10448 10831 10830
f 10449 10450 10832
f 10449 10832 10831
f 10450 10451 10833
f 10450 10833 10832
f 10451 10452 10834
f 10451 10834 10833
f 10452 10453 10835
f 10452 10835 10834
f 10453 10454 10836
f 10453 10836 10835
f 10454 10455 10837
f 10454 10837 10836
f 10455 10456 10838
f 10455 10838 10837
f 10456 10457 10839
f 10456 10839 10838
f 10457 10458 10840
f 10457 10840 10839
f 10458 10077 10459
f 10458 10459 10840
f 10459 10460 10842
f 10459 10842 10841
f 10460 10461 10843
f 10460 10843 10842
f 10461 10462 10844
f 10461 10844 10843
f 10462 10463 10845
f 10462 10845 10844
f 10463 10464 10846
f 10463 10846 10845
f 10464 10465 10847
f 10464 10847 10846
f 10465 10466 10848
f 10465 10848 10847
f 10466 10467 10849
f 10466 10849 10848
f 10467 10468 10850
f 10467 10850 10849
f 10468 10469 10851
f 10468 10851 10850
f 10469 10470 10852
f 10469 10852 10851
f 10470 10471 10853
f 10470 10853 10852
f 10471 10472 10854
f 10471 10854 10853
f 10472 10473 10855
f 10472 10855 10854
f 10473 10474 10856
f 10473 10856 10855
f 10474 10475 10857
f 10474 10857 10856
f 10475 10476 10858
f 10475 10858 10857
f 10476 10477 10859
f 10476 10859 10858
f 10477 10478 10860
f 10477 10860 10859
f 10478 10479 10861
f 10478 10861 10860
f 10479 10480 10862
f 10479 10862 10861
f 10480 10481 10863
f 10480 10863 10862
f 10481 10482 10864
f 10481 10864 10863
f 10482 10483 10865
f 10482 10865 10864
f 10483 10484 10866
f 10483 10866 10865
f 10484 10485 10867
f 10484 10867 10866
f 10485 10486 10868
f 10485 10868 10867
f 10486 10487 10869
f 10486 10869 10868
f 10487 10488 10870
f 10487 10870 10869
f 10488 10489 10871
f 10488 10871 10870
f 10489 10490 10872
f 10489 10872 10871
f 10490 10491 10873
f 10490 10873 10872
f 10491 10492 10874
f 10491 10874 10873
f 10492 10493 10875
f 10492 10875 10874
f 10493 10494 10876
f 10493 10876 10875
f 10494 10495 10877
f 10494 10877 10876
f 10495 10496 10878
f 10495 10878 10877
f 10496 10497 10879
f 10496 10879 10878
f 10497 10498 10880
f 10497 10880 10879
f 10498 10499 10881
f 10498 10881 10880
f 10499 10500 10882
f 10499 10882 10881
f 10500 10501 10883
f 10500 10883 10882
f 10501 10502 10884
f 10501 10884 10883
f 10502 10503 10885
f 10502 10885 10884
f 10503 10504 10886
f 10503 10886 10885
f 10504 10505 10887
f 10504 10887 10886
f 10505 10506 10888
f 10505 10888 10887
f 10506 10507 10889
f 10506 10889 10888
f 10507 10508 10890
f 10507 10890 10889
f 10508 10509 10891
f 10508 10891 10890
f 10509 10510 10892
f 10509 10892 10891
f 10510 10511 10893
f 10510 10893 10892
f 10511 10512 10894
f 10511 10894 10893
f 10512 10513 10895
f 10512 10895 10894
f 10513 10514 10896
f 10513 10896 10895
f 10514 10515 10897
f 10514 10897 10896
f 10515 10516 10898
f 10515 10898 10897
f 10516 10517 10899
f 10516 10899 10898
f 10517 10518 10900
f 10517 10900 10899
f 10518 10519 10901
f 10518 10901 10900
f 10519 10520 10902
f 10519 10902 10901
f 10520 10521 10903
f 10520 10903 10902
f 10521 10522 10904
f 10521 10904 10903
f 10522 10523 10905
f 10522 10905 10904
f 10523 10524 10906
f 10523 10906 10905
f 10524 10525 10907
f 10524 10907 10906
f 10525 10526 10908
f 10525 10908 10907
f 10526 10527 10909
f 10526 10909 10908
f 10527 10528 10910
f 10527 10910 10909
f 10528 10529 10911
f 10528 10911 10910
f 10529 10530 10912
f 10529 10912 10911
f 10530 10531 10913
f 10530 10913 10912
f 10531 10532 10914
f 10531 10914 10913
f 10532 10533 10915
f 10532 10915 10914
f 10533 10534 10916
f 10533 10916 10915
f 10534 10535 10917
f 10534 10917 10916
f 10535 10536 10918
f 10535 10918 10917
f 10536 10537 10919
f 10536 10919 10918
f 10537 10538 10920
f 10537 10920 10919
f 10538 10539 10921
f 10538 10921 10920
f 10539 10540 10922
f 10539 10922 10921
f 10540 10541 10923
f 10540 10923 10922
f 10541 10542 10924
f 10541 10924 10923
f 10542 10543 10925
f 10542 10925 10924
f 10543 10544 10926
f 10543 10926 10925
f 10544 10545 10927
f 10544 10927 10926
f 10545 10546 10928
f 10545 10928 10927
f 10546 10547 10929
f 10546 10929 10928
f 10547 10548 10930
f 10547 10930 10929
f 10548 10549 10931
f 10548 10931 10930
f 10549 10550 10932
f 10549 10932 10931
f 10550 10551 10933
f 10550 10933 10932
f 10551 10552 10934
f 10551 10934 10933
f 10552 10553 10935
f 10552 10935 10934
f 10553 10554 10936
f 10553 10936 10935
f 10554 10555 10937
f 10554 10937 10936
f 10555 10556 10938
f 10555 10938 10937
f 10556 10557 10939
f 10556 10939 10938
f 10557 10558 10940
f 10557 10940 10939
f 10558 10559 10941
f 10558 10941 10940
f 10559 10560 10942
f 10559 10942 10941
f 10560 10561 10943
f 10560 10943 10942
f 10561 10562 10944
f 10561 10944 10943
f 10562 10563 10945
f 10562 10945 10944
f 10563 10564 10946
f 10563 10946 10945
f 10564 10565 10947
f 10564 10947 10946
f 10565 10566 10948
f 10565 10948 10947
f 10566 10567 10949
f 10566 10949 10948
f 10567 10568 10950
f 10567 10950 10949
f 10568 10569 10951
f 10568 10951 10950
f 10569 10570 10952
f 10569 10952 10951
f 10570 10571 10953
f 10570 10953 10952
f 10571 10572 10954
f 10571 10954 10953
f 10572 10573 10955
f 10572 10955 10954
f 10573 10574 10956
f 10573 10956 10955
f 10574 10575 10957
f 10574 10957 10956
f 10575 10576 10958
f 10575 10958 10957
f 10576 10577 10959
f 10576 10959 10958
f 10577 10578 10960
f 10577 10960 10959
f 10578 10579 10961
f 10578 10961 10960
f 10579 10580 10962
f 10579 10962 10961
f 10580 10581 10963
f 10580 10963 10962
f 10581 10582 10964
f 10581 10964 10963
f 10582 10583 10965
f 10582 10965 10964
f 10583 10584 10966
f 10583 10966 10965
f 10584 10585 10967
f 10584 10967 10966
f 10585 10586 10968
f 10585 10968 10967
f 10586 10587 10969
f 10586 10969 10968
f 10587 10588 10970
f 10587 10970 10969
f 10588 10589 10971
f 10588 10971 10970
f 10589 10590 10972
f 10589 10972 10971
f 10590 10591 10973
f 10590 10973 10972
f 10591 10592 10974
f 10591 10974 10973
f 10592 10593 10975
f 10592 10975 10974
f 10593 10594 10976
f 10593 10976 10975
f 10594 10595 10977
f 10594 10977 10976
f 10595 10596 10978
f 10595 10978 10977
f 10596 10597 10979
f 10596 10979 10978
f 10597 10598 10980
f 10597 10980 10979
f 10598 10599 10981
f 10598 10981 10980
f 10599 10600 10982
f 10599 10982 10981
f 10600 10601 10983
f 10600 10983 10982
f 10601 10602 10984
f 10601 10984 10983
f 10602 10603 10985
f 10602 10985 10984
f 10603 10604 10986
f 10603 10986 10985
f 10604 10605 10987
f 10604 10987 10986
f 10605 10606 10988
f 10605 10988 10987
f 10606 10607 10989
f 10606 10989 10988
f 10607 10608 10990
f 10607 10990 10989
f 10608 10609 10991
f 10608 10991 10990
f 10609 10610 10992
f 10609 10992 10991
f 10610 10611 10993
f 10610 10993 10992
f 10611 10612 10994
f 10611 10994 10993
f 10612 10613 10995
f 10612 10995 10994
f 10613 10614 10996
f 10613 10996 10995
f 10614 10615 10997
f 10614 10997 10996
f 10615 10616 10998
f 10615 10998 10997
f 10616 10617 10999
f 10616 10999 10998
f 10617 10618 11000
f 10617 11000 10999
f 10618 10619 11001
f 10618 11001 11000
f 10619 10620 11002
f 10619 11002 11001
f 10620 10621 11003
f 10620 11003 11002
f 10621 10622 11004
f 10621 11004 11003
f 10622 10623 11005
f 10622 11005 11004
f 10623 10624 11006
f 10623 11006 11005
f 10624 10625 11007
f 10624 11007 11006
f 10625 10626 11008
f 10625 11008 11007
f 10626 10627 11009
f 10626 11009 11008
f 10627 10628 11010
f 10627 11010 11009
f 10628 10629 11011
f 10628 11011 11010
f 10629 10630 11012
f 10629 11012 11011
f 10630 10631 11013
f 10630 11013 11012
f 10631 10632 11014
f 10631 11014 11013
f 10632 10633 11015
f 10632 11015 11014
f 10633 10634 11016
f 10633 11016 11015
f 10634 10635 11017
f 10634 11017 11016
f 10635 10636 11018
f 10635 11018 11017
f 10636 10637 11019
f 10636 11019 11018
f 10637 10638 11020
f 10637 11020 11019
f 10638 10639 11021
f 10638 11021 11020
f 10639 10640 11022
f 10639 11022 11021
f 10640 10641 11023
f 10640 11023 11022
f 10641 10642 11024
f 10641 11024 11023
f 10642 10643 11025
f 10642 11025 11024
f 10643 10644 11026
f 10643 11026 11025
f 10644 10645 11027
f 10644 11027 11026
f 10645 10646 11028
f 10645 11028 11027
f 10646 10647 11029
f 10646 11029 11028
f 10647 10648 11030
f 10647 11030 11029
f 10648 10649 11031
f 10648 11031 11030
f 10649 10650 11032
f 10649 11032 11031
f 10650 10651 11033
f 10650 11033 11032
f 10651 10652 11034
f 10651 11034 11033
f 10652 10653 11035
f 10652 11035 11034
f 10653 10654 11036
f 10653 11036 11035
f 10654 10655 11037
f 10654 11037 11036
f 10655 10656 11038
f 10655 11038 11037
f 10656 10657 11039
f 10656 11039 11038
f 10657 10658 11040
f 10657 11040 11039
f 10658 10659 11041
f 10658 11041 11040
f 10659 10660 11042
f 10659 11042 11041
f 10660 10661 11043
f 10660 11043 11042
f 10661 10662 11044
f 10661 11044 11043
f 10662 10663 11045
f 10662 11045 11044
f 10663 10664 11046
f 10663 11046 11045
f 10664 10665 11047
f 10664 11047 11046
f 10665 10666 11048
f 10665 11048 11047
f 10666 10667 11049
f 10666 11049 11048
f 10667 10668 11050
f 10667 11050 11049
f 10668 10669 11051
f 10668 11051 11050
f 10669 10670 11052
f 10669 11052 11051
f 10670 10671 11053
f 10670 11053 11052
f 10671 10672 11054
f 10671 11054 11053
f 10672 10673 11055
f 10672 11055 11054
f 10673 10674 11056
f 10673 11056 11055
f 10674 10675 11057
f 10674 11057 11056
f 10675 10676 11058
f 10675 11058 11057
f 10676 10677 11059
f 10676 11059 11058
f 10677 10678 11060
f 10677 11060 11059
f 10678 10679 11061
f 10678 11061 11060
f 10679 10680 11062
f 10679 11062 11061
f 10680 10681 11063
f 10680 11063 11062
f 10681 10682 11064
f 10681 11064 11063
f 10682 10683 11065
f 10682 11065 11064
f 10683 10684 11066
f 10683 11066 11065
f 10684 10685 11067
f 10684 11067 11066
f 10685 10686 11068
f 10685 11068 11067
f 10686 10687 11069
f 10686 11069 11068
f 10687 10688 11070
f 10687 11070 11069
f 10688 10689 11071
f 10688 11071 11070
f 10689 10690 11072
f 10689 11072 11071
f 10690 10691 11073
f 10690 11073 11072
f 10691 10692 11074
f 10691 11074 11073
f 10692 10693 11075
f 10692 11075 11074
f 10693 10694 11076
f 10693 11076 11075
f 10694 10695 11077
f 10694 11077 11076
f 10695 10696 11078
f 10695 11078 11077
f 10696 10697 11079
f 10696 11079 11078
f 10697 10698 11080
f 10697 11080 11079
f 10698 10699 11081
f 10698 11081 11080
f 10699 10700 11082
f 10699 11082 11081
f 10700 10701 11083
f 10700 11083 11082
f 10701 10702 11084
f 10701 11084 11083
f 10702 10703 11085
f 10702 11085 11084
f 10703 10704 11086
f 10703 11086 11085
f 10704 10705 11087
f 10704 11087 11086
f 10705 10706 11088
f 10705 11088 11087
f 10706 10707 11089
f 10706 11089 11088
f 10707 10708 11090
f 10707 11090 11089
f 10708 10709 11091
f 10708 11091 11090
f 10709 10710 11092
f 10709 11092 11091
f 10710 10711 11093
f 10710 11093 11092
f 10711 10712 11094
f 10711 11094 11093
f 10712 10713 11095
f 10712 11095 11094
f 10713 10714 11096
f 10713 11096 11095
f 10714 10715 11097
f 10714 11097 11096
f 10715 10716 11098
f 10715 11098 11097
f 10716 10717 11099
f 10716 11099 11098
f 10717 10718 11100
f 10717 11100 11099
f 10718 10719 11101
f 10718 11101 11100
f 10719 10720 11102
f 10719 11102 11101
f 10720 10721 11103
f 10720 11103 11102
f 10721 10722 11104
f 10721 11104 11103
f 10722 10723 11105
f 10722 11105 11104
f 10723 10724 11106
f 10723 11106 11105
f 10724 10725 11107
f 10724 11107 11106
f 10725 10726 11108
f 10725 11108 11107
f 10726 10727 11109
f 10726 11109 11108
f 10727 10728 11110
f 10727 11110 11109
f 10728 10729 11111
f 10728 11111 11110
f 10729 10730 11112
f 10729 11112 11111
f 10730 10731 11113
f 10730 11113 11112
f 10731 10732 11114
f 10731 11114 11113
f 10732 10733 11115
f 10732 11115 11114
f 10733 10734 11116
f 10733 11116 11115
f 10734 10735 11117
f 10734 11117 11116
f 10735 10736 11118
f 10735 11118 11117
f 10736 10737 11119
f 10736 11119 11118
f 10737 10738 11120
f 10737 11120 11119
f 10738 10739 11121
f 10738 11121 11120
f 10739 10740 11122
f 10739 11122 11121
f 10740 10741 11123
f 10740 11123 11122
f 10741 10742 11124
f 10741 11124 11123
f 10742 10743 11125
f 10742 11125 11124
f 10743 10744 11126
f 10743 11126 11125
f 10744 10745 11127
f 10744 11127 11126
f 10745 10746 11128
f 10745 11128 11127
f 10746 10747 11129
f 10746 11129 11128
f 10747 10748 11130
f 10747 11130 11129
f 10748 10749 11131
f 10748 11131 11130
f 10749 10750 11132
f 10749 11132 11131
f 10750 10751 11133
f 10750 11133 11132
f 10751 10752 11134
f 10751 11134 11133
f 10752 10753 11135
f 10752 11135 11134
f 10753 10754 11136
f 10753 11136 11135
f 10754 10755 11137
f 10754 11137 11136
f 10755 10756 11138
f 10755 11138 11137
f 10756 10757 11139
f 10756 11139 11138
f 10757 10758 11140
f 10757 11140 11139
f 10758 10759 11141
f 10758 11141 11140
f 10759 10760 11142
f 10759 11142 11141
f 10760 10761 11143
f 10760 11143 11142
f 10761 10762 11144
f 10761 11144 11143
f 10762 10763 11145
f 10762 11145 11144
f 10763 10764 11146
f 10763 11146 11145
f 10764 10765 11147
f 10764 11147 11146
f 10765 10766 11148
f 10765 11148 11147
f 10766 10767 11149
f 10766 11149 11148
f 10767 10768 11150
f 10767 11150 11149
f 10768 10769 11151
f 10768 11151 11150
f 10769 10770 11152
f 10769 11152 11151
f 10770 10771 11153
f 10770 11153 11152
f 10771 10772 11154
f 10771 11154 11153
f 10772 10773 11155
f 10772 11155 11154
f 10773 10774 11156
f 10773 11156 11155
f 10774 10775 11157
f 10774 11157 11156
f 10775 10776 11158
f 10775 11158 11157
f 10776 10777 11159
f 10776 11159 11158
f 10777 10778 11160
f 10777 11160 11159
f 10778 10779 11161
f 10778 11161 11160
f 10779 10780 11162
f 10779 11162 11161
f 10780 10781 11163
f 10780 11163 11162
f 10781 10782 11164
f 10781 11164 11163
f 10782 10783 11165
f 10782 11165 11164
f 10783 10784 11166
f 10783 11166 11165
f 10784 10785 11167
f 10784 11167 11166
f 10785 10786 11168
f 10785 11168 11167
f 10786 10787 11169
f 10786 11169 11168
f 10787 10788 11170
f 10787 11170 11169
f 10788 10789 11171
f 10788 11171 11170
f 10789 10790 11172
f 10789 11172 11171
f 10790 10791 11173
f 10790 11173 11172
f 10791 10792 11174
f 10791 11174 11173
f 10792 10793 11175
f 10792 11175 11174
f 10793 10794 11176
f 10793 11176 11175
f 10794 10795 11177
f 10794 11177 11176
f 10795 10796 11178
f 10795 11178 11177
f 10796 10797 11179
f 10796 11179 11178
f 10797 10798 11180
f 10797 11180 11179
f 10798 10799 11181
f 10798 11181 11180
f 10799 10800 11182
f 10799 11182 11181
f 10800 10801 11183
f 10800 11183 11182
f 10801 10802 11184
f 10801 11184 11183
f 10802 10803 11185
f 10802 11185 11184
f 10803 10804 11186
f 10803 11186 11185
f 10804 10805 11187
f 10804 11187 11186
f 10805 10806 11188
f 10805 11188 11187
f 10806 10807 11189
f 10806 11189 11188
f 10807 10808 11190
f 10807 11190 11189
f 10808 10809 11191
f 10808 11191 11190
f 10809 10810 11192
f 10809 11192 11191
f 10810 10811 11193
f 10810 11193 11192
f 10811 10812 11194
f 10811 11194 11193
f 10812 10813 11195
f 10812 11195 11194
f 10813 10814 11196
f 10813 11196 11195
f 10814 10815 11197
f 10814 11197 11196
f 10815 10816 11198
f 10815 11198 11197
f 10816 10817 11199
f 10816 11199 11198
f 10817 10818 11200
f 10817 11200 11199
f 10818 10819 11201
f 10818 11201 11200
f 10819 10820 11202
f 10819 11202 11201
f 10820 10821 11203
f 10820 11203 11202
f 10821 10822 11204
f 10821 11204 11203
f 10822 10823 11205
f 10822 11205 11204
f 10823 10824 11206
f 10823 11206 11205
f 10824 10825 11207
f 10824 11207 11206
f 10825 10826 11208
f 10825 11208 11207
f 10826 10827 11209
f 10826 11209 11208
f 10827 10828 11210
f 10827 11210 11209
f 10828 10829 11211
f 10828 11211 11210
f 10829 10830 11212
f 10829 11212 11211
f 10830 10831 11213
f 10830 11213 11212
f 10831 10832 11214
f 10831 11214 11213
f 10832 10833 11215
f 10832 11215 11214
f 10833 10834 11216
f 10833 11216 11215
f 10834 10835 11217
f 10834 11217 11216
f 10835 10836 11218
f 10835 11218 11217
f 10836 10837 11219
f 10836 11219 11218
f 10837 10838 11220
f 10837 11220 11219
f 10838 10839 11221
f 10838 11221 11220
f 10839 10840 11222
f 10839 11222 11221
f 10840 10459 10841
f 10840 10841 11222
f 11223 10842 10841
f 11223 10843 10842
f 11223 10844 10843
f 11223 10845 10844
f 11223 10846 10845
f 11223 10847 10846
f 11223 10848 10847
f 11223 10849 10848
f 11223 10850 10849
f 11223 10851 10850
f 11223 10852 10851
f 11223 10853 10852
f 11223 10854 10853
f 11223 10855 10854
f 11223 10856 10855
f 11223 10857 10856
f 11223 10858 10857
f 11223 10859 10858
f 11223 10860 10859
f 11223 10861 10860
f 11223 10862 10861
f 11223 10863 10862
f 11223 10864 10863
f 11223 10865 10864
f 11223 10866 10865
f 11223 10867 10866
f 11223 10868 10867
f 11223 10869 10868
f 11223 10870 10869
f 11223 10871 10870
f 11223 10872 10871
f 11223 10873 10872
f 11223 10874 10873
f 11223 10875 10874
f 11223 10876 10875
f 11223 10877 10876
f 11223 10878 10877
f 11223 10879 10878
f 11223 10880 10879
f 11223 10881 10880
f 11223 10882 10881
f 11223 10883 10882
f 11223 10884 10883
f 11223 10885 10884
f 11223 10886 10885
f 11223 10887 10886
f 11223 10888 10887
f 11223 10889 10888
f 11223 10890 10889
f 11223 10891 10890
f 11223 10892 10891
f 11223 10893 10892
f 11223 10894 10893
f 11223 10895 10894
f 11223 10896 10895
f 11223 10897 10896
f 11223 10898 10897
f 11223 10899 10898
f 11223 10900 10899
f 11223 10901 10900
f 11223 10902 10901
f 11223 10903 10902
f 11223 10904 10903
f 11223 10905 10904
f 11223 10906 10905
f 11223 10907 10906
f 11223 10908 10907
f 11223 10909 10908
f 11223 10910 10909
f 11223 10911 10910
f 11223 10912 10911
f 11223 10913 10912
f 11223 10914 10913
f 11223 10915 10914
f 11223 10916 10915
f 11223 10917 10916
f 11223 10918 10917
f 11223 10919 10918
f 11223 10920 10919
f 11223 10921 10920
f 11223 10922 10921
f 11223 10923 10922
f 11223 10924 10923
f 11223 10925 10924
f 11223 10926 10925
f 11223 10927 10926
f 11223 10928 10927
f 11223 10929 10928
f 11223 10930 10929
f 11223 10931 10930
f 11223 10932 10931
f 11223 10933 10932
f 11223 10934 10933
f 11223 10935 10934
f 11223 10936 10935
f 11223 10937 10936
f 11223 10938 10937
f 11223 10939 10938
f 11223 10940 10939
f 11223 10941 10940
f 11223 10942 10941
f 11223 10943 10942
f 11223 10944 10943
f 11223 10945 10944
f 11223 10946 10945
f 11223 10947 10946
f 11223 10948 10947
f 11223 10949 10948
f 11223 10950 10949
f 11223 10951 10950
f 11223 10952 10951
f 11223 10953 10952
f 11223 10954 10953
f 11223 10955 10954
f 11223 10956 10955
f 11223 10957 10956
f 11223 10958 10957
f 11223 10959 10958
f 11223 10960 10959
f 11223 10961 10960
f 11223 10962 10961
f 11223 10963 10962
f 11223 10964 10963
f 11223 10965 10964
f 11223 10966 10965
f 11223 10967 10966
f 11223 10968 10967
f 11223 10969 10968
f 11223 10970 10969
f 11223 10971 10970
f 11223 10972 10971
f 11223 10973 10972
f 11223 10974 10973
f 11223 10975 10974
f 11223 10976 10975
f 11223 10977 10976
f 11223 10978 10977
f 11223 10979 10978
f 11223 10980 10979
f 11223 10981 10980
f 11223 10982 10981
f 11223 10983 10982
f 11223 10984 10983
f 11223 10985 10984
f 11223 10986 10985
f 11223 10987 10986
f 11223 10988 10987
f 11223 10989 10988
f 11223 10990 10989
f 11223 10991 10990
f 11223 10992 10991
f 11223 10993 10992
f 11223 10994 10993
f 11223 10995 10994
f 11223 10996 10995
f 11223 10997 10996
f 11223 10998 10997
f 11223 10999 10998
f 11223 11000 10999
f 11223 11001 11000
f 11223 11002 11001
f 11223 11003 11002
f 11223 11004 11003
f 11223 11005 11004
f 11223 11006 11005
f 11223 11007 11006
f 11223 11008 11007
f 11223 11009 11008
f 11223 11010 11009
f 11223 11011 11010
f 11223 11012 11011
f 11223 11013 11012
f 11223 11014 11013
f 11223 11015 11014
f 11223 11016 11015
f 11223 11017 11016
f 11223 11018 11017
f 11223 11019 11018
f 11223 11020 11019
f 11223 11021 11020
f 11223 11022 11021
f 11223 11023 11022
f 11223 11024 11023
f 11223 11025 11024
f 11223 11026 11025
f 11223 11027 11026
f 11223 11028 11027
f 11223 11029 11028
f 11223 11030 11029
f 11223 11031 11030
f 11223 11032 11031
f 11223 11033 11032
f 11223 11034 11033
f 11223 11035 11034
f 11223 11036 11035
f 11223 11037 11036
f 11223 11038 11037
f 11223 11039 11038
f 11223 11040 11039
f 11223 11041 11040
f 11223 11042 11041
f 11223 11043 11042
f 11223 11044 11043
f 11223 11045 11044
f 11223 11046 11045
f 11223 11047 11046
f 11223 11048 11047
f 11223 11049 11048
f 11223 11050 11049
f 11223 11051 11050
f 11223 11052 11051
f 11223 11053 11052
f 11223 11054 11053
f 11223 11055 11054
f 11223 11056 11055
f 11223 11057 11056
f 11223 11058 11057
f 11223 11059 11058
f 11223 11060 11059
f 11223 11061 11060
f 11223 11062 11061
f 11223 11063 11062
f 11223 11064 11063
f 11223 11065 11064
f 11223 11066 11065
f 11223 11067 11066
f 11223 11068 11067
f 11223 11069 11068
f 11223 11070 11069
f 11223 11071 11070
f 11223 11072 11071
f 11223 11073 11072
f 11223 11074 11073
f 11223 11075 11074
f 11223 11076 11075
f 11223 11077 11076
f 11223 11078 11077
f 11223 11079 11078
f 11223 11080 11079
f 11223 11081 11080
f 11223 11082 11081
f 11223 11083 11082
f 11223 11084 11083
f 11223 11085 11084
f 11223 11086 11085
f 11223 11087 11086
f 11223 11088 11087
f 11223 11089 11088
f 11223 11090 11089
f 11223 11091 11090
f 11223 11092 11091
f 11223 11093 11092
f 11223 11094 11093
f 11223 11095 11094
f 11223 11096 11095
f 11223 11097 11096
f 11223 11098 11097
f 11223 11099 11098
f 11223 11100 11099
f 11223 11101 11100
f 11223 11102 11101
f 11223 11103 11102
f 11223 11104 11103
f 11223 11105 11104
f 11223 11106 11105
f 11223 11107 11106
f 11223 11108 11107
f 11223 11109 11108
f 11223 11110 11109
f 11223 11111 11110
f 11223 11112 11111
f 11223 11113 11112
f 11223 11114 11113
f 11223 11115 11114
f 11223 11116 11115
f 11223 11117 11116
f 11223 11118 11117
f 11223 11119 11118
f 11223 11120 11119
f 11223 11121 11120
f 11223 11122 11121
f 11223 11123 11122
f 11223 11124 11123
f 11223 11125 11124
f 11223 11126 11125
f 11223 11127 11126
f 11223 11128 11127
f 11223 11129 11128
f 11223 11130 11129
f 11223 11131 11130
f 11223 11132 11131
f 11223 11133 11132
f 11223 11134 11133
f 11223 11135 11134
f 11223 11136 11135
f 11223 11137 11136
f 11223 11138 11137
f 11223 11139 11138
f 11223 11140 11139
f 11223 11141 11140
f 11223 11142 11141
f 11223 11143 11142
f 11223 11144 11143
f 11223 11145 11144
f 11223 11146 11145
f 11223 11147 11146
f 11223 11148 11147
f 11223 11149 11148
f 11223 11150 11149
f 11223 11151 11150
f 11223 11152 11151
f 11223 11153 11152
f 11223 11154 11153
f 11223 11155 11154
f 11223 11156 11155
f 11223 11157 11156
f 11223 11158 11157
f 11223 11159 11158
f 11223 11160 11159
f 11223 11161 11160
f 11223 11162 11161
f 11223 11163 11162
f 11223 11164 11163
f 11223 11165 11164
f 11223 11166 11165
f 11223 11167 11166
f 11223 11168 11167
f 11223 11169 11168
f 11223 11170 11169
f 11223 11171 11170
f 11223 11172 11171
f 11223 11173 11172
f 11223 11174 11173
f 11223 11175 11174
f 11223 11176 11175
f 11223 11177 11176
f 11223 11178 11177
f 11223 11179 11178
f 11223 11180 11179
f 11223 11181 11180
f 11223 11182 11181
f 11223 11183 11182
f 11223 11184 11183
f 11223 11185 11184
f 11223 11186 11185
f 11223 11187 11186
f 11223 11188 11187
f 11223 11189 11188
f 11223 11190 11189
f 11223 11191 11190
f 11223 11192 11191
f 11223 11193 11192
f 11223 11194 11193
f 11223 11195 11194
f 11223 11196 11195
f 11223 11197 11196
f 11223 11198 11197
f 11223 11199 11198
f 11223 11200 11199
f 11223 11201 11200
f 11223 11202 11201
f 11223 11203 11202
f 11223 11204 11203
f 11223 11205 11204
f 11223 11206 11205
f 11223 11207 11206
f 11223 11208 11207
f 11223 11209 11208
f 11223 11210 11209
f 11223 11211 11210
f 11223 11212 11211
f 11223 11213 11212
f 11223 11214 11213
f 11223 11215 11214
f 11223 11216 11215
f 11223 11217 11216
f 11223 11218 11217
f 11223 11219 11218
f 11223 11220 11219
f 11223 11221 11220
f 11223 11222 11221
f 11223 10841 11222
