# RetroLife M2.2 v4 CadQuery front shell
# SPDX-License-Identifier: CC0-1.0
o front_shell_v4
v -0.062900000 0.000600000 0.000000000
v -0.062990640 0.000545765 0.000056509
v -0.063079379 0.000494982 0.000118314
v -0.063166080 0.000447518 0.000185016
v -0.063250616 0.000403238 0.000256235
v -0.063332878 0.000362012 0.000331611
v -0.063412767 0.000323710 0.000410804
v -0.063490197 0.000288205 0.000493491
v -0.063565096 0.000255373 0.000579366
v -0.063637402 0.000225090 0.000668141
v -0.063707065 0.000197234 0.000759546
v -0.063774045 0.000171689 0.000853327
v -0.063838315 0.000148336 0.000949245
v -0.063919758 0.000120414 0.001080077
v -0.064005561 0.000093091 0.001230729
v -0.064085218 0.000069746 0.001384451
v -0.064158789 0.000050028 0.001540689
v -0.064226373 0.000033595 0.001698955
v -0.064288105 0.000020122 0.001858823
v -0.064344152 0.000009294 0.002019925
v -0.064372904 0.000004310 0.002109844
v -0.064400000 0.000000000 0.002200000
v -0.063563307 0.000665330 0.000000000
v -0.063650446 0.000613145 0.000054203
v -0.063735835 0.000564153 0.000113311
v -0.063819351 0.000518235 0.000176970
v -0.063900880 0.000475273 0.000244840
v -0.063980325 0.000435149 0.000316600
v -0.064057594 0.000397749 0.000391945
v -0.064132611 0.000362960 0.000470585
v -0.064205307 0.000330669 0.000552244
v -0.064275624 0.000300768 0.000636662
v -0.064343516 0.000273149 0.000723596
v -0.064408944 0.000247704 0.000812813
v -0.064471877 0.000224332 0.000904096
v -0.064551876 0.000196213 0.001028671
v -0.064636501 0.000168469 0.001172221
v -0.064715440 0.000144528 0.001318821
v -0.064788729 0.000124073 0.001467954
v -0.064856443 0.000106797 0.001619161
v -0.064918685 0.000092403 0.001772037
v -0.064975590 0.000080608 0.001926231
v -0.065027318 0.000071138 0.002081438
v -0.065088558 0.000061677 0.002289520
v -0.065147465 0.000054690 0.002524618
v -0.065196558 0.000050829 0.002760295
v -0.065236694 0.000049381 0.002996214
v -0.065277844 0.000050095 0.003310864
v -0.065309791 0.000052995 0.003664938
v -0.065334008 0.000057752 0.004137945
v -0.065338678 0.000057861 0.005749639
v -0.065293645 0.000055280 0.007238276
v -0.065267349 0.000063836 0.007560399
v -0.065246832 0.000071720 0.007743687
v -0.065223933 0.000081156 0.007908388
v -0.065182986 0.000098924 0.008138725
v -0.065139831 0.000118285 0.008326557
v -0.065096472 0.000138047 0.008479422
v -0.065049471 0.000159633 0.008617373
v -0.065009405 0.000178088 0.008718212
v -0.064960404 0.000200672 0.008825560
v -0.064909785 0.000223976 0.008921929
v -0.064859565 0.000247047 0.009005910
v -0.064810321 0.000269608 0.009079063
v -0.064762521 0.000291443 0.009142777
v -0.064711237 0.000314792 0.009204338
v -0.064656283 0.000339722 0.009263603
v -0.064597469 0.000366299 0.009320425
v -0.064534595 0.000394592 0.009374651
v -0.064467457 0.000424671 0.009426124
v -0.064395846 0.000456607 0.009474679
v -0.064331337 0.000485249 0.009513507
v -0.064263307 0.000515330 0.009550000
v -0.063600000 0.000450000 0.009550000
v -0.064600000 0.000000000 0.007600000
v -0.064559754 0.000016194 0.007914038
v -0.064514564 0.000035864 0.008163400
v -0.064471413 0.000055272 0.008346167
v -0.064428293 0.000074949 0.008494901
v -0.064383153 0.000095688 0.008625429
v -0.064336815 0.000117037 0.008739777
v -0.064290030 0.000138597 0.008839822
v -0.064243460 0.000160034 0.008927278
v -0.064197664 0.000181072 0.009003695
v -0.064147944 0.000203853 0.009077755
v -0.064094054 0.000228465 0.009149271
v -0.064035739 0.000255000 0.009218048
v -0.063979252 0.000280603 0.009277437
v -0.063925000 0.000305099 0.009328723
v -0.063867359 0.000331026 0.009377837
v -0.063806173 0.000358437 0.009424661
v -0.063741284 0.000387385 0.009469071
v -0.063672652 0.000417871 0.009510867
v -0.064639796 0.000000000 0.007514690
v -0.064675556 0.000000000 0.007424961
v -0.064706876 0.000000000 0.007331158
v -0.064733472 0.000000000 0.007233812
v -0.064755227 0.000000000 0.007133592
v -0.064772215 0.000000000 0.007031220
v -0.064784685 0.000000000 0.006927400
v -0.064793023 0.000000000 0.006822727
v -0.064798539 0.000000000 0.006682616
v -0.064798482 0.000000000 0.006525021
v -0.064790879 0.000000000 0.006315674
v -0.064732548 0.000000000 0.005466540
v -0.064717278 0.000000000 0.005004446
v -0.064728817 0.000000000 0.004473069
v -0.064767922 0.000000000 0.003771250
v -0.064773677 0.000000000 0.003451333
v -0.064766926 0.000000000 0.003271141
v -0.064751914 0.000000000 0.003108951
v -0.064732155 0.000000000 0.002978287
v -0.064709023 0.000000000 0.002867234
v -0.064685158 0.000000000 0.002776254
v -0.064654226 0.000000000 0.002679036
v -0.064617279 0.000000000 0.002582178
v -0.064575477 0.000000000 0.002489130
v -0.064529311 0.000000000 0.002400329
v -0.064479349 0.000000000 0.002316017
v -0.064440439 0.000000000 0.002256792
v 0.062900000 0.000600000 0.000000000
v 0.062990640 0.000545765 0.000056509
v 0.063079379 0.000494982 0.000118314
v 0.063166080 0.000447518 0.000185016
v 0.063250616 0.000403238 0.000256235
v 0.063332878 0.000362012 0.000331611
v 0.063412767 0.000323710 0.000410804
v 0.063490197 0.000288205 0.000493491
v 0.063565096 0.000255373 0.000579366
v 0.063637402 0.000225090 0.000668141
v 0.063707065 0.000197234 0.000759546
v 0.063774045 0.000171689 0.000853327
v 0.063838315 0.000148336 0.000949245
v 0.063919758 0.000120414 0.001080077
v 0.064005561 0.000093091 0.001230729
v 0.064085218 0.000069746 0.001384451
v 0.064158789 0.000050028 0.001540689
v 0.064226373 0.000033595 0.001698955
v 0.064288105 0.000020122 0.001858823
v 0.064344152 0.000009294 0.002019925
v 0.064372904 0.000004310 0.002109844
v 0.064400000 0.000000000 0.002200000
v 0.064600000 0.000000000 0.007600000
v 0.064459601 0.000000000 0.002285341
v 0.064492680 0.000000000 0.002337514
v 0.064524389 0.000000000 0.002391539
v 0.064553583 0.000000000 0.002445485
v 0.064581221 0.000000000 0.002501101
v 0.064607171 0.000000000 0.002558318
v 0.064631317 0.000000000 0.002617036
v 0.064653558 0.000000000 0.002677125
v 0.064673822 0.000000000 0.002738438
v 0.064692061 0.000000000 0.002800803
v 0.064708265 0.000000000 0.002864046
v 0.064726742 0.000000000 0.002949442
v 0.064743411 0.000000000 0.003046529
v 0.064756014 0.000000000 0.003144252
v 0.064764937 0.000000000 0.003242258
v 0.064771858 0.000000000 0.003372963
v 0.064774048 0.000000000 0.003519708
v 0.064770130 0.000000000 0.003714716
v 0.064726536 0.000000000 0.004523482
v 0.064717040 0.000000000 0.004943422
v 0.064731164 0.000000000 0.005441393
v 0.064777384 0.000000000 0.006100141
v 0.064797243 0.000000000 0.006471637
v 0.064797516 0.000000000 0.006724006
v 0.064792515 0.000000000 0.006830845
v 0.064777988 0.000000000 0.006987716
v 0.064760705 0.000000000 0.007103705
v 0.064737866 0.000000000 0.007215450
v 0.064711413 0.000000000 0.007315943
v 0.064682450 0.000000000 0.007405766
v 0.064649409 0.000000000 0.007491994
v 0.064625469 0.000000000 0.007546889
v 0.064559754 0.000016194 0.007914038
v 0.064514564 0.000035864 0.008163400
v 0.064471413 0.000055272 0.008346167
v 0.064428293 0.000074949 0.008494901
v 0.064383153 0.000095688 0.008625429
v 0.064336815 0.000117037 0.008739777
v 0.064290030 0.000138597 0.008839822
v 0.064243460 0.000160034 0.008927278
v 0.064197664 0.000181072 0.009003695
v 0.064147944 0.000203853 0.009077755
v 0.064094054 0.000228465 0.009149271
v 0.064035739 0.000255000 0.009218048
v 0.063979252 0.000280603 0.009277437
v 0.063925000 0.000305099 0.009328723
v 0.063867359 0.000331026 0.009377837
v 0.063806173 0.000358437 0.009424661
v 0.063741284 0.000387385 0.009469071
v 0.063672652 0.000417871 0.009510867
v 0.063600000 0.000450000 0.009550000
v 0.064263307 0.000515330 0.009550000
v 0.064901124 0.000708810 0.009550000
v 0.065488939 0.001023003 0.009550000
v 0.066004163 0.001445837 0.009550000
v 0.066426997 0.001961061 0.009550000
v 0.066741190 0.002548876 0.009550000
v 0.066934670 0.003186693 0.009550000
v 0.067000000 0.003850000 0.009550000
v 0.067000000 0.025230328 0.009550000
v 0.048291803 0.025230328 0.009550000
v 0.048208970 0.025236847 0.009550000
v 0.048128176 0.025256244 0.009550000
v 0.048051412 0.025288041 0.009550000
v 0.047980566 0.025331455 0.009550000
v 0.047917384 0.025385417 0.009550000
v 0.047907270 0.025397260 0.009550000
v 0.047907270 0.002111820 0.009550000
v 0.047852751 0.001697710 0.009550000
v 0.047692911 0.001311820 0.009550000
v 0.047438641 0.000980449 0.009550000
v 0.047107270 0.000726179 0.009550000
v 0.046721380 0.000566339 0.009550000
v 0.046307270 0.000511820 0.009550000
v -0.046307270 0.000511820 0.009550000
v -0.046721380 0.000566339 0.009550000
v -0.047107270 0.000726179 0.009550000
v -0.047438641 0.000980449 0.009550000
v -0.047692911 0.001311820 0.009550000
v -0.047852751 0.001697710 0.009550000
v -0.047907270 0.002111820 0.009550000
v -0.047907270 0.025397260 0.009550000
v -0.047917384 0.025385417 0.009550000
v -0.047980566 0.025331455 0.009550000
v -0.048051412 0.025288041 0.009550000
v -0.048128176 0.025256244 0.009550000
v -0.048208970 0.025236847 0.009550000
v -0.048291803 0.025230328 0.009550000
v -0.067000000 0.025230328 0.009550000
v -0.067000000 0.003850000 0.009550000
v -0.066934670 0.003186693 0.009550000
v -0.066741190 0.002548876 0.009550000
v -0.066426997 0.001961061 0.009550000
v -0.066004163 0.001445837 0.009550000
v -0.065488939 0.001023003 0.009550000
v -0.064901124 0.000708810 0.009550000
v 0.058443103 0.006800000 0.009550000
v 0.058438731 0.006946108 0.009550000
v 0.058425628 0.007091692 0.009550000
v 0.058403842 0.007236233 0.009550000
v 0.058373451 0.007379212 0.009550000
v 0.058334563 0.007520117 0.009550000
v 0.058287319 0.007658445 0.009550000
v 0.058231886 0.007793700 0.009550000
v 0.058168464 0.007925397 0.009550000
v 0.058097279 0.008053066 0.009550000
v 0.058018587 0.008176249 0.009550000
v 0.057932668 0.008294506 0.009550000
v 0.057839831 0.008407412 0.009550000
v 0.057740408 0.008514565 0.009550000
v 0.057634755 0.008615580 0.009550000
v 0.057523250 0.008710095 0.009550000
v 0.057406292 0.008797773 0.009550000
v 0.057284300 0.008878299 0.009550000
v 0.057157710 0.008951386 0.009550000
v 0.057026976 0.009016771 0.009550000
v 0.056892566 0.009074221 0.009550000
v 0.056754960 0.009123529 0.009550000
v 0.056614652 0.009164520 0.009550000
v 0.056472144 0.009197047 0.009550000
v 0.056327946 0.009220993 0.009550000
v 0.056182573 0.009236272 0.009550000
v 0.056036547 0.009242830 0.009550000
v 0.055890391 0.009240643 0.009550000
v 0.055744626 0.009229720 0.009550000
v 0.055599776 0.009210099 0.009550000
v 0.055456358 0.009181850 0.009550000
v 0.055314887 0.009145075 0.009550000
v 0.055175868 0.009099905 0.009550000
v 0.055039799 0.009046501 0.009550000
v 0.054907168 0.008985057 0.009550000
v 0.054778448 0.008915790 0.009550000
v 0.054654102 0.008838949 0.009550000
v 0.054534573 0.008754809 0.009550000
v 0.054420290 0.008663672 0.009550000
v 0.054311662 0.008565863 0.009550000
v 0.054209078 0.008461732 0.009550000
v 0.054112905 0.008351654 0.009550000
v 0.054023488 0.008236020 0.009550000
v 0.053941146 0.008115246 0.009550000
v 0.053866173 0.007989764 0.009550000
v 0.053798840 0.007860023 0.009550000
v 0.053739386 0.007726487 0.009550000
v 0.053688024 0.007589635 0.009550000
v 0.053644939 0.007449956 0.009550000
v 0.053610284 0.007307950 0.009550000
v 0.053584184 0.007164126 0.009550000
v 0.053566732 0.007018998 0.009550000
v 0.053557990 0.006873087 0.009550000
v 0.053557990 0.006726913 0.009550000
v 0.053566732 0.006581002 0.009550000
v 0.053584184 0.006435874 0.009550000
v 0.053610284 0.006292050 0.009550000
v 0.053644939 0.006150044 0.009550000
v 0.053688024 0.006010365 0.009550000
v 0.053739386 0.005873513 0.009550000
v 0.053798840 0.005739977 0.009550000
v 0.053866173 0.005610236 0.009550000
v 0.053941146 0.005484754 0.009550000
v 0.054023488 0.005363980 0.009550000
v 0.054112905 0.005248346 0.009550000
v 0.054209078 0.005138268 0.009550000
v 0.054311662 0.005034137 0.009550000
v 0.054420290 0.004936328 0.009550000
v 0.054534573 0.004845191 0.009550000
v 0.054654102 0.004761051 0.009550000
v 0.054778448 0.004684210 0.009550000
v 0.054907168 0.004614943 0.009550000
v 0.055039799 0.004553499 0.009550000
v 0.055175868 0.004500095 0.009550000
v 0.055314887 0.004454925 0.009550000
v 0.055456358 0.004418150 0.009550000
v 0.055599776 0.004389901 0.009550000
v 0.055744626 0.004370280 0.009550000
v 0.055890391 0.004359357 0.009550000
v 0.056036547 0.004357170 0.009550000
v 0.056182573 0.004363728 0.009550000
v 0.056327946 0.004379007 0.009550000
v 0.056472144 0.004402953 0.009550000
v 0.056614652 0.004435480 0.009550000
v 0.056754960 0.004476471 0.009550000
v 0.056892566 0.004525779 0.009550000
v 0.057026976 0.004583229 0.009550000
v 0.057157710 0.004648614 0.009550000
v 0.057284300 0.004721701 0.009550000
v 0.057406292 0.004802227 0.009550000
v 0.057523250 0.004889905 0.009550000
v 0.057634755 0.004984420 0.009550000
v 0.057740408 0.005085435 0.009550000
v 0.057839831 0.005192588 0.009550000
v 0.057932668 0.005305494 0.009550000
v 0.058018587 0.005423751 0.009550000
v 0.058097279 0.005546934 0.009550000
v 0.058168464 0.005674603 0.009550000
v 0.058231886 0.005806300 0.009550000
v 0.058287319 0.005941555 0.009550000
v 0.058334563 0.006079883 0.009550000
v 0.058373451 0.006220788 0.009550000
v 0.058403842 0.006363767 0.009550000
v 0.058425628 0.006508308 0.009550000
v 0.058438731 0.006653892 0.009550000
v -0.053556897 0.006800000 0.009550000
v -0.053561269 0.006946108 0.009550000
v -0.053574372 0.007091692 0.009550000
v -0.053596158 0.007236233 0.009550000
v -0.053626549 0.007379212 0.009550000
v -0.053665437 0.007520117 0.009550000
v -0.053712681 0.007658445 0.009550000
v -0.053768114 0.007793700 0.009550000
v -0.053831536 0.007925397 0.009550000
v -0.053902721 0.008053066 0.009550000
v -0.053981413 0.008176249 0.009550000
v -0.054067332 0.008294506 0.009550000
v -0.054160169 0.008407412 0.009550000
v -0.054259592 0.008514565 0.009550000
v -0.054365245 0.008615580 0.009550000
v -0.054476750 0.008710095 0.009550000
v -0.054593708 0.008797773 0.009550000
v -0.054715700 0.008878299 0.009550000
v -0.054842290 0.008951386 0.009550000
v -0.054973024 0.009016771 0.009550000
v -0.055107434 0.009074221 0.009550000
v -0.055245040 0.009123529 0.009550000
v -0.055385348 0.009164520 0.009550000
v -0.055527856 0.009197047 0.009550000
v -0.055672054 0.009220993 0.009550000
v -0.055817427 0.009236272 0.009550000
v -0.055963453 0.009242830 0.009550000
v -0.056109609 0.009240643 0.009550000
v -0.056255374 0.009229720 0.009550000
v -0.056400224 0.009210099 0.009550000
v -0.056543642 0.009181850 0.009550000
v -0.056685113 0.009145075 0.009550000
v -0.056824132 0.009099905 0.009550000
v -0.056960201 0.009046501 0.009550000
v -0.057092832 0.008985057 0.009550000
v -0.057221552 0.008915790 0.009550000
v -0.057345898 0.008838949 0.009550000
v -0.057465427 0.008754809 0.009550000
v -0.057579710 0.008663672 0.009550000
v -0.057688338 0.008565863 0.009550000
v -0.057790922 0.008461732 0.009550000
v -0.057887095 0.008351654 0.009550000
v -0.057976512 0.008236020 0.009550000
v -0.058058854 0.008115246 0.009550000
v -0.058133827 0.007989764 0.009550000
v -0.058201160 0.007860023 0.009550000
v -0.058260614 0.007726487 0.009550000
v -0.058311976 0.007589635 0.009550000
v -0.058355061 0.007449956 0.009550000
v -0.058389716 0.007307950 0.009550000
v -0.058415816 0.007164126 0.009550000
v -0.058433268 0.007018998 0.009550000
v -0.058442010 0.006873087 0.009550000
v -0.058442010 0.006726913 0.009550000
v -0.058433268 0.006581002 0.009550000
v -0.058415816 0.006435874 0.009550000
v -0.058389716 0.006292050 0.009550000
v -0.058355061 0.006150044 0.009550000
v -0.058311976 0.006010365 0.009550000
v -0.058260614 0.005873513 0.009550000
v -0.058201160 0.005739977 0.009550000
v -0.058133827 0.005610236 0.009550000
v -0.058058854 0.005484754 0.009550000
v -0.057976512 0.005363980 0.009550000
v -0.057887095 0.005248346 0.009550000
v -0.057790922 0.005138268 0.009550000
v -0.057688338 0.005034137 0.009550000
v -0.057579710 0.004936328 0.009550000
v -0.057465427 0.004845191 0.009550000
v -0.057345898 0.004761051 0.009550000
v -0.057221552 0.004684210 0.009550000
v -0.057092832 0.004614943 0.009550000
v -0.056960201 0.004553499 0.009550000
v -0.056824132 0.004500095 0.009550000
v -0.056685113 0.004454925 0.009550000
v -0.056543642 0.004418150 0.009550000
v -0.056400224 0.004389901 0.009550000
v -0.056255374 0.004370280 0.009550000
v -0.056109609 0.004359357 0.009550000
v -0.055963453 0.004357170 0.009550000
v -0.055817427 0.004363728 0.009550000
v -0.055672054 0.004379007 0.009550000
v -0.055527856 0.004402953 0.009550000
v -0.055385348 0.004435480 0.009550000
v -0.055245040 0.004476471 0.009550000
v -0.055107434 0.004525779 0.009550000
v -0.054973024 0.004583229 0.009550000
v -0.054842290 0.004648614 0.009550000
v -0.054715700 0.004721701 0.009550000
v -0.054593708 0.004802227 0.009550000
v -0.054476750 0.004889905 0.009550000
v -0.054365245 0.004984420 0.009550000
v -0.054259592 0.005085435 0.009550000
v -0.054160169 0.005192588 0.009550000
v -0.054067332 0.005305494 0.009550000
v -0.053981413 0.005423751 0.009550000
v -0.053902721 0.005546934 0.009550000
v -0.053831536 0.005674603 0.009550000
v -0.053768114 0.005806300 0.009550000
v -0.053712681 0.005941555 0.009550000
v -0.053665437 0.006079883 0.009550000
v -0.053626549 0.006220788 0.009550000
v -0.053596158 0.006363767 0.009550000
v -0.053574372 0.006508308 0.009550000
v -0.053561269 0.006653892 0.009550000
v -0.064201124 0.000858810 0.000000000
v -0.064288263 0.000806624 0.000054203
v -0.064373652 0.000757633 0.000113311
v -0.064457167 0.000711715 0.000176970
v -0.064538697 0.000668752 0.000244840
v -0.064618141 0.000628628 0.000316600
v -0.064695411 0.000591228 0.000391945
v -0.064770427 0.000556439 0.000470585
v -0.064843123 0.000524149 0.000552244
v -0.064913441 0.000494248 0.000636662
v -0.064981333 0.000466628 0.000723596
v -0.065046760 0.000441184 0.000812813
v -0.065109694 0.000417811 0.000904096
v -0.065189692 0.000389693 0.001028671
v -0.065274318 0.000361949 0.001172221
v -0.065353256 0.000338008 0.001318821
v -0.065426546 0.000317553 0.001467954
v -0.065494260 0.000300276 0.001619161
v -0.065556502 0.000285883 0.001772037
v -0.065613407 0.000274088 0.001926231
v -0.065665135 0.000264617 0.002081438
v -0.065726375 0.000255156 0.002289520
v -0.065785282 0.000248170 0.002524618
v -0.065834375 0.000244309 0.002760295
v -0.065874510 0.000242861 0.002996214
v -0.065915660 0.000243574 0.003310864
v -0.065947608 0.000246474 0.003664938
v -0.065971825 0.000251232 0.004137945
v -0.065976495 0.000251341 0.005749639
v -0.065931461 0.000248760 0.007238276
v -0.065905165 0.000257316 0.007560399
v -0.065884648 0.000265200 0.007743687
v -0.065861749 0.000274635 0.007908388
v -0.065820803 0.000292404 0.008138725
v -0.065777648 0.000311764 0.008326557
v -0.065734289 0.000331527 0.008479422
v -0.065687287 0.000353112 0.008617373
v -0.065647221 0.000371568 0.008718212
v -0.065598221 0.000394151 0.008825560
v -0.065547601 0.000417456 0.008921929
v -0.065497381 0.000440527 0.009005910
v -0.065448137 0.000463088 0.009079063
v -0.065400337 0.000484922 0.009142777
v -0.065349053 0.000508271 0.009204338
v -0.065294100 0.000533201 0.009263603
v -0.065235285 0.000559778 0.009320425
v -0.065172411 0.000588072 0.009374651
v -0.065105274 0.000618150 0.009426124
v -0.065033663 0.000650087 0.009474679
v -0.064969154 0.000678729 0.009513507
v 0.063563307 0.000665330 0.000000000
v 0.064201124 0.000858810 0.000000000
v 0.064788939 0.001173003 0.000000000
v 0.065304163 0.001595837 0.000000000
v 0.065726997 0.002111061 0.000000000
v 0.066041190 0.002698876 0.000000000
v 0.066234670 0.003336693 0.000000000
v 0.066300000 0.004000000 0.000000000
v 0.066300000 0.077800000 0.000000000
v 0.066246199 0.078346253 0.000000000
v 0.066086863 0.078871514 0.000000000
v 0.065828115 0.079355597 0.000000000
v 0.065479899 0.079779899 0.000000000
v 0.065055597 0.080128115 0.000000000
v 0.064571514 0.080386863 0.000000000
v 0.064046253 0.080546199 0.000000000
v 0.063500000 0.080600000 0.000000000
v 0.050000000 0.080600000 0.000000000
v 0.049417600 0.080757700 0.000000000
v 0.048556800 0.081141600 0.000000000
v 0.047487200 0.081707900 0.000000000
v 0.046278400 0.082412800 0.000000000
v 0.045000000 0.083212500 0.000000000
v 0.043721600 0.084063200 0.000000000
v 0.042512800 0.084921100 0.000000000
v 0.041443200 0.085742400 0.000000000
v 0.040582400 0.086483300 0.000000000
v 0.040000000 0.087100000 0.000000000
v -0.040000000 0.087100000 0.000000000
v -0.040582400 0.086483300 0.000000000
v -0.041443200 0.085742400 0.000000000
v -0.042512800 0.084921100 0.000000000
v -0.043721600 0.084063200 0.000000000
v -0.045000000 0.083212500 0.000000000
v -0.046278400 0.082412800 0.000000000
v -0.047487200 0.081707900 0.000000000
v -0.048556800 0.081141600 0.000000000
v -0.049417600 0.080757700 0.000000000
v -0.050000000 0.080600000 0.000000000
v -0.063500000 0.080600000 0.000000000
v -0.064046253 0.080546199 0.000000000
v -0.064571514 0.080386863 0.000000000
v -0.065055597 0.080128115 0.000000000
v -0.065479899 0.079779899 0.000000000
v -0.065828115 0.079355597 0.000000000
v -0.066086863 0.078871514 0.000000000
v -0.066246199 0.078346253 0.000000000
v -0.066300000 0.077800000 0.000000000
v -0.066300000 0.004000000 0.000000000
v -0.066234670 0.003336693 0.000000000
v -0.066041190 0.002698876 0.000000000
v -0.065726997 0.002111061 0.000000000
v -0.065304163 0.001595837 0.000000000
v -0.064788939 0.001173003 0.000000000
v 0.060400000 0.002300000 0.000000000
v -0.060400000 0.002300000 0.000000000
v -0.061063307 0.002365330 0.000000000
v -0.061701124 0.002558810 0.000000000
v -0.062288939 0.002873003 0.000000000
v -0.062804163 0.003295837 0.000000000
v -0.063226997 0.003811061 0.000000000
v -0.063541190 0.004398876 0.000000000
v -0.063734670 0.005036693 0.000000000
v -0.063800000 0.005700000 0.000000000
v -0.063800000 0.075800000 0.000000000
v -0.063746199 0.076346253 0.000000000
v -0.063586863 0.076871514 0.000000000
v -0.063328115 0.077355597 0.000000000
v -0.062979899 0.077779899 0.000000000
v -0.062555597 0.078128115 0.000000000
v -0.062071514 0.078386863 0.000000000
v -0.061546253 0.078546199 0.000000000
v -0.061000000 0.078600000 0.000000000
v -0.050000000 0.078600000 0.000000000
v -0.049361600 0.078746500 0.000000000
v -0.048348800 0.079100000 0.000000000
v -0.047055200 0.079621500 0.000000000
v -0.045574400 0.080272000 0.000000000
v -0.044000000 0.081012500 0.000000000
v -0.042425600 0.081804000 0.000000000
v -0.040944800 0.082607500 0.000000000
v -0.039651200 0.083384000 0.000000000
v -0.038638400 0.084094500 0.000000000
v -0.038000000 0.084700000 0.000000000
v 0.038000000 0.084700000 0.000000000
v 0.038638400 0.084094500 0.000000000
v 0.039651200 0.083384000 0.000000000
v 0.040944800 0.082607500 0.000000000
v 0.042425600 0.081804000 0.000000000
v 0.044000000 0.081012500 0.000000000
v 0.045574400 0.080272000 0.000000000
v 0.047055200 0.079621500 0.000000000
v 0.048348800 0.079100000 0.000000000
v 0.049361600 0.078746500 0.000000000
v 0.050000000 0.078600000 0.000000000
v 0.061000000 0.078600000 0.000000000
v 0.061546253 0.078546199 0.000000000
v 0.062071514 0.078386863 0.000000000
v 0.062555597 0.078128115 0.000000000
v 0.062979899 0.077779899 0.000000000
v 0.063328115 0.077355597 0.000000000
v 0.063586863 0.076871514 0.000000000
v 0.063746199 0.076346253 0.000000000
v 0.063800000 0.075800000 0.000000000
v 0.063800000 0.005700000 0.000000000
v 0.063734670 0.005036693 0.000000000
v 0.063541190 0.004398876 0.000000000
v 0.063226997 0.003811061 0.000000000
v 0.062804163 0.003295837 0.000000000
v 0.062288939 0.002873003 0.000000000
v 0.061701124 0.002558810 0.000000000
v 0.061063307 0.002365330 0.000000000
v 0.063650446 0.000613145 0.000054203
v 0.063735835 0.000564153 0.000113311
v 0.063819351 0.000518235 0.000176970
v 0.063900880 0.000475273 0.000244840
v 0.063980325 0.000435149 0.000316600
v 0.064057594 0.000397749 0.000391945
v 0.064132611 0.000362960 0.000470585
v 0.064205307 0.000330669 0.000552244
v 0.064275624 0.000300768 0.000636662
v 0.064343516 0.000273149 0.000723596
v 0.064408944 0.000247704 0.000812813
v 0.064471877 0.000224332 0.000904096
v 0.064551876 0.000196213 0.001028671
v 0.064636501 0.000168469 0.001172221
v 0.064715440 0.000144528 0.001318821
v 0.064788729 0.000124073 0.001467954
v 0.064856443 0.000106797 0.001619161
v 0.064918685 0.000092403 0.001772037
v 0.064975590 0.000080608 0.001926231
v 0.065027318 0.000071138 0.002081438
v 0.065088558 0.000061677 0.002289520
v 0.065147465 0.000054690 0.002524618
v 0.065196558 0.000050829 0.002760295
v 0.065236694 0.000049381 0.002996214
v 0.065277844 0.000050095 0.003310864
v 0.065309791 0.000052995 0.003664938
v 0.065334008 0.000057752 0.004137945
v 0.065338678 0.000057861 0.005749639
v 0.065293645 0.000055280 0.007238276
v 0.065267349 0.000063836 0.007560399
v 0.065246832 0.000071720 0.007743687
v 0.065223933 0.000081156 0.007908388
v 0.065182986 0.000098924 0.008138725
v 0.065139831 0.000118285 0.008326557
v 0.065096472 0.000138047 0.008479422
v 0.065049471 0.000159633 0.008617373
v 0.065009405 0.000178088 0.008718212
v 0.064960404 0.000200672 0.008825560
v 0.064909785 0.000223976 0.008921929
v 0.064859565 0.000247047 0.009005910
v 0.064810321 0.000269608 0.009079063
v 0.064762521 0.000291443 0.009142777
v 0.064711237 0.000314792 0.009204338
v 0.064656283 0.000339722 0.009263603
v 0.064597469 0.000366299 0.009320425
v 0.064534595 0.000394592 0.009374651
v 0.064467457 0.000424671 0.009426124
v 0.064395846 0.000456607 0.009474679
v 0.064331337 0.000485249 0.009513507
v -0.064876078 0.001120818 0.000054203
v -0.064961467 0.001071826 0.000113311
v -0.065044982 0.001025908 0.000176970
v -0.065126512 0.000982946 0.000244840
v -0.065205956 0.000942822 0.000316600
v -0.065283226 0.000905422 0.000391945
v -0.065358242 0.000870633 0.000470585
v -0.065430938 0.000838342 0.000552244
v -0.065501256 0.000808442 0.000636662
v -0.065569148 0.000780822 0.000723596
v -0.065634575 0.000755378 0.000812813
v -0.065697509 0.000732005 0.000904096
v -0.065777507 0.000703886 0.001028671
v -0.065862133 0.000676142 0.001172221
v -0.065941071 0.000652202 0.001318821
v -0.066014361 0.000631746 0.001467954
v -0.066082075 0.000614470 0.001619161
v -0.066144317 0.000600076 0.001772037
v -0.066201222 0.000588281 0.001926231
v -0.066252950 0.000578811 0.002081438
v -0.066314190 0.000569350 0.002289520
v -0.066373097 0.000562364 0.002524618
v -0.066422190 0.000558503 0.002760295
v -0.066462325 0.000557054 0.002996214
v -0.066503475 0.000557768 0.003310864
v -0.066535423 0.000560668 0.003664938
v -0.066559640 0.000565426 0.004137945
v -0.066564310 0.000565535 0.005749639
v -0.066519276 0.000562954 0.007238276
v -0.066492980 0.000571509 0.007560399
v -0.066472463 0.000579393 0.007743687
v -0.066449564 0.000588829 0.007908388
v -0.066408618 0.000606598 0.008138725
v -0.066365463 0.000625958 0.008326557
v -0.066322104 0.000645721 0.008479422
v -0.066275102 0.000667306 0.008617373
v -0.066235037 0.000685762 0.008718212
v -0.066186036 0.000708345 0.008825560
v -0.066135417 0.000731649 0.008921929
v -0.066085196 0.000754721 0.009005910
v -0.066035952 0.000777282 0.009079063
v -0.065988152 0.000799116 0.009142777
v -0.065936868 0.000822465 0.009204338
v -0.065881915 0.000847395 0.009263603
v -0.065823100 0.000873972 0.009320425
v -0.065760226 0.000902265 0.009374651
v -0.065693089 0.000932344 0.009426124
v -0.065621478 0.000964280 0.009474679
v -0.065556969 0.000992923 0.009513507
v 0.064288263 0.000806624 0.000054203
v 0.064373652 0.000757633 0.000113311
v 0.064457167 0.000711715 0.000176970
v 0.064538697 0.000668752 0.000244840
v 0.064618141 0.000628628 0.000316600
v 0.064695411 0.000591228 0.000391945
v 0.064770427 0.000556439 0.000470585
v 0.064843123 0.000524149 0.000552244
v 0.064913441 0.000494248 0.000636662
v 0.064981333 0.000466628 0.000723596
v 0.065046760 0.000441184 0.000812813
v 0.065109694 0.000417811 0.000904096
v 0.065189692 0.000389693 0.001028671
v 0.065274318 0.000361949 0.001172221
v 0.065353256 0.000338008 0.001318821
v 0.065426546 0.000317553 0.001467954
v 0.065494260 0.000300276 0.001619161
v 0.065556502 0.000285883 0.001772037
v 0.065613407 0.000274088 0.001926231
v 0.065665135 0.000264617 0.002081438
v 0.065726375 0.000255156 0.002289520
v 0.065785282 0.000248170 0.002524618
v 0.065834375 0.000244309 0.002760295
v 0.065874510 0.000242861 0.002996214
v 0.065915660 0.000243574 0.003310864
v 0.065947608 0.000246474 0.003664938
v 0.065971825 0.000251232 0.004137945
v 0.065976495 0.000251341 0.005749639
v 0.065931461 0.000248760 0.007238276
v 0.065905165 0.000257316 0.007560399
v 0.065884648 0.000265200 0.007743687
v 0.065861749 0.000274635 0.007908388
v 0.065820803 0.000292404 0.008138725
v 0.065777648 0.000311764 0.008326557
v 0.065734289 0.000331527 0.008479422
v 0.065687287 0.000353112 0.008617373
v 0.065647221 0.000371568 0.008718212
v 0.065598221 0.000394151 0.008825560
v 0.065547601 0.000417456 0.008921929
v 0.065497381 0.000440527 0.009005910
v 0.065448137 0.000463088 0.009079063
v 0.065400337 0.000484922 0.009142777
v 0.065349053 0.000508271 0.009204338
v 0.065294100 0.000533201 0.009263603
v 0.065235285 0.000559778 0.009320425
v 0.065172411 0.000588072 0.009374651
v 0.065105274 0.000618150 0.009426124
v 0.065033663 0.000650087 0.009474679
v 0.064969154 0.000678729 0.009513507
v -0.065391302 0.001543652 0.000054203
v -0.065476691 0.001494660 0.000113311
v -0.065560207 0.001448742 0.000176970
v -0.065641736 0.001405779 0.000244840
v -0.065721181 0.001365656 0.000316600
v -0.065798450 0.001328256 0.000391945
v -0.065873467 0.001293466 0.000470585
v -0.065946162 0.001261176 0.000552244
v -0.066016480 0.001231275 0.000636662
v -0.066084372 0.001203656 0.000723596
v -0.066149800 0.001178211 0.000812813
v -0.066212733 0.001154838 0.000904096
v -0.066292732 0.001126720 0.001028671
v -0.066377357 0.001098976 0.001172221
v -0.066456296 0.001075035 0.001318821
v -0.066529585 0.001054580 0.001467954
v -0.066597299 0.001037304 0.001619161
v -0.066659541 0.001022910 0.001772037
v -0.066716446 0.001011115 0.001926231
v -0.066768174 0.001001645 0.002081438
v -0.066829414 0.000992184 0.002289520
v -0.066888321 0.000985197 0.002524618
v -0.066937414 0.000981336 0.002760295
v -0.066977550 0.000979888 0.002996214
v -0.067018700 0.000980602 0.003310864
v -0.067050647 0.000983502 0.003664938
v -0.067074864 0.000988259 0.004137945
v -0.067079534 0.000988368 0.005749639
v -0.067034501 0.000985787 0.007238276
v -0.067008205 0.000994343 0.007560399
v -0.066987688 0.001002227 0.007743687
v -0.066964789 0.001011663 0.007908388
v -0.066923842 0.001029431 0.008138725
v -0.066880687 0.001048792 0.008326557
v -0.066837328 0.001068554 0.008479422
v -0.066790327 0.001090140 0.008617373
v -0.066750261 0.001108595 0.008718212
v -0.066701260 0.001131179 0.008825560
v -0.066650641 0.001154483 0.008921929
v -0.066600421 0.001177554 0.009005910
v -0.066551177 0.001200115 0.009079063
v -0.066503377 0.001221950 0.009142777
v -0.066452093 0.001245299 0.009204338
v -0.066397139 0.001270228 0.009263603
v -0.066338325 0.001296806 0.009320425
v -0.066275451 0.001325099 0.009374651
v -0.066208313 0.001355178 0.009426124
v -0.066136702 0.001387114 0.009474679
v -0.066072193 0.001415756 0.009513507
v 0.064876078 0.001120818 0.000054203
v 0.064961467 0.001071826 0.000113311
v 0.065044982 0.001025908 0.000176970
v 0.065126512 0.000982946 0.000244840
v 0.065205956 0.000942822 0.000316600
v 0.065283226 0.000905422 0.000391945
v 0.065358242 0.000870633 0.000470585
v 0.065430938 0.000838342 0.000552244
v 0.065501256 0.000808442 0.000636662
v 0.065569148 0.000780822 0.000723596
v 0.065634575 0.000755378 0.000812813
v 0.065697509 0.000732005 0.000904096
v 0.065777507 0.000703886 0.001028671
v 0.065862133 0.000676142 0.001172221
v 0.065941071 0.000652202 0.001318821
v 0.066014361 0.000631746 0.001467954
v 0.066082075 0.000614470 0.001619161
v 0.066144317 0.000600076 0.001772037
v 0.066201222 0.000588281 0.001926231
v 0.066252950 0.000578811 0.002081438
v 0.066314190 0.000569350 0.002289520
v 0.066373097 0.000562364 0.002524618
v 0.066422190 0.000558503 0.002760295
v 0.066462325 0.000557054 0.002996214
v 0.066503475 0.000557768 0.003310864
v 0.066535423 0.000560668 0.003664938
v 0.066559640 0.000565426 0.004137945
v 0.066564310 0.000565535 0.005749639
v 0.066519276 0.000562954 0.007238276
v 0.066492980 0.000571509 0.007560399
v 0.066472463 0.000579393 0.007743687
v 0.066449564 0.000588829 0.007908388
v 0.066408618 0.000606598 0.008138725
v 0.066365463 0.000625958 0.008326557
v 0.066322104 0.000645721 0.008479422
v 0.066275102 0.000667306 0.008617373
v 0.066235037 0.000685762 0.008718212
v 0.066186036 0.000708345 0.008825560
v 0.066135417 0.000731649 0.008921929
v 0.066085196 0.000754721 0.009005910
v 0.066035952 0.000777282 0.009079063
v 0.065988152 0.000799116 0.009142777
v 0.065936868 0.000822465 0.009204338
v 0.065881915 0.000847395 0.009263603
v 0.065823100 0.000873972 0.009320425
v 0.065760226 0.000902265 0.009374651
v 0.065693089 0.000932344 0.009426124
v 0.065621478 0.000964280 0.009474679
v 0.065556969 0.000992923 0.009513507
v -0.065814136 0.002058876 0.000054203
v -0.065899525 0.002009884 0.000113311
v -0.065983040 0.001963966 0.000176970
v -0.066064570 0.001921004 0.000244840
v -0.066144014 0.001880880 0.000316600
v -0.066221284 0.001843480 0.000391945
v -0.066296300 0.001808691 0.000470585
v -0.066368996 0.001776400 0.000552244
v -0.066439314 0.001746499 0.000636662
v -0.066507206 0.001718880 0.000723596
v -0.066572633 0.001693436 0.000812813
v -0.066635567 0.001670063 0.000904096
v -0.066715565 0.001641944 0.001028671
v -0.066800191 0.001614200 0.001172221
v -0.066879129 0.001590260 0.001318821
v -0.066952419 0.001569804 0.001467954
v -0.067020133 0.001552528 0.001619161
v -0.067082375 0.001538134 0.001772037
v -0.067139280 0.001526339 0.001926231
v -0.067191008 0.001516869 0.002081438
v -0.067252248 0.001507408 0.002289520
v -0.067311155 0.001500422 0.002524618
v -0.067360248 0.001496561 0.002760295
v -0.067400383 0.001495112 0.002996214
v -0.067441533 0.001495826 0.003310864
v -0.067473481 0.001498726 0.003664938
v -0.067497698 0.001503484 0.004137945
v -0.067502368 0.001503592 0.005749639
v -0.067457334 0.001501011 0.007238276
v -0.067431038 0.001509567 0.007560399
v -0.067410521 0.001517451 0.007743687
v -0.067387622 0.001526887 0.007908388
v -0.067346676 0.001544656 0.008138725
v -0.067303521 0.001564016 0.008326557
v -0.067260162 0.001583778 0.008479422
v -0.067213160 0.001605364 0.008617373
v -0.067173094 0.001623820 0.008718212
v -0.067124094 0.001646403 0.008825560
v -0.067073475 0.001669707 0.008921929
v -0.067023254 0.001692778 0.009005910
v -0.066974010 0.001715340 0.009079063
v -0.066926210 0.001737174 0.009142777
v -0.066874926 0.001760523 0.009204338
v -0.066819973 0.001785453 0.009263603
v -0.066761158 0.001812030 0.009320425
v -0.066698284 0.001840323 0.009374651
v -0.066631147 0.001870402 0.009426124
v -0.066559536 0.001902338 0.009474679
v -0.066495027 0.001930981 0.009513507
v 0.065391302 0.001543652 0.000054203
v 0.065476691 0.001494660 0.000113311
v 0.065560207 0.001448742 0.000176970
v 0.065641736 0.001405779 0.000244840
v 0.065721181 0.001365656 0.000316600
v 0.065798450 0.001328256 0.000391945
v 0.065873467 0.001293466 0.000470585
v 0.065946162 0.001261176 0.000552244
v 0.066016480 0.001231275 0.000636662
v 0.066084372 0.001203656 0.000723596
v 0.066149800 0.001178211 0.000812813
v 0.066212733 0.001154838 0.000904096
v 0.066292732 0.001126720 0.001028671
v 0.066377357 0.001098976 0.001172221
v 0.066456296 0.001075035 0.001318821
v 0.066529585 0.001054580 0.001467954
v 0.066597299 0.001037304 0.001619161
v 0.066659541 0.001022910 0.001772037
v 0.066716446 0.001011115 0.001926231
v 0.066768174 0.001001645 0.002081438
v 0.066829414 0.000992184 0.002289520
v 0.066888321 0.000985197 0.002524618
v 0.066937414 0.000981336 0.002760295
v 0.066977550 0.000979888 0.002996214
v 0.067018700 0.000980602 0.003310864
v 0.067050647 0.000983502 0.003664938
v 0.067074864 0.000988259 0.004137945
v 0.067079534 0.000988368 0.005749639
v 0.067034501 0.000985787 0.007238276
v 0.067008205 0.000994343 0.007560399
v 0.066987688 0.001002227 0.007743687
v 0.066964789 0.001011663 0.007908388
v 0.066923842 0.001029431 0.008138725
v 0.066880687 0.001048792 0.008326557
v 0.066837328 0.001068554 0.008479422
v 0.066790327 0.001090140 0.008617373
v 0.066750261 0.001108595 0.008718212
v 0.066701260 0.001131179 0.008825560
v 0.066650641 0.001154483 0.008921929
v 0.066600421 0.001177554 0.009005910
v 0.066551177 0.001200115 0.009079063
v 0.066503377 0.001221950 0.009142777
v 0.066452093 0.001245299 0.009204338
v 0.066397139 0.001270228 0.009263603
v 0.066338325 0.001296806 0.009320425
v 0.066275451 0.001325099 0.009374651
v 0.066208313 0.001355178 0.009426124
v 0.066136702 0.001387114 0.009474679
v 0.066072193 0.001415756 0.009513507
v -0.066128330 0.002646691 0.000054203
v -0.066213719 0.002597699 0.000113311
v -0.066297234 0.002551781 0.000176970
v -0.066378764 0.002508819 0.000244840
v -0.066458208 0.002468695 0.000316600
v -0.066535477 0.002431295 0.000391945
v -0.066610494 0.002396506 0.000470585
v -0.066683190 0.002364215 0.000552244
v -0.066753508 0.002334315 0.000636662
v -0.066821399 0.002306695 0.000723596
v -0.066886827 0.002281251 0.000812813
v -0.066949761 0.002257878 0.000904096
v -0.067029759 0.002229759 0.001028671
v -0.067114385 0.002202015 0.001172221
v -0.067193323 0.002178075 0.001318821
v -0.067266613 0.002157619 0.001467954
v -0.067334326 0.002140343 0.001619161
v -0.067396569 0.002125949 0.001772037
v -0.067453473 0.002114154 0.001926231
v -0.067505202 0.002104684 0.002081438
v -0.067566441 0.002095223 0.002289520
v -0.067625349 0.002088237 0.002524618
v -0.067674441 0.002084376 0.002760295
v -0.067714577 0.002082927 0.002996214
v -0.067755727 0.002083641 0.003310864
v -0.067787675 0.002086541 0.003664938
v -0.067811892 0.002091299 0.004137945
v -0.067816562 0.002091408 0.005749639
v -0.067771528 0.002088827 0.007238276
v -0.067745232 0.002097382 0.007560399
v -0.067724715 0.002105266 0.007743687
v -0.067701816 0.002114702 0.007908388
v -0.067660870 0.002132471 0.008138725
v -0.067617714 0.002151831 0.008326557
v -0.067574355 0.002171594 0.008479422
v -0.067527354 0.002193179 0.008617373
v -0.067487288 0.002211635 0.008718212
v -0.067438287 0.002234218 0.008825560
v -0.067387668 0.002257522 0.008921929
v -0.067337448 0.002280594 0.009005910
v -0.067288204 0.002303155 0.009079063
v -0.067240404 0.002324989 0.009142777
v -0.067189120 0.002348338 0.009204338
v -0.067134167 0.002373268 0.009263603
v -0.067075352 0.002399845 0.009320425
v -0.067012478 0.002428138 0.009374651
v -0.066945341 0.002458217 0.009426124
v -0.066873729 0.002490153 0.009474679
v -0.066809221 0.002518796 0.009513507
v 0.065814136 0.002058876 0.000054203
v 0.065899525 0.002009884 0.000113311
v 0.065983040 0.001963966 0.000176970
v 0.066064570 0.001921004 0.000244840
v 0.066144014 0.001880880 0.000316600
v 0.066221284 0.001843480 0.000391945
v 0.066296300 0.001808691 0.000470585
v 0.066368996 0.001776400 0.000552244
v 0.066439314 0.001746499 0.000636662
v 0.066507206 0.001718880 0.000723596
v 0.066572633 0.001693436 0.000812813
v 0.066635567 0.001670063 0.000904096
v 0.066715565 0.001641944 0.001028671
v 0.066800191 0.001614200 0.001172221
v 0.066879129 0.001590260 0.001318821
v 0.066952419 0.001569804 0.001467954
v 0.067020133 0.001552528 0.001619161
v 0.067082375 0.001538134 0.001772037
v 0.067139280 0.001526339 0.001926231
v 0.067191008 0.001516869 0.002081438
v 0.067252248 0.001507408 0.002289520
v 0.067311155 0.001500422 0.002524618
v 0.067360248 0.001496561 0.002760295
v 0.067400383 0.001495112 0.002996214
v 0.067441533 0.001495826 0.003310864
v 0.067473481 0.001498726 0.003664938
v 0.067497698 0.001503484 0.004137945
v 0.067502368 0.001503592 0.005749639
v 0.067457334 0.001501011 0.007238276
v 0.067431038 0.001509567 0.007560399
v 0.067410521 0.001517451 0.007743687
v 0.067387622 0.001526887 0.007908388
v 0.067346676 0.001544656 0.008138725
v 0.067303521 0.001564016 0.008326557
v 0.067260162 0.001583778 0.008479422
v 0.067213160 0.001605364 0.008617373
v 0.067173094 0.001623820 0.008718212
v 0.067124094 0.001646403 0.008825560
v 0.067073475 0.001669707 0.008921929
v 0.067023254 0.001692778 0.009005910
v 0.066974010 0.001715340 0.009079063
v 0.066926210 0.001737174 0.009142777
v 0.066874926 0.001760523 0.009204338
v 0.066819973 0.001785453 0.009263603
v 0.066761158 0.001812030 0.009320425
v 0.066698284 0.001840323 0.009374651
v 0.066631147 0.001870402 0.009426124
v 0.066559536 0.001902338 0.009474679
v 0.066495027 0.001930981 0.009513507
v -0.066311227 0.003290726 0.000047293
v -0.066386448 0.003247229 0.000098397
v -0.066460249 0.003206122 0.000153070
v -0.066532552 0.003167323 0.000211081
v -0.066603285 0.003130755 0.000272206
v -0.066672384 0.003096338 0.000336235
v -0.066739792 0.003063995 0.000402962
v -0.066805456 0.003033650 0.000472196
v -0.066869333 0.003005227 0.000543750
v -0.066931383 0.002978653 0.000617449
v -0.067011216 0.002945970 0.000718763
v -0.067096998 0.002912762 0.000836482
v -0.067178449 0.002883097 0.000957687
v -0.067255531 0.002856742 0.001081926
v -0.067328230 0.002833472 0.001208786
v -0.067396553 0.002813069 0.001337889
v -0.067460533 0.002795318 0.001468893
v -0.067520218 0.002780014 0.001601492
v -0.067593243 0.002763068 0.001780298
v -0.067666689 0.002748210 0.001983560
v -0.067731281 0.002737210 0.002188409
v -0.067787468 0.002729488 0.002394311
v -0.067835752 0.002724497 0.002600856
v -0.067876687 0.002721729 0.002807745
v -0.067920856 0.002720688 0.003083808
v -0.067958011 0.002722000 0.003394439
v -0.067983302 0.002724662 0.003695584
v -0.068000000 0.002727747 0.003997126
v -0.068000000 0.002699185 0.004278902
v -0.068000000 0.002684570 0.004564801
v -0.068000000 0.002687770 0.005460027
v -0.068000000 0.002724148 0.006352505
v -0.067958864 0.002728405 0.007326275
v -0.067921231 0.002741874 0.007719073
v -0.067878838 0.002759557 0.008008946
v -0.067836470 0.002778255 0.008221888
v -0.067792707 0.002798048 0.008395333
v -0.067749417 0.002817855 0.008536406
v -0.067712382 0.002834886 0.008639780
v -0.067666946 0.002855822 0.008750099
v -0.067619869 0.002877516 0.008849412
v -0.067573040 0.002899067 0.008936206
v -0.067521667 0.002922658 0.009020310
v -0.067471280 0.002945729 0.009093501
v -0.067422358 0.002968060 0.009157187
v -0.067369860 0.002991942 0.009218656
v -0.067313595 0.003017444 0.009277762
v -0.067253364 0.003044633 0.009334353
v -0.067188965 0.003073581 0.009388271
v -0.067120186 0.003104358 0.009439353
v -0.067046812 0.003137039 0.009487430
v -0.066991988 0.003161357 0.009519543
v 0.066128330 0.002646691 0.000054203
v 0.066213719 0.002597699 0.000113311
v 0.066297234 0.002551781 0.000176970
v 0.066378764 0.002508819 0.000244840
v 0.066458208 0.002468695 0.000316600
v 0.066535477 0.002431295 0.000391945
v 0.066610494 0.002396506 0.000470585
v 0.066683190 0.002364215 0.000552244
v 0.066753508 0.002334315 0.000636662
v 0.066821399 0.002306695 0.000723596
v 0.066886827 0.002281251 0.000812813
v 0.066949761 0.002257878 0.000904096
v 0.067029759 0.002229759 0.001028671
v 0.067114385 0.002202015 0.001172221
v 0.067193323 0.002178075 0.001318821
v 0.067266613 0.002157619 0.001467954
v 0.067334326 0.002140343 0.001619161
v 0.067396569 0.002125949 0.001772037
v 0.067453473 0.002114154 0.001926231
v 0.067505202 0.002104684 0.002081438
v 0.067566441 0.002095223 0.002289520
v 0.067625349 0.002088237 0.002524618
v 0.067674441 0.002084376 0.002760295
v 0.067714577 0.002082927 0.002996214
v 0.067755727 0.002083641 0.003310864
v 0.067787675 0.002086541 0.003664938
v 0.067811892 0.002091299 0.004137945
v 0.067816562 0.002091408 0.005749639
v 0.067771528 0.002088827 0.007238276
v 0.067745232 0.002097382 0.007560399
v 0.067724715 0.002105266 0.007743687
v 0.067701816 0.002114702 0.007908388
v 0.067660870 0.002132471 0.008138725
v 0.067617714 0.002151831 0.008326557
v 0.067574355 0.002171594 0.008479422
v 0.067527354 0.002193179 0.008617373
v 0.067487288 0.002211635 0.008718212
v 0.067438287 0.002234218 0.008825560
v 0.067387668 0.002257522 0.008921929
v 0.067337448 0.002280594 0.009005910
v 0.067288204 0.002303155 0.009079063
v 0.067240404 0.002324989 0.009142777
v 0.067189120 0.002348338 0.009204338
v 0.067134167 0.002373268 0.009263603
v 0.067075352 0.002399845 0.009320425
v 0.067012478 0.002428138 0.009374651
v 0.066945341 0.002458217 0.009426124
v 0.066873729 0.002490153 0.009474679
v 0.066809221 0.002518796 0.009513507
v -0.068000000 0.003400000 0.007600000
v -0.068000000 0.003326014 0.007529751
v -0.068000000 0.003253753 0.007454391
v -0.068000000 0.003183587 0.007373394
v -0.068000000 0.003115951 0.007286229
v -0.068000000 0.003051350 0.007192413
v -0.068000000 0.002990368 0.007091615
v -0.068000000 0.002933584 0.006983695
v -0.068000000 0.002881512 0.006868790
v -0.068000000 0.002834527 0.006747370
v -0.068000000 0.002792771 0.006620212
v -0.068000000 0.002756105 0.006488255
v -0.067959754 0.003416194 0.007914038
v -0.067914564 0.003435864 0.008163400
v -0.067871413 0.003455272 0.008346167
v -0.067828293 0.003474949 0.008494901
v -0.067783153 0.003495688 0.008625429
v -0.067736815 0.003517037 0.008739777
v -0.067690030 0.003538597 0.008839822
v -0.067643460 0.003560034 0.008927278
v -0.067597664 0.003581072 0.009003695
v -0.067547944 0.003603853 0.009077755
v -0.067494054 0.003628465 0.009149271
v -0.067435739 0.003655000 0.009218048
v -0.067379252 0.003680603 0.009277437
v -0.067325000 0.003705099 0.009328723
v -0.067267359 0.003731026 0.009377837
v -0.067206173 0.003758437 0.009424661
v -0.067141284 0.003787385 0.009469071
v -0.067072652 0.003817871 0.009510867
v 0.066311227 0.003290726 0.000047293
v 0.066386448 0.003247229 0.000098397
v 0.066460249 0.003206122 0.000153070
v 0.066532552 0.003167323 0.000211081
v 0.066603285 0.003130755 0.000272206
v 0.066672384 0.003096338 0.000336235
v 0.066739792 0.003063995 0.000402962
v 0.066805456 0.003033650 0.000472196
v 0.066869333 0.003005227 0.000543750
v 0.066931383 0.002978653 0.000617449
v 0.067011216 0.002945970 0.000718763
v 0.067096998 0.002912762 0.000836482
v 0.067178449 0.002883097 0.000957687
v 0.067255531 0.002856742 0.001081926
v 0.067328230 0.002833472 0.001208786
v 0.067396553 0.002813069 0.001337889
v 0.067460533 0.002795318 0.001468893
v 0.067520218 0.002780014 0.001601492
v 0.067593243 0.002763068 0.001780298
v 0.067666689 0.002748210 0.001983560
v 0.067731281 0.002737210 0.002188409
v 0.067787468 0.002729488 0.002394311
v 0.067835752 0.002724497 0.002600856
v 0.067876687 0.002721729 0.002807745
v 0.067920856 0.002720688 0.003083808
v 0.067958011 0.002722000 0.003394439
v 0.067983302 0.002724662 0.003695584
v 0.068000000 0.002727747 0.003997126
v 0.068000000 0.002724148 0.006352505
v 0.067958864 0.002728405 0.007326275
v 0.067921231 0.002741874 0.007719073
v 0.067878838 0.002759557 0.008008946
v 0.067836470 0.002778255 0.008221888
v 0.067792707 0.002798048 0.008395333
v 0.067749417 0.002817855 0.008536406
v 0.067712382 0.002834886 0.008639780
v 0.067666946 0.002855822 0.008750099
v 0.067619869 0.002877516 0.008849412
v 0.067573040 0.002899067 0.008936206
v 0.067521667 0.002922658 0.009020310
v 0.067471280 0.002945729 0.009093501
v 0.067422358 0.002968060 0.009157187
v 0.067369860 0.002991942 0.009218656
v 0.067313595 0.003017444 0.009277762
v 0.067253364 0.003044633 0.009334353
v 0.067188965 0.003073581 0.009388271
v 0.067120186 0.003104358 0.009439353
v 0.067046812 0.003137039 0.009487430
v 0.066991988 0.003161357 0.009519543
v 0.068000000 0.002690573 0.005566758
v 0.068000000 0.002680339 0.004778410
v 0.068000000 0.002692338 0.004384908
v 0.068000000 0.002706466 0.004189782
v -0.068000000 0.078600000 0.007600000
v -0.067959754 0.078580937 0.007914038
v -0.067919679 0.078561271 0.008138727
v -0.067877681 0.078540324 0.008322049
v -0.067835668 0.078519196 0.008471350
v -0.067791648 0.078496966 0.008602478
v -0.067746423 0.078474083 0.008717444
v -0.067700732 0.078450952 0.008818113
v -0.067649897 0.078425226 0.008915817
v -0.067599398 0.078399696 0.009000955
v -0.067549825 0.078374668 0.009075104
v -0.067496091 0.078347584 0.009146715
v -0.067437941 0.078318331 0.009215595
v -0.067381612 0.078290053 0.009275084
v -0.067327509 0.078262947 0.009326464
v -0.067270023 0.078234207 0.009375679
v -0.067209000 0.078203764 0.009422608
v -0.067144281 0.078171550 0.009467129
v -0.067075703 0.078137497 0.009509114
v -0.067038409 0.078119013 0.009529928
v -0.067000000 0.078100000 0.009550000
v -0.067000000 0.074969672 0.009550000
v -0.067064358 0.074964501 0.009515588
v -0.067127394 0.074958843 0.009477938
v -0.067188932 0.074952685 0.009436960
v -0.067248792 0.074946018 0.009392593
v -0.067306788 0.074938837 0.009344805
v -0.067362742 0.074931143 0.009293604
v -0.067416483 0.074922942 0.009239035
v -0.067467858 0.074914249 0.009181185
v -0.067516737 0.074905082 0.009120181
v -0.067563020 0.074895465 0.009056184
v -0.067606638 0.074885427 0.008989386
v -0.067647560 0.074875000 0.008920000
v -0.067647560 0.073925000 0.008920000
v -0.067606638 0.073914573 0.008989386
v -0.067563020 0.073904535 0.009056184
v -0.067516737 0.073894918 0.009120181
v -0.067467858 0.073885751 0.009181185
v -0.067416483 0.073877058 0.009239035
v -0.067362742 0.073868857 0.009293604
v -0.067306788 0.073861163 0.009344805
v -0.067248791 0.073853982 0.009392593
v -0.067188932 0.073847315 0.009436960
v -0.067127394 0.073841157 0.009477938
v -0.067064358 0.073835499 0.009515588
v -0.067000000 0.073830328 0.009550000
v -0.067000000 0.058769672 0.009550000
v -0.067064359 0.058764501 0.009515588
v -0.067127394 0.058758843 0.009477938
v -0.067188932 0.058752685 0.009436960
v -0.067248792 0.058746018 0.009392592
v -0.067306789 0.058738837 0.009344805
v -0.067362743 0.058731143 0.009293604
v -0.067416484 0.058722942 0.009239035
v -0.067467858 0.058714249 0.009181185
v -0.067516737 0.058705082 0.009120181
v -0.067563020 0.058695465 0.009056184
v -0.067606638 0.058685427 0.008989386
v -0.067647560 0.058675000 0.008920000
v -0.067647560 0.057725000 0.008920000
v -0.067606638 0.057714573 0.008989386
v -0.067563020 0.057704535 0.009056184
v -0.067516737 0.057694918 0.009120181
v -0.067467858 0.057685751 0.009181185
v -0.067416483 0.057677058 0.009239035
v -0.067362743 0.057668857 0.009293604
v -0.067306789 0.057661163 0.009344805
v -0.067248792 0.057653982 0.009392592
v -0.067188932 0.057647315 0.009436960
v -0.067127394 0.057641157 0.009477938
v -0.067064358 0.057635499 0.009515588
v -0.067000000 0.057630328 0.009550000
v -0.067000000 0.042569672 0.009550000
v -0.067064359 0.042564501 0.009515588
v -0.067127394 0.042558843 0.009477938
v -0.067188932 0.042552685 0.009436960
v -0.067248792 0.042546018 0.009392592
v -0.067306789 0.042538837 0.009344805
v -0.067362743 0.042531143 0.009293604
v -0.067416484 0.042522942 0.009239035
v -0.067467858 0.042514249 0.009181185
v -0.067516737 0.042505082 0.009120180
v -0.067563020 0.042495465 0.009056184
v -0.067606638 0.042485427 0.008989386
v -0.067647560 0.042475000 0.008920000
v -0.067647560 0.041525000 0.008920000
v -0.067606638 0.041514573 0.008989386
v -0.067563020 0.041504535 0.009056184
v -0.067516737 0.041494918 0.009120180
v -0.067467858 0.041485751 0.009181185
v -0.067416484 0.041477058 0.009239035
v -0.067362743 0.041468857 0.009293604
v -0.067306789 0.041461163 0.009344805
v -0.067248792 0.041453982 0.009392592
v -0.067188932 0.041447315 0.009436960
v -0.067127394 0.041441157 0.009477938
v -0.067064359 0.041435499 0.009515588
v -0.067000000 0.041430328 0.009550000
v -0.067000000 0.026369672 0.009550000
v -0.067064359 0.026364501 0.009515588
v -0.067127394 0.026358843 0.009477938
v -0.067188932 0.026352685 0.009436960
v -0.067248792 0.026346018 0.009392592
v -0.067306789 0.026338837 0.009344805
v -0.067362743 0.026331143 0.009293604
v -0.067416484 0.026322942 0.009239035
v -0.067467858 0.026314249 0.009181185
v -0.067516737 0.026305082 0.009120181
v -0.067563020 0.026295465 0.009056184
v -0.067606638 0.026285427 0.008989386
v -0.067647560 0.026275000 0.008920000
v -0.067647560 0.025325000 0.008920000
v -0.067606638 0.025314573 0.008989386
v -0.067563020 0.025304535 0.009056184
v -0.067516737 0.025294918 0.009120180
v -0.067467858 0.025285751 0.009181185
v -0.067416484 0.025277058 0.009239035
v -0.067362743 0.025268857 0.009293604
v -0.067306789 0.025261163 0.009344805
v -0.067248792 0.025253982 0.009392592
v -0.067188932 0.025247315 0.009436960
v -0.067127394 0.025241157 0.009477938
v -0.067064359 0.025235499 0.009515588
v -0.067885577 0.014842109 0.008290607
v -0.067875382 0.014359946 0.008330979
v -0.067885577 0.014365652 0.008290607
v -0.067174315 0.014486415 0.009447098
v -0.067885577 0.022490485 0.008290607
v -0.067542223 0.033886685 0.009085753
v -0.067495112 0.033888391 0.009147945
v -0.067445482 0.033890130 0.009207117
v -0.067393432 0.033891884 0.009263137
v -0.067339087 0.033893633 0.009315905
v -0.067368185 0.033891158 0.009288330
v -0.067282592 0.033895361 0.009365357
v -0.067312967 0.033893240 0.009339409
v -0.067224107 0.033897050 0.009411463
v -0.067255668 0.033895288 0.009387186
v -0.067163805 0.033898687 0.009454228
v -0.067196447 0.033897283 0.009431646
v -0.067163805 0.050102261 0.009454228
v -0.067885577 0.060038194 0.008290607
v -0.067885577 0.060514651 0.008290607
v -0.067163804 0.066304341 0.009454228
v -0.067885577 0.068163027 0.008290607
v -0.067885577 0.068639484 0.008290607
v -0.067885577 0.076764316 0.008290607
v -0.067885577 0.076287860 0.008290607
v -0.067845511 0.076745102 0.008438789
v -0.067811990 0.076728957 0.008544592
v -0.067720639 0.076714553 0.008775928
v -0.067781003 0.076714002 0.008631131
v -0.067737007 0.076707392 0.008739336
v -0.067691245 0.076700335 0.008837390
v -0.067673302 0.076707131 0.008872493
v -0.067654957 0.076714102 0.008906675
v -0.067624636 0.076699438 0.008959736
v -0.067604844 0.076706042 0.008992272
v -0.067584755 0.076712797 0.009023750
v -0.067553877 0.076697877 0.009069354
v -0.067532514 0.076704270 0.009099095
v -0.067510979 0.076710787 0.009127699
v -0.067476364 0.076694087 0.009171012
v -0.067453643 0.076700202 0.009197795
v -0.067430876 0.076706420 0.009223423
v -0.067396257 0.076689751 0.009260241
v -0.067372509 0.076695590 0.009284102
v -0.067348823 0.076701514 0.009306846
v -0.067314559 0.076685050 0.009338009
v -0.067278993 0.076667981 0.009368337
v -0.067242088 0.076650294 0.009397800
v -0.067207698 0.076633832 0.009423556
v -0.067175772 0.076618569 0.009446100
v -0.067925820 0.008856416 0.008108081
v -0.067778812 0.014585079 0.008636899
v -0.067842808 0.014343363 0.008447867
v -0.067853972 0.014348788 0.008409698
v -0.067783746 0.014318248 0.008623849
v -0.067795870 0.014322975 0.008590811
v -0.067831380 0.014338059 0.008485129
v -0.067807874 0.014327856 0.008556655
v -0.067819723 0.014332887 0.008521412
v -0.067762107 0.014590386 0.008679505
v -0.067771536 0.014313681 0.008655749
v -0.067747593 0.014594999 0.008714680
v -0.067759271 0.014309275 0.008686508
v -0.067734055 0.014599303 0.008746071
v -0.067746978 0.014305029 0.008716135
v -0.067721476 0.014603302 0.008774100
v -0.067683947 0.014325299 0.008851875
v -0.067709828 0.014607005 0.008799139
v -0.067699074 0.014610423 0.008821519
v -0.067689173 0.014613569 0.008841533
v -0.067679056 0.014616783 0.008861422
v -0.067668722 0.014620065 0.008881184
v -0.067658165 0.014623415 0.008900816
v -0.067625827 0.014343957 0.008957728
v -0.067648471 0.014626491 0.008918372
v -0.067639589 0.014629308 0.008934079
v -0.067786577 0.024381680 0.008616260
v -0.067772073 0.023899797 0.008654373
v -0.067786577 0.023905827 0.008616260
v -0.067757126 0.023893816 0.008691762
v -0.067741770 0.023887898 0.008728344
v -0.067750165 0.028195930 0.008708564
v -0.067786577 0.032020368 0.008616260
v -0.067786577 0.050770440 0.008616260
v -0.067413671 0.050113390 0.009242034
v -0.067429235 0.050122734 0.009225226
v -0.067406428 0.050123815 0.009249682
v -0.067452050 0.050121450 0.009199627
v -0.067400511 0.050114176 0.009255850
v -0.067383676 0.050124704 0.009273018
v -0.067353958 0.050120175 0.009302001
v -0.067786577 0.051246293 0.008616260
v -0.067750165 0.055072717 0.008708564
v -0.067786577 0.058884980 0.008616260
v -0.067786577 0.059360833 0.008616260
v -0.067772073 0.059367443 0.008654373
v -0.067757126 0.059374085 0.008691762
v -0.067741770 0.059380748 0.008728344
v -0.067726047 0.059387421 0.008764037
v -0.067592891 0.059677011 0.009011182
v -0.067626742 0.059426949 0.008956180
v -0.067643637 0.059420480 0.008926965
v -0.067609815 0.059433351 0.008984248
v -0.067660457 0.059413949 0.008896600
v -0.067677158 0.059407367 0.008865093
v -0.067592891 0.059439678 0.009011182
v -0.067750165 0.063433330 0.008708564
v -0.067400511 0.066320448 0.009255850
v -0.067452050 0.066328333 0.009199627
v -0.067429235 0.066331219 0.009225226
v -0.067406428 0.066334052 0.009249682
v -0.067383676 0.066336831 0.009273018
v -0.067353958 0.066330406 0.009302001
v -0.067323534 0.066324530 0.009330038
v -0.067691066 0.067269570 0.008837749
v -0.067706917 0.067267953 0.008805266
v -0.067699991 0.067270825 0.008819637
v -0.067636692 0.067507483 0.008939126
v -0.067713943 0.067265081 0.008790390
v -0.067682061 0.067268681 0.008855573
v -0.067663905 0.067268050 0.008890210
v -0.067672999 0.067268172 0.008873073
v -0.067654806 0.067268318 0.008906950
v -0.067645727 0.067268976 0.008923264
v -0.067721060 0.067262213 0.008775008
v -0.067728257 0.067259353 0.008759122
v -0.067636692 0.067270016 0.008939126
v -0.067772073 0.075597773 0.008654373
v -0.067786577 0.075114061 0.008616260
v -0.067786577 0.075589914 0.008616260
v -0.067757126 0.075605848 0.008691762
v -0.067482971 0.075825421 0.009162986
v -0.067505925 0.075819538 0.009134223
v -0.067547679 0.075823591 0.009078128
v -0.067459846 0.075831432 0.009190606
v -0.067391032 0.075832393 0.009265585
v -0.067415610 0.075826898 0.009239968
v -0.067366418 0.075837998 0.009290049
v -0.067292158 0.075837147 0.009357340
v -0.067318100 0.075832074 0.009334880
v -0.067266300 0.075842316 0.009378692
v -0.067216520 0.075836069 0.009417098
v -0.067772274 0.011597845 0.008653857
v -0.067794282 0.014725340 0.008595219
v -0.067864839 0.014354320 0.008370706
v -0.067790420 0.014726559 0.008605838
v -0.067786906 0.014727667 0.008615374
v -0.067783712 0.014728675 0.008623939
v -0.067522440 0.014521657 0.009112642
v -0.067534460 0.014373164 0.009096443
v -0.067577716 0.014359358 0.009034433
v -0.067508854 0.014525956 0.009130451
v -0.067492939 0.014386377 0.009150665
v -0.067494995 0.014530337 0.009148092
v -0.067480860 0.014534800 0.009165562
v -0.067466444 0.014539348 0.009182859
v -0.067453373 0.014398931 0.009198106
v -0.067453227 0.014543513 0.009198274
v -0.067441133 0.014547320 0.009212023
v -0.067380642 0.014421910 0.009276052
v -0.067415912 0.014410783 0.009239646
v -0.067783712 0.020457479 0.008623939
v -0.067783712 0.016638277 0.008623939
v -0.067639589 0.018441416 0.008934079
v -0.067791255 0.023172194 0.008603553
v -0.067726047 0.023882058 0.008764037
v -0.067785165 0.023169146 0.008620056
v -0.067779136 0.023166150 0.008636048
v -0.067687995 0.024841339 0.008843878
v -0.067669926 0.024835745 0.008878909
v -0.067651455 0.024830227 0.008913016
v -0.067646420 0.027247125 0.008922032
v -0.067679801 0.032953780 0.008859977
v -0.067250960 0.044441346 0.009390895
v -0.067278009 0.044438924 0.009369148
v -0.067408580 0.046324247 0.009247421
v -0.067224007 0.044443572 0.009411538
v -0.067383789 0.046326653 0.009272904
v -0.067209004 0.044444876 0.009422606
v -0.067194209 0.044446092 0.009433236
v -0.067358964 0.046328849 0.009297233
v -0.067179643 0.044447222 0.009443433
v -0.067165324 0.044448270 0.009453205
v -0.067334162 0.046330842 0.009320425
v -0.067309433 0.046332641 0.009342503
v -0.067629789 0.048545898 0.008951003
v -0.067538907 0.044403352 0.009090341
v -0.067679801 0.050444041 0.008859977
v -0.067671170 0.050445444 0.008876553
v -0.067542223 0.050114146 0.009085753
v -0.067662579 0.050446759 0.008892675
v -0.067654050 0.050447983 0.008908324
v -0.067645602 0.050449119 0.008923485
v -0.067637253 0.050450167 0.008938151
v -0.067629016 0.050451131 0.008952319
v -0.067620903 0.050452013 0.008965995
v -0.067519971 0.050116307 0.009115917
v -0.067620903 0.050689431 0.008965995
v -0.067610453 0.050687720 0.008983210
v -0.067599917 0.050686252 0.009000132
v -0.067589323 0.050685038 0.009016724
v -0.067578699 0.050684085 0.009032951
v -0.067568076 0.050683397 0.009048783
v -0.067557484 0.050682977 0.009064190
v -0.067546950 0.050682821 0.009079152
v -0.067678156 0.052588377 0.008863167
v -0.067651196 0.054498343 0.008913483
v -0.067538007 0.053920632 0.009091581
v -0.067646420 0.056388691 0.008922032
v -0.067176254 0.055766186 0.009445768
v -0.067328339 0.053889053 0.009325715
v -0.067463398 0.059092100 0.009186449
v -0.067439653 0.059096919 0.009213682
v -0.067767308 0.059864845 0.008666492
v -0.067693691 0.059400743 0.008832470
v -0.067710004 0.059394091 0.008798767
v -0.067415805 0.059101691 0.009239760
v -0.067391917 0.059106412 0.009264683
v -0.067368046 0.059111078 0.009288466
v -0.067767308 0.060102712 0.008666492
v -0.067344238 0.059233974 0.009311133
v -0.067344238 0.059115686 0.009311133
v -0.067792515 0.061992103 0.008600095
v -0.067782676 0.061995136 0.008626698
v -0.067785916 0.061993927 0.008618038
v -0.067789199 0.061992915 0.008609165
v -0.067521944 0.066806841 0.009113301
v -0.067474818 0.066325391 0.009172874
v -0.067497480 0.066322396 0.009144967
v -0.067519971 0.066319345 0.009115917
v -0.067509662 0.066804445 0.009129406
v -0.067497288 0.066802413 0.009145209
v -0.067484855 0.066800760 0.009160677
v -0.067435213 0.066916507 0.009218631
v -0.067472396 0.066799496 0.009175780
v -0.067459947 0.066798628 0.009190489
v -0.067447541 0.066798157 0.009204779
v -0.067435213 0.066798081 0.009218631
v -0.067782676 0.067842822 0.008626698
v -0.067735518 0.067256508 0.008742741
v -0.067742827 0.067253682 0.008725881
v -0.067750165 0.067250882 0.008708564
v -0.067782676 0.068080736 0.008626698
v -0.067405978 0.068811560 0.009250154
v -0.067791255 0.069977093 0.008603553
v -0.067786577 0.071294717 0.008616260
v -0.067923103 0.074956856 0.008121780
v -0.067601543 0.075278063 0.008997548
v -0.067741769 0.075614131 0.008728344
v -0.067726047 0.075622610 0.008764037
v -0.067710004 0.075631270 0.008798767
v -0.067580922 0.075284643 0.009029588
v -0.067569013 0.075817196 0.009047402
v -0.067759151 0.076067414 0.008686804
v -0.067387095 0.075386543 0.009269576
v -0.067282084 0.075396929 0.009365778
v -0.067170321 0.075405159 0.009449823
v -0.067920820 0.004785175 0.008133121
v -0.067783743 0.007544589 0.008623857
v -0.067915299 0.008847613 0.008159900
v -0.067911865 0.008844800 0.008176122
v -0.067918773 0.008850489 0.008143151
v -0.067922282 0.008853424 0.008125876
v -0.067778679 0.006197020 0.008637249
v -0.067784861 0.010243620 0.008620868
v -0.067780891 0.010245102 0.008631428
v -0.067777279 0.010246451 0.008640910
v -0.067773996 0.010247677 0.008649427
v -0.067755264 0.011603906 0.008696294
v -0.067740486 0.011609174 0.008731322
v -0.067726705 0.011614086 0.008762576
v -0.067713903 0.011618650 0.008790477
v -0.067702048 0.011622875 0.008815398
v -0.067435040 0.013061058 0.009218823
v -0.067403741 0.010385209 0.009252491
v -0.067630594 0.011648309 0.008949628
v -0.067317225 0.014513985 0.009335655
v -0.067240719 0.014465764 0.009398856
v -0.067277673 0.014454227 0.009369424
v -0.067313288 0.014443078 0.009339128
v -0.067347599 0.014432308 0.009307994
v -0.067206283 0.014476486 0.009424581
v -0.067717643 0.015631022 0.008782433
v -0.067317225 0.015463078 0.009335655
v -0.067441133 0.016448516 0.009212023
v -0.067377790 0.021837632 0.009278890
v -0.067639589 0.016535362 0.008934079
v -0.067521258 0.020139419 0.009114212
v -0.067205408 0.023535025 0.009425215
v -0.067649798 0.024460999 0.008915996
v -0.067710004 0.023876309 0.008798767
v -0.067693691 0.023870665 0.008832470
v -0.067677158 0.023865138 0.008865093
v -0.067632635 0.024824799 0.008946131
v -0.067613525 0.024819474 0.008978195
v -0.067463398 0.024549243 0.009186449
v -0.067479099 0.024183013 0.009167703
v -0.067415805 0.024540860 0.009239760
v -0.067391917 0.024536859 0.009264683
v -0.067368046 0.024532987 0.009288466
v -0.067344238 0.024529245 0.009311133
v -0.067660457 0.023859738 0.008896600
v -0.067643637 0.023854472 0.008926965
v -0.067626742 0.023849347 0.008956180
v -0.067609815 0.023844365 0.008984248
v -0.067592891 0.023839530 0.009011182
v -0.067439653 0.024544989 0.009213682
v -0.067499228 0.025042612 0.009142759
v -0.067185536 0.024878325 0.009439339
v -0.067284806 0.026810986 0.009363514
v -0.067310947 0.026809096 0.009341180
v -0.067258752 0.026812530 0.009384739
v -0.067650244 0.027726923 0.008915195
v -0.067641969 0.027727229 0.008929905
v -0.067633805 0.027727345 0.008944117
v -0.067627072 0.027250671 0.008955622
v -0.067625763 0.027727280 0.008957835
v -0.067607367 0.027253845 0.008988211
v -0.067464497 0.027265642 0.009185156
v -0.067485048 0.027265021 0.009160440
v -0.067526209 0.027262761 0.009107608
v -0.067546727 0.027261094 0.009079465
v -0.067505633 0.027264066 0.009134597
v -0.067587366 0.027256640 0.009019742
v -0.067567132 0.027259056 0.009050170
v -0.067293145 0.028699043 0.009356505
v -0.067646826 0.029624616 0.008921308
v -0.067670314 0.031533648 0.008878174
v -0.067517747 0.031052124 0.009118852
v -0.067685801 0.032488445 0.008848223
v -0.067681653 0.032488633 0.008856370
v -0.067624370 0.032955861 0.008960185
v -0.067615435 0.032955379 0.008975057
v -0.067661682 0.032954504 0.008894338
v -0.067643187 0.032955201 0.008927759
v -0.067596294 0.032956141 0.009005852
v -0.067358403 0.032477294 0.009297769
v -0.067425679 0.033426757 0.009229112
v -0.067414305 0.033426668 0.009241359
v -0.067401155 0.033427480 0.009255182
v -0.067389784 0.033427525 0.009266853
v -0.067376540 0.033428136 0.009280127
v -0.067546950 0.032957983 0.009079152
v -0.067406592 0.043473743 0.009249510
v -0.067418974 0.044421936 0.009236365
v -0.067517828 0.047435736 0.009118746
v -0.067507490 0.047436889 0.009132210
v -0.067497299 0.047437957 0.009145195
v -0.067487269 0.047438943 0.009157705
v -0.067480464 0.049333424 0.009166044
v -0.067429894 0.050398638 0.009224503
v -0.067497480 0.050118243 0.009144967
v -0.067474818 0.050119955 0.009172874
v -0.067416497 0.050397318 0.009239020
v -0.067690006 0.050966397 0.008839870
v -0.067403115 0.050396265 0.009253144
v -0.067685801 0.050966336 0.008848223
v -0.067681653 0.050966411 0.008856370
v -0.067389784 0.050395480 0.009266853
v -0.067376540 0.050394965 0.009280128
v -0.067323534 0.050116058 0.009330038
v -0.067196447 0.050104082 0.009431646
v -0.067292480 0.050112375 0.009357068
v -0.067260883 0.050109143 0.009383040
v -0.067228839 0.050106377 0.009407910
v -0.067411675 0.051341934 0.009244152
v -0.067477627 0.053237636 0.009169487
v -0.067528558 0.053920894 0.009104450
v -0.067674485 0.052588774 0.008870232
v -0.067601570 0.052579276 0.008997505
v -0.067461656 0.054189206 0.009188491
v -0.067574858 0.054486372 0.009038720
v -0.067399208 0.055132811 0.009257199
v -0.067433406 0.056081980 0.009220633
v -0.067567132 0.056379254 0.009050171
v -0.067546727 0.056378043 0.009079465
v -0.067587366 0.056380924 0.009019742
v -0.067627072 0.056385647 0.008955622
v -0.067526209 0.056377284 0.009107608
v -0.067607367 0.056383055 0.008988211
v -0.067521929 0.055433121 0.009113322
v -0.067505633 0.056376964 0.009134597
v -0.067485048 0.056377068 0.009160440
v -0.067464497 0.056377578 0.009185156
v -0.067420305 0.056080014 0.009234933
v -0.067407252 0.056078321 0.009248817
v -0.067394283 0.056076903 0.009262266
v -0.067381430 0.056075758 0.009275266
v -0.067368721 0.056074882 0.009287808
v -0.067356179 0.056074269 0.009299891
v -0.067343825 0.056073910 0.009311517
v -0.067331674 0.056073794 0.009322692
v -0.067258752 0.057011915 0.009384739
v -0.067589680 0.059249087 0.009016170
v -0.067479099 0.059339404 0.009167703
v -0.067185536 0.058945716 0.009439339
v -0.067479099 0.059457897 0.009167703
v -0.067185536 0.059004740 0.009439339
v -0.067697572 0.060837412 0.008824592
v -0.067604165 0.060621960 0.008993361
v -0.067204136 0.059946638 0.009426134
v -0.067375663 0.061120505 0.009280995
v -0.067622439 0.061566250 0.008963427
v -0.067615221 0.061567122 0.008975410
v -0.067619993 0.061566435 0.008967511
v -0.067617585 0.061566726 0.008971508
v -0.067518613 0.062291023 0.009117712
v -0.067636692 0.063458051 0.008939126
v -0.067435213 0.064897030 0.009218631
v -0.067651372 0.064168956 0.008913165
v -0.067447541 0.064896805 0.009204779
v -0.067472396 0.064897538 0.009175780
v -0.067459947 0.064896974 0.009190489
v -0.067742827 0.063436492 0.008725881
v -0.067663905 0.063454746 0.008890210
v -0.067654806 0.063455462 0.008906950
v -0.067528993 0.064894861 0.009103864
v -0.067645727 0.063456566 0.008923264
v -0.067651372 0.066075300 0.008913165
v -0.067309235 0.065605184 0.009342676
v -0.067196446 0.066307098 0.009431646
v -0.067292480 0.066319238 0.009357068
v -0.067260883 0.066314556 0.009383040
v -0.067228839 0.066310505 0.009407910
v -0.067648519 0.067033029 0.008918288
v -0.067643943 0.067034110 0.008926424
v -0.067309235 0.066554181 0.009342676
v -0.067309235 0.066613299 0.009342676
v -0.067626062 0.068459036 0.008957331
v -0.067706779 0.068749220 0.008805555
v -0.067632227 0.069406006 0.008946832
v -0.067785164 0.069979682 0.008620056
v -0.067779136 0.069982604 0.008636048
v -0.067773182 0.069985841 0.008651526
v -0.067767308 0.069989373 0.008666492
v -0.067627842 0.069406794 0.008954316
v -0.067623542 0.069407769 0.008961575
v -0.067619334 0.069408923 0.008968606
v -0.067615221 0.069410245 0.008975410
v -0.067649798 0.071956481 0.008915996
v -0.067677158 0.071293700 0.008865094
v -0.067693691 0.071291916 0.008832470
v -0.067660457 0.071296113 0.008896600
v -0.067757126 0.071291247 0.008691762
v -0.067772073 0.071292679 0.008654373
v -0.067710004 0.071290775 0.008798767
v -0.067726047 0.071290284 0.008764037
v -0.067741769 0.071290444 0.008728344
v -0.067463398 0.072594507 0.009186449
v -0.067643637 0.071299136 0.008926966
v -0.067626742 0.071302743 0.008956180
v -0.067609815 0.071306907 0.008984248
v -0.067592891 0.071311598 0.009011182
v -0.067639898 0.071954273 0.008933539
v -0.067629914 0.071952426 0.008950790
v -0.067619872 0.071950955 0.008967712
v -0.067609800 0.071949870 0.008984271
v -0.067599727 0.071949176 0.009000433
v -0.067589680 0.071948876 0.009016171
v -0.067222421 0.071335335 0.009412722
v -0.067479099 0.071959251 0.009167703
v -0.067439653 0.072593612 0.009213682
v -0.067415805 0.072593335 0.009239760
v -0.067391917 0.072593659 0.009264683
v -0.067368045 0.072594562 0.009288466
v -0.067344238 0.072596021 0.009311133
v -0.067814680 0.074453658 0.008536607
v -0.067185536 0.073220300 0.009439339
v -0.067814680 0.074929682 0.008536607
v -0.067617364 0.004245443 0.008971874
v -0.067181532 0.004439115 0.009442125
v -0.067633971 0.005585075 0.008943831
v -0.067762238 0.006204021 0.008679179
v -0.067745044 0.006211346 0.008720691
v -0.067727071 0.006219004 0.008761764
v -0.067708291 0.006227006 0.008802379
v -0.067690679 0.006234508 0.008838525
v -0.067674234 0.006241509 0.008870713
v -0.067657211 0.006248753 0.008902563
v -0.067639596 0.006256243 0.008934066
v -0.067621374 0.006263986 0.008965208
v -0.067622677 0.005589971 0.008963028
v -0.067611145 0.005594967 0.008982083
v -0.067602561 0.006271971 0.008995926
v -0.067599373 0.005600065 0.009000994
v -0.067588568 0.005604740 0.009017889
v -0.067583110 0.006280219 0.009026261
v -0.067470393 0.005655674 0.009178172
v -0.067441138 0.004996330 0.009212017
v -0.067465138 0.004985832 0.009184401
v -0.067416372 0.005007145 0.009239154
v -0.067390823 0.005018283 0.009265797
v -0.067364519 0.005029729 0.009291888
v -0.067337398 0.005041509 0.009317459
v -0.067221060 0.007101812 0.009413735
v -0.067698249 0.009601874 0.008823208
v -0.067619093 0.010305535 0.008969008
v -0.067691106 0.011626774 0.008837669
v -0.067681031 0.011630363 0.008857583
v -0.067670739 0.011634028 0.008877370
v -0.067649487 0.011641591 0.008916553
v -0.067639628 0.011645097 0.008934011
v -0.067660226 0.011637770 0.008897027
v -0.067660645 0.012311412 0.008896253
v -0.067649741 0.012315197 0.008916097
v -0.067516994 0.013033636 0.009119843
v -0.067640475 0.012318412 0.008932528
v -0.067503298 0.013038230 0.009137585
v -0.067489329 0.013042911 0.009155157
v -0.067447230 0.013056990 0.009205133
v -0.067475081 0.013047681 0.009172558
v -0.067460551 0.013052540 0.009189783
v -0.067741853 0.013684537 0.008728149
v -0.067733761 0.013682760 0.008746737
v -0.067725593 0.013680988 0.008765042
v -0.067717370 0.013679223 0.008783024
v -0.067496573 0.015041629 0.009146109
v -0.067496573 0.015517266 0.009146109
v -0.067639589 0.015582335 0.008934079
v -0.067595582 0.016035773 0.009006971
v -0.067669776 0.020293998 0.008879192
v -0.067616729 0.021141174 0.008972923
v -0.067775604 0.021809023 0.008645267
v -0.067507485 0.021487709 0.009132216
v -0.067558092 0.021988404 0.009063316
v -0.067698213 0.022148405 0.008823282
v -0.067604934 0.022490533 0.008992127
v -0.067771480 0.022484705 0.008655893
v -0.067773182 0.023163208 0.008651526
v -0.067767308 0.023160324 0.008666492
v -0.067430066 0.023009244 0.009224314
v -0.067545073 0.023336858 0.009081781
v -0.067422306 0.023682571 0.009232773
v -0.067352747 0.023856536 0.009303149
v -0.067356211 0.024957966 0.009299861
v -0.067484355 0.026544677 0.009161290
v -0.067337123 0.026806846 0.009317712
v -0.067496831 0.027026173 0.009145784
v -0.067484795 0.027028112 0.009160750
v -0.067472801 0.027029834 0.009175296
v -0.067478184 0.028211728 0.009168812
v -0.067491619 0.029158176 0.009152312
v -0.067532510 0.032004861 0.009099101
v -0.067612006 0.032246094 0.008980680
v -0.067539770 0.032481375 0.009089150
v -0.067576960 0.032956846 0.009035570
v -0.067557484 0.032957487 0.009064190
v -0.067565631 0.033189730 0.009052372
v -0.067554573 0.033190212 0.009068360
v -0.067538075 0.042975730 0.009091487
v -0.067276860 0.043016043 0.009370093
v -0.067249779 0.043018953 0.009391820
v -0.067222795 0.043021664 0.009412443
v -0.067339906 0.048775190 0.009315149
v -0.067467929 0.049332402 0.009181101
v -0.067442925 0.049331157 0.009210006
v -0.067430523 0.049330935 0.009223812
v -0.067455405 0.049331646 0.009195763
v -0.067306524 0.049718564 0.009345034
v -0.067630902 0.051299260 0.008949102
v -0.067561067 0.051156757 0.009059020
v -0.067558892 0.051966423 0.009062164
v -0.067556617 0.051966563 0.009065435
v -0.067600873 0.055108255 0.008998615
v -0.067648513 0.055255791 0.008918299
v -0.067366095 0.055603645 0.009290362
v -0.067508875 0.056706836 0.009130424
v -0.067496831 0.056704738 0.009145784
v -0.067337123 0.057015964 0.009317712
v -0.067484795 0.056702908 0.009160750
v -0.067472800 0.056701350 0.009175296
v -0.067310947 0.057014185 0.009341180
v -0.067284806 0.057012840 0.009363514
v -0.067509592 0.057373840 0.009129496
v -0.067484355 0.057367602 0.009161290
v -0.067421803 0.059818354 0.009233317
v -0.067352200 0.059705493 0.009303666
v -0.067429068 0.060290211 0.009225409
v -0.067556843 0.060984949 0.009065111
v -0.067510003 0.061346155 0.009128965
v -0.067508537 0.061346181 0.009130859
v -0.067507098 0.061346263 0.009132715
v -0.067505687 0.061346398 0.009134527
v -0.067668072 0.062148526 0.008882409
v -0.067647175 0.062865249 0.008920687
v -0.067642588 0.062866572 0.008928816
v -0.067500892 0.065846779 0.009140649
v -0.067542222 0.066316242 0.009085753
v -0.067787954 0.067124729 0.008612541
v -0.067781084 0.069032047 0.008630918
v -0.067574702 0.068787436 0.009038953
v -0.067443402 0.070385012 0.009209469
v -0.067429068 0.071332283 0.009225409
v -0.067360091 0.071650638 0.009296153
v -0.067335018 0.072912481 0.009319642
v -0.067450775 0.073586636 0.009201088
v -0.067423422 0.073578486 0.009231564
v -0.067395397 0.073570839 0.009261124
v -0.067366772 0.073563733 0.009289705
v -0.067337627 0.073557200 0.009317249
v -0.067765593 0.003841127 0.008670808
v -0.067802957 0.004499122 0.008570827
v -0.067756127 0.004857380 0.008694197
v -0.067428946 0.004329870 0.009225543
v -0.067808385 0.005171774 0.008555168
v -0.067629926 0.004913304 0.008950769
v -0.067458879 0.006668681 0.009191733
v -0.067470697 0.006663762 0.009177810
v -0.067446874 0.006673674 0.009205538
v -0.067434700 0.006678732 0.009219200
v -0.067422335 0.006683866 0.009232742
v -0.067437778 0.008021178 0.009215778
v -0.067607348 0.008963252 0.008988242
v -0.067765664 0.008901381 0.008670631
v -0.067833881 0.009220834 0.008477120
v -0.067876506 0.008858282 0.008326626
v -0.067831236 0.009219696 0.008485586
v -0.067568349 0.009987916 0.009048381
v -0.067641324 0.013354697 0.008931038
v -0.067692599 0.013674015 0.008834670
v -0.067684386 0.013672322 0.008851012
v -0.067676231 0.013670655 0.008866880
v -0.067652286 0.013665845 0.008911516
v -0.067644523 0.013664310 0.008925398
v -0.067668152 0.013669019 0.008882257
v -0.067709114 0.013677470 0.008800647
v -0.067700849 0.013675732 0.008817872
v -0.067660166 0.013667415 0.008897136
v -0.067525448 0.014039726 0.009108628
v -0.067511922 0.014044090 0.009126474
v -0.067498125 0.014048538 0.009144153
v -0.067484052 0.014053070 0.009161662
v -0.067469700 0.014057687 0.009178998
v -0.067456540 0.014061916 0.009194449
v -0.067444498 0.014065782 0.009208231
v -0.067660310 0.014879170 0.008896872
v -0.067469371 0.015745173 0.009179389
v -0.067659117 0.021644156 0.008899069
v -0.067624140 0.023079449 0.008960571
v -0.067668606 0.023246188 0.008881402
v -0.067392298 0.023432931 0.009264295
v -0.067482710 0.023846195 0.009163305
v -0.067496487 0.024886807 0.009146217
v -0.067631108 0.028201507 0.008948750
v -0.067562283 0.028442871 0.009057256
v -0.067636399 0.028675805 0.008939633
v -0.067439262 0.028569720 0.009214120
v -0.067676017 0.032011102 0.008867292
v -0.067496493 0.032360977 0.009146209
v -0.067417993 0.042996500 0.009237418
v -0.067499648 0.048662616 0.009142227
v -0.067686358 0.051609094 0.008847122
v -0.067621066 0.059967358 0.008965722
v -0.067623768 0.060203634 0.008961197
v -0.067680697 0.066725425 0.008858234
v -0.067629132 0.070197131 0.008952123
v -0.067550775 0.070687328 0.009073760
v -0.067683155 0.070996538 0.008853430
v -0.067673900 0.070994717 0.008871351
v -0.067402798 0.071018589 0.009253475
v -0.067327679 0.073407298 0.009326311
v -0.067613370 0.006435729 0.008978449
v -0.067601643 0.006440680 0.008997388
v -0.067674799 0.006746705 0.008869630
v -0.067664373 0.006751074 0.008889339
v -0.067678061 0.007419280 0.008863349
v -0.067763967 0.007552664 0.008674877
v -0.067757139 0.007555454 0.008691729
v -0.067777267 0.007547233 0.008640940
v -0.067770672 0.007549926 0.008657957
v -0.067673894 0.007420990 0.008871363
v -0.067542471 0.007306569 0.009085408
v -0.067669690 0.007422715 0.008879356
v -0.067665457 0.007424452 0.008887314
v -0.067397163 0.007197938 0.009259309
v -0.067620130 0.007779752 0.008967282
v -0.067625900 0.008450903 0.008957604
v -0.067319174 0.014273521 0.009333927
v -0.067533273 0.021737871 0.009098062
v -0.067564007 0.051477690 0.009054745
v -0.067552635 0.071012517 0.009071122
v -0.067544434 0.006969373 0.009082674
v -0.067772301 0.008645750 0.008653789
v -0.067398359 0.007029569 0.009258076
v 0.068000000 0.003400000 0.007600000
v 0.067959754 0.003416194 0.007914038
v 0.067914564 0.003435864 0.008163400
v 0.067871413 0.003455272 0.008346167
v 0.067828293 0.003474949 0.008494901
v 0.067783153 0.003495688 0.008625429
v 0.067736815 0.003517037 0.008739777
v 0.067690030 0.003538597 0.008839822
v 0.067643460 0.003560034 0.008927278
v 0.067597664 0.003581072 0.009003695
v 0.067547944 0.003603853 0.009077755
v 0.067494054 0.003628465 0.009149271
v 0.067435739 0.003655000 0.009218048
v 0.067379252 0.003680603 0.009277437
v 0.067325000 0.003705099 0.009328723
v 0.067267359 0.003731026 0.009377837
v 0.067206173 0.003758437 0.009424661
v 0.067141284 0.003787385 0.009469071
v 0.067072652 0.003817871 0.009510867
v 0.068000000 0.002772286 0.006549223
v 0.068000000 0.002818851 0.006702078
v 0.068000000 0.002868434 0.006836919
v 0.068000000 0.002918330 0.006951830
v 0.068000000 0.002967255 0.007049555
v 0.068000000 0.003019644 0.007141701
v 0.068000000 0.003075109 0.007228288
v 0.068000000 0.003133238 0.007309477
v 0.068000000 0.003193636 0.007385533
v 0.068000000 0.003255967 0.007456813
v 0.068000000 0.003319929 0.007523682
v 0.068000000 0.003359733 0.007562556
v -0.048340000 0.025325000 0.008920000
v 0.068000000 0.078600000 0.007600000
v 0.067959754 0.078580937 0.007914038
v 0.067919679 0.078561271 0.008138727
v 0.067877681 0.078540324 0.008322049
v 0.067835668 0.078519196 0.008471350
v 0.067791648 0.078496966 0.008602478
v 0.067746423 0.078474083 0.008717444
v 0.067700732 0.078450952 0.008818113
v 0.067649897 0.078425226 0.008915817
v 0.067599398 0.078399696 0.009000955
v 0.067549825 0.078374668 0.009075104
v 0.067496091 0.078347584 0.009146715
v 0.067437941 0.078318331 0.009215595
v 0.067381612 0.078290053 0.009275084
v 0.067327509 0.078262947 0.009326464
v 0.067270023 0.078234207 0.009375679
v 0.067209000 0.078203764 0.009422608
v 0.067144281 0.078171550 0.009467129
v 0.067075703 0.078137497 0.009509114
v 0.067038409 0.078119013 0.009529928
v 0.067000000 0.078100000 0.009550000
v 0.067064359 0.025235499 0.009515588
v 0.067127394 0.025241157 0.009477938
v 0.067188932 0.025247315 0.009436960
v 0.067248792 0.025253982 0.009392592
v 0.067306789 0.025261163 0.009344805
v 0.067362743 0.025268857 0.009293604
v 0.067416484 0.025277058 0.009239035
v 0.067467858 0.025285751 0.009181185
v 0.067516737 0.025294918 0.009120180
v 0.067563020 0.025304535 0.009056184
v 0.067606638 0.025314573 0.008989386
v 0.067647560 0.025325000 0.008920000
v 0.067647560 0.026275000 0.008920000
v 0.067606638 0.026285427 0.008989386
v 0.067563020 0.026295465 0.009056184
v 0.067516737 0.026305082 0.009120180
v 0.067467858 0.026314249 0.009181185
v 0.067416484 0.026322942 0.009239035
v 0.067362743 0.026331143 0.009293604
v 0.067306789 0.026338837 0.009344805
v 0.067248792 0.026346018 0.009392592
v 0.067188932 0.026352685 0.009436960
v 0.067127394 0.026358843 0.009477938
v 0.067064359 0.026364501 0.009515588
v 0.067000000 0.026369672 0.009550000
v 0.067000000 0.041430328 0.009550000
v 0.067064359 0.041435499 0.009515588
v 0.067127394 0.041441157 0.009477938
v 0.067188932 0.041447315 0.009436960
v 0.067248792 0.041453982 0.009392592
v 0.067306789 0.041461163 0.009344805
v 0.067362743 0.041468857 0.009293604
v 0.067416484 0.041477058 0.009239035
v 0.067467858 0.041485751 0.009181185
v 0.067516737 0.041494918 0.009120180
v 0.067563020 0.041504535 0.009056184
v 0.067606638 0.041514573 0.008989386
v 0.067647560 0.041525000 0.008920000
v 0.067647560 0.042475000 0.008920000
v 0.067606638 0.042485427 0.008989386
v 0.067563020 0.042495465 0.009056184
v 0.067516737 0.042505082 0.009120180
v 0.067467858 0.042514249 0.009181185
v 0.067416484 0.042522942 0.009239035
v 0.067362743 0.042531143 0.009293604
v 0.067306789 0.042538837 0.009344805
v 0.067248792 0.042546018 0.009392592
v 0.067188932 0.042552685 0.009436960
v 0.067127394 0.042558843 0.009477938
v 0.067064359 0.042564501 0.009515588
v 0.067000000 0.042569672 0.009550000
v 0.067000000 0.057630328 0.009550000
v 0.067064358 0.057635499 0.009515588
v 0.067127394 0.057641157 0.009477938
v 0.067188932 0.057647315 0.009436960
v 0.067248792 0.057653982 0.009392592
v 0.067306789 0.057661163 0.009344805
v 0.067362743 0.057668857 0.009293604
v 0.067416483 0.057677058 0.009239035
v 0.067467858 0.057685751 0.009181185
v 0.067516737 0.057694918 0.009120181
v 0.067563020 0.057704535 0.009056184
v 0.067606638 0.057714573 0.008989386
v 0.067647560 0.057725000 0.008920000
v 0.067647560 0.058675000 0.008920000
v 0.067606638 0.058685427 0.008989386
v 0.067563020 0.058695465 0.009056184
v 0.067516737 0.058705082 0.009120181
v 0.067467858 0.058714249 0.009181185
v 0.067416484 0.058722942 0.009239035
v 0.067362743 0.058731143 0.009293604
v 0.067306789 0.058738837 0.009344805
v 0.067248792 0.058746018 0.009392592
v 0.067188932 0.058752685 0.009436960
v 0.067127394 0.058758843 0.009477938
v 0.067064359 0.058764501 0.009515588
v 0.067000000 0.058769672 0.009550000
v 0.067000000 0.073830328 0.009550000
v 0.067064358 0.073835499 0.009515588
v 0.067127394 0.073841157 0.009477938
v 0.067188932 0.073847315 0.009436960
v 0.067248791 0.073853982 0.009392593
v 0.067306788 0.073861163 0.009344805
v 0.067362742 0.073868857 0.009293604
v 0.067416483 0.073877058 0.009239035
v 0.067467858 0.073885751 0.009181185
v 0.067516737 0.073894918 0.009120181
v 0.067563020 0.073904535 0.009056184
v 0.067606638 0.073914573 0.008989386
v 0.067647560 0.073925000 0.008920000
v 0.067647560 0.074875000 0.008920000
v 0.067606638 0.074885427 0.008989386
v 0.067563020 0.074895465 0.009056184
v 0.067516737 0.074905082 0.009120181
v 0.067467858 0.074914249 0.009181185
v 0.067416483 0.074922942 0.009239035
v 0.067362742 0.074931143 0.009293604
v 0.067306788 0.074938837 0.009344805
v 0.067248792 0.074946018 0.009392593
v 0.067188932 0.074952685 0.009436960
v 0.067127394 0.074958843 0.009477938
v 0.067064358 0.074964501 0.009515588
v 0.067000000 0.074969672 0.009550000
v 0.067885577 0.076764316 0.008290607
v 0.067845511 0.076745102 0.008438789
v 0.067811990 0.076728957 0.008544592
v 0.067885577 0.076287860 0.008290607
v 0.067720639 0.076714553 0.008775928
v 0.067781003 0.076714002 0.008631131
v 0.067737007 0.076707392 0.008739336
v 0.067691245 0.076700335 0.008837390
v 0.067673302 0.076707131 0.008872493
v 0.067654957 0.076714102 0.008906675
v 0.067624636 0.076699438 0.008959736
v 0.067604844 0.076706042 0.008992272
v 0.067584755 0.076712797 0.009023750
v 0.067553877 0.076697877 0.009069354
v 0.067532514 0.076704270 0.009099095
v 0.067510979 0.076710787 0.009127699
v 0.067476364 0.076694087 0.009171012
v 0.067453643 0.076700202 0.009197795
v 0.067430876 0.076706420 0.009223423
v 0.067396257 0.076689751 0.009260241
v 0.067372509 0.076695590 0.009284102
v 0.067348823 0.076701514 0.009306846
v 0.067314559 0.076685050 0.009338009
v 0.067278993 0.076667981 0.009368337
v 0.067242088 0.076650294 0.009397800
v 0.067207698 0.076633832 0.009423556
v 0.067175772 0.076618569 0.009446100
v 0.067885577 0.068163027 0.008290607
v 0.067885577 0.068639484 0.008290607
v 0.067163804 0.066304341 0.009454228
v 0.067885577 0.060514651 0.008290607
v 0.067885577 0.060038194 0.008290607
v 0.067163805 0.050102261 0.009454228
v 0.067542223 0.033886685 0.009085753
v 0.067495112 0.033888391 0.009147945
v 0.067445482 0.033890130 0.009207117
v 0.067393432 0.033891884 0.009263137
v 0.067339087 0.033893633 0.009315905
v 0.067368185 0.033891158 0.009288330
v 0.067282592 0.033895361 0.009365357
v 0.067312967 0.033893240 0.009339409
v 0.067224107 0.033897050 0.009411463
v 0.067255668 0.033895288 0.009387186
v 0.067163805 0.033898687 0.009454228
v 0.067196447 0.033897283 0.009431646
v 0.067885577 0.022490485 0.008290607
v 0.067885577 0.014842109 0.008290607
v 0.067875382 0.014359946 0.008330979
v 0.067885577 0.014365652 0.008290607
v 0.067174315 0.014486415 0.009447098
v 0.067482971 0.075825421 0.009162986
v 0.067547679 0.075823591 0.009078128
v 0.067505925 0.075819538 0.009134223
v 0.067459846 0.075831432 0.009190606
v 0.067391032 0.075832393 0.009265585
v 0.067415610 0.075826898 0.009239968
v 0.067366418 0.075837998 0.009290049
v 0.067292158 0.075837147 0.009357340
v 0.067318100 0.075832074 0.009334880
v 0.067786577 0.075114061 0.008616260
v 0.067772073 0.075597773 0.008654373
v 0.067786577 0.075589914 0.008616260
v 0.067757126 0.075605848 0.008691762
v 0.067266300 0.075842316 0.009378692
v 0.067216520 0.075836069 0.009417098
v 0.067721060 0.067262213 0.008775008
v 0.067636692 0.067507483 0.008939126
v 0.067728257 0.067259353 0.008759122
v 0.067713943 0.067265081 0.008790390
v 0.067706917 0.067267953 0.008805266
v 0.067699991 0.067270825 0.008819637
v 0.067691066 0.067269570 0.008837749
v 0.067682061 0.067268681 0.008855573
v 0.067672999 0.067268172 0.008873073
v 0.067663905 0.067268050 0.008890210
v 0.067654806 0.067268318 0.008906950
v 0.067645727 0.067268976 0.008923264
v 0.067636692 0.067270016 0.008939126
v 0.067400511 0.066320448 0.009255850
v 0.067429235 0.066331219 0.009225226
v 0.067452050 0.066328333 0.009199627
v 0.067406428 0.066334052 0.009249682
v 0.067323534 0.066324530 0.009330038
v 0.067353958 0.066330406 0.009302001
v 0.067383676 0.066336831 0.009273018
v 0.067750165 0.063433330 0.008708564
v 0.067660457 0.059413949 0.008896600
v 0.067592891 0.059677011 0.009011182
v 0.067677158 0.059407367 0.008865093
v 0.067643637 0.059420480 0.008926965
v 0.067626742 0.059426949 0.008956180
v 0.067609815 0.059433351 0.008984248
v 0.067592891 0.059439678 0.009011182
v 0.067786577 0.058884980 0.008616260
v 0.067786577 0.059360833 0.008616260
v 0.067772073 0.059367443 0.008654373
v 0.067757126 0.059374085 0.008691762
v 0.067741770 0.059380748 0.008728344
v 0.067726047 0.059387421 0.008764037
v 0.067750165 0.055072717 0.008708564
v 0.067786577 0.051246293 0.008616260
v 0.067786577 0.050770440 0.008616260
v 0.067413671 0.050113390 0.009242034
v 0.067429235 0.050122734 0.009225226
v 0.067452050 0.050121450 0.009199627
v 0.067406428 0.050123815 0.009249682
v 0.067400511 0.050114176 0.009255850
v 0.067383676 0.050124704 0.009273018
v 0.067353958 0.050120175 0.009302001
v 0.067786577 0.032020368 0.008616260
v 0.067750165 0.028195930 0.008708564
v 0.067786577 0.024381680 0.008616260
v 0.067786577 0.023905827 0.008616260
v 0.067772073 0.023899797 0.008654373
v 0.067757126 0.023893816 0.008691762
v 0.067741770 0.023887898 0.008728344
v 0.067778812 0.014585079 0.008636899
v 0.067831380 0.014338059 0.008485129
v 0.067819723 0.014332887 0.008521412
v 0.067853972 0.014348788 0.008409698
v 0.067842808 0.014343363 0.008447867
v 0.067795870 0.014322975 0.008590811
v 0.067783746 0.014318248 0.008623849
v 0.067807874 0.014327856 0.008556655
v 0.067762107 0.014590386 0.008679505
v 0.067771536 0.014313681 0.008655749
v 0.067747593 0.014594999 0.008714680
v 0.067759271 0.014309275 0.008686508
v 0.067734055 0.014599303 0.008746071
v 0.067746978 0.014305029 0.008716135
v 0.067721476 0.014603302 0.008774100
v 0.067683947 0.014325299 0.008851875
v 0.067709828 0.014607005 0.008799139
v 0.067699074 0.014610423 0.008821519
v 0.067689173 0.014613569 0.008841533
v 0.067679056 0.014616783 0.008861422
v 0.067668722 0.014620065 0.008881184
v 0.067658165 0.014623415 0.008900816
v 0.067625827 0.014343957 0.008957728
v 0.067648471 0.014626491 0.008918372
v 0.067639589 0.014629308 0.008934079
v 0.067925820 0.008856416 0.008108081
v 0.067759151 0.076067414 0.008686804
v 0.067741769 0.075614131 0.008728344
v 0.067726047 0.075622610 0.008764037
v 0.067569013 0.075817196 0.009047402
v 0.067710004 0.075631270 0.008798767
v 0.067923103 0.074956856 0.008121780
v 0.067786577 0.071294717 0.008616260
v 0.067601543 0.075278063 0.008997548
v 0.067580922 0.075284643 0.009029588
v 0.067387095 0.075386543 0.009269576
v 0.067282084 0.075396929 0.009365778
v 0.067170321 0.075405159 0.009449823
v 0.067791255 0.069977093 0.008603553
v 0.067782676 0.068080736 0.008626698
v 0.067782676 0.067842822 0.008626698
v 0.067750165 0.067250882 0.008708564
v 0.067742827 0.067253682 0.008725881
v 0.067735518 0.067256508 0.008742741
v 0.067521944 0.066806841 0.009113301
v 0.067519971 0.066319345 0.009115917
v 0.067497480 0.066322396 0.009144967
v 0.067474818 0.066325391 0.009172874
v 0.067435213 0.066916507 0.009218631
v 0.067405978 0.068811560 0.009250154
v 0.067509662 0.066804445 0.009129406
v 0.067497288 0.066802413 0.009145209
v 0.067484855 0.066800760 0.009160677
v 0.067472396 0.066799496 0.009175780
v 0.067459947 0.066798628 0.009190489
v 0.067447541 0.066798157 0.009204779
v 0.067435213 0.066798081 0.009218631
v 0.067792515 0.061992103 0.008600095
v 0.067782676 0.061995136 0.008626698
v 0.067789199 0.061992915 0.008609165
v 0.067785916 0.061993927 0.008618038
v 0.067767308 0.060102712 0.008666492
v 0.067767308 0.059864845 0.008666492
v 0.067710004 0.059394091 0.008798767
v 0.067693691 0.059400743 0.008832470
v 0.067463398 0.059092100 0.009186449
v 0.067439653 0.059096919 0.009213682
v 0.067415805 0.059101691 0.009239760
v 0.067391917 0.059106412 0.009264683
v 0.067344238 0.059233974 0.009311133
v 0.067368046 0.059111078 0.009288466
v 0.067344238 0.059115686 0.009311133
v 0.067646420 0.056388691 0.008922032
v 0.067176254 0.055766186 0.009445768
v 0.067328339 0.053889053 0.009325715
v 0.067678156 0.052588377 0.008863167
v 0.067651196 0.054498343 0.008913483
v 0.067538007 0.053920632 0.009091581
v 0.067679801 0.050444041 0.008859977
v 0.067620903 0.050689431 0.008965995
v 0.067671170 0.050445444 0.008876553
v 0.067542223 0.050114146 0.009085753
v 0.067662579 0.050446759 0.008892675
v 0.067654050 0.050447983 0.008908324
v 0.067645602 0.050449119 0.008923485
v 0.067637253 0.050450167 0.008938151
v 0.067629016 0.050451131 0.008952319
v 0.067620903 0.050452013 0.008965995
v 0.067546950 0.050682821 0.009079152
v 0.067557484 0.050682977 0.009064190
v 0.067568076 0.050683397 0.009048783
v 0.067578699 0.050684085 0.009032951
v 0.067589323 0.050685038 0.009016724
v 0.067599917 0.050686252 0.009000132
v 0.067610453 0.050687720 0.008983210
v 0.067519971 0.050116307 0.009115917
v 0.067629789 0.048545898 0.008951003
v 0.067538907 0.044403352 0.009090341
v 0.067250960 0.044441346 0.009390895
v 0.067408580 0.046324247 0.009247421
v 0.067278009 0.044438924 0.009369148
v 0.067224007 0.044443572 0.009411538
v 0.067383789 0.046326653 0.009272904
v 0.067209004 0.044444876 0.009422606
v 0.067194209 0.044446092 0.009433236
v 0.067358964 0.046328849 0.009297233
v 0.067179643 0.044447222 0.009443433
v 0.067165324 0.044448270 0.009453205
v 0.067334162 0.046330842 0.009320425
v 0.067309433 0.046332641 0.009342503
v 0.067679801 0.032953780 0.008859977
v 0.067646420 0.027247125 0.008922032
v 0.067687995 0.024841339 0.008843878
v 0.067669926 0.024835745 0.008878909
v 0.067651455 0.024830227 0.008913016
v 0.067791255 0.023172194 0.008603553
v 0.067726047 0.023882058 0.008764037
v 0.067785165 0.023169146 0.008620056
v 0.067779136 0.023166150 0.008636048
v 0.067783712 0.020457479 0.008623939
v 0.067783712 0.016638277 0.008623939
v 0.067639589 0.018441416 0.008934079
v 0.067794282 0.014725340 0.008595219
v 0.067864839 0.014354320 0.008370706
v 0.067790420 0.014726559 0.008605838
v 0.067786906 0.014727667 0.008615374
v 0.067783712 0.014728675 0.008623939
v 0.067522440 0.014521657 0.009112642
v 0.067577716 0.014359358 0.009034433
v 0.067534460 0.014373164 0.009096443
v 0.067508854 0.014525956 0.009130451
v 0.067492939 0.014386377 0.009150665
v 0.067494995 0.014530337 0.009148092
v 0.067480860 0.014534800 0.009165562
v 0.067466444 0.014539348 0.009182859
v 0.067453373 0.014398931 0.009198106
v 0.067453227 0.014543513 0.009198274
v 0.067441133 0.014547320 0.009212023
v 0.067415912 0.014410783 0.009239646
v 0.067380642 0.014421910 0.009276052
v 0.067772274 0.011597845 0.008653857
v 0.067814680 0.074929682 0.008536607
v 0.067814680 0.074453658 0.008536607
v 0.067185536 0.073220300 0.009439339
v 0.067649798 0.071956481 0.008915996
v 0.067772073 0.071292679 0.008654373
v 0.067757126 0.071291247 0.008691762
v 0.067463398 0.072594507 0.009186449
v 0.067741769 0.071290444 0.008728344
v 0.067726047 0.071290284 0.008764037
v 0.067710004 0.071290775 0.008798767
v 0.067693691 0.071291916 0.008832470
v 0.067677158 0.071293700 0.008865094
v 0.067660457 0.071296113 0.008896600
v 0.067643637 0.071299136 0.008926966
v 0.067609815 0.071306907 0.008984248
v 0.067592891 0.071311598 0.009011182
v 0.067626742 0.071302743 0.008956180
v 0.067639898 0.071954273 0.008933539
v 0.067629914 0.071952426 0.008950790
v 0.067619872 0.071950955 0.008967712
v 0.067609800 0.071949870 0.008984271
v 0.067599727 0.071949176 0.009000433
v 0.067589680 0.071948876 0.009016171
v 0.067479099 0.071959251 0.009167703
v 0.067439653 0.072593612 0.009213682
v 0.067368045 0.072594562 0.009288466
v 0.067391917 0.072593659 0.009264683
v 0.067415805 0.072593335 0.009239760
v 0.067344238 0.072596021 0.009311133
v 0.067222421 0.071335335 0.009412722
v 0.067632227 0.069406006 0.008946832
v 0.067779136 0.069982604 0.008636048
v 0.067785164 0.069979682 0.008620056
v 0.067773182 0.069985841 0.008651526
v 0.067767308 0.069989373 0.008666492
v 0.067627842 0.069406794 0.008954316
v 0.067623542 0.069407769 0.008961575
v 0.067619334 0.069408923 0.008968606
v 0.067615221 0.069410245 0.008975410
v 0.067706779 0.068749220 0.008805555
v 0.067626062 0.068459036 0.008957331
v 0.067648519 0.067033029 0.008918288
v 0.067643943 0.067034110 0.008926424
v 0.067309235 0.066613299 0.009342676
v 0.067309235 0.066554181 0.009342676
v 0.067260883 0.066314556 0.009383040
v 0.067228839 0.066310505 0.009407910
v 0.067196446 0.066307098 0.009431646
v 0.067292480 0.066319238 0.009357068
v 0.067309235 0.065605184 0.009342676
v 0.067459947 0.064896974 0.009190489
v 0.067447541 0.064896805 0.009204779
v 0.067435213 0.064897030 0.009218631
v 0.067472396 0.064897538 0.009175780
v 0.067375663 0.061120505 0.009280995
v 0.067651372 0.064168956 0.008913165
v 0.067528993 0.064894861 0.009103864
v 0.067651372 0.066075300 0.008913165
v 0.067742827 0.063436492 0.008725881
v 0.067654806 0.063455462 0.008906950
v 0.067645727 0.063456566 0.008923264
v 0.067663905 0.063454746 0.008890210
v 0.067636692 0.063458051 0.008939126
v 0.067518613 0.062291023 0.009117712
v 0.067622439 0.061566250 0.008963427
v 0.067615221 0.061567122 0.008975410
v 0.067619993 0.061566435 0.008967511
v 0.067617585 0.061566726 0.008971508
v 0.067697572 0.060837412 0.008824592
v 0.067604165 0.060621960 0.008993361
v 0.067204136 0.059946638 0.009426134
v 0.067479099 0.059457897 0.009167703
v 0.067589680 0.059249087 0.009016170
v 0.067479099 0.059339404 0.009167703
v 0.067185536 0.059004740 0.009439339
v 0.067185536 0.058945716 0.009439339
v 0.067258752 0.057011915 0.009384739
v 0.067433406 0.056081980 0.009220633
v 0.067526209 0.056377284 0.009107608
v 0.067546727 0.056378043 0.009079465
v 0.067485048 0.056377068 0.009160440
v 0.067505633 0.056376964 0.009134597
v 0.067464497 0.056377578 0.009185156
v 0.067627072 0.056385647 0.008955622
v 0.067587366 0.056380924 0.009019742
v 0.067607367 0.056383055 0.008988211
v 0.067567132 0.056379254 0.009050171
v 0.067420305 0.056080014 0.009234933
v 0.067407252 0.056078321 0.009248817
v 0.067394283 0.056076903 0.009262266
v 0.067381430 0.056075758 0.009275266
v 0.067368721 0.056074882 0.009287808
v 0.067356179 0.056074269 0.009299891
v 0.067343825 0.056073910 0.009311517
v 0.067331674 0.056073794 0.009322692
v 0.067521929 0.055433121 0.009113322
v 0.067399208 0.055132811 0.009257199
v 0.067461656 0.054189206 0.009188491
v 0.067528558 0.053920894 0.009104450
v 0.067574858 0.054486372 0.009038720
v 0.067477627 0.053237636 0.009169487
v 0.067674485 0.052588774 0.008870232
v 0.067601570 0.052579276 0.008997505
v 0.067690006 0.050966397 0.008839870
v 0.067685801 0.050966336 0.008848223
v 0.067681653 0.050966411 0.008856370
v 0.067411675 0.051341934 0.009244152
v 0.067429894 0.050398638 0.009224503
v 0.067497480 0.050118243 0.009144967
v 0.067474818 0.050119955 0.009172874
v 0.067416497 0.050397318 0.009239020
v 0.067403115 0.050396265 0.009253144
v 0.067389784 0.050395480 0.009266853
v 0.067376540 0.050394965 0.009280128
v 0.067323534 0.050116058 0.009330038
v 0.067228839 0.050106377 0.009407910
v 0.067196447 0.050104082 0.009431646
v 0.067292480 0.050112375 0.009357068
v 0.067260883 0.050109143 0.009383040
v 0.067480464 0.049333424 0.009166044
v 0.067517828 0.047435736 0.009118746
v 0.067507490 0.047436889 0.009132210
v 0.067497299 0.047437957 0.009145195
v 0.067487269 0.047438943 0.009157705
v 0.067418974 0.044421936 0.009236365
v 0.067406592 0.043473743 0.009249510
v 0.067425679 0.033426757 0.009229112
v 0.067414305 0.033426668 0.009241359
v 0.067401155 0.033427480 0.009255182
v 0.067389784 0.033427525 0.009266853
v 0.067376540 0.033428136 0.009280127
v 0.067685801 0.032488445 0.008848223
v 0.067681653 0.032488633 0.008856370
v 0.067661682 0.032954504 0.008894338
v 0.067596294 0.032956141 0.009005852
v 0.067615435 0.032955379 0.008975057
v 0.067624370 0.032955861 0.008960185
v 0.067643187 0.032955201 0.008927759
v 0.067358404 0.032477294 0.009297769
v 0.067546950 0.032957983 0.009079152
v 0.067646826 0.029624616 0.008921308
v 0.067670314 0.031533648 0.008878174
v 0.067517747 0.031052124 0.009118852
v 0.067293145 0.028699043 0.009356505
v 0.067650244 0.027726923 0.008915195
v 0.067641969 0.027727229 0.008929905
v 0.067633805 0.027727345 0.008944117
v 0.067627072 0.027250671 0.008955622
v 0.067625763 0.027727280 0.008957835
v 0.067607367 0.027253845 0.008988211
v 0.067587366 0.027256640 0.009019742
v 0.067567132 0.027259056 0.009050170
v 0.067546727 0.027261094 0.009079465
v 0.067526209 0.027262761 0.009107608
v 0.067505633 0.027264066 0.009134597
v 0.067485048 0.027265021 0.009160440
v 0.067464497 0.027265642 0.009185156
v 0.067284806 0.026810986 0.009363514
v 0.067310947 0.026809096 0.009341180
v 0.067258752 0.026812530 0.009384739
v 0.067499228 0.025042612 0.009142759
v 0.067632635 0.024824799 0.008946131
v 0.067613525 0.024819474 0.008978195
v 0.067649798 0.024460999 0.008915996
v 0.067710004 0.023876309 0.008798767
v 0.067693691 0.023870665 0.008832470
v 0.067463398 0.024549243 0.009186449
v 0.067677158 0.023865138 0.008865093
v 0.067185536 0.024878325 0.009439339
v 0.067368046 0.024532987 0.009288466
v 0.067344238 0.024529245 0.009311133
v 0.067479099 0.024183013 0.009167703
v 0.067660457 0.023859738 0.008896600
v 0.067643637 0.023854472 0.008926965
v 0.067626742 0.023849347 0.008956180
v 0.067609815 0.023844365 0.008984248
v 0.067592891 0.023839530 0.009011182
v 0.067439653 0.024544989 0.009213682
v 0.067415805 0.024540860 0.009239760
v 0.067391917 0.024536859 0.009264683
v 0.067205408 0.023535025 0.009425215
v 0.067377790 0.021837632 0.009278890
v 0.067521258 0.020139419 0.009114212
v 0.067441133 0.016448516 0.009212023
v 0.067639589 0.016535362 0.008934079
v 0.067717643 0.015631022 0.008782433
v 0.067317225 0.015463078 0.009335655
v 0.067317225 0.014513985 0.009335655
v 0.067347599 0.014432308 0.009307994
v 0.067313288 0.014443078 0.009339128
v 0.067277673 0.014454227 0.009369424
v 0.067240719 0.014465764 0.009398856
v 0.067206283 0.014476486 0.009424581
v 0.067784861 0.010243620 0.008620868
v 0.067780891 0.010245102 0.008631428
v 0.067777279 0.010246451 0.008640910
v 0.067773996 0.010247677 0.008649427
v 0.067726705 0.011614086 0.008762576
v 0.067740486 0.011609174 0.008731322
v 0.067713903 0.011618650 0.008790477
v 0.067702048 0.011622875 0.008815398
v 0.067755264 0.011603906 0.008696294
v 0.067403741 0.010385209 0.009252491
v 0.067435040 0.013061058 0.009218823
v 0.067630594 0.011648309 0.008949628
v 0.067783743 0.007544589 0.008623857
v 0.067922282 0.008853424 0.008125876
v 0.067918773 0.008850489 0.008143151
v 0.067911865 0.008844800 0.008176122
v 0.067915299 0.008847613 0.008159900
v 0.067920820 0.004785175 0.008133121
v 0.067778679 0.006197020 0.008637249
v 0.067450775 0.073586636 0.009201088
v 0.067423422 0.073578486 0.009231564
v 0.067395397 0.073570839 0.009261124
v 0.067366772 0.073563733 0.009289705
v 0.067337627 0.073557200 0.009317249
v 0.067335018 0.072912481 0.009319642
v 0.067360091 0.071650638 0.009296153
v 0.067429068 0.071332283 0.009225409
v 0.067443402 0.070385012 0.009209469
v 0.067781084 0.069032047 0.008630918
v 0.067574702 0.068787436 0.009038953
v 0.067787954 0.067124729 0.008612541
v 0.067500892 0.065846779 0.009140649
v 0.067542222 0.066316242 0.009085753
v 0.067647175 0.062865249 0.008920687
v 0.067642588 0.062866572 0.008928816
v 0.067668072 0.062148526 0.008882409
v 0.067510003 0.061346155 0.009128965
v 0.067508537 0.061346181 0.009130859
v 0.067507098 0.061346263 0.009132715
v 0.067505687 0.061346398 0.009134527
v 0.067556843 0.060984949 0.009065111
v 0.067429068 0.060290211 0.009225409
v 0.067421803 0.059818354 0.009233317
v 0.067352200 0.059705493 0.009303666
v 0.067509592 0.057373840 0.009129496
v 0.067484355 0.057367602 0.009161290
v 0.067337123 0.057015964 0.009317712
v 0.067310947 0.057014185 0.009341180
v 0.067284806 0.057012840 0.009363514
v 0.067508875 0.056706836 0.009130424
v 0.067496831 0.056704738 0.009145784
v 0.067484795 0.056702908 0.009160750
v 0.067472800 0.056701350 0.009175296
v 0.067648513 0.055255791 0.008918299
v 0.067366095 0.055603645 0.009290362
v 0.067600873 0.055108255 0.008998615
v 0.067558892 0.051966423 0.009062164
v 0.067556617 0.051966563 0.009065435
v 0.067630902 0.051299260 0.008949102
v 0.067561067 0.051156757 0.009059020
v 0.067306524 0.049718564 0.009345034
v 0.067467929 0.049332402 0.009181101
v 0.067455405 0.049331646 0.009195763
v 0.067442925 0.049331157 0.009210006
v 0.067430523 0.049330935 0.009223812
v 0.067339906 0.048775190 0.009315149
v 0.067538075 0.042975730 0.009091487
v 0.067276860 0.043016043 0.009370093
v 0.067249779 0.043018953 0.009391820
v 0.067222795 0.043021664 0.009412443
v 0.067565631 0.033189730 0.009052372
v 0.067576960 0.032956846 0.009035570
v 0.067557484 0.032957487 0.009064190
v 0.067554573 0.033190212 0.009068360
v 0.067539770 0.032481375 0.009089150
v 0.067612006 0.032246094 0.008980680
v 0.067532510 0.032004861 0.009099101
v 0.067491619 0.029158176 0.009152312
v 0.067478184 0.028211728 0.009168812
v 0.067496831 0.027026173 0.009145784
v 0.067484795 0.027028112 0.009160750
v 0.067337123 0.026806846 0.009317712
v 0.067472801 0.027029834 0.009175296
v 0.067484355 0.026544677 0.009161290
v 0.067356211 0.024957966 0.009299861
v 0.067352747 0.023856536 0.009303149
v 0.067422306 0.023682571 0.009232773
v 0.067545073 0.023336858 0.009081781
v 0.067771480 0.022484705 0.008655893
v 0.067773182 0.023163208 0.008651526
v 0.067767308 0.023160324 0.008666492
v 0.067698213 0.022148405 0.008823282
v 0.067604934 0.022490533 0.008992127
v 0.067430066 0.023009244 0.009224314
v 0.067775604 0.021809023 0.008645267
v 0.067616729 0.021141174 0.008972923
v 0.067558092 0.021988404 0.009063316
v 0.067507485 0.021487709 0.009132216
v 0.067669776 0.020293998 0.008879192
v 0.067595582 0.016035773 0.009006971
v 0.067639589 0.015582335 0.008934079
v 0.067496573 0.015041629 0.009146109
v 0.067496573 0.015517266 0.009146109
v 0.067741853 0.013684537 0.008728149
v 0.067733761 0.013682760 0.008746737
v 0.067725593 0.013680988 0.008765042
v 0.067717370 0.013679223 0.008783024
v 0.067660645 0.012311412 0.008896253
v 0.067691106 0.011626774 0.008837669
v 0.067681031 0.011630363 0.008857583
v 0.067670739 0.011634028 0.008877370
v 0.067660226 0.011637770 0.008897027
v 0.067649741 0.012315197 0.008916097
v 0.067516994 0.013033636 0.009119843
v 0.067649487 0.011641591 0.008916553
v 0.067640475 0.012318412 0.008932528
v 0.067460551 0.013052540 0.009189783
v 0.067475081 0.013047681 0.009172558
v 0.067489329 0.013042911 0.009155157
v 0.067503298 0.013038230 0.009137585
v 0.067639628 0.011645097 0.008934011
v 0.067447230 0.013056990 0.009205133
v 0.067619093 0.010305535 0.008969008
v 0.067698249 0.009601874 0.008823208
v 0.067221060 0.007101812 0.009413735
v 0.067633971 0.005585075 0.008943831
v 0.067745044 0.006211346 0.008720691
v 0.067762238 0.006204021 0.008679179
v 0.067727071 0.006219004 0.008761764
v 0.067708291 0.006227006 0.008802379
v 0.067690679 0.006234508 0.008838525
v 0.067674234 0.006241509 0.008870713
v 0.067657211 0.006248753 0.008902563
v 0.067639596 0.006256243 0.008934066
v 0.067621374 0.006263986 0.008965208
v 0.067622677 0.005589971 0.008963028
v 0.067611145 0.005594967 0.008982083
v 0.067602561 0.006271971 0.008995926
v 0.067599373 0.005600065 0.009000994
v 0.067588568 0.005604740 0.009017889
v 0.067583110 0.006280219 0.009026261
v 0.067470393 0.005655674 0.009178172
v 0.067337398 0.005041509 0.009317459
v 0.067465138 0.004985832 0.009184401
v 0.067441138 0.004996330 0.009212017
v 0.067416372 0.005007145 0.009239154
v 0.067390823 0.005018283 0.009265797
v 0.067364519 0.005029729 0.009291888
v 0.067617364 0.004245443 0.008971874
v 0.067181532 0.004439115 0.009442125
v 0.067327679 0.073407298 0.009326311
v 0.067683155 0.070996538 0.008853430
v 0.067673900 0.070994717 0.008871351
v 0.067550775 0.070687328 0.009073760
v 0.067402798 0.071018589 0.009253475
v 0.067629132 0.070197131 0.008952123
v 0.067680697 0.066725425 0.008858234
v 0.067623768 0.060203634 0.008961197
v 0.067621066 0.059967358 0.008965722
v 0.067686358 0.051609094 0.008847122
v 0.067499648 0.048662616 0.009142227
v 0.067417993 0.042996500 0.009237418
v 0.067676017 0.032011102 0.008867292
v 0.067496493 0.032360977 0.009146209
v 0.067636399 0.028675805 0.008939633
v 0.067562283 0.028442871 0.009057256
v 0.067631108 0.028201507 0.008948750
v 0.067439262 0.028569720 0.009214120
v 0.067496487 0.024886807 0.009146217
v 0.067482710 0.023846195 0.009163305
v 0.067668606 0.023246188 0.008881402
v 0.067624140 0.023079449 0.008960571
v 0.067392298 0.023432931 0.009264295
v 0.067659117 0.021644156 0.008899069
v 0.067469371 0.015745173 0.009179389
v 0.067660310 0.014879170 0.008896872
v 0.067525448 0.014039726 0.009108628
v 0.067692599 0.013674015 0.008834670
v 0.067684386 0.013672322 0.008851012
v 0.067700849 0.013675732 0.008817872
v 0.067668152 0.013669019 0.008882257
v 0.067660166 0.013667415 0.008897136
v 0.067709114 0.013677470 0.008800647
v 0.067676231 0.013670655 0.008866880
v 0.067652286 0.013665845 0.008911516
v 0.067644523 0.013664310 0.008925398
v 0.067511922 0.014044090 0.009126474
v 0.067498125 0.014048538 0.009144153
v 0.067484052 0.014053070 0.009161662
v 0.067469700 0.014057687 0.009178998
v 0.067456540 0.014061916 0.009194449
v 0.067444498 0.014065782 0.009208231
v 0.067641324 0.013354697 0.008931038
v 0.067568349 0.009987916 0.009048381
v 0.067607348 0.008963252 0.008988242
v 0.067833881 0.009220834 0.008477121
v 0.067876506 0.008858282 0.008326626
v 0.067831236 0.009219696 0.008485586
v 0.067765664 0.008901381 0.008670631
v 0.067437778 0.008021178 0.009215778
v 0.067458879 0.006668681 0.009191733
v 0.067470697 0.006663762 0.009177810
v 0.067446874 0.006673674 0.009205538
v 0.067434700 0.006678732 0.009219200
v 0.067422335 0.006683866 0.009232742
v 0.067808385 0.005171774 0.008555168
v 0.067756127 0.004857380 0.008694197
v 0.067802957 0.004499122 0.008570827
v 0.067629926 0.004913304 0.008950769
v 0.067765593 0.003841127 0.008670808
v 0.067428946 0.004329870 0.009225543
v 0.067552635 0.071012517 0.009071122
v 0.067564007 0.051477690 0.009054745
v 0.067533273 0.021737871 0.009098062
v 0.067319174 0.014273521 0.009333927
v 0.067625900 0.008450903 0.008957604
v 0.067777267 0.007547233 0.008640940
v 0.067620130 0.007779752 0.008967282
v 0.067770672 0.007549926 0.008657957
v 0.067763967 0.007552664 0.008674877
v 0.067757139 0.007555454 0.008691729
v 0.067542471 0.007306569 0.009085408
v 0.067678061 0.007419280 0.008863349
v 0.067673894 0.007420990 0.008871363
v 0.067669690 0.007422715 0.008879356
v 0.067665457 0.007424452 0.008887314
v 0.067674799 0.006746705 0.008869630
v 0.067397163 0.007197938 0.009259309
v 0.067613370 0.006435729 0.008978449
v 0.067664373 0.006751074 0.008889339
v 0.067601643 0.006440680 0.008997388
v 0.067772301 0.008645750 0.008653789
v 0.067544434 0.006969373 0.009082674
v 0.067398359 0.007029569 0.009258076
v -0.048271169 0.025330417 0.008920000
v 0.048340000 0.025325000 0.008920000
v -0.048204033 0.025346535 0.008920000
v 0.048271169 0.025330417 0.008920000
v -0.048140244 0.025372957 0.008920000
v 0.048204033 0.025346535 0.008920000
v -0.048081374 0.025409033 0.008920000
v 0.048140244 0.025372957 0.008920000
v -0.048028873 0.025453873 0.008920000
v 0.048081374 0.025409033 0.008920000
v -0.047984033 0.025506374 0.008920000
v -0.047795467 0.025416047 0.009904958
v -0.047877809 0.025397331 0.009658981
v -0.047844808 0.025402178 0.009765967
v -0.047820886 0.025408060 0.009836019
v 0.048028873 0.025453873 0.008920000
v -0.047907270 0.080048339 0.009550000
v -0.047907270 0.074802740 0.009550000
v -0.047877040 0.080023537 0.009661636
v -0.047843165 0.079993889 0.009770960
v -0.047805645 0.079959394 0.009877970
v -0.047764479 0.079920053 0.009982668
v -0.047719668 0.079875865 0.010085053
v -0.047671212 0.079826830 0.010185126
v -0.047619111 0.079772949 0.010282885
v -0.047585245 0.079737392 0.010341880
v -0.047550000 0.079700000 0.010400000
v -0.047550000 0.002350000 0.010400000
v -0.047864873 0.002140085 0.009702546
v -0.047815617 0.002172922 0.009850741
v -0.047759502 0.002210332 0.009994584
v -0.047696527 0.002252315 0.010134074
v -0.047626693 0.002298871 0.010269213
v -0.047766690 0.025433760 0.009977328
v -0.047736490 0.025454543 0.010047854
v -0.047704957 0.025478262 0.010116490
v -0.047684263 0.025504218 0.010159124
v -0.047663250 0.025531557 0.010200673
v -0.047641943 0.025560199 0.010241166
v -0.047604172 0.025653903 0.010309314
v -0.047591556 0.025753433 0.010331132
v -0.047591556 0.025846567 0.010331132
v -0.047604172 0.025946097 0.010309314
v -0.047641943 0.026039801 0.010241166
v -0.047670288 0.026077704 0.010186942
v -0.047687735 0.026100206 0.010152094
v -0.047704957 0.026121738 0.010116490
v -0.047736490 0.026145457 0.010047854
v -0.047766690 0.026166240 0.009977328
v -0.047795467 0.026183953 0.009904958
v -0.047833037 0.026195145 0.009801127
v -0.047867198 0.026201585 0.009694882
v -0.047888027 0.026203222 0.009622858
v -0.047907270 0.026202740 0.009550000
v -0.047907270 0.041597260 0.009550000
v -0.047877810 0.041597331 0.009658980
v -0.047844808 0.041602178 0.009765966
v -0.047820886 0.041608060 0.009836019
v -0.047795467 0.041616047 0.009904958
v -0.047766690 0.041633760 0.009977328
v -0.047736490 0.041654543 0.010047854
v -0.047704957 0.041678262 0.010116490
v -0.047684263 0.041704218 0.010159124
v -0.047663250 0.041731557 0.010200673
v -0.047641943 0.041760199 0.010241166
v -0.047604172 0.041853903 0.010309314
v -0.047591556 0.041953433 0.010331132
v -0.047591556 0.042046567 0.010331132
v -0.047604172 0.042146097 0.010309314
v -0.047641943 0.042239801 0.010241166
v -0.047670288 0.042277704 0.010186942
v -0.047687735 0.042300206 0.010152094
v -0.047704957 0.042321738 0.010116490
v -0.047736490 0.042345457 0.010047854
v -0.047766690 0.042366240 0.009977328
v -0.047795467 0.042383953 0.009904958
v -0.047833037 0.042395145 0.009801127
v -0.047867199 0.042401585 0.009694881
v -0.047888027 0.042403222 0.009622857
v -0.047907270 0.042402740 0.009550000
v -0.047907270 0.057797260 0.009550000
v -0.047877810 0.057797331 0.009658980
v -0.047844809 0.057802178 0.009765966
v -0.047820886 0.057808060 0.009836019
v -0.047795467 0.057816047 0.009904958
v -0.047766690 0.057833761 0.009977328
v -0.047736490 0.057854543 0.010047855
v -0.047704957 0.057878262 0.010116490
v -0.047684263 0.057904218 0.010159124
v -0.047663250 0.057931557 0.010200673
v -0.047641943 0.057960199 0.010241166
v -0.047604172 0.058053903 0.010309314
v -0.047591556 0.058153433 0.010331132
v -0.047591556 0.058246567 0.010331132
v -0.047604172 0.058346097 0.010309314
v -0.047641943 0.058439801 0.010241166
v -0.047670288 0.058477705 0.010186942
v -0.047687735 0.058500206 0.010152094
v -0.047704957 0.058521738 0.010116490
v -0.047736490 0.058545457 0.010047854
v -0.047766690 0.058566240 0.009977328
v -0.047795467 0.058583953 0.009904958
v -0.047833037 0.058595146 0.009801127
v -0.047867199 0.058601585 0.009694881
v -0.047888027 0.058603222 0.009622856
v -0.047907270 0.058602740 0.009550000
v -0.047907270 0.073997260 0.009550000
v -0.047877810 0.073997331 0.009658979
v -0.047844809 0.074002178 0.009765966
v -0.047820886 0.074008060 0.009836019
v -0.047795467 0.074016047 0.009904958
v -0.047766690 0.074033761 0.009977328
v -0.047736489 0.074054543 0.010047855
v -0.047704957 0.074078262 0.010116490
v -0.047684263 0.074104218 0.010159124
v -0.047663250 0.074131557 0.010200673
v -0.047641943 0.074160199 0.010241166
v -0.047604172 0.074253903 0.010309314
v -0.047591556 0.074353433 0.010331132
v -0.047591556 0.074446567 0.010331132
v -0.047604172 0.074546097 0.010309314
v -0.047641943 0.074639801 0.010241166
v -0.047670288 0.074677705 0.010186942
v -0.047687735 0.074700206 0.010152094
v -0.047704957 0.074721738 0.010116490
v -0.047736490 0.074745457 0.010047854
v -0.047766690 0.074766240 0.009977328
v -0.047795467 0.074783953 0.009904958
v -0.047833037 0.074795146 0.009801127
v -0.047867199 0.074801585 0.009694880
v -0.047888027 0.074803222 0.009622856
v 0.047795467 0.025416047 0.009904958
v 0.047833037 0.025404855 0.009801127
v 0.047867198 0.025398415 0.009694882
v 0.047888027 0.025396778 0.009622858
v 0.047984033 0.025506374 0.008920000
v -0.047810355 0.001725974 0.009702546
v -0.047761098 0.001758811 0.009850741
v -0.047704983 0.001796222 0.009994584
v -0.047642008 0.001838205 0.010134074
v -0.047572175 0.001884761 0.010269213
v -0.047495481 0.001935890 0.010400000
v 0.047907270 0.074802740 0.009550000
v 0.047877810 0.074802669 0.009658979
v 0.047844809 0.074797823 0.009765966
v 0.047820886 0.074791940 0.009836019
v 0.047795467 0.074783953 0.009904958
v 0.047766690 0.074766240 0.009977328
v 0.047736490 0.074745457 0.010047854
v 0.047704957 0.074721738 0.010116490
v 0.047684263 0.074695782 0.010159124
v 0.047663250 0.074668443 0.010200673
v 0.047641943 0.074639801 0.010241166
v 0.047604172 0.074546097 0.010309314
v 0.047591556 0.074446567 0.010331132
v 0.047591556 0.074353433 0.010331132
v 0.047604172 0.074253903 0.010309314
v 0.047641943 0.074160199 0.010241166
v 0.047670288 0.074122296 0.010186942
v 0.047687735 0.074099794 0.010152094
v 0.047704957 0.074078262 0.010116490
v 0.047736489 0.074054543 0.010047855
v 0.047766690 0.074033761 0.009977328
v 0.047795467 0.074016047 0.009904958
v 0.047833037 0.074004854 0.009801127
v 0.047867199 0.073998415 0.009694881
v 0.047888027 0.073996778 0.009622856
v 0.047907270 0.073997260 0.009550000
v 0.047907270 0.058602740 0.009550000
v 0.047877810 0.058602669 0.009658980
v 0.047844809 0.058597822 0.009765966
v 0.047820886 0.058591940 0.009836019
v 0.047795467 0.058583953 0.009904958
v 0.047766690 0.058566240 0.009977328
v 0.047736490 0.058545457 0.010047854
v 0.047704957 0.058521738 0.010116490
v 0.047684263 0.058495782 0.010159124
v 0.047663250 0.058468443 0.010200673
v 0.047641943 0.058439801 0.010241166
v 0.047604172 0.058346097 0.010309314
v 0.047591556 0.058246567 0.010331132
v 0.047591556 0.058153433 0.010331132
v 0.047604172 0.058053903 0.010309314
v 0.047641943 0.057960199 0.010241166
v 0.047670288 0.057922296 0.010186942
v 0.047687735 0.057899794 0.010152094
v 0.047704957 0.057878262 0.010116490
v 0.047736490 0.057854543 0.010047855
v 0.047766690 0.057833761 0.009977328
v 0.047795467 0.057816047 0.009904958
v 0.047833037 0.057804854 0.009801127
v 0.047867199 0.057798415 0.009694881
v 0.047888027 0.057796778 0.009622857
v 0.047907270 0.057797260 0.009550000
v 0.047907270 0.042402740 0.009550000
v 0.047877810 0.042402669 0.009658980
v 0.047844808 0.042397822 0.009765966
v 0.047820886 0.042391940 0.009836019
v 0.047795467 0.042383953 0.009904958
v 0.047766690 0.042366240 0.009977328
v 0.047736490 0.042345457 0.010047854
v 0.047704957 0.042321738 0.010116490
v 0.047684263 0.042295782 0.010159124
v 0.047663250 0.042268443 0.010200673
v 0.047641943 0.042239801 0.010241166
v 0.047604172 0.042146097 0.010309314
v 0.047591556 0.042046567 0.010331132
v 0.047591556 0.041953433 0.010331132
v 0.047604172 0.041853903 0.010309314
v 0.047641943 0.041760199 0.010241166
v 0.047670288 0.041722296 0.010186942
v 0.047687735 0.041699794 0.010152094
v 0.047704957 0.041678262 0.010116490
v 0.047736490 0.041654543 0.010047854
v 0.047766690 0.041633760 0.009977328
v 0.047795467 0.041616047 0.009904958
v 0.047833037 0.041604855 0.009801127
v 0.047867199 0.041598415 0.009694881
v 0.047888027 0.041596778 0.009622857
v 0.047907270 0.041597260 0.009550000
v 0.047907270 0.026202740 0.009550000
v 0.047877809 0.026202669 0.009658981
v 0.047844808 0.026197822 0.009765967
v 0.047820886 0.026191940 0.009836019
v 0.047795467 0.026183953 0.009904958
v 0.047766690 0.026166240 0.009977328
v 0.047736490 0.026145457 0.010047854
v 0.047704957 0.026121738 0.010116490
v 0.047684263 0.026095782 0.010159124
v 0.047663250 0.026068443 0.010200673
v 0.047641943 0.026039801 0.010241166
v 0.047604172 0.025946097 0.010309314
v 0.047591556 0.025846567 0.010331132
v 0.047591556 0.025753433 0.010331132
v 0.047604172 0.025653903 0.010309314
v 0.047641943 0.025560199 0.010241166
v 0.047670288 0.025522296 0.010186942
v 0.047687735 0.025499794 0.010152094
v 0.047704957 0.025478262 0.010116490
v 0.047736490 0.025454543 0.010047854
v 0.047766690 0.025433760 0.009977328
v 0.047864873 0.002140085 0.009702546
v 0.047815617 0.002172922 0.009850741
v 0.047759502 0.002210332 0.009994584
v 0.047696527 0.002252315 0.010134074
v 0.047626693 0.002298871 0.010269213
v 0.047550000 0.002350000 0.010400000
v 0.047550000 0.079700000 0.010400000
v 0.047907270 0.080048339 0.009550000
v 0.047877040 0.080023537 0.009661636
v 0.047843165 0.079993889 0.009770960
v 0.047805645 0.079959394 0.009877970
v 0.047764479 0.079920053 0.009982668
v 0.047719668 0.079875865 0.010085053
v 0.047671212 0.079826830 0.010185126
v 0.047619111 0.079772949 0.010282885
v 0.047585245 0.079737392 0.010341880
v -0.047650514 0.001340085 0.009702546
v -0.047601258 0.001372922 0.009850741
v -0.047545142 0.001410332 0.009994584
v -0.047482168 0.001452315 0.010134074
v -0.047412334 0.001498871 0.010269213
v -0.047335641 0.001550000 0.010400000
v 0.047810355 0.001725974 0.009702546
v 0.047761098 0.001758811 0.009850741
v 0.047704983 0.001796222 0.009994584
v 0.047642008 0.001838205 0.010134074
v 0.047572175 0.001884761 0.010269213
v 0.047495481 0.001935890 0.010400000
v -0.047396244 0.001008714 0.009702546
v -0.047346988 0.001041551 0.009850741
v -0.047290873 0.001078961 0.009994584
v -0.047227898 0.001120944 0.010134074
v -0.047158064 0.001167500 0.010269213
v -0.047081371 0.001218629 0.010400000
v 0.047650514 0.001340085 0.009702546
v 0.047601258 0.001372922 0.009850741
v 0.047545142 0.001410332 0.009994584
v 0.047482168 0.001452315 0.010134074
v 0.047412334 0.001498871 0.010269213
v 0.047335641 0.001550000 0.010400000
v -0.047064873 0.000754444 0.009702546
v -0.047015617 0.000787281 0.009850741
v -0.046959502 0.000824692 0.009994584
v -0.046896527 0.000866675 0.010134074
v -0.046826693 0.000913231 0.010269213
v -0.046750000 0.000964359 0.010400000
v 0.047396244 0.001008714 0.009702546
v 0.047346988 0.001041551 0.009850741
v 0.047290873 0.001078961 0.009994584
v 0.047227898 0.001120944 0.010134074
v 0.047158064 0.001167500 0.010269213
v 0.047081371 0.001218629 0.010400000
v -0.046678984 0.000594603 0.009702546
v -0.046629728 0.000627441 0.009850741
v -0.046573612 0.000664851 0.009994584
v -0.046510638 0.000706834 0.010134074
v -0.046440804 0.000753390 0.010269213
v -0.046364110 0.000804519 0.010400000
v 0.047064873 0.000754444 0.009702546
v 0.047015617 0.000787281 0.009850741
v 0.046959502 0.000824692 0.009994584
v 0.046896527 0.000866675 0.010134074
v 0.046826693 0.000913231 0.010269213
v 0.046750000 0.000964359 0.010400000
v -0.046264873 0.000540085 0.009702546
v -0.046215617 0.000572922 0.009850741
v -0.046159502 0.000610332 0.009994584
v -0.046096527 0.000652315 0.010134074
v -0.046026693 0.000698871 0.010269213
v -0.045950000 0.000750000 0.010400000
v 0.046678984 0.000594603 0.009702546
v 0.046629728 0.000627441 0.009850741
v 0.046573612 0.000664851 0.009994584
v 0.046510638 0.000706834 0.010134074
v 0.046440804 0.000753390 0.010269213
v 0.046364110 0.000804519 0.010400000
v 0.046264873 0.000540085 0.009702546
v 0.046215617 0.000572922 0.009850741
v 0.046159502 0.000610332 0.009994584
v 0.046096527 0.000652315 0.010134074
v 0.046026693 0.000698871 0.010269213
v 0.045950000 0.000750000 0.010400000
v 0.057450000 0.006800000 0.008650000
v 0.057698276 0.006800000 0.008875000
v 0.057946552 0.006800000 0.009100000
v 0.058194828 0.006800000 0.009325000
v 0.057447405 0.006886716 0.008650000
v 0.057439628 0.006973122 0.008650000
v 0.057426698 0.007058907 0.008650000
v 0.057408661 0.007143767 0.008650000
v 0.057385581 0.007227395 0.008650000
v 0.057357541 0.007309493 0.008650000
v 0.057324641 0.007389768 0.008650000
v 0.057286999 0.007467932 0.008650000
v 0.057244751 0.007543704 0.008650000
v 0.057198046 0.007616814 0.008650000
v 0.057147053 0.007687000 0.008650000
v 0.057091954 0.007754011 0.008650000
v 0.057032945 0.007817607 0.008650000
v 0.056970239 0.007877560 0.008650000
v 0.056904060 0.007933656 0.008650000
v 0.056834645 0.007985693 0.008650000
v 0.056762241 0.008033486 0.008650000
v 0.056687110 0.008076864 0.008650000
v 0.056609518 0.008115670 0.008650000
v 0.056529744 0.008149767 0.008650000
v 0.056448075 0.008179032 0.008650000
v 0.056364801 0.008203360 0.008650000
v 0.056280221 0.008222665 0.008650000
v 0.056194638 0.008236877 0.008650000
v 0.056108359 0.008245946 0.008650000
v 0.056021691 0.008249838 0.008650000
v 0.055934946 0.008248540 0.008650000
v 0.055848434 0.008242057 0.008650000
v 0.055762464 0.008230411 0.008650000
v 0.055677345 0.008213645 0.008650000
v 0.055593380 0.008191819 0.008650000
v 0.055510872 0.008165010 0.008650000
v 0.055430114 0.008133315 0.008650000
v 0.055351396 0.008096847 0.008650000
v 0.055275000 0.008055737 0.008650000
v 0.055201199 0.008010131 0.008650000
v 0.055130258 0.007960194 0.008650000
v 0.055062431 0.007906103 0.008650000
v 0.054997959 0.007848053 0.008650000
v 0.054937075 0.007786250 0.008650000
v 0.054879995 0.007720918 0.008650000
v 0.054826925 0.007652289 0.008650000
v 0.054778055 0.007580608 0.008650000
v 0.054733558 0.007506134 0.008650000
v 0.054693595 0.007429131 0.008650000
v 0.054658309 0.007349877 0.008650000
v 0.054627825 0.007268654 0.008650000
v 0.054602254 0.007185753 0.008650000
v 0.054581686 0.007101472 0.008650000
v 0.054566195 0.007016111 0.008650000
v 0.054555837 0.006929977 0.008650000
v 0.054550649 0.006843377 0.008650000
v 0.054550649 0.006756623 0.008650000
v 0.054555837 0.006670023 0.008650000
v 0.054566195 0.006583889 0.008650000
v 0.054581686 0.006498528 0.008650000
v 0.054602254 0.006414247 0.008650000
v 0.054627825 0.006331346 0.008650000
v 0.054658309 0.006250123 0.008650000
v 0.054693595 0.006170869 0.008650000
v 0.054733558 0.006093866 0.008650000
v 0.054778055 0.006019392 0.008650000
v 0.054826925 0.005947711 0.008650000
v 0.054879995 0.005879082 0.008650000
v 0.054937075 0.005813750 0.008650000
v 0.054997959 0.005751947 0.008650000
v 0.055062431 0.005693897 0.008650000
v 0.055130258 0.005639806 0.008650000
v 0.055201199 0.005589869 0.008650000
v 0.055275000 0.005544263 0.008650000
v 0.055351396 0.005503153 0.008650000
v 0.055430114 0.005466685 0.008650000
v 0.055510872 0.005434990 0.008650000
v 0.055593380 0.005408181 0.008650000
v 0.055677345 0.005386355 0.008650000
v 0.055762464 0.005369589 0.008650000
v 0.055848434 0.005357943 0.008650000
v 0.055934946 0.005351460 0.008650000
v 0.056021691 0.005350162 0.008650000
v 0.056108359 0.005354054 0.008650000
v 0.056194638 0.005363123 0.008650000
v 0.056280221 0.005377335 0.008650000
v 0.056364801 0.005396640 0.008650000
v 0.056448075 0.005420968 0.008650000
v 0.056529744 0.005450233 0.008650000
v 0.056609518 0.005484330 0.008650000
v 0.056687110 0.005523136 0.008650000
v 0.056762241 0.005566514 0.008650000
v 0.056834645 0.005614307 0.008650000
v 0.056904060 0.005666344 0.008650000
v 0.056970239 0.005722440 0.008650000
v 0.057032945 0.005782393 0.008650000
v 0.057091954 0.005845989 0.008650000
v 0.057147053 0.005913000 0.008650000
v 0.057198046 0.005983186 0.008650000
v 0.057244751 0.006056296 0.008650000
v 0.057286999 0.006132068 0.008650000
v 0.057324641 0.006210232 0.008650000
v 0.057357541 0.006290507 0.008650000
v 0.057385581 0.006372605 0.008650000
v 0.057408661 0.006456233 0.008650000
v 0.057426698 0.006541093 0.008650000
v 0.057439628 0.006626878 0.008650000
v 0.057447405 0.006713284 0.008650000
v 0.055376578 0.004955980 0.009100000
v 0.055162856 0.005042657 0.009100000
v 0.055456093 0.005191179 0.008875000
v 0.055056081 0.004818514 0.009325000
v 0.054828350 0.004944063 0.009325000
v 0.054960885 0.005154004 0.009100000
v 0.055849200 0.005108433 0.008875000
v 0.055650191 0.005138141 0.008875000
v 0.055599052 0.004895189 0.009100000
v 0.055297063 0.004720782 0.009325000
v 0.056050326 0.005102470 0.008875000
v 0.055827154 0.004861137 0.009100000
v 0.055547912 0.004652237 0.009325000
v 0.056250745 0.005120337 0.008875000
v 0.056057683 0.004854303 0.009100000
v 0.055805108 0.004613842 0.009325000
v 0.056447644 0.005161783 0.008875000
v 0.056287402 0.004874782 0.009100000
v 0.056065040 0.004606136 0.009325000
v 0.056638259 0.005226225 0.008875000
v 0.056513086 0.004922287 0.009100000
v 0.056324059 0.004629227 0.009325000
v 0.056819914 0.005312760 0.008875000
v 0.056731568 0.004996151 0.009100000
v 0.056578528 0.004682791 0.009325000
v 0.056990060 0.005420173 0.008875000
v 0.056939780 0.005095337 0.009100000
v 0.056824877 0.004766076 0.009325000
v 0.057146307 0.005546956 0.008875000
v 0.057134800 0.005218452 0.009100000
v 0.057059646 0.004877913 0.009325000
v 0.057286463 0.005691328 0.008875000
v 0.057313889 0.005363769 0.009100000
v 0.057279539 0.005016731 0.009325000
v 0.057408560 0.005851264 0.008875000
v 0.057474535 0.005529248 0.009100000
v 0.057481471 0.005180583 0.009325000
v 0.057510883 0.006024518 0.008875000
v 0.057614481 0.005712565 0.009100000
v 0.057662607 0.005367168 0.009325000
v 0.057591997 0.006208658 0.008875000
v 0.057731764 0.005911148 0.009100000
v 0.057820402 0.005573867 0.009325000
v 0.057650763 0.006401099 0.008875000
v 0.057824736 0.006122208 0.009100000
v 0.057952644 0.005797778 0.009325000
v 0.057686356 0.006599140 0.008875000
v 0.057892093 0.006342782 0.009100000
v 0.058057475 0.006035757 0.009325000
v 0.057932889 0.006569775 0.009100000
v 0.058133423 0.006284466 0.009325000
v 0.058179422 0.006540411 0.009325000
v 0.057686356 0.007000860 0.008875000
v 0.057650763 0.007198901 0.008875000
v 0.057932889 0.007030225 0.009100000
v 0.057591997 0.007391342 0.008875000
v 0.057892093 0.007257218 0.009100000
v 0.058179422 0.007059589 0.009325000
v 0.057510883 0.007575482 0.008875000
v 0.057824736 0.007477792 0.009100000
v 0.058133423 0.007315534 0.009325000
v 0.057408560 0.007748736 0.008875000
v 0.057731764 0.007688852 0.009100000
v 0.058057475 0.007564243 0.009325000
v 0.057286463 0.007908672 0.008875000
v 0.057614481 0.007887435 0.009100000
v 0.057952644 0.007802222 0.009325000
v 0.057146307 0.008053044 0.008875000
v 0.057474535 0.008070752 0.009100000
v 0.057820402 0.008026133 0.009325000
v 0.056990060 0.008179827 0.008875000
v 0.057313889 0.008236231 0.009100000
v 0.057662607 0.008232832 0.009325000
v 0.056819914 0.008287240 0.008875000
v 0.057134800 0.008381548 0.009100000
v 0.057481471 0.008419417 0.009325000
v 0.056638259 0.008373775 0.008875000
v 0.056939780 0.008504663 0.009100000
v 0.057279539 0.008583269 0.009325000
v 0.056447644 0.008438217 0.008875000
v 0.056731568 0.008603849 0.009100000
v 0.057059646 0.008722087 0.009325000
v 0.056250745 0.008479663 0.008875000
v 0.056513086 0.008677713 0.009100000
v 0.056824877 0.008833924 0.009325000
v 0.056050326 0.008497530 0.008875000
v 0.056287402 0.008725218 0.009100000
v 0.056578528 0.008917209 0.009325000
v 0.055849200 0.008491567 0.008875000
v 0.056057683 0.008745697 0.009100000
v 0.056324059 0.008970773 0.009325000
v 0.055650191 0.008461859 0.008875000
v 0.055827154 0.008738863 0.009100000
v 0.056065040 0.008993864 0.009325000
v 0.055456093 0.008408821 0.008875000
v 0.055599052 0.008704811 0.009100000
v 0.055805108 0.008986158 0.009325000
v 0.055269631 0.008333200 0.008875000
v 0.055376578 0.008644020 0.009100000
v 0.055547912 0.008947763 0.009325000
v 0.055093421 0.008236055 0.008875000
v 0.055162856 0.008557343 0.009100000
v 0.055297063 0.008879218 0.009325000
v 0.054929937 0.008118752 0.008875000
v 0.054960885 0.008445996 0.009100000
v 0.055056081 0.008781486 0.009325000
v 0.054781475 0.007982936 0.008875000
v 0.054773501 0.008311544 0.009100000
v 0.054828350 0.008655937 0.009325000
v 0.054650118 0.007830514 0.008875000
v 0.054603335 0.008155873 0.009100000
v 0.054617066 0.008504336 0.009325000
v 0.054537710 0.007663626 0.008875000
v 0.054452775 0.007981168 0.009100000
v 0.054425195 0.008328809 0.009325000
v 0.054445830 0.007484615 0.008875000
v 0.054323934 0.007789882 0.009100000
v 0.054255432 0.008131822 0.009325000
v 0.054375767 0.007295993 0.008875000
v 0.054218622 0.007584701 0.009100000
v 0.054110158 0.007916138 0.009325000
v 0.054328505 0.007100408 0.008875000
v 0.054138316 0.007368504 0.009100000
v 0.053991413 0.007684786 0.009325000
v 0.054304707 0.006900607 0.008875000
v 0.054084144 0.007144326 0.009100000
v 0.053900865 0.007441014 0.009325000
v 0.054304707 0.006699393 0.008875000
v 0.054056867 0.006915315 0.009100000
v 0.053839784 0.007188244 0.009325000
v 0.054328505 0.006499592 0.008875000
v 0.054056867 0.006684685 0.009100000
v 0.053809027 0.006930023 0.009325000
v 0.054375767 0.006304007 0.008875000
v 0.054084144 0.006455674 0.009100000
v 0.053809027 0.006669977 0.009325000
v 0.054445830 0.006115385 0.008875000
v 0.054138316 0.006231496 0.009100000
v 0.053839784 0.006411756 0.009325000
v 0.054537710 0.005936374 0.008875000
v 0.054218622 0.006015299 0.009100000
v 0.053900865 0.006158986 0.009325000
v 0.054650118 0.005769486 0.008875000
v 0.054323934 0.005810118 0.009100000
v 0.053991413 0.005915214 0.009325000
v 0.054781475 0.005617064 0.008875000
v 0.054452775 0.005618832 0.009100000
v 0.054110158 0.005683862 0.009325000
v 0.054929937 0.005481248 0.008875000
v 0.054603335 0.005444127 0.009100000
v 0.054255432 0.005468178 0.009325000
v 0.055093421 0.005363945 0.008875000
v 0.054773501 0.005288456 0.009100000
v 0.054425195 0.005271191 0.009325000
v 0.055269631 0.005266800 0.008875000
v 0.054617066 0.005095664 0.009325000
v -0.054550000 0.006800000 0.008650000
v -0.054301724 0.006800000 0.008875000
v -0.054053448 0.006800000 0.009100000
v -0.053805172 0.006800000 0.009325000
v -0.054552595 0.006886716 0.008650000
v -0.054560372 0.006973122 0.008650000
v -0.054573302 0.007058907 0.008650000
v -0.054591339 0.007143767 0.008650000
v -0.054614419 0.007227395 0.008650000
v -0.054642459 0.007309493 0.008650000
v -0.054675359 0.007389768 0.008650000
v -0.054713001 0.007467932 0.008650000
v -0.054755249 0.007543704 0.008650000
v -0.054801954 0.007616814 0.008650000
v -0.054852947 0.007687000 0.008650000
v -0.054908046 0.007754011 0.008650000
v -0.054967055 0.007817607 0.008650000
v -0.055029761 0.007877560 0.008650000
v -0.055095940 0.007933656 0.008650000
v -0.055165355 0.007985693 0.008650000
v -0.055237759 0.008033486 0.008650000
v -0.055312890 0.008076864 0.008650000
v -0.055390482 0.008115670 0.008650000
v -0.055470256 0.008149767 0.008650000
v -0.055551925 0.008179032 0.008650000
v -0.055635199 0.008203360 0.008650000
v -0.055719779 0.008222665 0.008650000
v -0.055805362 0.008236877 0.008650000
v -0.055891641 0.008245946 0.008650000
v -0.055978309 0.008249838 0.008650000
v -0.056065054 0.008248540 0.008650000
v -0.056151566 0.008242057 0.008650000
v -0.056237536 0.008230411 0.008650000
v -0.056322655 0.008213645 0.008650000
v -0.056406620 0.008191819 0.008650000
v -0.056489128 0.008165010 0.008650000
v -0.056569886 0.008133315 0.008650000
v -0.056648604 0.008096847 0.008650000
v -0.056725000 0.008055737 0.008650000
v -0.056798801 0.008010131 0.008650000
v -0.056869742 0.007960194 0.008650000
v -0.056937569 0.007906103 0.008650000
v -0.057002041 0.007848053 0.008650000
v -0.057062925 0.007786250 0.008650000
v -0.057120005 0.007720918 0.008650000
v -0.057173075 0.007652289 0.008650000
v -0.057221945 0.007580608 0.008650000
v -0.057266442 0.007506134 0.008650000
v -0.057306405 0.007429131 0.008650000
v -0.057341691 0.007349877 0.008650000
v -0.057372175 0.007268654 0.008650000
v -0.057397746 0.007185753 0.008650000
v -0.057418314 0.007101472 0.008650000
v -0.057433805 0.007016111 0.008650000
v -0.057444163 0.006929977 0.008650000
v -0.057449351 0.006843377 0.008650000
v -0.057449351 0.006756623 0.008650000
v -0.057444163 0.006670023 0.008650000
v -0.057433805 0.006583889 0.008650000
v -0.057418314 0.006498528 0.008650000
v -0.057397746 0.006414247 0.008650000
v -0.057372175 0.006331346 0.008650000
v -0.057341691 0.006250123 0.008650000
v -0.057306405 0.006170869 0.008650000
v -0.057266442 0.006093866 0.008650000
v -0.057221945 0.006019392 0.008650000
v -0.057173075 0.005947711 0.008650000
v -0.057120005 0.005879082 0.008650000
v -0.057062925 0.005813750 0.008650000
v -0.057002041 0.005751947 0.008650000
v -0.056937569 0.005693897 0.008650000
v -0.056869742 0.005639806 0.008650000
v -0.056798801 0.005589869 0.008650000
v -0.056725000 0.005544263 0.008650000
v -0.056648604 0.005503153 0.008650000
v -0.056569886 0.005466685 0.008650000
v -0.056489128 0.005434990 0.008650000
v -0.056406620 0.005408181 0.008650000
v -0.056322655 0.005386355 0.008650000
v -0.056237536 0.005369589 0.008650000
v -0.056151566 0.005357943 0.008650000
v -0.056065054 0.005351460 0.008650000
v -0.055978309 0.005350162 0.008650000
v -0.055891641 0.005354054 0.008650000
v -0.055805362 0.005363123 0.008650000
v -0.055719779 0.005377335 0.008650000
v -0.055635199 0.005396640 0.008650000
v -0.055551925 0.005420968 0.008650000
v -0.055470256 0.005450233 0.008650000
v -0.055390482 0.005484330 0.008650000
v -0.055312890 0.005523136 0.008650000
v -0.055237759 0.005566514 0.008650000
v -0.055165355 0.005614307 0.008650000
v -0.055095940 0.005666344 0.008650000
v -0.055029761 0.005722440 0.008650000
v -0.054967055 0.005782393 0.008650000
v -0.054908046 0.005845989 0.008650000
v -0.054852947 0.005913000 0.008650000
v -0.054801954 0.005983186 0.008650000
v -0.054755249 0.006056296 0.008650000
v -0.054713001 0.006132068 0.008650000
v -0.054675359 0.006210232 0.008650000
v -0.054642459 0.006290507 0.008650000
v -0.054614419 0.006372605 0.008650000
v -0.054591339 0.006456233 0.008650000
v -0.054573302 0.006541093 0.008650000
v -0.054560372 0.006626878 0.008650000
v -0.054552595 0.006713284 0.008650000
v -0.056623422 0.004955980 0.009100000
v -0.056837144 0.005042657 0.009100000
v -0.056543907 0.005191179 0.008875000
v -0.056943919 0.004818514 0.009325000
v -0.057171650 0.004944063 0.009325000
v -0.057039115 0.005154004 0.009100000
v -0.056150800 0.005108433 0.008875000
v -0.056349809 0.005138141 0.008875000
v -0.056400948 0.004895189 0.009100000
v -0.056702937 0.004720782 0.009325000
v -0.055949674 0.005102470 0.008875000
v -0.056172846 0.004861137 0.009100000
v -0.056452088 0.004652237 0.009325000
v -0.055749255 0.005120337 0.008875000
v -0.055942317 0.004854303 0.009100000
v -0.056194892 0.004613842 0.009325000
v -0.055552356 0.005161783 0.008875000
v -0.055712598 0.004874782 0.009100000
v -0.055934960 0.004606136 0.009325000
v -0.055361741 0.005226225 0.008875000
v -0.055486914 0.004922287 0.009100000
v -0.055675941 0.004629227 0.009325000
v -0.055180086 0.005312760 0.008875000
v -0.055268432 0.004996151 0.009100000
v -0.055421472 0.004682791 0.009325000
v -0.055009940 0.005420173 0.008875000
v -0.055060220 0.005095337 0.009100000
v -0.055175123 0.004766076 0.009325000
v -0.054853693 0.005546956 0.008875000
v -0.054865200 0.005218452 0.009100000
v -0.054940354 0.004877913 0.009325000
v -0.054713537 0.005691328 0.008875000
v -0.054686111 0.005363769 0.009100000
v -0.054720461 0.005016731 0.009325000
v -0.054591440 0.005851264 0.008875000
v -0.054525465 0.005529248 0.009100000
v -0.054518529 0.005180583 0.009325000
v -0.054489117 0.006024518 0.008875000
v -0.054385519 0.005712565 0.009100000
v -0.054337393 0.005367168 0.009325000
v -0.054408003 0.006208658 0.008875000
v -0.054268236 0.005911148 0.009100000
v -0.054179598 0.005573867 0.009325000
v -0.054349237 0.006401099 0.008875000
v -0.054175264 0.006122208 0.009100000
v -0.054047356 0.005797778 0.009325000
v -0.054313644 0.006599140 0.008875000
v -0.054107907 0.006342782 0.009100000
v -0.053942525 0.006035757 0.009325000
v -0.054067111 0.006569775 0.009100000
v -0.053866577 0.006284466 0.009325000
v -0.053820578 0.006540411 0.009325000
v -0.054313644 0.007000860 0.008875000
v -0.054349237 0.007198901 0.008875000
v -0.054067111 0.007030225 0.009100000
v -0.054408003 0.007391342 0.008875000
v -0.054107907 0.007257218 0.009100000
v -0.053820578 0.007059589 0.009325000
v -0.054489117 0.007575482 0.008875000
v -0.054175264 0.007477792 0.009100000
v -0.053866577 0.007315534 0.009325000
v -0.054591440 0.007748736 0.008875000
v -0.054268236 0.007688852 0.009100000
v -0.053942525 0.007564243 0.009325000
v -0.054713537 0.007908672 0.008875000
v -0.054385519 0.007887435 0.009100000
v -0.054047356 0.007802222 0.009325000
v -0.054853693 0.008053044 0.008875000
v -0.054525465 0.008070752 0.009100000
v -0.054179598 0.008026133 0.009325000
v -0.055009940 0.008179827 0.008875000
v -0.054686111 0.008236231 0.009100000
v -0.054337393 0.008232832 0.009325000
v -0.055180086 0.008287240 0.008875000
v -0.054865200 0.008381548 0.009100000
v -0.054518529 0.008419417 0.009325000
v -0.055361741 0.008373775 0.008875000
v -0.055060220 0.008504663 0.009100000
v -0.054720461 0.008583269 0.009325000
v -0.055552356 0.008438217 0.008875000
v -0.055268432 0.008603849 0.009100000
v -0.054940354 0.008722087 0.009325000
v -0.055749255 0.008479663 0.008875000
v -0.055486914 0.008677713 0.009100000
v -0.055175123 0.008833924 0.009325000
v -0.055949674 0.008497530 0.008875000
v -0.055712598 0.008725218 0.009100000
v -0.055421472 0.008917209 0.009325000
v -0.056150800 0.008491567 0.008875000
v -0.055942317 0.008745697 0.009100000
v -0.055675941 0.008970773 0.009325000
v -0.056349809 0.008461859 0.008875000
v -0.056172846 0.008738863 0.009100000
v -0.055934960 0.008993864 0.009325000
v -0.056543907 0.008408821 0.008875000
v -0.056400948 0.008704811 0.009100000
v -0.056194892 0.008986158 0.009325000
v -0.056730369 0.008333200 0.008875000
v -0.056623422 0.008644020 0.009100000
v -0.056452088 0.008947763 0.009325000
v -0.056906579 0.008236055 0.008875000
v -0.056837144 0.008557343 0.009100000
v -0.056702937 0.008879218 0.009325000
v -0.057070063 0.008118752 0.008875000
v -0.057039115 0.008445996 0.009100000
v -0.056943919 0.008781486 0.009325000
v -0.057218525 0.007982936 0.008875000
v -0.057226499 0.008311544 0.009100000
v -0.057171650 0.008655937 0.009325000
v -0.057349882 0.007830514 0.008875000
v -0.057396665 0.008155873 0.009100000
v -0.057382934 0.008504336 0.009325000
v -0.057462290 0.007663626 0.008875000
v -0.057547225 0.007981168 0.009100000
v -0.057574805 0.008328809 0.009325000
v -0.057554170 0.007484615 0.008875000
v -0.057676066 0.007789882 0.009100000
v -0.057744568 0.008131822 0.009325000
v -0.057624233 0.007295993 0.008875000
v -0.057781378 0.007584701 0.009100000
v -0.057889842 0.007916138 0.009325000
v -0.057671495 0.007100408 0.008875000
v -0.057861684 0.007368504 0.009100000
v -0.058008587 0.007684786 0.009325000
v -0.057695293 0.006900607 0.008875000
v -0.057915856 0.007144326 0.009100000
v -0.058099135 0.007441014 0.009325000
v -0.057695293 0.006699393 0.008875000
v -0.057943133 0.006915315 0.009100000
v -0.058160216 0.007188244 0.009325000
v -0.057671495 0.006499592 0.008875000
v -0.057943133 0.006684685 0.009100000
v -0.058190973 0.006930023 0.009325000
v -0.057624233 0.006304007 0.008875000
v -0.057915856 0.006455674 0.009100000
v -0.058190973 0.006669977 0.009325000
v -0.057554170 0.006115385 0.008875000
v -0.057861684 0.006231496 0.009100000
v -0.058160216 0.006411756 0.009325000
v -0.057462290 0.005936374 0.008875000
v -0.057781378 0.006015299 0.009100000
v -0.058099135 0.006158986 0.009325000
v -0.057349882 0.005769486 0.008875000
v -0.057676066 0.005810118 0.009100000
v -0.058008587 0.005915214 0.009325000
v -0.057218525 0.005617064 0.008875000
v -0.057547225 0.005618832 0.009100000
v -0.057889842 0.005683862 0.009325000
v -0.057070063 0.005481248 0.008875000
v -0.057396665 0.005444127 0.009100000
v -0.057744568 0.005468178 0.009325000
v -0.056906579 0.005363945 0.008875000
v -0.057226499 0.005288456 0.009100000
v -0.057574805 0.005271191 0.009325000
v -0.056730369 0.005266800 0.008875000
v -0.057382934 0.005095664 0.009325000
v -0.066391037 0.003945533 0.000056771
v -0.066480155 0.003894548 0.000118883
v -0.066567215 0.003846910 0.000185931
v -0.066652091 0.003802483 0.000257533
v -0.066734670 0.003761134 0.000333322
v -0.066814853 0.003722733 0.000412954
v -0.066892553 0.003687150 0.000496102
v -0.066967698 0.003654259 0.000582457
v -0.067040225 0.003623936 0.000671729
v -0.067110083 0.003596057 0.000763644
v -0.067177234 0.003570503 0.000857944
v -0.067241648 0.003547157 0.000954389
v -0.067323246 0.003519261 0.001085931
v -0.067409172 0.003491990 0.001237389
v -0.067488898 0.003468717 0.001391918
v -0.067562489 0.003449085 0.001548961
v -0.067630046 0.003432751 0.001708025
v -0.067691708 0.003419384 0.001868682
v -0.067747646 0.003408666 0.002030564
v -0.067798062 0.003400295 0.002193360
v -0.067857090 0.003392285 0.002411401
v -0.067913002 0.003386845 0.002657503
v -0.067958712 0.003384373 0.002904010
v -0.067980776 0.003383992 0.003045873
v -0.068000000 0.003384201 0.003187751
v -0.068000000 0.003262176 0.003288714
v -0.068000000 0.003154798 0.003388065
v -0.068000000 0.003070815 0.003474744
v -0.068000000 0.002998050 0.003558151
v -0.068000000 0.002927843 0.003648196
v -0.068000000 0.002867423 0.003735686
v -0.068000000 0.002815844 0.003820270
v -0.068000000 0.002770038 0.003905850
v -0.066391037 0.077864986 0.000056771
v -0.066480155 0.077926495 0.000118883
v -0.066567215 0.077984625 0.000185931
v -0.066652091 0.078039476 0.000257533
v -0.066734670 0.078091147 0.000333322
v -0.066814853 0.078139738 0.000412954
v -0.066892553 0.078185349 0.000496102
v -0.066967698 0.078228080 0.000582457
v -0.067040225 0.078268033 0.000671729
v -0.067110083 0.078305306 0.000763644
v -0.067177234 0.078340001 0.000857944
v -0.067241648 0.078372217 0.000954389
v -0.067303307 0.078402053 0.001052753
v -0.067381220 0.078438306 0.001186532
v -0.067463009 0.078474534 0.001340103
v -0.067538635 0.078506254 0.001496366
v -0.067608190 0.078533792 0.001654806
v -0.067671799 0.078557465 0.001814976
v -0.067729624 0.078577586 0.001976488
v -0.067781857 0.078594461 0.002139010
v -0.067828716 0.078608389 0.002302268
v -0.067883262 0.078622876 0.002520705
v -0.067934518 0.078634350 0.002767032
v -0.067970488 0.078640746 0.002977363
v -0.068000000 0.078644575 0.003187751
v 0.066391037 0.003945533 0.000056771
v 0.066480155 0.003894548 0.000118883
v 0.066567215 0.003846910 0.000185931
v 0.066652091 0.003802483 0.000257533
v 0.066734670 0.003761134 0.000333322
v 0.066814853 0.003722733 0.000412954
v 0.066892553 0.003687150 0.000496102
v 0.066967698 0.003654259 0.000582457
v 0.067040225 0.003623936 0.000671729
v 0.067110083 0.003596057 0.000763644
v 0.067177234 0.003570503 0.000857944
v 0.067241648 0.003547157 0.000954389
v 0.067323246 0.003519261 0.001085931
v 0.067409172 0.003491990 0.001237389
v 0.067488898 0.003468717 0.001391918
v 0.067562489 0.003449085 0.001548961
v 0.067630046 0.003432751 0.001708025
v 0.067691708 0.003419384 0.001868682
v 0.067747646 0.003408666 0.002030564
v 0.067798062 0.003400295 0.002193360
v 0.067857090 0.003392285 0.002411401
v 0.067913002 0.003386845 0.002657503
v 0.067958712 0.003384373 0.002904010
v 0.067980776 0.003383992 0.003045873
v 0.068000000 0.003384201 0.003187751
v 0.068000000 0.002770592 0.003904741
v 0.068000000 0.002817031 0.003818198
v 0.068000000 0.002866462 0.003737170
v 0.068000000 0.002918355 0.003661246
v 0.068000000 0.002972280 0.003589967
v 0.068000000 0.003027882 0.003522885
v 0.068000000 0.003084879 0.003459580
v 0.068000000 0.003143042 0.003399670
v 0.068000000 0.003202190 0.003342815
v 0.068000000 0.003282336 0.003271246
v 0.068000000 0.003333059 0.003228727
v -0.066341418 0.078414172 0.000059541
v -0.066434530 0.078478289 0.000124909
v -0.066525374 0.078538715 0.000195644
v -0.066613808 0.078595566 0.000271307
v -0.066699706 0.078648955 0.000351484
v -0.066782957 0.078698996 0.000435785
v -0.066863467 0.078745805 0.000523840
v -0.066941154 0.078789497 0.000615302
v -0.067015952 0.078830186 0.000709844
v -0.067087809 0.078867988 0.000807160
v -0.067156685 0.078903016 0.000906964
v -0.067222553 0.078935386 0.001008989
v -0.067285397 0.078965211 0.001112986
v -0.067345215 0.078992604 0.001218725
v -0.067420277 0.079025539 0.001362055
v -0.067498363 0.079057991 0.001525983
v -0.067569822 0.079085927 0.001692200
v -0.067634810 0.079109712 0.001860205
v -0.067693520 0.079129703 0.002029572
v -0.067746182 0.079146248 0.002199942
v -0.067793057 0.079159685 0.002371018
v -0.067834433 0.079170343 0.002542564
v -0.067881592 0.079180777 0.002771714
v -0.067924616 0.079188173 0.003029759
v -0.067958165 0.079191891 0.003287868
v -0.067982238 0.079192817 0.003531464
v -0.068000000 0.079191921 0.003775193
v -0.068000000 0.079137757 0.003692500
v -0.068000000 0.079081463 0.003615778
v -0.068000000 0.079023470 0.003544293
v -0.068000000 0.078964107 0.003477399
v -0.068000000 0.078903623 0.003414535
v -0.068000000 0.078842214 0.003355230
v -0.068000000 0.078759155 0.003281005
v -0.068000000 0.078702085 0.003233371
v 0.066391037 0.077864986 0.000056771
v 0.066480155 0.077926495 0.000118883
v 0.066567215 0.077984625 0.000185931
v 0.066652091 0.078039476 0.000257533
v 0.066734670 0.078091147 0.000333322
v 0.066814853 0.078139738 0.000412954
v 0.066892553 0.078185349 0.000496102
v 0.066967698 0.078228080 0.000582457
v 0.067040225 0.078268033 0.000671729
v 0.067110083 0.078305306 0.000763644
v 0.067177234 0.078340001 0.000857944
v 0.067241648 0.078372217 0.000954389
v 0.067303307 0.078402053 0.001052753
v 0.067381220 0.078438306 0.001186532
v 0.067463009 0.078474534 0.001340103
v 0.067538635 0.078506254 0.001496366
v 0.067608190 0.078533792 0.001654806
v 0.067671799 0.078557465 0.001814976
v 0.067729624 0.078577586 0.001976488
v 0.067781857 0.078594461 0.002139010
v 0.067828716 0.078608389 0.002302268
v 0.067883262 0.078622876 0.002520705
v 0.067934518 0.078634350 0.002767032
v 0.067970488 0.078640746 0.002977363
v 0.068000000 0.078644575 0.003187751
v -0.066183890 0.078940699 0.000060742
v -0.066278724 0.079005936 0.000127528
v -0.066371197 0.079067346 0.000199871
v -0.066461158 0.079125047 0.000277307
v -0.066548476 0.079179161 0.000359402
v -0.066633034 0.079229810 0.000445741
v -0.066714734 0.079277115 0.000535938
v -0.066793492 0.079321198 0.000629627
v -0.066869240 0.079362180 0.000726465
v -0.066941925 0.079400183 0.000826132
v -0.067011507 0.079435329 0.000928329
v -0.067077960 0.079467738 0.001032776
v -0.067141270 0.079497530 0.001139215
v -0.067201437 0.079524826 0.001247408
v -0.067276790 0.079557541 0.001394011
v -0.067354974 0.079589638 0.001561611
v -0.067426307 0.079617127 0.001731469
v -0.067490960 0.079640392 0.001903075
v -0.067549150 0.079659808 0.002075994
v -0.067601127 0.079675741 0.002249865
v -0.067647179 0.079688547 0.002424392
v -0.067687619 0.079698570 0.002599342
v -0.067733393 0.079708176 0.002832969
v -0.067774744 0.079714702 0.003095995
v -0.067806579 0.079717649 0.003359063
v -0.067836470 0.079717565 0.003709937
v -0.067860573 0.079712560 0.004237557
v -0.067853811 0.079696633 0.006276017
v -0.067817533 0.079684932 0.007233210
v -0.067779340 0.079668035 0.007668831
v -0.067739539 0.079649012 0.007958521
v -0.067694623 0.079626865 0.008195102
v -0.067652299 0.079605693 0.008368508
v -0.067605352 0.079582042 0.008525157
v -0.067564602 0.079561445 0.008639709
v -0.067519354 0.079538544 0.008749614
v -0.067472490 0.079514820 0.008848566
v -0.067424484 0.079490531 0.008937511
v -0.067371699 0.079463854 0.009023625
v -0.067319820 0.079437674 0.009098492
v -0.067269361 0.079412254 0.009163564
v -0.067215124 0.079384981 0.009226292
v -0.067156905 0.079355765 0.009286518
v -0.067094489 0.079324513 0.009344077
v -0.067027656 0.079291129 0.009398799
v -0.066956177 0.079255515 0.009450507
v -0.066879819 0.079217571 0.009499018
v -0.066834190 0.079194944 0.009525073
v -0.066786863 0.079171514 0.009550000
v -0.066946199 0.078646253 0.009550000
v -0.068000000 0.079168091 0.006761813
v -0.067972602 0.079157908 0.007295762
v -0.067931964 0.079139631 0.007725597
v -0.067890022 0.079119426 0.008010928
v -0.067848293 0.079098782 0.008220585
v -0.067805330 0.079077263 0.008391422
v -0.067762937 0.079055897 0.008530442
v -0.067719007 0.079033689 0.008652485
v -0.067674299 0.079011060 0.008759472
v -0.067629489 0.078988376 0.008853165
v -0.067579994 0.078963335 0.008944135
v -0.067531145 0.078938649 0.009023457
v -0.067483462 0.078914585 0.009092604
v -0.067432040 0.078888676 0.009159464
v -0.067376666 0.078860829 0.009223873
v -0.067317118 0.078830944 0.009285660
v -0.067253166 0.078798923 0.009344650
v -0.067184573 0.078764662 0.009400658
v -0.067111094 0.078728056 0.009453494
v -0.067032476 0.078688995 0.009502962
v -0.066990066 0.078667969 0.009526965
v -0.068000000 0.079217520 0.006235595
v -0.068000000 0.079258171 0.005407602
v -0.068000000 0.079271150 0.004722149
v -0.068000000 0.079258767 0.004321818
v -0.068000000 0.079233898 0.004043597
v -0.068000000 0.079215181 0.003907808
v 0.066341418 0.078414172 0.000059541
v 0.066434530 0.078478289 0.000124909
v 0.066525374 0.078538715 0.000195644
v 0.066613808 0.078595566 0.000271307
v 0.066699706 0.078648955 0.000351484
v 0.066782957 0.078698996 0.000435785
v 0.066863467 0.078745805 0.000523840
v 0.066941154 0.078789497 0.000615302
v 0.067015952 0.078830186 0.000709844
v 0.067087809 0.078867988 0.000807160
v 0.067156685 0.078903016 0.000906964
v 0.067222553 0.078935386 0.001008989
v 0.067285397 0.078965211 0.001112986
v 0.067345215 0.078992604 0.001218725
v 0.067420277 0.079025539 0.001362055
v 0.067498363 0.079057991 0.001525983
v 0.067569822 0.079085927 0.001692200
v 0.067634810 0.079109712 0.001860205
v 0.067693520 0.079129703 0.002029572
v 0.067746182 0.079146248 0.002199942
v 0.067793057 0.079159685 0.002371018
v 0.067834433 0.079170343 0.002542564
v 0.067881592 0.079180777 0.002771714
v 0.067924616 0.079188173 0.003029759
v 0.067958165 0.079191891 0.003287868
v 0.067982238 0.079192817 0.003531464
v 0.068000000 0.079191921 0.003775193
v 0.068000000 0.078770961 0.003291182
v 0.068000000 0.078882533 0.003393695
v 0.068000000 0.078965780 0.003479208
v 0.068000000 0.079037695 0.003561213
v 0.068000000 0.079107476 0.003650219
v 0.068000000 0.079150364 0.003710878
v -0.065925142 0.079424782 0.000060742
v -0.066019976 0.079490019 0.000127528
v -0.066112449 0.079551429 0.000199871
v -0.066202411 0.079609130 0.000277307
v -0.066289728 0.079663244 0.000359402
v -0.066374287 0.079713893 0.000445741
v -0.066455986 0.079761198 0.000535938
v -0.066534744 0.079805281 0.000629627
v -0.066610492 0.079846263 0.000726465
v -0.066683177 0.079884266 0.000826132
v -0.066752759 0.079919412 0.000928329
v -0.066819212 0.079951821 0.001032776
v -0.066882523 0.079981613 0.001139215
v -0.066942690 0.080008909 0.001247408
v -0.067018042 0.080041624 0.001394011
v -0.067096226 0.080073721 0.001561611
v -0.067167559 0.080101210 0.001731469
v -0.067232212 0.080124475 0.001903075
v -0.067290402 0.080143891 0.002075994
v -0.067342380 0.080159824 0.002249865
v -0.067388431 0.080172630 0.002424392
v -0.067428871 0.080182653 0.002599342
v -0.067474646 0.080192260 0.002832969
v -0.067515997 0.080198785 0.003095995
v -0.067547831 0.080201732 0.003359063
v -0.067577723 0.080201648 0.003709937
v -0.067601825 0.080196643 0.004237557
v -0.067595063 0.080180716 0.006276017
v -0.067558785 0.080169015 0.007233210
v -0.067520592 0.080152118 0.007668831
v -0.067480791 0.080133095 0.007958521
v -0.067435875 0.080110948 0.008195102
v -0.067393551 0.080089776 0.008368508
v -0.067346604 0.080066125 0.008525157
v -0.067305854 0.080045528 0.008639709
v -0.067260606 0.080022627 0.008749614
v -0.067213743 0.079998903 0.008848566
v -0.067165736 0.079974614 0.008937511
v -0.067112951 0.079947937 0.009023625
v -0.067061072 0.079921757 0.009098492
v -0.067010613 0.079896337 0.009163564
v -0.066956377 0.079869064 0.009226292
v -0.066898157 0.079839848 0.009286518
v -0.066835741 0.079808596 0.009344077
v -0.066768908 0.079775212 0.009398799
v -0.066697430 0.079739598 0.009450507
v -0.066621072 0.079701654 0.009499018
v -0.066575442 0.079679027 0.009525073
v -0.066528115 0.079655597 0.009550000
v 0.066183890 0.078940699 0.000060742
v 0.066278724 0.079005936 0.000127528
v 0.066371197 0.079067346 0.000199871
v 0.066461158 0.079125047 0.000277307
v 0.066548476 0.079179161 0.000359402
v 0.066633034 0.079229810 0.000445741
v 0.066714734 0.079277115 0.000535938
v 0.066793492 0.079321198 0.000629627
v 0.066869240 0.079362180 0.000726465
v 0.066941925 0.079400183 0.000826132
v 0.067011507 0.079435329 0.000928329
v 0.067077960 0.079467738 0.001032776
v 0.067141270 0.079497530 0.001139215
v 0.067201437 0.079524826 0.001247408
v 0.067276790 0.079557541 0.001394011
v 0.067354974 0.079589638 0.001561611
v 0.067426307 0.079617127 0.001731469
v 0.067490960 0.079640392 0.001903075
v 0.067549150 0.079659808 0.002075994
v 0.067601127 0.079675741 0.002249865
v 0.067647179 0.079688547 0.002424392
v 0.067687619 0.079698570 0.002599342
v 0.067733393 0.079708176 0.002832969
v 0.067774744 0.079714702 0.003095995
v 0.067806579 0.079717649 0.003359063
v 0.067836470 0.079717565 0.003709937
v 0.067860573 0.079712560 0.004237557
v 0.067853811 0.079696633 0.006276017
v 0.067817533 0.079684932 0.007233210
v 0.067779340 0.079668035 0.007668831
v 0.067739539 0.079649012 0.007958521
v 0.067694623 0.079626865 0.008195102
v 0.067652299 0.079605693 0.008368508
v 0.067605352 0.079582042 0.008525157
v 0.067564602 0.079561445 0.008639709
v 0.067519354 0.079538544 0.008749614
v 0.067472490 0.079514820 0.008848566
v 0.067424484 0.079490531 0.008937511
v 0.067371699 0.079463854 0.009023625
v 0.067319820 0.079437674 0.009098492
v 0.067269361 0.079412254 0.009163564
v 0.067215124 0.079384981 0.009226292
v 0.067156905 0.079355765 0.009286518
v 0.067094489 0.079324513 0.009344077
v 0.067027656 0.079291129 0.009398799
v 0.066956177 0.079255515 0.009450507
v 0.066879819 0.079217571 0.009499018
v 0.066834190 0.079194944 0.009525073
v 0.066786863 0.079171514 0.009550000
v 0.068000000 0.079226862 0.003988326
v 0.068000000 0.079250586 0.004208344
v 0.068000000 0.079264514 0.004432598
v 0.068000000 0.079271213 0.004734560
v 0.068000000 0.079244138 0.005753736
v 0.068000000 0.079210588 0.006332355
v 0.068000000 0.079168091 0.006761813
v 0.067972602 0.079157908 0.007295762
v 0.067931964 0.079139631 0.007725597
v 0.067890022 0.079119426 0.008010928
v 0.067848293 0.079098782 0.008220585
v 0.067805330 0.079077263 0.008391422
v 0.067762937 0.079055897 0.008530442
v 0.067719007 0.079033689 0.008652485
v 0.067674299 0.079011060 0.008759472
v 0.067629489 0.078988376 0.008853165
v 0.067579994 0.078963335 0.008944135
v 0.067531145 0.078938649 0.009023457
v 0.067483462 0.078914585 0.009092604
v 0.067432040 0.078888676 0.009159464
v 0.067376666 0.078860829 0.009223873
v 0.067317118 0.078830944 0.009285660
v 0.067253166 0.078798923 0.009344650
v 0.067184573 0.078764662 0.009400658
v 0.067111094 0.078728056 0.009453494
v 0.067032476 0.078688995 0.009502962
v 0.066990066 0.078667969 0.009526965
v 0.066946199 0.078646253 0.009550000
v -0.065576926 0.079849084 0.000060742
v -0.065671760 0.079914322 0.000127528
v -0.065764233 0.079975731 0.000199871
v -0.065854195 0.080033432 0.000277307
v -0.065941512 0.080087547 0.000359402
v -0.066026071 0.080138196 0.000445741
v -0.066107770 0.080185501 0.000535938
v -0.066186528 0.080229583 0.000629627
v -0.066262277 0.080270565 0.000726465
v -0.066334961 0.080308569 0.000826132
v -0.066404543 0.080343714 0.000928329
v -0.066470996 0.080376123 0.001032776
v -0.066534307 0.080405916 0.001139215
v -0.066594474 0.080433211 0.001247408
v -0.066669826 0.080465926 0.001394011
v -0.066748010 0.080498023 0.001561611
v -0.066819343 0.080525512 0.001731469
v -0.066883996 0.080548777 0.001903075
v -0.066942186 0.080568193 0.002075994
v -0.066994164 0.080584126 0.002249865
v -0.067040215 0.080596932 0.002424392
v -0.067080655 0.080606955 0.002599342
v -0.067126430 0.080616562 0.002832969
v -0.067167781 0.080623088 0.003095995
v -0.067199615 0.080626034 0.003359063
v -0.067229507 0.080625950 0.003709937
v -0.067253610 0.080620945 0.004237557
v -0.067246847 0.080605019 0.006276017
v -0.067210569 0.080593317 0.007233210
v -0.067172376 0.080576421 0.007668831
v -0.067132575 0.080557397 0.007958521
v -0.067087659 0.080535250 0.008195102
v -0.067045336 0.080514078 0.008368508
v -0.066998388 0.080490427 0.008525157
v -0.066957638 0.080469830 0.008639709
v -0.066912390 0.080446929 0.008749614
v -0.066865527 0.080423205 0.008848566
v -0.066817520 0.080398916 0.008937511
v -0.066764735 0.080372239 0.009023625
v -0.066712856 0.080346060 0.009098492
v -0.066662397 0.080320639 0.009163564
v -0.066608161 0.080293367 0.009226292
v -0.066549941 0.080264151 0.009286518
v -0.066487525 0.080232899 0.009344077
v -0.066420692 0.080199515 0.009398799
v -0.066349214 0.080163901 0.009450507
v -0.066272856 0.080125956 0.009499018
v -0.066227226 0.080103330 0.009525073
v -0.066179899 0.080079899 0.009550000
v 0.066528115 0.079655597 0.009550000
v 0.065925142 0.079424782 0.000060742
v 0.066019976 0.079490019 0.000127528
v 0.066112449 0.079551429 0.000199871
v 0.066202411 0.079609130 0.000277307
v 0.066289728 0.079663244 0.000359402
v 0.066374287 0.079713893 0.000445741
v 0.066455986 0.079761198 0.000535938
v 0.066534744 0.079805281 0.000629627
v 0.066610492 0.079846263 0.000726465
v 0.066683177 0.079884266 0.000826132
v 0.066752759 0.079919412 0.000928329
v 0.066819212 0.079951821 0.001032776
v 0.066882523 0.079981613 0.001139215
v 0.066942690 0.080008909 0.001247408
v 0.067018042 0.080041624 0.001394011
v 0.067096226 0.080073721 0.001561611
v 0.067167559 0.080101210 0.001731469
v 0.067232212 0.080124475 0.001903075
v 0.067290402 0.080143891 0.002075994
v 0.067342380 0.080159824 0.002249865
v 0.067388431 0.080172630 0.002424392
v 0.067428871 0.080182653 0.002599342
v 0.067474646 0.080192260 0.002832969
v 0.067515997 0.080198785 0.003095995
v 0.067547831 0.080201732 0.003359063
v 0.067577723 0.080201648 0.003709937
v 0.067601825 0.080196643 0.004237557
v 0.067595063 0.080180716 0.006276017
v 0.067558785 0.080169015 0.007233210
v 0.067520592 0.080152118 0.007668831
v 0.067480791 0.080133095 0.007958521
v 0.067435875 0.080110948 0.008195102
v 0.067393551 0.080089776 0.008368508
v 0.067346604 0.080066125 0.008525157
v 0.067305854 0.080045528 0.008639709
v 0.067260606 0.080022627 0.008749614
v 0.067213743 0.079998903 0.008848566
v 0.067165736 0.079974614 0.008937511
v 0.067112951 0.079947937 0.009023625
v 0.067061072 0.079921757 0.009098492
v 0.067010613 0.079896337 0.009163564
v 0.066956377 0.079869064 0.009226292
v 0.066898157 0.079839848 0.009286518
v 0.066835741 0.079808596 0.009344077
v 0.066768908 0.079775212 0.009398799
v 0.066697430 0.079739598 0.009450507
v 0.066621072 0.079701654 0.009499018
v 0.066575442 0.079679027 0.009525073
v -0.065152624 0.080197300 0.000060742
v -0.065247458 0.080262538 0.000127528
v -0.065339931 0.080323947 0.000199871
v -0.065429892 0.080381648 0.000277307
v -0.065517210 0.080435763 0.000359402
v -0.065601768 0.080486412 0.000445741
v -0.065683468 0.080533717 0.000535938
v -0.065762226 0.080577799 0.000629627
v -0.065837974 0.080618781 0.000726465
v -0.065910659 0.080656785 0.000826132
v -0.065980241 0.080691930 0.000928329
v -0.066046694 0.080724339 0.001032776
v -0.066110004 0.080754132 0.001139215
v -0.066170171 0.080781427 0.001247408
v -0.066245524 0.080814142 0.001394011
v -0.066323708 0.080846239 0.001561611
v -0.066395041 0.080873728 0.001731469
v -0.066459694 0.080896993 0.001903075
v -0.066517883 0.080916409 0.002075994
v -0.066569861 0.080932342 0.002249865
v -0.066615913 0.080945148 0.002424392
v -0.066656352 0.080955171 0.002599342
v -0.066702127 0.080964778 0.002832969
v -0.066743478 0.080971304 0.003095995
v -0.066775313 0.080974250 0.003359063
v -0.066805204 0.080974166 0.003709937
v -0.066829307 0.080969161 0.004237557
v -0.066822545 0.080953235 0.006276017
v -0.066786267 0.080941533 0.007233210
v -0.066748074 0.080924637 0.007668831
v -0.066708273 0.080905613 0.007958521
v -0.066663357 0.080883466 0.008195102
v -0.066621033 0.080862294 0.008368508
v -0.066574086 0.080838643 0.008525157
v -0.066533336 0.080818046 0.008639709
v -0.066488088 0.080795145 0.008749614
v -0.066441224 0.080771421 0.008848566
v -0.066393218 0.080747132 0.008937511
v -0.066340433 0.080720455 0.009023625
v -0.066288554 0.080694276 0.009098492
v -0.066238094 0.080668855 0.009163564
v -0.066183858 0.080641583 0.009226292
v -0.066125639 0.080612367 0.009286518
v -0.066063223 0.080581115 0.009344077
v -0.065996390 0.080547731 0.009398799
v -0.065924911 0.080512117 0.009450507
v -0.065848553 0.080474172 0.009499018
v -0.065802924 0.080451546 0.009525073
v -0.065755597 0.080428115 0.009550000
v 0.066179899 0.080079899 0.009550000
v 0.065576926 0.079849084 0.000060742
v 0.065671760 0.079914322 0.000127528
v 0.065764233 0.079975731 0.000199871
v 0.065854195 0.080033432 0.000277307
v 0.065941512 0.080087547 0.000359402
v 0.066026071 0.080138196 0.000445741
v 0.066107770 0.080185501 0.000535938
v 0.066186528 0.080229583 0.000629627
v 0.066262277 0.080270565 0.000726465
v 0.066334961 0.080308569 0.000826132
v 0.066404543 0.080343714 0.000928329
v 0.066470996 0.080376123 0.001032776
v 0.066534307 0.080405916 0.001139215
v 0.066594474 0.080433211 0.001247408
v 0.066669826 0.080465926 0.001394011
v 0.066748010 0.080498023 0.001561611
v 0.066819343 0.080525512 0.001731469
v 0.066883996 0.080548777 0.001903075
v 0.066942186 0.080568193 0.002075994
v 0.066994164 0.080584126 0.002249865
v 0.067040215 0.080596932 0.002424392
v 0.067080655 0.080606955 0.002599342
v 0.067126430 0.080616562 0.002832969
v 0.067167781 0.080623088 0.003095995
v 0.067199615 0.080626034 0.003359063
v 0.067229507 0.080625950 0.003709937
v 0.067253610 0.080620945 0.004237557
v 0.067246847 0.080605019 0.006276017
v 0.067210569 0.080593317 0.007233210
v 0.067172376 0.080576421 0.007668831
v 0.067132575 0.080557397 0.007958521
v 0.067087659 0.080535250 0.008195102
v 0.067045336 0.080514078 0.008368508
v 0.066998388 0.080490427 0.008525157
v 0.066957638 0.080469830 0.008639709
v 0.066912390 0.080446929 0.008749614
v 0.066865527 0.080423205 0.008848566
v 0.066817520 0.080398916 0.008937511
v 0.066764735 0.080372239 0.009023625
v 0.066712856 0.080346060 0.009098492
v 0.066662397 0.080320639 0.009163564
v 0.066608161 0.080293367 0.009226292
v 0.066549941 0.080264151 0.009286518
v 0.066487525 0.080232899 0.009344077
v 0.066420692 0.080199515 0.009398799
v 0.066349214 0.080163901 0.009450507
v 0.066272856 0.080125956 0.009499018
v 0.066227226 0.080103330 0.009525073
v -0.064668541 0.080456048 0.000060742
v -0.064763375 0.080521285 0.000127528
v -0.064855848 0.080582695 0.000199871
v -0.064945809 0.080640396 0.000277307
v -0.065033127 0.080694511 0.000359402
v -0.065117685 0.080745159 0.000445741
v -0.065199385 0.080792464 0.000535938
v -0.065278143 0.080836547 0.000629627
v -0.065353891 0.080877529 0.000726465
v -0.065426576 0.080915532 0.000826132
v -0.065496158 0.080950678 0.000928329
v -0.065562611 0.080983087 0.001032776
v -0.065625921 0.081012879 0.001139215
v -0.065686088 0.081040175 0.001247408
v -0.065761441 0.081072890 0.001394011
v -0.065839625 0.081104987 0.001561611
v -0.065910957 0.081132476 0.001731469
v -0.065975611 0.081155741 0.001903075
v -0.066033800 0.081175157 0.002075994
v -0.066085778 0.081191090 0.002249865
v -0.066131830 0.081203896 0.002424392
v -0.066172269 0.081213919 0.002599342
v -0.066218044 0.081223526 0.002832969
v -0.066259395 0.081230052 0.003095995
v -0.066291229 0.081232998 0.003359063
v -0.066321121 0.081232914 0.003709937
v -0.066345224 0.081227909 0.004237557
v -0.066338462 0.081211982 0.006276017
v -0.066302184 0.081200281 0.007233210
v -0.066263991 0.081183384 0.007668831
v -0.066224190 0.081164361 0.007958521
v -0.066179273 0.081142214 0.008195102
v -0.066136950 0.081121042 0.008368508
v -0.066090003 0.081097391 0.008525157
v -0.066049253 0.081076794 0.008639709
v -0.066004005 0.081053893 0.008749614
v -0.065957141 0.081030169 0.008848566
v -0.065909135 0.081005880 0.008937511
v -0.065856350 0.080979203 0.009023625
v -0.065804471 0.080953023 0.009098492
v -0.065754011 0.080927603 0.009163564
v -0.065699775 0.080900330 0.009226292
v -0.065641556 0.080871114 0.009286518
v -0.065579140 0.080839862 0.009344077
v -0.065512307 0.080806478 0.009398799
v -0.065440828 0.080770864 0.009450507
v -0.065364470 0.080732920 0.009499018
v -0.065318841 0.080710293 0.009525073
v -0.065271514 0.080686863 0.009550000
v 0.065755597 0.080428115 0.009550000
v 0.065152624 0.080197300 0.000060742
v 0.065247458 0.080262538 0.000127528
v 0.065339931 0.080323947 0.000199871
v 0.065429892 0.080381648 0.000277307
v 0.065517210 0.080435763 0.000359402
v 0.065601768 0.080486412 0.000445741
v 0.065683468 0.080533717 0.000535938
v 0.065762226 0.080577799 0.000629627
v 0.065837974 0.080618781 0.000726465
v 0.065910659 0.080656785 0.000826132
v 0.065980241 0.080691930 0.000928329
v 0.066046694 0.080724339 0.001032776
v 0.066110004 0.080754132 0.001139215
v 0.066170171 0.080781427 0.001247408
v 0.066245524 0.080814142 0.001394011
v 0.066323708 0.080846239 0.001561611
v 0.066395041 0.080873728 0.001731469
v 0.066459694 0.080896993 0.001903075
v 0.066517883 0.080916409 0.002075994
v 0.066569861 0.080932342 0.002249865
v 0.066615913 0.080945148 0.002424392
v 0.066656352 0.080955171 0.002599342
v 0.066702127 0.080964778 0.002832969
v 0.066743478 0.080971304 0.003095995
v 0.066775313 0.080974250 0.003359063
v 0.066805204 0.080974166 0.003709937
v 0.066829307 0.080969161 0.004237557
v 0.066822545 0.080953235 0.006276017
v 0.066786267 0.080941533 0.007233210
v 0.066748074 0.080924637 0.007668831
v 0.066708273 0.080905613 0.007958521
v 0.066663357 0.080883466 0.008195102
v 0.066621033 0.080862294 0.008368508
v 0.066574086 0.080838643 0.008525157
v 0.066533336 0.080818046 0.008639709
v 0.066488088 0.080795145 0.008749614
v 0.066441224 0.080771421 0.008848566
v 0.066393218 0.080747132 0.008937511
v 0.066340433 0.080720455 0.009023625
v 0.066288554 0.080694276 0.009098492
v 0.066238094 0.080668855 0.009163564
v 0.066183858 0.080641583 0.009226292
v 0.066125639 0.080612367 0.009286518
v 0.066063223 0.080581115 0.009344077
v 0.065996390 0.080547731 0.009398799
v 0.065924911 0.080512117 0.009450507
v 0.065848553 0.080474172 0.009499018
v 0.065802924 0.080451546 0.009525073
v -0.064143280 0.080615384 0.000060742
v -0.064238114 0.080680621 0.000127528
v -0.064330587 0.080742031 0.000199871
v -0.064420549 0.080799732 0.000277307
v -0.064507866 0.080853847 0.000359402
v -0.064592425 0.080904495 0.000445741
v -0.064674124 0.080951800 0.000535938
v -0.064752882 0.080995883 0.000629627
v -0.064828630 0.081036865 0.000726465
v -0.064901315 0.081074868 0.000826132
v -0.064970897 0.081110014 0.000928329
v -0.065037350 0.081142423 0.001032776
v -0.065100661 0.081172215 0.001139215
v -0.065160828 0.081199511 0.001247408
v -0.065236180 0.081232226 0.001394011
v -0.065314364 0.081264323 0.001561611
v -0.065385697 0.081291812 0.001731469
v -0.065450350 0.081315077 0.001903075
v -0.065508540 0.081334493 0.002075994
v -0.065560518 0.081350426 0.002249865
v -0.065606569 0.081363232 0.002424392
v -0.065647009 0.081373255 0.002599342
v -0.065692784 0.081382862 0.002832969
v -0.065734135 0.081389388 0.003095995
v -0.065765969 0.081392334 0.003359063
v -0.065795861 0.081392250 0.003709937
v -0.065819963 0.081387245 0.004237557
v -0.065813201 0.081371318 0.006276017
v -0.065776923 0.081359617 0.007233210
v -0.065738730 0.081342721 0.007668831
v -0.065698929 0.081323697 0.007958521
v -0.065654013 0.081301550 0.008195102
v -0.065611689 0.081280378 0.008368508
v -0.065564742 0.081256727 0.008525157
v -0.065523992 0.081236130 0.008639709
v -0.065478744 0.081213229 0.008749614
v -0.065431881 0.081189505 0.008848566
v -0.065383874 0.081165216 0.008937511
v -0.065331089 0.081138539 0.009023625
v -0.065279210 0.081112360 0.009098492
v -0.065228751 0.081086939 0.009163564
v -0.065174515 0.081059666 0.009226292
v -0.065116295 0.081030451 0.009286518
v -0.065053879 0.080999198 0.009344077
v -0.064987046 0.080965814 0.009398799
v -0.064915568 0.080930200 0.009450507
v -0.064839210 0.080892256 0.009499018
v -0.064793580 0.080869629 0.009525073
v -0.064746253 0.080846199 0.009550000
v 0.065271514 0.080686863 0.009550000
v 0.064668541 0.080456048 0.000060742
v 0.064763375 0.080521285 0.000127528
v 0.064855848 0.080582695 0.000199871
v 0.064945809 0.080640396 0.000277307
v 0.065033127 0.080694511 0.000359402
v 0.065117685 0.080745159 0.000445741
v 0.065199385 0.080792464 0.000535938
v 0.065278143 0.080836547 0.000629627
v 0.065353891 0.080877529 0.000726465
v 0.065426576 0.080915532 0.000826132
v 0.065496158 0.080950678 0.000928329
v 0.065562611 0.080983087 0.001032776
v 0.065625921 0.081012879 0.001139215
v 0.065686088 0.081040175 0.001247408
v 0.065761441 0.081072890 0.001394011
v 0.065839625 0.081104987 0.001561611
v 0.065910957 0.081132476 0.001731469
v 0.065975611 0.081155741 0.001903075
v 0.066033800 0.081175157 0.002075994
v 0.066085778 0.081191090 0.002249865
v 0.066131830 0.081203896 0.002424392
v 0.066172269 0.081213919 0.002599342
v 0.066218044 0.081223526 0.002832969
v 0.066259395 0.081230052 0.003095995
v 0.066291229 0.081232998 0.003359063
v 0.066321121 0.081232914 0.003709937
v 0.066345224 0.081227909 0.004237557
v 0.066338462 0.081211982 0.006276017
v 0.066302184 0.081200281 0.007233210
v 0.066263991 0.081183384 0.007668831
v 0.066224190 0.081164361 0.007958521
v 0.066179273 0.081142214 0.008195102
v 0.066136950 0.081121042 0.008368508
v 0.066090003 0.081097391 0.008525157
v 0.066049253 0.081076794 0.008639709
v 0.066004005 0.081053893 0.008749614
v 0.065957141 0.081030169 0.008848566
v 0.065909135 0.081005880 0.008937511
v 0.065856350 0.080979203 0.009023625
v 0.065804471 0.080953023 0.009098492
v 0.065754011 0.080927603 0.009163564
v 0.065699775 0.080900330 0.009226292
v 0.065641556 0.080871114 0.009286518
v 0.065579140 0.080839862 0.009344077
v 0.065512307 0.080806478 0.009398799
v 0.065440828 0.080770864 0.009450507
v 0.065364470 0.080732920 0.009499018
v 0.065318841 0.080710293 0.009525073
v -0.063597027 0.080669185 0.000060742
v -0.063691861 0.080734423 0.000127528
v -0.063784334 0.080795832 0.000199871
v -0.063874296 0.080853533 0.000277307
v -0.063961613 0.080907648 0.000359402
v -0.064046172 0.080958297 0.000445741
v -0.064127871 0.081005602 0.000535938
v -0.064206629 0.081049684 0.000629627
v -0.064282378 0.081090666 0.000726465
v -0.064355062 0.081128670 0.000826132
v -0.064424644 0.081163815 0.000928329
v -0.064491097 0.081196224 0.001032776
v -0.064554408 0.081226017 0.001139215
v -0.064614575 0.081253312 0.001247408
v -0.064689927 0.081286027 0.001394011
v -0.064768111 0.081318124 0.001561611
v -0.064839444 0.081345613 0.001731469
v -0.064904097 0.081368878 0.001903075
v -0.064962287 0.081388294 0.002075994
v -0.065014265 0.081404227 0.002249865
v -0.065060316 0.081417033 0.002424392
v -0.065100756 0.081427056 0.002599342
v -0.065146531 0.081436663 0.002832969
v -0.065187882 0.081443189 0.003095995
v -0.065219716 0.081446135 0.003359063
v -0.065249608 0.081446051 0.003709937
v -0.065273711 0.081441046 0.004237557
v -0.065266948 0.081425120 0.006276017
v -0.065230670 0.081413418 0.007233210
v -0.065192477 0.081396522 0.007668831
v -0.065152676 0.081377498 0.007958521
v -0.065107760 0.081355351 0.008195102
v -0.065065437 0.081334179 0.008368508
v -0.065018489 0.081310528 0.008525157
v -0.064977739 0.081289931 0.008639709
v -0.064932491 0.081267030 0.008749614
v -0.064885628 0.081243306 0.008848566
v -0.064837621 0.081219017 0.008937511
v -0.064784836 0.081192340 0.009023625
v -0.064732957 0.081166161 0.009098492
v -0.064682498 0.081140740 0.009163564
v -0.064628262 0.081113468 0.009226292
v -0.064570042 0.081084252 0.009286518
v -0.064507626 0.081053000 0.009344077
v -0.064440793 0.081019616 0.009398799
v -0.064369315 0.080984002 0.009450507
v -0.064292957 0.080946057 0.009499018
v -0.064247327 0.080923431 0.009525073
v -0.064200000 0.080900000 0.009550000
v 0.064746253 0.080846199 0.009550000
v 0.064143280 0.080615384 0.000060742
v 0.064238114 0.080680621 0.000127528
v 0.064330587 0.080742031 0.000199871
v 0.064420549 0.080799732 0.000277307
v 0.064507866 0.080853847 0.000359402
v 0.064592425 0.080904495 0.000445741
v 0.064674124 0.080951800 0.000535938
v 0.064752882 0.080995883 0.000629627
v 0.064828630 0.081036865 0.000726465
v 0.064901315 0.081074868 0.000826132
v 0.064970897 0.081110014 0.000928329
v 0.065037350 0.081142423 0.001032776
v 0.065100661 0.081172215 0.001139215
v 0.065160828 0.081199511 0.001247408
v 0.065236180 0.081232226 0.001394011
v 0.065314364 0.081264323 0.001561611
v 0.065385697 0.081291812 0.001731469
v 0.065450350 0.081315077 0.001903075
v 0.065508540 0.081334493 0.002075994
v 0.065560518 0.081350426 0.002249865
v 0.065606569 0.081363232 0.002424392
v 0.065647009 0.081373255 0.002599342
v 0.065692784 0.081382862 0.002832969
v 0.065734135 0.081389388 0.003095995
v 0.065765969 0.081392334 0.003359063
v 0.065795861 0.081392250 0.003709937
v 0.065819963 0.081387245 0.004237557
v 0.065813201 0.081371318 0.006276017
v 0.065776923 0.081359617 0.007233210
v 0.065738730 0.081342721 0.007668831
v 0.065698929 0.081323697 0.007958521
v 0.065654013 0.081301550 0.008195102
v 0.065611689 0.081280378 0.008368508
v 0.065564742 0.081256727 0.008525157
v 0.065523992 0.081236130 0.008639709
v 0.065478744 0.081213229 0.008749614
v 0.065431881 0.081189505 0.008848566
v 0.065383874 0.081165216 0.008937511
v 0.065331089 0.081138539 0.009023625
v 0.065279210 0.081112360 0.009098492
v 0.065228751 0.081086939 0.009163564
v 0.065174515 0.081059666 0.009226292
v 0.065116295 0.081030451 0.009286518
v 0.065053879 0.080999198 0.009344077
v 0.064987046 0.080965814 0.009398799
v 0.064915568 0.080930200 0.009450507
v 0.064839210 0.080892256 0.009499018
v 0.064793580 0.080869629 0.009525073
v -0.050000000 0.080648719 0.000041743
v -0.050000000 0.080695496 0.000086506
v -0.050000000 0.080740372 0.000134117
v -0.050000000 0.080783388 0.000184414
v -0.050000000 0.080824586 0.000237238
v -0.050000000 0.080864005 0.000292439
v -0.050000000 0.080901687 0.000349870
v -0.050000000 0.080937674 0.000409392
v -0.050000000 0.080972006 0.000470870
v -0.050000000 0.081015281 0.000555663
v -0.050000000 0.081060661 0.000654579
v -0.050000000 0.081102675 0.000756854
v -0.050000000 0.081141464 0.000862128
v -0.050000000 0.081188406 0.001006581
v -0.050000000 0.081235066 0.001173848
v -0.050000000 0.081275660 0.001345265
v -0.050000000 0.081321140 0.001578885
v -0.050000000 0.081361711 0.001846785
v -0.050000000 0.081392483 0.002118278
v -0.050000000 0.081420714 0.002483466
v -0.050000000 0.081442007 0.003033901
v -0.050000000 0.081416916 0.007084369
v -0.050000000 0.081381754 0.007903068
v -0.050000000 0.081341939 0.008309361
v -0.050000000 0.081297355 0.008600365
v -0.050000000 0.081253506 0.008807649
v -0.050000000 0.081213765 0.008955345
v -0.050000000 0.081179650 0.009060999
v -0.050000000 0.081137723 0.009170845
v -0.050000000 0.081098807 0.009257348
v -0.050000000 0.081063425 0.009325603
v -0.050000000 0.081031773 0.009379618
v -0.050000000 0.080994798 0.009435503
v -0.050000000 0.080962015 0.009479385
v -0.050000000 0.080931749 0.009515729
v -0.050000000 0.080900000 0.009550000
v 0.064200000 0.080900000 0.009550000
v 0.063597027 0.080669185 0.000060742
v 0.063691861 0.080734423 0.000127528
v 0.063784334 0.080795832 0.000199871
v 0.063874296 0.080853533 0.000277307
v 0.063961613 0.080907648 0.000359402
v 0.064046172 0.080958297 0.000445741
v 0.064127871 0.081005602 0.000535938
v 0.064206629 0.081049684 0.000629627
v 0.064282378 0.081090666 0.000726465
v 0.064355062 0.081128670 0.000826132
v 0.064424644 0.081163815 0.000928329
v 0.064491097 0.081196224 0.001032776
v 0.064554408 0.081226017 0.001139215
v 0.064614575 0.081253312 0.001247408
v 0.064689927 0.081286027 0.001394011
v 0.064768111 0.081318124 0.001561611
v 0.064839444 0.081345613 0.001731469
v 0.064904097 0.081368878 0.001903075
v 0.064962287 0.081388294 0.002075994
v 0.065014265 0.081404227 0.002249865
v 0.065060316 0.081417033 0.002424392
v 0.065100756 0.081427056 0.002599342
v 0.065146531 0.081436663 0.002832969
v 0.065187882 0.081443189 0.003095995
v 0.065219716 0.081446135 0.003359063
v 0.065249608 0.081446051 0.003709937
v 0.065273711 0.081441046 0.004237557
v 0.065266948 0.081425120 0.006276017
v 0.065230670 0.081413418 0.007233210
v 0.065192477 0.081396522 0.007668831
v 0.065152676 0.081377498 0.007958521
v 0.065107760 0.081355351 0.008195102
v 0.065065437 0.081334179 0.008368508
v 0.065018489 0.081310528 0.008525157
v 0.064977739 0.081289931 0.008639709
v 0.064932491 0.081267030 0.008749614
v 0.064885628 0.081243306 0.008848566
v 0.064837621 0.081219017 0.008937511
v 0.064784836 0.081192340 0.009023625
v 0.064732957 0.081166161 0.009098492
v 0.064682498 0.081140740 0.009163564
v 0.064628262 0.081113468 0.009226292
v 0.064570042 0.081084252 0.009286518
v 0.064507626 0.081053000 0.009344077
v 0.064440793 0.081019616 0.009398799
v 0.064369315 0.080984002 0.009450507
v 0.064292957 0.080946057 0.009499018
v 0.064247327 0.080923431 0.009525073
v -0.049418692 0.080806647 0.000041641
v -0.049419786 0.080853637 0.000086287
v -0.049420879 0.080898712 0.000133770
v -0.049421970 0.080941912 0.000183927
v -0.049423055 0.080983279 0.000236601
v -0.049424134 0.081022855 0.000291642
v -0.049425203 0.081060682 0.000348904
v -0.049426262 0.081096802 0.000408250
v -0.049427309 0.081131256 0.000469545
v -0.049428683 0.081174676 0.000554084
v -0.049430194 0.081220198 0.000652705
v -0.049431666 0.081262334 0.000754676
v -0.049433093 0.081301224 0.000859640
v -0.049434921 0.081348275 0.001003670
v -0.049436868 0.081395022 0.001170456
v -0.049438691 0.081435673 0.001341390
v -0.049440384 0.081470687 0.001515660
v -0.049442433 0.081509391 0.001752009
v -0.049444447 0.081543232 0.002021780
v -0.049446657 0.081574785 0.002385336
v -0.049448519 0.081595456 0.002796789
v -0.049446119 0.081568225 0.007412167
v -0.049444346 0.081537358 0.007968805
v -0.049442434 0.081494565 0.008371391
v -0.049440726 0.081452434 0.008630590
v -0.049438970 0.081407188 0.008835837
v -0.049437416 0.081366237 0.008981807
v -0.049436098 0.081331118 0.009086049
v -0.049434659 0.081292539 0.009183703
v -0.049433190 0.081253000 0.009269306
v -0.049431857 0.081217063 0.009336779
v -0.049430667 0.081184925 0.009390121
v -0.049429419 0.081151259 0.009439892
v -0.049428194 0.081118209 0.009483428
v -0.049427122 0.081089323 0.009517643
v -0.049426000 0.081059100 0.009550000
v 0.050000000 0.080900000 0.009550000
v 0.050000000 0.080648719 0.000041743
v 0.050000000 0.080695496 0.000086506
v 0.050000000 0.080740372 0.000134117
v 0.050000000 0.080783388 0.000184414
v 0.050000000 0.080824586 0.000237238
v 0.050000000 0.080864005 0.000292439
v 0.050000000 0.080901687 0.000349870
v 0.050000000 0.080937674 0.000409392
v 0.050000000 0.080972006 0.000470870
v 0.050000000 0.081015281 0.000555663
v 0.050000000 0.081060661 0.000654579
v 0.050000000 0.081102675 0.000756854
v 0.050000000 0.081141464 0.000862128
v 0.050000000 0.081188406 0.001006581
v 0.050000000 0.081235066 0.001173848
v 0.050000000 0.081275660 0.001345265
v 0.050000000 0.081321140 0.001578885
v 0.050000000 0.081361711 0.001846785
v 0.050000000 0.081392483 0.002118278
v 0.050000000 0.081420714 0.002483466
v 0.050000000 0.081442007 0.003033901
v 0.050000000 0.081416916 0.007084369
v 0.050000000 0.081381754 0.007903068
v 0.050000000 0.081341939 0.008309361
v 0.050000000 0.081297355 0.008600365
v 0.050000000 0.081253506 0.008807649
v 0.050000000 0.081213765 0.008955345
v 0.050000000 0.081179650 0.009060999
v 0.050000000 0.081137723 0.009170845
v 0.050000000 0.081098807 0.009257348
v 0.050000000 0.081063425 0.009325603
v 0.050000000 0.081031773 0.009379618
v 0.050000000 0.080994798 0.009435503
v 0.050000000 0.080962015 0.009479385
v 0.050000000 0.080931749 0.009515729
v -0.048560831 0.081191170 0.000041373
v -0.048564869 0.081238740 0.000085715
v -0.048568904 0.081284355 0.000132861
v -0.048572930 0.081328057 0.000182650
v -0.048576937 0.081369889 0.000234929
v -0.048580920 0.081409895 0.000289550
v -0.048584870 0.081448118 0.000346371
v -0.048588781 0.081484602 0.000405255
v -0.048592647 0.081519389 0.000466071
v -0.048597722 0.081563209 0.000549947
v -0.048603307 0.081609121 0.000647794
v -0.048608746 0.081651590 0.000748968
v -0.048614024 0.081690762 0.000853115
v -0.048620789 0.081738111 0.000996038
v -0.048627997 0.081785102 0.001161562
v -0.048634753 0.081825910 0.001331227
v -0.048641032 0.081861006 0.001504232
v -0.048648640 0.081899720 0.001738909
v -0.048656135 0.081933463 0.002006832
v -0.048664381 0.081964753 0.002367987
v -0.048671361 0.081985012 0.002776820
v -0.048663217 0.081961057 0.007360685
v -0.048656909 0.081933454 0.007915204
v -0.048650153 0.081893916 0.008317611
v -0.048643384 0.081849301 0.008605789
v -0.048637051 0.081805283 0.008811073
v -0.048631449 0.081765327 0.008957373
v -0.048626700 0.081731000 0.009062056
v -0.048620909 0.081688791 0.009170931
v -0.048615561 0.081649599 0.009256711
v -0.048610711 0.081613959 0.009324430
v -0.048606379 0.081582073 0.009378051
v -0.048601320 0.081544821 0.009433564
v -0.048596834 0.081511791 0.009477189
v -0.048592528 0.081480101 0.009514691
v -0.048588000 0.081446800 0.009550000
v 0.049426000 0.081059100 0.009550000
v 0.049418692 0.080806647 0.000041641
v 0.049419786 0.080853637 0.000086287
v 0.049420879 0.080898712 0.000133770
v 0.049421970 0.080941912 0.000183927
v 0.049423055 0.080983279 0.000236601
v 0.049424134 0.081022855 0.000291642
v 0.049425203 0.081060682 0.000348904
v 0.049426262 0.081096802 0.000408250
v 0.049427309 0.081131256 0.000469545
v 0.049428683 0.081174676 0.000554084
v 0.049430194 0.081220198 0.000652705
v 0.049431666 0.081262334 0.000754676
v 0.049433093 0.081301224 0.000859640
v 0.049434921 0.081348275 0.001003670
v 0.049436868 0.081395022 0.001170456
v 0.049438691 0.081435673 0.001341390
v 0.049440384 0.081470687 0.001515660
v 0.049442433 0.081509391 0.001752009
v 0.049444447 0.081543232 0.002021780
v 0.049446657 0.081574785 0.002385336
v 0.049448519 0.081595456 0.002796789
v 0.049446119 0.081568225 0.007412167
v 0.049444346 0.081537358 0.007968805
v 0.049442434 0.081494565 0.008371391
v 0.049440726 0.081452434 0.008630590
v 0.049438970 0.081407188 0.008835837
v 0.049437416 0.081366237 0.008981807
v 0.049436098 0.081331118 0.009086049
v 0.049434659 0.081292539 0.009183703
v 0.049433190 0.081253000 0.009269306
v 0.049431857 0.081217063 0.009336779
v 0.049430667 0.081184925 0.009390121
v 0.049429419 0.081151259 0.009439892
v 0.049428194 0.081118209 0.009483428
v 0.049427122 0.081089323 0.009517643
v -0.047495499 0.081758393 0.000041001
v -0.047503813 0.081806826 0.000084922
v -0.047512122 0.081853244 0.000131600
v -0.047520411 0.081897693 0.000180880
v -0.047528664 0.081940219 0.000232613
v -0.047536866 0.081980866 0.000286653
v -0.047545002 0.082019681 0.000342861
v -0.047553060 0.082056709 0.000401105
v -0.047561028 0.082091995 0.000461257
v -0.047571489 0.082136413 0.000544214
v -0.047583007 0.082182914 0.000640989
v -0.047594229 0.082225886 0.000741057
v -0.047605124 0.082265482 0.000844074
v -0.047615666 0.082301853 0.000949717
v -0.047629133 0.082345587 0.001094143
v -0.047643429 0.082388688 0.001260762
v -0.047656772 0.082425803 0.001430976
v -0.047673017 0.082466812 0.001662288
v -0.047689129 0.082502644 0.001926844
v -0.047702937 0.082529041 0.002194421
v -0.047717840 0.082552087 0.002553813
v -0.047733159 0.082567128 0.003094959
v -0.047713299 0.082543866 0.007077581
v -0.047696049 0.082513888 0.007882636
v -0.047682517 0.082476817 0.008282908
v -0.047669003 0.082434310 0.008570295
v -0.047656385 0.082392037 0.008775589
v -0.047645236 0.082353494 0.008922306
v -0.047635791 0.082320289 0.009027566
v -0.047624279 0.082279374 0.009137360
v -0.047613653 0.082241317 0.009224158
v -0.047602903 0.082202641 0.009300342
v -0.047594226 0.082171340 0.009354632
v -0.047584097 0.082134747 0.009411010
v -0.047574089 0.082098562 0.009460257
v -0.047564538 0.082064021 0.009502011
v -0.047558375 0.082041739 0.009526509
v -0.047552000 0.082018700 0.009550000
v 0.048588000 0.081446800 0.009550000
v 0.048560831 0.081191170 0.000041373
v 0.048564869 0.081238740 0.000085715
v 0.048568904 0.081284355 0.000132861
v 0.048572930 0.081328057 0.000182650
v 0.048576937 0.081369889 0.000234929
v 0.048580920 0.081409895 0.000289550
v 0.048584870 0.081448118 0.000346371
v 0.048588781 0.081484602 0.000405255
v 0.048592647 0.081519389 0.000466071
v 0.048597722 0.081563209 0.000549947
v 0.048603307 0.081609121 0.000647794
v 0.048608746 0.081651590 0.000748968
v 0.048614024 0.081690762 0.000853115
v 0.048620789 0.081738111 0.000996038
v 0.048627997 0.081785102 0.001161562
v 0.048634753 0.081825910 0.001331227
v 0.048641032 0.081861006 0.001504232
v 0.048648640 0.081899720 0.001738909
v 0.048656135 0.081933463 0.002006832
v 0.048664381 0.081964753 0.002367987
v 0.048671361 0.081985012 0.002776820
v 0.048663217 0.081961057 0.007360685
v 0.048656909 0.081933454 0.007915204
v 0.048650153 0.081893916 0.008317611
v 0.048643384 0.081849301 0.008605789
v 0.048637051 0.081805283 0.008811073
v 0.048631449 0.081765327 0.008957373
v 0.048626700 0.081731000 0.009062056
v 0.048620909 0.081688791 0.009170931
v 0.048615561 0.081649599 0.009256711
v 0.048610711 0.081613959 0.009324430
v 0.048606379 0.081582073 0.009378051
v 0.048601320 0.081544821 0.009433564
v 0.048596834 0.081511791 0.009477189
v 0.048592528 0.081480101 0.009514691
v -0.046291791 0.082464423 0.000040582
v -0.046305205 0.082513912 0.000084028
v -0.046318613 0.082561315 0.000130180
v -0.046331989 0.082606681 0.000178888
v -0.046345309 0.082650058 0.000230005
v -0.046358548 0.082691494 0.000283392
v -0.046371684 0.082731039 0.000338912
v -0.046384697 0.082768739 0.000396437
v -0.046397565 0.082804643 0.000455841
v -0.046410271 0.082838798 0.000517005
v -0.046426930 0.082881702 0.000601097
v -0.046445240 0.082926494 0.000698876
v -0.046463048 0.082967762 0.000799683
v -0.046480309 0.083005662 0.000903197
v -0.046496985 0.083040353 0.001009116
v -0.046518252 0.083081880 0.001153606
v -0.046540782 0.083122558 0.001319932
v -0.046561765 0.083157328 0.001489524
v -0.046587252 0.083195357 0.001719587
v -0.046612458 0.083228064 0.001982292
v -0.046633989 0.083251612 0.002247676
v -0.046657126 0.083271322 0.002603800
v -0.046680718 0.083282421 0.003139691
v -0.046695176 0.083276162 0.003944368
v -0.046646661 0.083260591 0.007084796
v -0.046629135 0.083246585 0.007633764
v -0.046611113 0.083221468 0.008037978
v -0.046593364 0.083190497 0.008332181
v -0.046576867 0.083158508 0.008545256
v -0.046562304 0.083128680 0.008699542
v -0.046543864 0.083089530 0.008861674
v -0.046526206 0.083051091 0.008990641
v -0.046509706 0.083014614 0.009093230
v -0.046494595 0.082980884 0.009174947
v -0.046478417 0.082944534 0.009251704
v -0.046462197 0.082907919 0.009319270
v -0.046446046 0.082871343 0.009378600
v -0.046430523 0.082836120 0.009429164
v -0.046415710 0.082802472 0.009472242
v -0.046400280 0.082767403 0.009512359
v -0.046392249 0.082749148 0.009531496
v -0.046384000 0.082730400 0.009550000
v 0.047552000 0.082018700 0.009550000
v 0.047495499 0.081758393 0.000041001
v 0.047503813 0.081806826 0.000084922
v 0.047512122 0.081853244 0.000131600
v 0.047520411 0.081897693 0.000180880
v 0.047528664 0.081940219 0.000232613
v 0.047536866 0.081980866 0.000286653
v 0.047545002 0.082019681 0.000342861
v 0.047553060 0.082056709 0.000401105
v 0.047561028 0.082091995 0.000461257
v 0.047571489 0.082136413 0.000544214
v 0.047583007 0.082182914 0.000640989
v 0.047594229 0.082225886 0.000741057
v 0.047605124 0.082265482 0.000844074
v 0.047615666 0.082301853 0.000949717
v 0.047629133 0.082345587 0.001094143
v 0.047643429 0.082388688 0.001260762
v 0.047656772 0.082425803 0.001430976
v 0.047673017 0.082466812 0.001662288
v 0.047689129 0.082502644 0.001926844
v 0.047702937 0.082529041 0.002194421
v 0.047717840 0.082552087 0.002553813
v 0.047733159 0.082567128 0.003094959
v 0.047713299 0.082543866 0.007077581
v 0.047696049 0.082513888 0.007882636
v 0.047682517 0.082476817 0.008282908
v 0.047669003 0.082434310 0.008570295
v 0.047656385 0.082392037 0.008775589
v 0.047645236 0.082353494 0.008922306
v 0.047635791 0.082320289 0.009027566
v 0.047624279 0.082279374 0.009137360
v 0.047613653 0.082241317 0.009224158
v 0.047602903 0.082202641 0.009300342
v 0.047594226 0.082171340 0.009354632
v 0.047584097 0.082134747 0.009411010
v 0.047574089 0.082098562 0.009460257
v 0.047564538 0.082064021 0.009502011
v 0.047558375 0.082041739 0.009526509
v -0.045018830 0.083265357 0.000040159
v -0.045037691 0.083316000 0.000083125
v -0.045056546 0.083364482 0.000128747
v -0.045075357 0.083410854 0.000176877
v -0.045094090 0.083455167 0.000227374
v -0.045112714 0.083497471 0.000280102
v -0.045131196 0.083537820 0.000334929
v -0.045149507 0.083576262 0.000391729
v -0.045167620 0.083612848 0.000450380
v -0.045185510 0.083647630 0.000510766
v -0.045208972 0.083691284 0.000593787
v -0.045234774 0.083736813 0.000690323
v -0.045259881 0.083778710 0.000789854
v -0.045284233 0.083817140 0.000892068
v -0.045307776 0.083852268 0.000996669
v -0.045337828 0.083894247 0.001139383
v -0.045369703 0.083935270 0.001303702
v -0.045399433 0.083970233 0.001471289
v -0.045426946 0.083999653 0.001641487
v -0.045460109 0.084031125 0.001871510
v -0.045492574 0.084057254 0.002133250
v -0.045519974 0.084075067 0.002396945
v -0.045548922 0.084088428 0.002750074
v -0.045571858 0.084092943 0.003148038
v -0.045591660 0.084084646 0.003901708
v -0.045586175 0.084069603 0.004836470
v -0.045498682 0.084061544 0.007624853
v -0.045467535 0.084031354 0.008103957
v -0.045438827 0.083995063 0.008415633
v -0.045411713 0.083956787 0.008639812
v -0.045387508 0.083920664 0.008800938
v -0.045364390 0.083885054 0.008929699
v -0.045342828 0.083851171 0.009032617
v -0.045325157 0.083823054 0.009106902
v -0.045301816 0.083785563 0.009193493
v -0.045280683 0.083751364 0.009262327
v -0.045261825 0.083720701 0.009317204
v -0.045239832 0.083684809 0.009374455
v -0.045218118 0.083649277 0.009424741
v -0.045207316 0.083631575 0.009447693
v -0.045196197 0.083613341 0.009470000
v -0.045565377 0.083368590 0.009470000
v -0.045588922 0.083308379 0.009507102
v -0.045603476 0.083270147 0.009529038
v -0.045617897 0.083231471 0.009550000
v -0.046062144 0.083228291 0.009250835
v -0.046050070 0.083204348 0.009295746
v -0.046042312 0.083134066 0.009387831
v -0.046039536 0.083183410 0.009332003
v -0.046028736 0.083161901 0.009366605
v -0.046031714 0.083112791 0.009418208
v -0.046040061 0.083094963 0.009430702
v -0.046048392 0.083077074 0.009442923
v -0.046037986 0.083055998 0.009469338
v -0.045472917 0.083647817 0.009224388
v -0.045459353 0.083624877 0.009269143
v -0.045448733 0.083606866 0.009301778
v -0.045435297 0.083584024 0.009340309
v -0.046321428 0.083193055 0.008990847
v -0.045739426 0.083609162 0.008963680
v -0.045818501 0.083303549 0.009366209
v -0.045521319 0.083513974 0.009354220
v -0.045783078 0.083466833 0.009177036
v -0.045636387 0.083571561 0.009170151
v -0.045721302 0.083272193 0.009463777
v 0.046384000 0.082730400 0.009550000
v 0.046291791 0.082464423 0.000040582
v 0.046305205 0.082513912 0.000084028
v 0.046318613 0.082561315 0.000130180
v 0.046331989 0.082606681 0.000178888
v 0.046345309 0.082650058 0.000230005
v 0.046358548 0.082691494 0.000283392
v 0.046371684 0.082731039 0.000338912
v 0.046384697 0.082768739 0.000396437
v 0.046397565 0.082804643 0.000455841
v 0.046410271 0.082838798 0.000517005
v 0.046426930 0.082881702 0.000601097
v 0.046445240 0.082926494 0.000698876
v 0.046463048 0.082967762 0.000799683
v 0.046480309 0.083005662 0.000903197
v 0.046496985 0.083040353 0.001009116
v 0.046518252 0.083081880 0.001153606
v 0.046540782 0.083122558 0.001319932
v 0.046561765 0.083157328 0.001489524
v 0.046587252 0.083195357 0.001719587
v 0.046612458 0.083228064 0.001982292
v 0.046633989 0.083251612 0.002247676
v 0.046657126 0.083271322 0.002603800
v 0.046680718 0.083282421 0.003139691
v 0.046695176 0.083276162 0.003944368
v 0.046646661 0.083260591 0.007084796
v 0.046629135 0.083246585 0.007633764
v 0.046611113 0.083221468 0.008037978
v 0.046593364 0.083190497 0.008332181
v 0.046576867 0.083158508 0.008545256
v 0.046562304 0.083128680 0.008699542
v 0.046543864 0.083089530 0.008861674
v 0.046526206 0.083051091 0.008990641
v 0.046509706 0.083014614 0.009093230
v 0.046494595 0.082980884 0.009174947
v 0.046478417 0.082944534 0.009251704
v 0.046462197 0.082907919 0.009319270
v 0.046446046 0.082871343 0.009378600
v 0.046430523 0.082836120 0.009429164
v 0.046415710 0.082802472 0.009472242
v 0.046400280 0.082767403 0.009512359
v 0.046392249 0.082749148 0.009531496
v -0.043745622 0.084116965 0.000039510
v -0.043769684 0.084168468 0.000081742
v -0.043793739 0.084217760 0.000126552
v -0.043817742 0.084264897 0.000173800
v -0.043841650 0.084309930 0.000223349
v -0.043865423 0.084352913 0.000275070
v -0.043889021 0.084393898 0.000328837
v -0.043912410 0.084432938 0.000384529
v -0.043935553 0.084470085 0.000442029
v -0.043958420 0.084505390 0.000501226
v -0.043988427 0.084549688 0.000582610
v -0.044021449 0.084595873 0.000677244
v -0.044053611 0.084638355 0.000774824
v -0.044084834 0.084677305 0.000875047
v -0.044115052 0.084712891 0.000977629
v -0.044144205 0.084745278 0.001082307
v -0.044181331 0.084783767 0.001224718
v -0.044220603 0.084821091 0.001388212
v -0.044257130 0.084852599 0.001554540
v -0.044290842 0.084878808 0.001723117
v -0.044331348 0.084906376 0.001950526
v -0.044370844 0.084928623 0.002208860
v -0.044404026 0.084943082 0.002468804
v -0.044438860 0.084952758 0.002816612
v -0.044466169 0.084954136 0.003208396
v -0.044485614 0.084946889 0.003730981
v -0.044487129 0.084931505 0.004518363
v -0.044368409 0.084927391 0.007617371
v -0.044333369 0.084903090 0.008045459
v -0.044298296 0.084870268 0.008356388
v -0.044265273 0.084834946 0.008580840
v -0.044235841 0.084801256 0.008742741
v -0.044210722 0.084771404 0.008859823
v -0.044183144 0.084737804 0.008970882
v -0.044154959 0.084702817 0.009069151
v -0.044136322 0.084679411 0.009127084
v -0.044116544 0.084654387 0.009183289
v -0.044778269 0.083907875 0.009470000
v -0.044555641 0.084159713 0.009387485
v -0.044335396 0.084408990 0.009291748
v -0.044990522 0.084061701 0.009117004
v -0.045061969 0.083877401 0.009301778
v -0.044973965 0.084037020 0.009174179
v -0.044876297 0.084178699 0.009060482
v -0.044959390 0.084015176 0.009220411
v -0.045047190 0.083854390 0.009340309
v -0.044947975 0.083998005 0.009254199
v -0.045034365 0.083834380 0.009371445
v -0.044294553 0.084621037 0.009034100
v -0.044278782 0.084600870 0.009087305
v -0.045168643 0.084101576 0.008752326
v -0.044593041 0.084541228 0.008724755
v -0.044722456 0.084177431 0.009233037
v -0.044664072 0.084371923 0.008992212
v -0.044753114 0.084048213 0.009358132
v 0.045018830 0.083265357 0.000040159
v 0.045037691 0.083316000 0.000083125
v 0.045056546 0.083364482 0.000128747
v 0.045075357 0.083410854 0.000176877
v 0.045094090 0.083455167 0.000227374
v 0.045112714 0.083497471 0.000280102
v 0.045131196 0.083537820 0.000334929
v 0.045149507 0.083576262 0.000391729
v 0.045167620 0.083612848 0.000450380
v 0.045185510 0.083647630 0.000510766
v 0.045208972 0.083691284 0.000593787
v 0.045234774 0.083736813 0.000690323
v 0.045259881 0.083778710 0.000789854
v 0.045284233 0.083817140 0.000892068
v 0.045307776 0.083852268 0.000996669
v 0.045337828 0.083894247 0.001139383
v 0.045369703 0.083935270 0.001303702
v 0.045399433 0.083970233 0.001471289
v 0.045426946 0.083999653 0.001641487
v 0.045460109 0.084031125 0.001871510
v 0.045492574 0.084057254 0.002133250
v 0.045519974 0.084075067 0.002396945
v 0.045548922 0.084088428 0.002750074
v 0.045571858 0.084092943 0.003148038
v 0.045591660 0.084084646 0.003901708
v 0.045586175 0.084069603 0.004836470
v 0.045498682 0.084061544 0.007624853
v 0.045467535 0.084031354 0.008103957
v 0.045438827 0.083995063 0.008415633
v 0.045411713 0.083956787 0.008639812
v 0.045387508 0.083920664 0.008800938
v 0.045364390 0.083885054 0.008929699
v 0.045342828 0.083851171 0.009032617
v 0.045325157 0.083823054 0.009106902
v 0.045301816 0.083785563 0.009193493
v 0.045280683 0.083751364 0.009262327
v 0.045261825 0.083720701 0.009317204
v 0.045239832 0.083684809 0.009374455
v 0.045218118 0.083649277 0.009424741
v 0.045207316 0.083631575 0.009447693
v 0.045196197 0.083613341 0.009470000
v 0.045617897 0.083231471 0.009550000
v 0.045594759 0.083293141 0.009515993
v 0.045580129 0.083331100 0.009493476
v 0.045565377 0.083368590 0.009470000
v 0.045472917 0.083647817 0.009224388
v 0.045459353 0.083624877 0.009269143
v 0.045448733 0.083606866 0.009301778
v 0.045435297 0.083584024 0.009340309
v 0.046062144 0.083228291 0.009250835
v 0.046050070 0.083204348 0.009295746
v 0.046037224 0.083144527 0.009379952
v 0.046028736 0.083161901 0.009366605
v 0.046039536 0.083183410 0.009332003
v 0.046045702 0.083127079 0.009393030
v 0.046035055 0.083105668 0.009423238
v 0.046048392 0.083077074 0.009442923
v 0.046037986 0.083055998 0.009469338
v 0.045739426 0.083609162 0.008963680
v 0.045521319 0.083513974 0.009354220
v 0.045818501 0.083303549 0.009366209
v 0.046321428 0.083193055 0.008990847
v 0.045827538 0.083201503 0.009463954
v 0.045636387 0.083571561 0.009170151
v 0.045783078 0.083466833 0.009177036
v -0.042541331 0.084975452 0.000038762
v -0.042569910 0.085027517 0.000080150
v -0.042598483 0.085077351 0.000124028
v -0.042626997 0.085125007 0.000170262
v -0.042655405 0.085170539 0.000218723
v -0.042683659 0.085214001 0.000269289
v -0.042711715 0.085255445 0.000321840
v -0.042739531 0.085294926 0.000376260
v -0.042767067 0.085332495 0.000432439
v -0.042794287 0.085368206 0.000490271
v -0.042830027 0.085413018 0.000569775
v -0.042869391 0.085459745 0.000662225
v -0.042907767 0.085502735 0.000757561
v -0.042945064 0.085542158 0.000855494
v -0.042981202 0.085578184 0.000955752
v -0.043016113 0.085610979 0.001058082
v -0.043060646 0.085649964 0.001197341
v -0.043107861 0.085687781 0.001357281
v -0.043151896 0.085719716 0.001520066
v -0.043192662 0.085746287 0.001685128
v -0.043230105 0.085767998 0.001851975
v -0.043274836 0.085790229 0.002076495
v -0.043318125 0.085807330 0.002330973
v -0.043354161 0.085817498 0.002586619
v -0.043391499 0.085822675 0.002928285
v -0.043420098 0.085820489 0.003312933
v -0.043439269 0.085810576 0.003826069
v -0.043437508 0.085794542 0.004599932
v -0.043397228 0.085792310 0.005788730
v -0.043340124 0.085806562 0.006964378
v -0.043292933 0.085797958 0.007646134
v -0.043257303 0.085778521 0.008008013
v -0.043223242 0.085753537 0.008272551
v -0.043192321 0.085727423 0.008465317
v -0.043165496 0.085702983 0.008605856
v -0.043132040 0.085670873 0.008754784
v -0.043098900 0.085637796 0.008879907
v -0.043080798 0.085619330 0.008940623
v -0.043061600 0.085599500 0.009000000
v -0.043690123 0.085107620 0.009000000
v -0.043887267 0.084901535 0.009084450
v -0.044006528 0.085002929 0.008691081
v -0.043465430 0.085447548 0.008651816
v 0.043745622 0.084116965 0.000039510
v 0.043769684 0.084168468 0.000081742
v 0.043793739 0.084217760 0.000126552
v 0.043817742 0.084264897 0.000173800
v 0.043841650 0.084309930 0.000223349
v 0.043865423 0.084352913 0.000275070
v 0.043889021 0.084393898 0.000328837
v 0.043912410 0.084432938 0.000384529
v 0.043935553 0.084470085 0.000442029
v 0.043958420 0.084505390 0.000501226
v 0.043988427 0.084549688 0.000582610
v 0.044021449 0.084595873 0.000677244
v 0.044053611 0.084638355 0.000774824
v 0.044084834 0.084677305 0.000875047
v 0.044115052 0.084712891 0.000977629
v 0.044144205 0.084745278 0.001082307
v 0.044181331 0.084783767 0.001224718
v 0.044220603 0.084821091 0.001388212
v 0.044257130 0.084852599 0.001554540
v 0.044290842 0.084878808 0.001723117
v 0.044331348 0.084906376 0.001950526
v 0.044370844 0.084928623 0.002208860
v 0.044404026 0.084943082 0.002468804
v 0.044438860 0.084952758 0.002816612
v 0.044466169 0.084954136 0.003208396
v 0.044485614 0.084946889 0.003730981
v 0.044487129 0.084931505 0.004518363
v 0.044368409 0.084927391 0.007617371
v 0.044333369 0.084903090 0.008045459
v 0.044298296 0.084870268 0.008356388
v 0.044265273 0.084834946 0.008580840
v 0.044235841 0.084801256 0.008742741
v 0.044210722 0.084771404 0.008859823
v 0.044183144 0.084737804 0.008970882
v 0.044154959 0.084702817 0.009069151
v 0.044136322 0.084679411 0.009127084
v 0.044116544 0.084654387 0.009183289
v 0.044778269 0.083907875 0.009470000
v 0.044335396 0.084408990 0.009291748
v 0.044555641 0.084159713 0.009387485
v 0.044294553 0.084621037 0.009034100
v 0.044278782 0.084600870 0.009087305
v 0.044990522 0.084061701 0.009117004
v 0.044973965 0.084037020 0.009174179
v 0.044876297 0.084178699 0.009060482
v 0.045061969 0.083877401 0.009301778
v 0.044947975 0.083998005 0.009254199
v 0.044959390 0.084015176 0.009220411
v 0.045047190 0.083854390 0.009340309
v 0.045034365 0.083834380 0.009371445
v 0.044593041 0.084541228 0.008724755
v 0.045168643 0.084101576 0.008752326
v 0.044722456 0.084177431 0.009233037
v 0.044664072 0.084371923 0.008992212
v 0.044753114 0.084048213 0.009358132
v -0.041475592 0.085797670 0.000038498
v -0.041508039 0.085850598 0.000079589
v -0.041540479 0.085901242 0.000123138
v -0.041572855 0.085949656 0.000169016
v -0.041605112 0.085995898 0.000217095
v -0.041637196 0.086040021 0.000267254
v -0.041669060 0.086082081 0.000319377
v -0.041700655 0.086122133 0.000373350
v -0.041731937 0.086160232 0.000429065
v -0.041762865 0.086196431 0.000486417
v -0.041803481 0.086241835 0.000565259
v -0.041848229 0.086289148 0.000656941
v -0.041891868 0.086332647 0.000751487
v -0.041934297 0.086372506 0.000848614
v -0.041975425 0.086408899 0.000948053
v -0.042015173 0.086441997 0.001049555
v -0.042053474 0.086471969 0.001152889
v -0.042102187 0.086507357 0.001293146
v -0.042153647 0.086541359 0.001453796
v -0.042201456 0.086569728 0.001616911
v -0.042245538 0.086592983 0.001781979
v -0.042285856 0.086611632 0.001948559
v -0.042333766 0.086630171 0.002172375
v -0.042379798 0.086643650 0.002425700
v -0.042417768 0.086650747 0.002679926
v -0.042448085 0.086652845 0.002934549
v -0.042477501 0.086650054 0.003274207
v -0.042497232 0.086642335 0.003656421
v -0.042505401 0.086629803 0.004167090
v -0.042490229 0.086617119 0.004940521
v -0.042346183 0.086633980 0.007523902
v -0.042311230 0.086620815 0.007868103
v -0.042278534 0.086602595 0.008121365
v -0.042249275 0.086582994 0.008307205
v -0.042211586 0.086554615 0.008505094
v -0.042174809 0.086524576 0.008664723
v -0.042139848 0.086494530 0.008793360
v -0.042106861 0.086465213 0.008898522
v -0.042070400 0.086432000 0.009000000
v 0.042541331 0.084975452 0.000038762
v 0.042569910 0.085027517 0.000080150
v 0.042598483 0.085077351 0.000124028
v 0.042626997 0.085125007 0.000170262
v 0.042655405 0.085170539 0.000218723
v 0.042683659 0.085214001 0.000269289
v 0.042711715 0.085255445 0.000321840
v 0.042739531 0.085294926 0.000376260
v 0.042767067 0.085332495 0.000432439
v 0.042794287 0.085368206 0.000490271
v 0.042830027 0.085413018 0.000569775
v 0.042869391 0.085459745 0.000662225
v 0.042907767 0.085502735 0.000757561
v 0.042945064 0.085542158 0.000855494
v 0.042981202 0.085578184 0.000955752
v 0.043016113 0.085610979 0.001058082
v 0.043060646 0.085649964 0.001197341
v 0.043107861 0.085687781 0.001357281
v 0.043151896 0.085719716 0.001520066
v 0.043192662 0.085746287 0.001685128
v 0.043230105 0.085767998 0.001851975
v 0.043274836 0.085790229 0.002076495
v 0.043318125 0.085807330 0.002330973
v 0.043354161 0.085817498 0.002586619
v 0.043391499 0.085822675 0.002928285
v 0.043420098 0.085820489 0.003312933
v 0.043439269 0.085810576 0.003826069
v 0.043437508 0.085794542 0.004599932
v 0.043397228 0.085792310 0.005788730
v 0.043340124 0.085806562 0.006964378
v 0.043292933 0.085797958 0.007646134
v 0.043257303 0.085778521 0.008008013
v 0.043223242 0.085753537 0.008272551
v 0.043192321 0.085727423 0.008465317
v 0.043165496 0.085702983 0.008605856
v 0.043132040 0.085670873 0.008754784
v 0.043098900 0.085637796 0.008879907
v 0.043080798 0.085619330 0.008940623
v 0.043061600 0.085599500 0.009000000
v 0.043887267 0.084901535 0.009084450
v 0.043690123 0.085107620 0.009000000
v 0.043465430 0.085447548 0.008651816
v 0.044006528 0.085002929 0.008691081
v -0.040617384 0.086539187 0.000038321
v -0.040652427 0.086592696 0.000079214
v -0.040687463 0.086643885 0.000122544
v -0.040722431 0.086692811 0.000168183
v -0.040757272 0.086739531 0.000216007
v -0.040791929 0.086784101 0.000265895
v -0.040826350 0.086826578 0.000317733
v -0.040860484 0.086867017 0.000371407
v -0.040894282 0.086905475 0.000426812
v -0.040927702 0.086942006 0.000483843
v -0.040971597 0.086987811 0.000562244
v -0.041019966 0.087035525 0.000653412
v -0.041067147 0.087079371 0.000747431
v -0.041113031 0.087119529 0.000844019
v -0.041157521 0.087156175 0.000942911
v -0.041200531 0.087189483 0.001043860
v -0.041241989 0.087219626 0.001146636
v -0.041294739 0.087255184 0.001286148
v -0.041350497 0.087289306 0.001445960
v -0.041402333 0.087317728 0.001608241
v -0.041450165 0.087340978 0.001772484
v -0.041493951 0.087359569 0.001938247
v -0.041533692 0.087373998 0.002105156
v -0.041580449 0.087387582 0.002328954
v -0.041624753 0.087396369 0.002581782
v -0.041660643 0.087399663 0.002835169
v -0.041696301 0.087397790 0.003173296
v -0.041721467 0.087390331 0.003553769
v -0.041734452 0.087377197 0.004061800
v -0.041727915 0.087365019 0.004636907
v -0.041630827 0.087380065 0.006624609
v -0.041559491 0.087381788 0.007549299
v -0.041511497 0.087363899 0.007964252
v -0.041469454 0.087340300 0.008237285
v -0.041431117 0.087314729 0.008436373
v -0.041393746 0.087287319 0.008597452
v -0.041354025 0.087256314 0.008741859
v -0.041320588 0.087229130 0.008846695
v -0.041292773 0.087205945 0.008924408
v -0.041262800 0.087180500 0.009000000
v 0.041475592 0.085797670 0.000038498
v 0.041508039 0.085850598 0.000079589
v 0.041540479 0.085901242 0.000123138
v 0.041572855 0.085949656 0.000169016
v 0.041605112 0.085995898 0.000217095
v 0.041637196 0.086040021 0.000267254
v 0.041669060 0.086082081 0.000319377
v 0.041700655 0.086122133 0.000373350
v 0.041731937 0.086160232 0.000429065
v 0.041762865 0.086196431 0.000486417
v 0.041803481 0.086241835 0.000565259
v 0.041848229 0.086289148 0.000656941
v 0.041891868 0.086332647 0.000751487
v 0.041934297 0.086372506 0.000848614
v 0.041975425 0.086408899 0.000948053
v 0.042015173 0.086441997 0.001049555
v 0.042053474 0.086471969 0.001152889
v 0.042102187 0.086507357 0.001293146
v 0.042153647 0.086541359 0.001453796
v 0.042201456 0.086569728 0.001616911
v 0.042245538 0.086592983 0.001781979
v 0.042285856 0.086611632 0.001948559
v 0.042333766 0.086630171 0.002172375
v 0.042379798 0.086643650 0.002425700
v 0.042417768 0.086650747 0.002679926
v 0.042448085 0.086652845 0.002934549
v 0.042477501 0.086650054 0.003274207
v 0.042497232 0.086642335 0.003656421
v 0.042505401 0.086629803 0.004167090
v 0.042490229 0.086617119 0.004940521
v 0.042346183 0.086633980 0.007523902
v 0.042311230 0.086620815 0.007868103
v 0.042278534 0.086602595 0.008121365
v 0.042249275 0.086582994 0.008307205
v 0.042211586 0.086554615 0.008505094
v 0.042174809 0.086524576 0.008664723
v 0.042139848 0.086494530 0.008793360
v 0.042106861 0.086465213 0.008898522
v 0.042070400 0.086432000 0.009000000
v -0.040042349 0.087165867 0.000045352
v -0.040084766 0.087228428 0.000094230
v -0.040127142 0.087287779 0.000146418
v -0.040169375 0.087344013 0.000201710
v -0.040211371 0.087397223 0.000259908
v -0.040253039 0.087447504 0.000320821
v -0.040294294 0.087494945 0.000384269
v -0.040335058 0.087539640 0.000450077
v -0.040375255 0.087581679 0.000518079
v -0.040414817 0.087621152 0.000588117
v -0.040453682 0.087658148 0.000660040
v -0.040491788 0.087692755 0.000733703
v -0.040541326 0.087735333 0.000834393
v -0.040595188 0.087778597 0.000950699
v -0.040646936 0.087817229 0.001069827
v -0.040696449 0.087851510 0.001191408
v -0.040743624 0.087881717 0.001315104
v -0.040788381 0.087908121 0.001440607
v -0.040844192 0.087937867 0.001610279
v -0.040901590 0.087964573 0.001803689
v -0.040953227 0.087984932 0.001999103
v -0.040977358 0.087993135 0.002099400
v -0.041000000 0.088000000 0.002200000
v -0.041059878 0.088000000 0.002447752
v -0.041106177 0.088000000 0.002698844
v -0.041140111 0.088000000 0.002952095
v -0.041163110 0.088000000 0.003206581
v -0.041176742 0.088000000 0.003461643
v -0.041182118 0.088000000 0.003674346
v -0.041183048 0.088000000 0.003887097
v -0.041173700 0.087980917 0.004796730
v -0.041131376 0.087982588 0.005728085
v -0.041074397 0.088000000 0.006689116
v -0.041045803 0.088000000 0.007145293
v -0.041000000 0.088000000 0.007600000
v -0.040950245 0.087980873 0.008003708
v -0.040919003 0.087963885 0.008200992
v -0.040878516 0.087938150 0.008411602
v -0.040838728 0.087910029 0.008581912
v -0.040800659 0.087881300 0.008719433
v -0.040762062 0.087850865 0.008839205
v -0.040732246 0.087826677 0.008920761
v -0.040700000 0.087800000 0.009000000
v 0.040617384 0.086539187 0.000038321
v 0.040652427 0.086592696 0.000079214
v 0.040687463 0.086643885 0.000122544
v 0.040722431 0.086692811 0.000168183
v 0.040757272 0.086739531 0.000216007
v 0.040791929 0.086784101 0.000265895
v 0.040826350 0.086826578 0.000317733
v 0.040860484 0.086867017 0.000371407
v 0.040894282 0.086905475 0.000426812
v 0.040927702 0.086942006 0.000483843
v 0.040971597 0.086987811 0.000562244
v 0.041019966 0.087035525 0.000653412
v 0.041067147 0.087079371 0.000747431
v 0.041113031 0.087119529 0.000844019
v 0.041157521 0.087156175 0.000942911
v 0.041200531 0.087189483 0.001043860
v 0.041241989 0.087219626 0.001146636
v 0.041294739 0.087255184 0.001286148
v 0.041350497 0.087289306 0.001445960
v 0.041402333 0.087317728 0.001608241
v 0.041450165 0.087340978 0.001772484
v 0.041493951 0.087359569 0.001938247
v 0.041533692 0.087373998 0.002105156
v 0.041580449 0.087387582 0.002328954
v 0.041624753 0.087396369 0.002581782
v 0.041660643 0.087399663 0.002835169
v 0.041696301 0.087397790 0.003173296
v 0.041721467 0.087390331 0.003553769
v 0.041734452 0.087377197 0.004061800
v 0.041727915 0.087365019 0.004636907
v 0.041630827 0.087380065 0.006624609
v 0.041559491 0.087381788 0.007549299
v 0.041511497 0.087363899 0.007964252
v 0.041469454 0.087340300 0.008237285
v 0.041431117 0.087314729 0.008436373
v 0.041393746 0.087287319 0.008597452
v 0.041354025 0.087256314 0.008741859
v 0.041320588 0.087229130 0.008846695
v 0.041292773 0.087205945 0.008924408
v 0.041262800 0.087180500 0.009000000
v 0.040042349 0.087165867 0.000045352
v 0.040084766 0.087228428 0.000094230
v 0.040127142 0.087287779 0.000146418
v 0.040169375 0.087344013 0.000201710
v 0.040211371 0.087397223 0.000259908
v 0.040253039 0.087447504 0.000320821
v 0.040294294 0.087494945 0.000384269
v 0.040335058 0.087539640 0.000450077
v 0.040375255 0.087581679 0.000518079
v 0.040414817 0.087621152 0.000588117
v 0.040453682 0.087658148 0.000660040
v 0.040491788 0.087692755 0.000733703
v 0.040541326 0.087735333 0.000834393
v 0.040595188 0.087778597 0.000950699
v 0.040646936 0.087817229 0.001069827
v 0.040696449 0.087851510 0.001191408
v 0.040743624 0.087881717 0.001315104
v 0.040788381 0.087908121 0.001440607
v 0.040844192 0.087937867 0.001610279
v 0.040901590 0.087964573 0.001803689
v 0.040953227 0.087984932 0.001999103
v 0.040977358 0.087993135 0.002099400
v 0.041000000 0.088000000 0.002200000
v 0.040700000 0.087800000 0.009000000
v 0.041000000 0.088000000 0.007600000
v 0.040950245 0.087980873 0.008003708
v 0.040919003 0.087963885 0.008200992
v 0.040878516 0.087938150 0.008411602
v 0.040838728 0.087910029 0.008581912
v 0.040800659 0.087881300 0.008719433
v 0.040762062 0.087850865 0.008839205
v 0.040732246 0.087826677 0.008920761
v 0.041045803 0.088000000 0.007145294
v 0.041074397 0.088000000 0.006689116
v 0.041183048 0.088000000 0.003887097
v 0.041173700 0.087980917 0.004796730
v 0.041131376 0.087982588 0.005728085
v 0.041170230 0.088000000 0.003319915
v 0.041148922 0.088000000 0.003036876
v 0.041110822 0.088000000 0.002728788
v 0.041062984 0.088000000 0.002462525
v 0.041033094 0.088000000 0.002329161
v -0.061700000 0.001800000 0.007800000
v 0.061700000 0.001800000 0.007800000
v 0.062363307 0.001865330 0.007800000
v 0.063001124 0.002058810 0.007800000
v 0.063588939 0.002373003 0.007800000
v 0.064104163 0.002795837 0.007800000
v 0.064526997 0.003311061 0.007800000
v 0.064841190 0.003898876 0.007800000
v 0.065034670 0.004536693 0.007800000
v 0.065100000 0.005200000 0.007800000
v 0.065100000 0.076500000 0.007800000
v 0.065046199 0.077046253 0.007800000
v 0.064886863 0.077571514 0.007800000
v 0.064628115 0.078055597 0.007800000
v 0.064279899 0.078479899 0.007800000
v 0.063855597 0.078828115 0.007800000
v 0.063371514 0.079086863 0.007800000
v 0.062846253 0.079246199 0.007800000
v 0.062300000 0.079300000 0.007800000
v 0.050000000 0.079300000 0.007800000
v 0.049381200 0.079446500 0.007800000
v 0.048421600 0.079800000 0.007800000
v 0.047206400 0.080321500 0.007800000
v 0.045820800 0.080972000 0.007800000
v 0.044350000 0.081712500 0.007800000
v 0.042879200 0.082504000 0.007800000
v 0.041493600 0.083307500 0.007800000
v 0.040278400 0.084084000 0.007800000
v 0.039318800 0.084794500 0.007800000
v 0.038700000 0.085400000 0.007800000
v -0.038700000 0.085400000 0.007800000
v -0.039318800 0.084794500 0.007800000
v -0.040278400 0.084084000 0.007800000
v -0.041493600 0.083307500 0.007800000
v -0.042879200 0.082504000 0.007800000
v -0.044350000 0.081712500 0.007800000
v -0.045820800 0.080972000 0.007800000
v -0.047206400 0.080321500 0.007800000
v -0.048421600 0.079800000 0.007800000
v -0.049381200 0.079446500 0.007800000
v -0.050000000 0.079300000 0.007800000
v -0.062300000 0.079300000 0.007800000
v -0.062846253 0.079246199 0.007800000
v -0.063371514 0.079086863 0.007800000
v -0.063855597 0.078828115 0.007800000
v -0.064279899 0.078479899 0.007800000
v -0.064628115 0.078055597 0.007800000
v -0.064886863 0.077571514 0.007800000
v -0.065046199 0.077046253 0.007800000
v -0.065100000 0.076500000 0.007800000
v -0.065100000 0.005200000 0.007800000
v -0.065034670 0.004536693 0.007800000
v -0.064841190 0.003898876 0.007800000
v -0.064526997 0.003311061 0.007800000
v -0.064104163 0.002795837 0.007800000
v -0.063588939 0.002373003 0.007800000
v -0.063001124 0.002058810 0.007800000
v -0.062363307 0.001865330 0.007800000
v -0.068000000 0.079119054 0.006883042
v -0.068000000 0.079065585 0.006996515
v -0.068000000 0.079015688 0.007089055
v -0.068000000 0.078969993 0.007164947
v -0.068000000 0.078922554 0.007236480
v -0.068000000 0.078874249 0.007303038
v -0.068000000 0.078825326 0.007365039
v -0.068000000 0.078775343 0.007423623
v -0.068000000 0.078727567 0.007475764
v -0.068000000 0.078664278 0.007539863
v 0.068000000 0.078696720 0.007507664
v 0.068000000 0.078781664 0.007416455
v 0.068000000 0.078855929 0.007326844
v 0.068000000 0.078901223 0.007266586
v 0.068000000 0.078953805 0.007190117
v 0.068000000 0.079004399 0.007108520
v 0.068000000 0.079048085 0.007030266
v 0.068000000 0.079085693 0.006955794
v 0.068000000 0.079121395 0.006877669
v 0.068000000 0.079145272 0.006820598
v -0.047947957 0.025565244 0.008920000
v -0.047921535 0.025629033 0.008920000
v -0.047905417 0.025696169 0.008920000
v -0.047900000 0.025765000 0.008920000
v -0.047900000 0.025835000 0.008920000
v -0.047905417 0.025903831 0.008920000
v -0.047921535 0.025970967 0.008920000
v -0.047947957 0.026034756 0.008920000
v -0.047984033 0.026093626 0.008920000
v -0.048028873 0.026146127 0.008920000
v -0.048081374 0.026190967 0.008920000
v -0.048140244 0.026227043 0.008920000
v -0.048204033 0.026253465 0.008920000
v -0.048271169 0.026269583 0.008920000
v -0.048340000 0.026275000 0.008920000
v -0.048291803 0.026369672 0.009550000
v -0.048208970 0.026363153 0.009550000
v -0.048128176 0.026343756 0.009550000
v -0.048051412 0.026311959 0.009550000
v -0.047980566 0.026268545 0.009550000
v -0.047917384 0.026214583 0.009550000
v -0.047917384 0.041585417 0.009550000
v -0.047980566 0.041531455 0.009550000
v -0.048051412 0.041488041 0.009550000
v -0.048128176 0.041456244 0.009550000
v -0.048208970 0.041436847 0.009550000
v -0.048291803 0.041430328 0.009550000
v -0.048340000 0.041525000 0.008920000
v -0.048271169 0.041530417 0.008920000
v -0.048204033 0.041546535 0.008920000
v -0.048140244 0.041572957 0.008920000
v -0.048081374 0.041609033 0.008920000
v -0.048028873 0.041653873 0.008920000
v -0.047984033 0.041706374 0.008920000
v -0.047947957 0.041765244 0.008920000
v -0.047921535 0.041829033 0.008920000
v -0.047905417 0.041896169 0.008920000
v -0.047900000 0.041965000 0.008920000
v -0.047900000 0.042035000 0.008920000
v -0.047905417 0.042103831 0.008920000
v -0.047921535 0.042170967 0.008920000
v -0.047947957 0.042234756 0.008920000
v -0.047984033 0.042293626 0.008920000
v -0.048028873 0.042346127 0.008920000
v -0.048081374 0.042390967 0.008920000
v -0.048140244 0.042427043 0.008920000
v -0.048204033 0.042453465 0.008920000
v -0.048271169 0.042469583 0.008920000
v -0.048340000 0.042475000 0.008920000
v -0.048291803 0.042569672 0.009550000
v -0.048208970 0.042563153 0.009550000
v -0.048128176 0.042543756 0.009550000
v -0.048051412 0.042511959 0.009550000
v -0.047980566 0.042468545 0.009550000
v -0.047917384 0.042414583 0.009550000
v -0.047917384 0.057785417 0.009550000
v -0.047980566 0.057731455 0.009550000
v -0.048051412 0.057688041 0.009550000
v -0.048128176 0.057656244 0.009550000
v -0.048208970 0.057636847 0.009550000
v -0.048291803 0.057630328 0.009550000
v -0.048340000 0.057725000 0.008920000
v -0.048271169 0.057730417 0.008920000
v -0.048204033 0.057746535 0.008920000
v -0.048140244 0.057772957 0.008920000
v -0.048081374 0.057809033 0.008920000
v -0.048028873 0.057853873 0.008920000
v -0.047984033 0.057906374 0.008920000
v -0.047947957 0.057965244 0.008920000
v -0.047921535 0.058029033 0.008920000
v -0.047905417 0.058096169 0.008920000
v -0.047900000 0.058165000 0.008920000
v -0.047900000 0.058235000 0.008920000
v -0.047905417 0.058303831 0.008920000
v -0.047921535 0.058370967 0.008920000
v -0.047947957 0.058434756 0.008920000
v -0.047984033 0.058493626 0.008920000
v -0.048028873 0.058546127 0.008920000
v -0.048081374 0.058590967 0.008920000
v -0.048140244 0.058627043 0.008920000
v -0.048204033 0.058653465 0.008920000
v -0.048271169 0.058669583 0.008920000
v -0.048340000 0.058675000 0.008920000
v -0.048291803 0.058769672 0.009550000
v -0.048208970 0.058763153 0.009550000
v -0.048128176 0.058743756 0.009550000
v -0.048051412 0.058711959 0.009550000
v -0.047980566 0.058668545 0.009550000
v -0.047917384 0.058614583 0.009550000
v -0.047917384 0.073985417 0.009550000
v -0.047980566 0.073931455 0.009550000
v -0.048051412 0.073888041 0.009550000
v -0.048128176 0.073856244 0.009550000
v -0.048208970 0.073836847 0.009550000
v -0.048291803 0.073830328 0.009550000
v -0.048340000 0.073925000 0.008920000
v -0.048271169 0.073930417 0.008920000
v -0.048204033 0.073946535 0.008920000
v -0.048140244 0.073972957 0.008920000
v -0.048081374 0.074009033 0.008920000
v -0.048028873 0.074053873 0.008920000
v -0.047984033 0.074106374 0.008920000
v -0.047947957 0.074165244 0.008920000
v -0.047921535 0.074229033 0.008920000
v -0.047905417 0.074296169 0.008920000
v -0.047900000 0.074365000 0.008920000
v -0.047900000 0.074435000 0.008920000
v -0.047905417 0.074503831 0.008920000
v -0.047921535 0.074570967 0.008920000
v -0.047947957 0.074634756 0.008920000
v -0.047984033 0.074693626 0.008920000
v -0.048028873 0.074746127 0.008920000
v -0.048081374 0.074790967 0.008920000
v -0.048140244 0.074827043 0.008920000
v -0.048204033 0.074853465 0.008920000
v -0.048271169 0.074869583 0.008920000
v -0.048340000 0.074875000 0.008920000
v -0.048291803 0.074969672 0.009550000
v -0.048208970 0.074963153 0.009550000
v -0.048128176 0.074943756 0.009550000
v -0.048051412 0.074911959 0.009550000
v -0.047980566 0.074868545 0.009550000
v -0.047917384 0.074814583 0.009550000
v -0.047738270 0.080520831 0.009550000
v -0.047275270 0.081186596 0.009550000
v -0.046584270 0.081998065 0.009550000
v -0.045731270 0.082907671 0.009550000
v -0.045684201 0.082955294 0.009550000
v 0.048291803 0.074969672 0.009550000
v 0.045684201 0.082955294 0.009550000
v 0.045731270 0.082907671 0.009550000
v 0.046584270 0.081998065 0.009550000
v 0.047275270 0.081186596 0.009550000
v 0.047738270 0.080520831 0.009550000
v 0.047917384 0.074814583 0.009550000
v 0.047980566 0.074868545 0.009550000
v 0.048051412 0.074911959 0.009550000
v 0.048128176 0.074943756 0.009550000
v 0.048208970 0.074963153 0.009550000
v 0.048340000 0.074875000 0.008920000
v 0.048271169 0.073930417 0.008920000
v 0.048340000 0.073925000 0.008920000
v 0.048271169 0.074869583 0.008920000
v 0.048204033 0.074853465 0.008920000
v 0.048140244 0.074827043 0.008920000
v 0.048081374 0.074790967 0.008920000
v 0.048028873 0.074746127 0.008920000
v 0.047984033 0.074693626 0.008920000
v 0.047947957 0.074634756 0.008920000
v 0.047921535 0.074570967 0.008920000
v 0.047905417 0.074503831 0.008920000
v 0.047900000 0.074435000 0.008920000
v 0.047900000 0.074365000 0.008920000
v 0.047905417 0.074296169 0.008920000
v 0.047921535 0.074229033 0.008920000
v 0.047947957 0.074165244 0.008920000
v 0.047984033 0.074106374 0.008920000
v 0.048028873 0.074053873 0.008920000
v 0.048081374 0.074009033 0.008920000
v 0.048140244 0.073972957 0.008920000
v 0.048204033 0.073946535 0.008920000
v 0.048291803 0.073830328 0.009550000
v 0.048208970 0.058763153 0.009550000
v 0.048291803 0.058769672 0.009550000
v 0.048208970 0.073836847 0.009550000
v 0.048128176 0.073856244 0.009550000
v 0.048051412 0.073888041 0.009550000
v 0.047980566 0.073931455 0.009550000
v 0.047917384 0.073985417 0.009550000
v 0.047917384 0.058614583 0.009550000
v 0.047980566 0.058668545 0.009550000
v 0.048051412 0.058711959 0.009550000
v 0.048128176 0.058743756 0.009550000
v 0.048340000 0.058675000 0.008920000
v 0.048271169 0.057730417 0.008920000
v 0.048340000 0.057725000 0.008920000
v 0.048271169 0.058669583 0.008920000
v 0.048204033 0.058653465 0.008920000
v 0.048140244 0.058627043 0.008920000
v 0.048081374 0.058590967 0.008920000
v 0.048028873 0.058546127 0.008920000
v 0.047984033 0.058493626 0.008920000
v 0.047947957 0.058434756 0.008920000
v 0.047921535 0.058370967 0.008920000
v 0.047905417 0.058303831 0.008920000
v 0.047900000 0.058235000 0.008920000
v 0.047900000 0.058165000 0.008920000
v 0.047905417 0.058096169 0.008920000
v 0.047921535 0.058029033 0.008920000
v 0.047947957 0.057965244 0.008920000
v 0.047984033 0.057906374 0.008920000
v 0.048028873 0.057853873 0.008920000
v 0.048081374 0.057809033 0.008920000
v 0.048140244 0.057772957 0.008920000
v 0.048204033 0.057746535 0.008920000
v 0.048291803 0.057630328 0.009550000
v 0.048208970 0.042563153 0.009550000
v 0.048291803 0.042569672 0.009550000
v 0.048208970 0.057636847 0.009550000
v 0.048128176 0.057656244 0.009550000
v 0.048051412 0.057688041 0.009550000
v 0.047980566 0.057731455 0.009550000
v 0.047917384 0.057785417 0.009550000
v 0.047917384 0.042414583 0.009550000
v 0.047980566 0.042468545 0.009550000
v 0.048051412 0.042511959 0.009550000
v 0.048128176 0.042543756 0.009550000
v 0.048340000 0.042475000 0.008920000
v 0.048271169 0.041530417 0.008920000
v 0.048340000 0.041525000 0.008920000
v 0.048271169 0.042469583 0.008920000
v 0.048204033 0.042453465 0.008920000
v 0.048140244 0.042427043 0.008920000
v 0.048081374 0.042390967 0.008920000
v 0.048028873 0.042346127 0.008920000
v 0.047984033 0.042293626 0.008920000
v 0.047947957 0.042234756 0.008920000
v 0.047921535 0.042170967 0.008920000
v 0.047905417 0.042103831 0.008920000
v 0.047900000 0.042035000 0.008920000
v 0.047900000 0.041965000 0.008920000
v 0.047905417 0.041896169 0.008920000
v 0.047921535 0.041829033 0.008920000
v 0.047947957 0.041765244 0.008920000
v 0.047984033 0.041706374 0.008920000
v 0.048028873 0.041653873 0.008920000
v 0.048081374 0.041609033 0.008920000
v 0.048140244 0.041572957 0.008920000
v 0.048204033 0.041546535 0.008920000
v 0.048291803 0.041430328 0.009550000
v 0.048208970 0.026363153 0.009550000
v 0.048291803 0.026369672 0.009550000
v 0.048208970 0.041436847 0.009550000
v 0.048128176 0.041456244 0.009550000
v 0.048051412 0.041488041 0.009550000
v 0.047980566 0.041531455 0.009550000
v 0.047917384 0.041585417 0.009550000
v 0.047917384 0.026214583 0.009550000
v 0.047980566 0.026268545 0.009550000
v 0.048051412 0.026311959 0.009550000
v 0.048128176 0.026343756 0.009550000
v 0.048340000 0.026275000 0.008920000
v 0.048271169 0.026269583 0.008920000
v 0.048204033 0.026253465 0.008920000
v 0.048140244 0.026227043 0.008920000
v 0.048081374 0.026190967 0.008920000
v 0.048028873 0.026146127 0.008920000
v 0.047984033 0.026093626 0.008920000
v 0.047947957 0.026034756 0.008920000
v 0.047921535 0.025970967 0.008920000
v 0.047905417 0.025903831 0.008920000
v 0.047900000 0.025835000 0.008920000
v 0.047900000 0.025765000 0.008920000
v 0.047905417 0.025696169 0.008920000
v 0.047921535 0.025629033 0.008920000
v 0.047947957 0.025565244 0.008920000
v 0.047381000 0.080170700 0.010400000
v 0.046918000 0.080831600 0.010400000
v 0.046227000 0.081635900 0.010400000
v 0.045978221 0.081898649 0.010400000
v 0.045978221 0.050828528 0.010400000
v 0.045928276 0.050193912 0.010400000
v 0.045779669 0.049574923 0.010400000
v 0.045536062 0.048986802 0.010400000
v 0.045203451 0.048444031 0.010400000
v 0.044790027 0.047959973 0.010400000
v 0.044305969 0.047546549 0.010400000
v 0.043763198 0.047213938 0.010400000
v 0.043175077 0.046970331 0.010400000
v 0.042556088 0.046821724 0.010400000
v 0.041921472 0.046771779 0.010400000
v -0.041921472 0.046771779 0.010400000
v -0.042556088 0.046821724 0.010400000
v -0.043175077 0.046970331 0.010400000
v -0.043763198 0.047213938 0.010400000
v -0.044305969 0.047546549 0.010400000
v -0.044790027 0.047959973 0.010400000
v -0.045203451 0.048444031 0.010400000
v -0.045536062 0.048986802 0.010400000
v -0.045779669 0.049574923 0.010400000
v -0.045928276 0.050193912 0.010400000
v -0.045978221 0.050828528 0.010400000
v -0.045978221 0.081898649 0.010400000
v -0.046227000 0.081635900 0.010400000
v -0.046918000 0.080831600 0.010400000
v -0.047381000 0.080170700 0.010400000
v 0.044193908 0.031305785 0.010400000
v 0.043623468 0.031168835 0.010400000
v 0.043038627 0.031122807 0.010400000
v 0.000413942 0.031122807 0.010400000
v 0.000413942 0.021038942 0.010400000
v 0.000409479 0.020982235 0.010400000
v 0.000396200 0.020926924 0.010400000
v 0.000374432 0.020874371 0.010400000
v 0.000344711 0.020825870 0.010400000
v 0.000307769 0.020782616 0.010400000
v 0.000264514 0.020745674 0.010400000
v 0.000216014 0.020715952 0.010400000
v 0.000163461 0.020694184 0.010400000
v 0.000108150 0.020680905 0.010400000
v 0.000051442 0.020676442 0.010400000
v -0.000051442 0.020676442 0.010400000
v -0.000108150 0.020680905 0.010400000
v -0.000163461 0.020694184 0.010400000
v -0.000216014 0.020715952 0.010400000
v -0.000264514 0.020745674 0.010400000
v -0.000307769 0.020782616 0.010400000
v -0.000344711 0.020825870 0.010400000
v -0.000374432 0.020874371 0.010400000
v -0.000396200 0.020926924 0.010400000
v -0.000409479 0.020982235 0.010400000
v -0.000413942 0.021038942 0.010400000
v -0.000413942 0.031122807 0.010400000
v -0.043038627 0.031122807 0.010400000
v -0.043623468 0.031168835 0.010400000
v -0.044193908 0.031305785 0.010400000
v -0.044735901 0.031530286 0.010400000
v -0.045236101 0.031836810 0.010400000
v -0.045682192 0.032217808 0.010400000
v -0.046063190 0.032663899 0.010400000
v -0.046369714 0.033164099 0.010400000
v -0.046594215 0.033706092 0.010400000
v -0.046731165 0.034276532 0.010400000
v -0.046777193 0.034861373 0.010400000
v -0.046777193 0.035138627 0.010400000
v -0.046731165 0.035723468 0.010400000
v -0.046594215 0.036293908 0.010400000
v -0.046369714 0.036835901 0.010400000
v -0.046063190 0.037336101 0.010400000
v -0.045682192 0.037782192 0.010400000
v -0.045236101 0.038163190 0.010400000
v -0.044735901 0.038469714 0.010400000
v -0.044193908 0.038694215 0.010400000
v -0.043623468 0.038831165 0.010400000
v -0.043038627 0.038877193 0.010400000
v 0.043038627 0.038877193 0.010400000
v 0.043623468 0.038831165 0.010400000
v 0.044193908 0.038694215 0.010400000
v 0.044735901 0.038469714 0.010400000
v 0.045236101 0.038163190 0.010400000
v 0.045682192 0.037782192 0.010400000
v 0.046063190 0.037336101 0.010400000
v 0.046369714 0.036835901 0.010400000
v 0.046594215 0.036293908 0.010400000
v 0.046731165 0.035723468 0.010400000
v 0.046777193 0.035138627 0.010400000
v 0.046777193 0.034861373 0.010400000
v 0.046731165 0.034276532 0.010400000
v 0.046594215 0.033706092 0.010400000
v 0.046369714 0.033164099 0.010400000
v 0.046063190 0.032663899 0.010400000
v 0.045682192 0.032217808 0.010400000
v 0.045236101 0.031836810 0.010400000
v 0.044735901 0.031530286 0.010400000
v -0.047708040 0.080495812 0.009661636
v -0.047674165 0.080465947 0.009770960
v -0.047636645 0.080431235 0.009877970
v -0.047595479 0.080391676 0.009982668
v -0.047550668 0.080347270 0.010085053
v -0.047502212 0.080298017 0.010185126
v -0.047450111 0.080243918 0.010282885
v -0.047416245 0.080208226 0.010341880
v 0.047708040 0.080495812 0.009661636
v 0.047674165 0.080465947 0.009770960
v 0.047636645 0.080431235 0.009877970
v 0.047595479 0.080391676 0.009982668
v 0.047550668 0.080347270 0.010085053
v 0.047502212 0.080298017 0.010185126
v 0.047450111 0.080243918 0.010282885
v 0.047416245 0.080208226 0.010341880
v 0.057450000 0.006800000 0.007800000
v 0.057447405 0.006886716 0.007800000
v 0.057439628 0.006973122 0.007800000
v 0.057426698 0.007058907 0.007800000
v 0.057408661 0.007143767 0.007800000
v 0.057385581 0.007227395 0.007800000
v 0.057357541 0.007309493 0.007800000
v 0.057324641 0.007389768 0.007800000
v 0.057286999 0.007467932 0.007800000
v 0.057244751 0.007543704 0.007800000
v 0.057198046 0.007616814 0.007800000
v 0.057147053 0.007687000 0.007800000
v 0.057091954 0.007754011 0.007800000
v 0.057032945 0.007817607 0.007800000
v 0.056970239 0.007877560 0.007800000
v 0.056904060 0.007933656 0.007800000
v 0.056834645 0.007985693 0.007800000
v 0.056762241 0.008033486 0.007800000
v 0.056687110 0.008076864 0.007800000
v 0.056609518 0.008115670 0.007800000
v 0.056529744 0.008149767 0.007800000
v 0.056448075 0.008179032 0.007800000
v 0.056364801 0.008203360 0.007800000
v 0.056280221 0.008222665 0.007800000
v 0.056194638 0.008236877 0.007800000
v 0.056108359 0.008245946 0.007800000
v 0.056021691 0.008249838 0.007800000
v 0.055934946 0.008248540 0.007800000
v 0.055848434 0.008242057 0.007800000
v 0.055762464 0.008230411 0.007800000
v 0.055677345 0.008213645 0.007800000
v 0.055593380 0.008191819 0.007800000
v 0.055510872 0.008165010 0.007800000
v 0.055430114 0.008133315 0.007800000
v 0.055351396 0.008096847 0.007800000
v 0.055275000 0.008055737 0.007800000
v 0.055201199 0.008010131 0.007800000
v 0.055130258 0.007960194 0.007800000
v 0.055062431 0.007906103 0.007800000
v 0.054997959 0.007848053 0.007800000
v 0.054937075 0.007786250 0.007800000
v 0.054879995 0.007720918 0.007800000
v 0.054826925 0.007652289 0.007800000
v 0.054778055 0.007580608 0.007800000
v 0.054733558 0.007506134 0.007800000
v 0.054693595 0.007429131 0.007800000
v 0.054658309 0.007349877 0.007800000
v 0.054627825 0.007268654 0.007800000
v 0.054602254 0.007185753 0.007800000
v 0.054581686 0.007101472 0.007800000
v 0.054566195 0.007016111 0.007800000
v 0.054555837 0.006929977 0.007800000
v 0.054550649 0.006843377 0.007800000
v 0.054550649 0.006756623 0.007800000
v 0.054555837 0.006670023 0.007800000
v 0.054566195 0.006583889 0.007800000
v 0.054581686 0.006498528 0.007800000
v 0.054602254 0.006414247 0.007800000
v 0.054627825 0.006331346 0.007800000
v 0.054658309 0.006250123 0.007800000
v 0.054693595 0.006170869 0.007800000
v 0.054733558 0.006093866 0.007800000
v 0.054778055 0.006019392 0.007800000
v 0.054826925 0.005947711 0.007800000
v 0.054879995 0.005879082 0.007800000
v 0.054937075 0.005813750 0.007800000
v 0.054997959 0.005751947 0.007800000
v 0.055062431 0.005693897 0.007800000
v 0.055130258 0.005639806 0.007800000
v 0.055201199 0.005589869 0.007800000
v 0.055275000 0.005544263 0.007800000
v 0.055351396 0.005503153 0.007800000
v 0.055430114 0.005466685 0.007800000
v 0.055510872 0.005434990 0.007800000
v 0.055593380 0.005408181 0.007800000
v 0.055677345 0.005386355 0.007800000
v 0.055762464 0.005369589 0.007800000
v 0.055848434 0.005357943 0.007800000
v 0.055934946 0.005351460 0.007800000
v 0.056021691 0.005350162 0.007800000
v 0.056108359 0.005354054 0.007800000
v 0.056194638 0.005363123 0.007800000
v 0.056280221 0.005377335 0.007800000
v 0.056364801 0.005396640 0.007800000
v 0.056448075 0.005420968 0.007800000
v 0.056529744 0.005450233 0.007800000
v 0.056609518 0.005484330 0.007800000
v 0.056687110 0.005523136 0.007800000
v 0.056762241 0.005566514 0.007800000
v 0.056834645 0.005614307 0.007800000
v 0.056904060 0.005666344 0.007800000
v 0.056970239 0.005722440 0.007800000
v 0.057032945 0.005782393 0.007800000
v 0.057091954 0.005845989 0.007800000
v 0.057147053 0.005913000 0.007800000
v 0.057198046 0.005983186 0.007800000
v 0.057244751 0.006056296 0.007800000
v 0.057286999 0.006132068 0.007800000
v 0.057324641 0.006210232 0.007800000
v 0.057357541 0.006290507 0.007800000
v 0.057385581 0.006372605 0.007800000
v 0.057408661 0.006456233 0.007800000
v 0.057426698 0.006541093 0.007800000
v 0.057439628 0.006626878 0.007800000
v 0.057447405 0.006713284 0.007800000
v -0.054550000 0.006800000 0.007800000
v -0.054552595 0.006886716 0.007800000
v -0.054560372 0.006973122 0.007800000
v -0.054573302 0.007058907 0.007800000
v -0.054591339 0.007143767 0.007800000
v -0.054614419 0.007227395 0.007800000
v -0.054642459 0.007309493 0.007800000
v -0.054675359 0.007389768 0.007800000
v -0.054713001 0.007467932 0.007800000
v -0.054755249 0.007543704 0.007800000
v -0.054801954 0.007616814 0.007800000
v -0.054852947 0.007687000 0.007800000
v -0.054908046 0.007754011 0.007800000
v -0.054967055 0.007817607 0.007800000
v -0.055029761 0.007877560 0.007800000
v -0.055095940 0.007933656 0.007800000
v -0.055165355 0.007985693 0.007800000
v -0.055237759 0.008033486 0.007800000
v -0.055312890 0.008076864 0.007800000
v -0.055390482 0.008115670 0.007800000
v -0.055470256 0.008149767 0.007800000
v -0.055551925 0.008179032 0.007800000
v -0.055635199 0.008203360 0.007800000
v -0.055719779 0.008222665 0.007800000
v -0.055805362 0.008236877 0.007800000
v -0.055891641 0.008245946 0.007800000
v -0.055978309 0.008249838 0.007800000
v -0.056065054 0.008248540 0.007800000
v -0.056151566 0.008242057 0.007800000
v -0.056237536 0.008230411 0.007800000
v -0.056322655 0.008213645 0.007800000
v -0.056406620 0.008191819 0.007800000
v -0.056489128 0.008165010 0.007800000
v -0.056569886 0.008133315 0.007800000
v -0.056648604 0.008096847 0.007800000
v -0.056725000 0.008055737 0.007800000
v -0.056798801 0.008010131 0.007800000
v -0.056869742 0.007960194 0.007800000
v -0.056937569 0.007906103 0.007800000
v -0.057002041 0.007848053 0.007800000
v -0.057062925 0.007786250 0.007800000
v -0.057120005 0.007720918 0.007800000
v -0.057173075 0.007652289 0.007800000
v -0.057221945 0.007580608 0.007800000
v -0.057266442 0.007506134 0.007800000
v -0.057306405 0.007429131 0.007800000
v -0.057341691 0.007349877 0.007800000
v -0.057372175 0.007268654 0.007800000
v -0.057397746 0.007185753 0.007800000
v -0.057418314 0.007101472 0.007800000
v -0.057433805 0.007016111 0.007800000
v -0.057444163 0.006929977 0.007800000
v -0.057449351 0.006843377 0.007800000
v -0.057449351 0.006756623 0.007800000
v -0.057444163 0.006670023 0.007800000
v -0.057433805 0.006583889 0.007800000
v -0.057418314 0.006498528 0.007800000
v -0.057397746 0.006414247 0.007800000
v -0.057372175 0.006331346 0.007800000
v -0.057341691 0.006250123 0.007800000
v -0.057306405 0.006170869 0.007800000
v -0.057266442 0.006093866 0.007800000
v -0.057221945 0.006019392 0.007800000
v -0.057173075 0.005947711 0.007800000
v -0.057120005 0.005879082 0.007800000
v -0.057062925 0.005813750 0.007800000
v -0.057002041 0.005751947 0.007800000
v -0.056937569 0.005693897 0.007800000
v -0.056869742 0.005639806 0.007800000
v -0.056798801 0.005589869 0.007800000
v -0.056725000 0.005544263 0.007800000
v -0.056648604 0.005503153 0.007800000
v -0.056569886 0.005466685 0.007800000
v -0.056489128 0.005434990 0.007800000
v -0.056406620 0.005408181 0.007800000
v -0.056322655 0.005386355 0.007800000
v -0.056237536 0.005369589 0.007800000
v -0.056151566 0.005357943 0.007800000
v -0.056065054 0.005351460 0.007800000
v -0.055978309 0.005350162 0.007800000
v -0.055891641 0.005354054 0.007800000
v -0.055805362 0.005363123 0.007800000
v -0.055719779 0.005377335 0.007800000
v -0.055635199 0.005396640 0.007800000
v -0.055551925 0.005420968 0.007800000
v -0.055470256 0.005450233 0.007800000
v -0.055390482 0.005484330 0.007800000
v -0.055312890 0.005523136 0.007800000
v -0.055237759 0.005566514 0.007800000
v -0.055165355 0.005614307 0.007800000
v -0.055095940 0.005666344 0.007800000
v -0.055029761 0.005722440 0.007800000
v -0.054967055 0.005782393 0.007800000
v -0.054908046 0.005845989 0.007800000
v -0.054852947 0.005913000 0.007800000
v -0.054801954 0.005983186 0.007800000
v -0.054755249 0.006056296 0.007800000
v -0.054713001 0.006132068 0.007800000
v -0.054675359 0.006210232 0.007800000
v -0.054642459 0.006290507 0.007800000
v -0.054614419 0.006372605 0.007800000
v -0.054591339 0.006456233 0.007800000
v -0.054573302 0.006541093 0.007800000
v -0.054560372 0.006626878 0.007800000
v -0.054552595 0.006713284 0.007800000
v -0.045714690 0.082892759 0.009613167
v -0.045703216 0.082794451 0.009470000
v -0.045758428 0.082797306 0.009698150
v -0.042544451 0.047046784 0.009470000
v -0.041950000 0.047000000 0.009470000
v 0.041950000 0.047000000 0.009470000
v 0.042544451 0.047046784 0.009470000
v 0.043124265 0.047185985 0.009470000
v 0.043675164 0.047414175 0.009470000
v 0.044183584 0.047725735 0.009470000
v 0.044637006 0.048112994 0.009470000
v 0.045024265 0.048566416 0.009470000
v 0.045335825 0.049074836 0.009470000
v 0.045564015 0.049625735 0.009470000
v 0.045703216 0.050205549 0.009470000
v 0.045750000 0.050800000 0.009470000
v 0.045750000 0.082200000 0.009470000
v 0.045703216 0.082794451 0.009470000
v 0.043822370 0.084849109 0.009470000
v 0.042879370 0.085768457 0.009470000
v 0.042738993 0.085906510 0.009470000
v 0.042544451 0.085953216 0.009470000
v 0.041950000 0.086000000 0.009470000
v -0.041950000 0.086000000 0.009470000
v -0.042544451 0.085953216 0.009470000
v -0.042738993 0.085906510 0.009470000
v -0.042879370 0.085768457 0.009470000
v -0.043822370 0.084849109 0.009470000
v -0.045750000 0.082200000 0.009470000
v -0.045750000 0.050800000 0.009470000
v -0.045703216 0.050205549 0.009470000
v -0.045564015 0.049625735 0.009470000
v -0.045335825 0.049074836 0.009470000
v -0.045024265 0.048566416 0.009470000
v -0.044637006 0.048112994 0.009470000
v -0.044183584 0.047725735 0.009470000
v -0.043675164 0.047414175 0.009470000
v -0.043124265 0.047185985 0.009470000
v -0.043869944 0.084889795 0.009215701
v -0.043848312 0.084872320 0.009344218
v 0.045714690 0.082892759 0.009613167
v 0.045758428 0.082797306 0.009698150
v -0.042953000 0.085829500 0.009000000
v -0.042938725 0.085820479 0.009130456
v -0.042920304 0.085805939 0.009258282
v -0.042901341 0.085789200 0.009365095
v 0.042953000 0.085829500 0.009000000
v 0.042112000 0.086660000 0.009000000
v 0.041439000 0.087349500 0.009000000
v 0.041000000 0.087850000 0.009000000
v -0.041000000 0.087850000 0.009000000
v -0.041439000 0.087349500 0.009000000
v -0.042112000 0.086660000 0.009000000
v 0.043869944 0.084889795 0.009215701
v 0.043848312 0.084872320 0.009344218
v 0.042938725 0.085820479 0.009130456
v 0.042920304 0.085805939 0.009258282
v 0.042901341 0.085789200 0.009365095
v -0.046554040 0.081971589 0.009661636
v -0.046520165 0.081940265 0.009770960
v -0.046482645 0.081904092 0.009877970
v -0.046441479 0.081863072 0.009982668
v -0.046396668 0.081817203 0.010085053
v -0.046348212 0.081766487 0.010185126
v -0.046296111 0.081710922 0.010282885
v -0.046262245 0.081674329 0.010341880
v -0.045798699 0.082671578 0.009823162
v -0.045837622 0.082539627 0.009940612
v -0.045875285 0.082402315 0.010051138
v -0.045904068 0.082291061 0.010133559
v -0.045932167 0.082177229 0.010212328
v -0.045955841 0.082039435 0.010308804
v -0.047245040 0.081160988 0.009661636
v -0.047211165 0.081130533 0.009770960
v -0.047173645 0.081095230 0.009877970
v -0.047132479 0.081055080 0.009982668
v -0.047087668 0.081010083 0.010085053
v -0.047039212 0.080960239 0.010185126
v -0.046987111 0.080905547 0.010282885
v -0.046953245 0.080869491 0.010341880
v 0.047245040 0.081160988 0.009661636
v 0.047211165 0.081130533 0.009770960
v 0.047173645 0.081095230 0.009877970
v 0.047132479 0.081055080 0.009982668
v 0.047087668 0.081010083 0.010085053
v 0.047039212 0.080960239 0.010185126
v 0.046987111 0.080905547 0.010282885
v 0.046953245 0.080869491 0.010341880
v 0.046554040 0.081971589 0.009661636
v 0.046520165 0.081940265 0.009770960
v 0.046482645 0.081904092 0.009877970
v 0.046441479 0.081863072 0.009982668
v 0.046396668 0.081817203 0.010085053
v 0.046348212 0.081766487 0.010185126
v 0.046296111 0.081710922 0.010282885
v 0.046262245 0.081674329 0.010341880
v 0.045955841 0.082039435 0.010308804
v 0.045932167 0.082177229 0.010212328
v 0.045882701 0.082374171 0.010072542
v 0.045836326 0.082544184 0.009936754
v 0.045798029 0.082673759 0.009821112
v 0.043463248 0.031444321 0.008820000
v 0.044012530 0.031576192 0.008820000
v 0.044534420 0.031792366 0.008820000
v 0.045016068 0.032087520 0.008820000
v 0.045445614 0.032454386 0.008820000
v 0.045812480 0.032883932 0.008820000
v 0.046107634 0.033365580 0.008820000
v 0.046323808 0.033887470 0.008820000
v 0.046455679 0.034436752 0.008820000
v 0.046500000 0.034999900 0.008820000
v 0.046500000 0.035000100 0.008820000
v 0.046455679 0.035563248 0.008820000
v 0.046323808 0.036112530 0.008820000
v 0.046107634 0.036634420 0.008820000
v 0.045812480 0.037116068 0.008820000
v 0.045445614 0.037545614 0.008820000
v 0.045016068 0.037912480 0.008820000
v 0.044534420 0.038207634 0.008820000
v 0.044012530 0.038423808 0.008820000
v 0.043463248 0.038555679 0.008820000
v 0.042900100 0.038600000 0.008820000
v -0.042900100 0.038600000 0.008820000
v -0.043463248 0.038555679 0.008820000
v -0.044012530 0.038423808 0.008820000
v -0.044534420 0.038207634 0.008820000
v -0.045016068 0.037912480 0.008820000
v -0.045445614 0.037545614 0.008820000
v -0.045812480 0.037116068 0.008820000
v -0.046107634 0.036634420 0.008820000
v -0.046323808 0.036112530 0.008820000
v -0.046455679 0.035563248 0.008820000
v -0.046500000 0.035000100 0.008820000
v -0.046500000 0.034999900 0.008820000
v -0.046455679 0.034436752 0.008820000
v -0.046323808 0.033887470 0.008820000
v -0.046107634 0.033365580 0.008820000
v -0.045812480 0.032883932 0.008820000
v -0.045445614 0.032454386 0.008820000
v -0.045016068 0.032087520 0.008820000
v -0.044534420 0.031792366 0.008820000
v -0.044012530 0.031576192 0.008820000
v -0.043463248 0.031444321 0.008820000
v -0.042900100 0.031400000 0.008820000
v 0.042900100 0.031400000 0.008820000
v 0.000360000 0.031182456 0.010060000
v -0.000360000 0.031182456 0.010060000
v -0.000360000 0.021070000 0.010060000
v -0.000356060 0.021019941 0.010060000
v -0.000344338 0.020971115 0.010060000
v -0.000325122 0.020924723 0.010060000
v -0.000298885 0.020881909 0.010060000
v -0.000266274 0.020843726 0.010060000
v -0.000228091 0.020811115 0.010060000
v -0.000185277 0.020784878 0.010060000
v -0.000138885 0.020765662 0.010060000
v -0.000090059 0.020753940 0.010060000
v -0.000040000 0.020750000 0.010060000
v 0.000040000 0.020750000 0.010060000
v 0.000090059 0.020753940 0.010060000
v 0.000138885 0.020765662 0.010060000
v 0.000185277 0.020784878 0.010060000
v 0.000228091 0.020811115 0.010060000
v 0.000266274 0.020843726 0.010060000
v 0.000298885 0.020881909 0.010060000
v 0.000325122 0.020924723 0.010060000
v 0.000344338 0.020971115 0.010060000
v 0.000356060 0.021019941 0.010060000
v 0.000360000 0.021070000 0.010060000
v -0.042098423 0.086650597 0.009124911
v -0.042081048 0.086636137 0.009247412
v -0.042059875 0.086616622 0.009367504
v -0.042034904 0.086592051 0.009485186
v -0.042006135 0.086562424 0.009600458
v -0.041973568 0.086527742 0.009713321
v -0.041937204 0.086488003 0.009823775
v -0.041897042 0.086443209 0.009931819
v -0.041853081 0.086393358 0.010037453
v -0.041805323 0.086338452 0.010140678
v -0.041753767 0.086278490 0.010241493
v -0.041698414 0.086213472 0.010339898
v -0.041815930 0.086194292 0.010261742
v -0.041928161 0.086174712 0.010181950
v -0.042124552 0.086124913 0.010040613
v -0.042294233 0.086078021 0.009902592
v -0.042425746 0.086038457 0.009782362
v -0.042487076 0.086018802 0.009721334
v -0.042546807 0.085998775 0.009658260
v -0.042634073 0.085957970 0.009577226
v -0.042687154 0.085932302 0.009524475
v 0.041928161 0.086174712 0.010181950
v -0.041604934 0.086228221 0.010400000
v 0.041604934 0.086228221 0.010400000
v 0.041698414 0.086213472 0.010339898
v 0.041815934 0.086194292 0.010261739
v 0.042546807 0.085998775 0.009658260
v 0.042434236 0.086035787 0.009774121
v 0.042316481 0.086071549 0.009883160
v 0.042194259 0.086106143 0.009985943
v 0.042068173 0.086139646 0.010082988
v 0.041998625 0.086157321 0.010133200
v 0.042655448 0.085947718 0.009556326
v 0.042601670 0.085973310 0.009608086
v 0.042098423 0.086650597 0.009124911
v 0.042081048 0.086636137 0.009247412
v 0.042059875 0.086616622 0.009367504
v 0.042034904 0.086592051 0.009485186
v 0.042006135 0.086562424 0.009600458
v 0.041973568 0.086527742 0.009713321
v 0.041937204 0.086488003 0.009823775
v 0.041897042 0.086443209 0.009931819
v 0.041853081 0.086393358 0.010037453
v 0.041805323 0.086338452 0.010140678
v 0.041753767 0.086278490 0.010241493
v -0.041424614 0.087338840 0.009131331
v -0.041406025 0.087322585 0.009259996
v -0.041383234 0.087300735 0.009385995
v -0.041356241 0.087273290 0.009509328
v -0.041325044 0.087240249 0.009629994
v -0.041289646 0.087201614 0.009747994
v -0.041250044 0.087157383 0.009863327
v -0.041206241 0.087107556 0.009975994
v -0.041158234 0.087052135 0.010085995
v -0.041106025 0.086991119 0.010193330
v -0.041049614 0.086924507 0.010297998
v -0.040989000 0.086852300 0.010400000
v -0.040985614 0.087839108 0.009131331
v -0.040967025 0.087822621 0.009259996
v -0.040944234 0.087800538 0.009385995
v -0.040917241 0.087772860 0.009509328
v -0.040886044 0.087739586 0.009629994
v -0.040850646 0.087700718 0.009747994
v -0.040811044 0.087656253 0.009863327
v -0.040767241 0.087606193 0.009975994
v -0.040719234 0.087550538 0.010085995
v -0.040667025 0.087489288 0.010193330
v -0.040610614 0.087422441 0.010297998
v -0.040550000 0.087350000 0.010400000
v 0.040985614 0.087839108 0.009131331
v 0.040967025 0.087822621 0.009259996
v 0.040944234 0.087800538 0.009385995
v 0.040917241 0.087772860 0.009509328
v 0.040886044 0.087739586 0.009629994
v 0.040850646 0.087700718 0.009747994
v 0.040811044 0.087656253 0.009863327
v 0.040767241 0.087606193 0.009975994
v 0.040719234 0.087550538 0.010085995
v 0.040667025 0.087489288 0.010193330
v 0.040610614 0.087422441 0.010297998
v 0.040550000 0.087350000 0.010400000
v 0.041424614 0.087338840 0.009131331
v 0.041406025 0.087322585 0.009259996
v 0.041383234 0.087300735 0.009385995
v 0.041356241 0.087273290 0.009509328
v 0.041325044 0.087240249 0.009629994
v 0.041289646 0.087201614 0.009747994
v 0.041250044 0.087157383 0.009863327
v 0.041206241 0.087107556 0.009975994
v 0.041158234 0.087052135 0.010085995
v 0.041106025 0.086991119 0.010193330
v 0.041049614 0.086924507 0.010297998
v 0.040989000 0.086852300 0.010400000
vn -0.000030885 -0.061147427 -0.998128745
vn -0.000383422 -0.756035285 -0.654530748
vn -0.000405293 -0.801105720 -0.598522733
vn -0.000423120 -0.838050621 -0.545592317
vn -0.000437585 -0.868208899 -0.496198666
vn -0.000449287 -0.892779005 -0.450494668
vn -0.000458749 -0.912786013 -0.408437857
vn -0.000466392 -0.929088002 -0.369858441
vn -0.000472562 -0.942382296 -0.334537570
vn -0.000716935 -0.951521739 -0.307580667
vn -0.000362826 -0.960780508 -0.277309724
vn -0.000484861 -0.969378396 -0.245571356
vn -0.000487276 -0.976270221 -0.216555348
vn -0.000489630 -0.982174617 -0.187970165
vn -0.000491699 -0.987153670 -0.159772931
vn -0.000493328 -0.991019657 -0.133715352
vn -0.000494488 -0.993845103 -0.110777553
vn -0.000495299 -0.995887830 -0.090593511
vn -0.000495853 -0.997341078 -0.072873369
vn -0.000599630 -0.998132047 -0.061090561
vn -0.000676367 -0.998660739 -0.051732690
vn -0.000000173 -0.999999694 -0.000782716
vn -0.004723323 -0.020248655 -0.999783818
vn -0.127128410 -0.636647483 -0.760603937
vn -0.136621850 -0.684969000 -0.715647916
vn -0.144899434 -0.727143891 -0.671018566
vn -0.152072203 -0.763721562 -0.627378211
vn -0.158261205 -0.795309098 -0.585181023
vn -0.163584801 -0.822504957 -0.544725259
vn -0.168153600 -0.845864541 -0.506199116
vn -0.172069842 -0.865908593 -0.469674652
vn -0.175425266 -0.883099301 -0.435156985
vn -0.178298679 -0.897831335 -0.402626967
vn -0.180759157 -0.910459291 -0.372008073
vn -0.187512088 -0.921027015 -0.341391936
vn -0.187290169 -0.933202620 -0.306684304
vn -0.187495781 -0.944134182 -0.271027635
vn -0.189150226 -0.952763227 -0.237622441
vn -0.190450187 -0.959566252 -0.207271160
vn -0.191466496 -0.964904292 -0.179722810
vn -0.192256284 -0.969066956 -0.154747397
vn -0.192863362 -0.972285683 -0.132152467
vn -0.188029369 -0.976425975 -0.106006001
vn -0.204043006 -0.974999187 -0.087994526
vn -0.207292340 -0.975969974 -0.067175117
vn -0.210429321 -0.976396498 -0.048676281
vn -0.212695343 -0.976623014 -0.031115597
vn -0.208556009 -0.977879594 -0.015996560
vn -0.211350091 -0.977401493 -0.004178500
vn -0.203990721 -0.978972809 0.000157112
vn -0.202136003 -0.979356012 0.001684543
vn -0.199718708 -0.979744651 0.014589581
vn -0.199145032 -0.978596451 0.051867552
vn -0.176274165 -0.981718852 0.071801910
vn -0.215669980 -0.970852312 0.104557394
vn -0.188896877 -0.973958048 0.125394140
vn -0.189825892 -0.968539708 0.160925341
vn -0.190153095 -0.961720806 0.197319263
vn -0.186005606 -0.955375647 0.229476115
vn -0.186981053 -0.945225362 0.267557658
vn -0.185427969 -0.934655962 0.303372214
vn -0.182855855 -0.922014275 0.341252710
vn -0.167993760 -0.911674920 0.375002583
vn -0.192757528 -0.882923959 0.428123601
vn -0.171731343 -0.875113777 0.452420406
vn -0.167790776 -0.854772631 0.491131351
vn -0.164564356 -0.830105796 0.532769124
vn -0.160346054 -0.801939672 0.575484062
vn -0.153984096 -0.770799722 0.618188229
vn -0.137988101 -0.741146245 0.657009534
vn -0.137142598 -0.693440503 0.707341627
vn -0.128743727 -0.651172400 0.747930183
vn -0.062397275 -0.313691866 0.947472424
vn -0.000032155 -0.065218019 0.997871038
vn -0.000035552 -0.999995942 0.002848694
vn -0.000424935 -0.997975470 0.063598585
vn -0.000716857 -0.995919580 0.090242324
vn -0.000471184 -0.993575409 0.113171039
vn -0.000486588 -0.990259342 0.139234330
vn -0.000351147 -0.985525426 0.169527317
vn -0.000505881 -0.979579608 0.201056050
vn -0.000743639 -0.974611092 0.223903250
vn -0.000483422 -0.969076944 0.246758267
vn -0.000323251 -0.961431904 0.275042885
vn -0.000619026 -0.952425015 0.304772387
vn -0.000454236 -0.941450427 0.337151134
vn -0.000447733 -0.928489157 0.371359239
vn -0.000456468 -0.913383951 0.407098944
vn -0.000464242 -0.896365894 0.443314752
vn -0.000453586 -0.877248132 0.480036987
vn -0.000288085 -0.854739142 0.519057719
vn -0.000328330 -0.823086888 0.567915370
vn -0.000594788 -0.790450683 0.612525398
vn -0.097940898 -0.994027693 0.048130312
vn -0.097251195 -0.994624940 0.035544810
vn -0.097480008 -0.994711858 0.032341416
vn -0.090952554 -0.995606430 0.022259128
vn -0.088165690 -0.995963119 0.016860505
vn -0.085786461 -0.996238161 0.012256041
vn -0.083771927 -0.996449881 0.008360599
vn -0.081842249 -0.996634532 0.004632012
vn -0.080205062 -0.996777300 0.001470711
vn -0.099719534 -0.995015317 0.000729995
vn -0.067602150 -0.997703471 -0.004211016
vn -0.068512505 -0.997642846 -0.003845700
vn -0.049499282 -0.998774150 -0.000137921
vn -0.056885024 -0.998378003 0.002336113
vn -0.064269796 -0.997928095 0.002985035
vn -0.069521138 -0.997580442 -0.000270213
vn -0.061937993 -0.998072234 -0.003936996
vn -0.079946827 -0.996758154 -0.009038107
vn -0.070825819 -0.997409525 -0.012567549
vn -0.086427896 -0.996055505 -0.020091036
vn -0.076809353 -0.996794944 -0.022364330
vn -0.091825035 -0.995216681 -0.033345472
vn -0.095997987 -0.994585202 -0.039807829
vn -0.098234640 -0.993842289 -0.051258766
vn -0.093741273 -0.994234878 -0.052053636
vn -0.095066279 -0.993246254 -0.066515279
vn -0.087748407 -0.994103951 -0.063698916
vn 0.000016720 -0.016624390 -0.999861805
vn 0.000386474 -0.739064911 -0.673634106
vn 0.000408792 -0.787129476 -0.616787662
vn 0.000426896 -0.826618948 -0.562761879
vn 0.000441490 -0.858884830 -0.512168579
vn 0.000453207 -0.885186231 -0.465236639
vn 0.000462591 -0.906602995 -0.421984355
vn 0.000470091 -0.924048270 -0.382275521
vn 0.000476076 -0.938271439 -0.345899522
vn 0.000359880 -0.951605094 -0.307323308
vn 0.000722816 -0.960708443 -0.277558579
vn 0.000487698 -0.967130673 -0.254279419
vn 0.000538978 -0.974212105 -0.225633516
vn 0.000512457 -0.980205982 -0.197979723
vn 0.000494638 -0.985588052 -0.169162487
vn 0.000495808 -0.989868769 -0.141984417
vn 0.000496551 -0.993007200 -0.118052758
vn 0.000496987 -0.995284838 -0.096994040
vn 0.000497208 -0.996915234 -0.078484201
vn 0.000496698 -0.997907258 -0.064659545
vn 0.000382775 -0.998665469 -0.051644305
vn 0.000000519 -0.999999693 -0.000783224
vn 0.000016261 -0.999995956 0.002844021
vn 0.093175201 -0.993289056 -0.068521778
vn 0.089576142 -0.994479644 -0.054647537
vn 0.094922445 -0.994043714 -0.053542726
vn 0.098731554 -0.993795353 -0.051214031
vn 0.098417035 -0.993797339 -0.051777756
vn 0.095974384 -0.994519522 -0.041470934
vn 0.092456398 -0.995062159 -0.036098672
vn 0.094233432 -0.994953771 -0.034453657
vn 0.074838153 -0.996923486 -0.023298350
vn 0.078795355 -0.996656637 -0.021606493
vn 0.088287212 -0.995883326 -0.020537027
vn 0.072068842 -0.997303072 -0.013880370
vn 0.068699973 -0.997583958 -0.010322805
vn 0.082867917 -0.996519843 -0.009006124
vn 0.062426682 -0.998040183 -0.004324621
vn 0.059434779 -0.998230283 -0.001951740
vn 0.072652111 -0.997357340 -0.000083585
vn 0.064224760 -0.997930560 0.003126816
vn 0.056653870 -0.998390879 0.002447904
vn 0.049241873 -0.998786871 -0.000158694
vn 0.069111250 -0.997602444 -0.003605413
vn 0.067333718 -0.997721163 -0.004318729
vn 0.094601958 -0.995515177 0.000034815
vn 0.079988575 -0.996795224 0.001052833
vn 0.082611182 -0.996563079 0.006117444
vn 0.084545625 -0.996370860 0.009856323
vn 0.087411273 -0.996053266 0.015400050
vn 0.090286835 -0.995695028 0.020969000
vn 0.097241689 -0.994751168 0.031846011
vn 0.097178014 -0.994678366 0.034225455
vn 0.097461426 -0.994461011 0.039351839
vn 0.098065898 -0.993900773 0.050441374
vn 0.000846196 -0.997970167 0.063677543
vn 0.000359727 -0.995928233 0.090148909
vn 0.000504122 -0.992581311 0.121581605
vn 0.000507689 -0.989023688 0.147756175
vn 0.000699753 -0.985500341 0.169672001
vn 0.000484638 -0.981379343 0.192079021
vn 0.000373274 -0.974656887 0.223704744
vn 0.000504527 -0.966726454 0.255811861
vn 0.000325853 -0.958665215 0.284536289
vn 0.000624335 -0.949034005 0.315173077
vn 0.000458379 -0.937268870 0.348607020
vn 0.000467854 -0.923643946 0.383251407
vn 0.000476693 -0.908115651 0.418719162
vn 0.000468081 -0.890389813 0.455198596
vn 0.000457386 -0.870167120 0.492756506
vn 0.000290506 -0.846346585 0.532632494
vn 0.000653835 -0.822864906 0.568236675
vn 0.000298626 -0.790689922 0.612216758
vn 0.000034614 -0.035258868 0.999378212
vn 0.005775807 -0.029036902 0.999561653
vn 0.148767041 -0.359155335 0.921344568
vn 0.043318336 -0.060438725 0.997231509
vn 0.184898305 -0.184898305 0.965207353
vn 0.027191194 -0.018168576 0.999465128
vn 0.021927370 -0.008354310 0.999724660
vn 0.010676051 -0.002123601 0.999940754
vn 0.014259141 -0.000015197 0.999898333
vn 0.006540953 0.044604597 0.998983306
vn 0.000022136 0.034977368 0.999388104
vn 0.003659680 0.020091327 0.999791451
vn 0.005587440 0.015934383 0.999857428
vn 0.000499174 0.000926159 0.999999447
vn 0.028429734 0.037288138 0.998900068
vn 0.024102980 0.026846775 0.999348937
vn 0.928491748 0.021899672 0.370706728
vn 0.043130091 -0.000102773 0.999069459
vn 0.021278168 -0.006714195 0.999751049
vn 0.022141427 -0.014112565 0.999655237
vn 0.001926282 -0.002103109 0.999995933
vn 0.012355990 -0.023748561 0.999641603
vn 0.010903736 -0.049235692 0.998727668
vn 0.000373108 -0.636653933 0.771149551
vn -0.000540293 -0.921519557 0.388331577
vn -0.015160123 -0.048044425 0.998730146
vn -0.014383855 -0.022567058 0.999641852
vn -0.002120941 -0.001942615 0.999995864
vn -0.023479022 -0.012215753 0.999649694
vn -0.021849417 -0.004838771 0.999749563
vn -0.052224377 -0.000050719 0.998635375
vn -0.940389096 0.016271005 0.339711058
vn -0.040276492 0.045792054 0.998138714
vn -0.026681057 0.038566096 0.998899783
vn -0.000453300 0.000942875 0.999999453
vn -0.006382710 0.021306105 0.999752625
vn -0.002752578 0.020421243 0.999787676
vn -0.000012093 0.034858139 0.999392270
vn -0.006523681 0.044486816 0.998988671
vn -0.014157378 -0.000015088 0.999899779
vn -0.229597694 -0.045669882 0.972213537
vn -0.131362673 -0.050049069 0.990070169
vn -0.083906982 -0.056064858 0.994895145
vn -0.005571550 -0.005571550 0.999968957
vn -0.198363242 -0.296871610 0.934087400
vn -0.026839254 -0.071330480 0.997091579
vn -0.025544825 0.000000000 0.999673678
vn -0.047997895 -0.002862821 0.998843334
vn -0.026666185 -0.003206744 0.999639251
vn -0.050193594 -0.009067385 0.998698346
vn -0.028040207 -0.006842927 0.999583374
vn -0.052909248 -0.016243320 0.998467208
vn -0.029791947 -0.011181059 0.999493584
vn -0.056413262 -0.024991250 0.998094676
vn -0.032139165 -0.016679737 0.999344215
vn -0.061185874 -0.036358557 0.997463956
vn -0.035498973 -0.024202789 0.999076598
vn -0.000499368 -0.000383826 0.999999802
vn -0.009301548 -0.008126528 0.999923717
vn -0.016163496 -0.015813778 0.999744300
vn -0.007981288 -0.008864116 0.999928861
vn -0.013804171 -0.017168999 0.999757306
vn -0.006742280 -0.009578058 0.999931399
vn -0.011549939 -0.018503023 0.999762090
vn -0.005539066 -0.010293305 0.999931681
vn -0.009323180 -0.019860823 0.999759284
vn -0.004330563 -0.011034138 0.999929745
vn -0.007048721 -0.021288733 0.999748521
vn -0.003074535 -0.011827414 0.999925327
vn -0.004644278 -0.022841110 0.999728320
vn -0.000028999 -0.000214076 0.999999977
vn -0.002184215 -0.026759069 0.999639526
vn -0.000208784 -0.013956303 0.999902584
vn 0.000954469 -0.025303932 0.999679349
vn 0.001388161 -0.013207845 0.999911809
vn 0.003800169 -0.024028925 0.999704041
vn 0.002862550 -0.012541661 0.999917253
vn 0.006478147 -0.022872563 0.999717400
vn 0.004274306 -0.011928200 0.999919721
vn 0.009087790 -0.021788894 0.999721289
vn 0.005673764 -0.011344445 0.999919553
vn 0.011718351 -0.020739933 0.999716227
vn 0.007109402 -0.010770249 0.999916726
vn 0.014460749 -0.019690593 0.999701539
vn 0.008633839 -0.010185861 0.999910849
vn 0.013643055 -0.014568912 0.999800787
vn 0.010270807 -0.009529921 0.999901841
vn 0.016211887 -0.013628948 0.999775688
vn 0.012115760 -0.008802540 0.999887856
vn 0.024352903 -0.015952116 0.999576143
vn 0.011150836 -0.006217429 0.999918498
vn 0.000805188 -0.000399692 0.999999596
vn 0.059087892 -0.024216621 0.997959005
vn 0.095517855 -0.033961606 0.994848204
vn 0.049681464 -0.013711192 0.998670995
vn 0.083127931 -0.018804260 0.996361454
vn 0.043500263 -0.006556534 0.999031901
vn 0.074387601 -0.007713011 0.997199576
vn 0.039049290 -0.001168731 0.999236602
vn 0.067767992 0.001072984 0.997700530
vn 0.064827272 0.006721731 0.997873861
vn 0.034170899 0.005150374 0.999402733
vn 0.059815405 0.013530764 0.998117746
vn 0.031626131 0.008728244 0.999461658
vn 0.055521110 0.019740666 0.998262346
vn 0.029424089 0.012059189 0.999494272
vn 0.051695852 0.025661629 0.998333121
vn 0.027443649 0.015301897 0.999506227
vn 0.048159381 0.031546303 0.998341377
vn 0.025594130 0.018595065 0.999499457
vn 0.044766121 0.037633814 0.998288380
vn 0.023798499 0.022081790 0.999472874
vn 0.041380802 0.044189023 0.998165798
vn 0.021981386 0.025932768 0.999421988
vn 0.016023451 0.021818458 0.999633535
vn 0.018906597 0.028642177 0.999410910
vn 0.032004262 0.056643316 0.997881387
vn 0.016725329 0.033441573 0.999300718
vn 0.011635505 0.027897297 0.999543074
vn 0.013134508 0.036654144 0.999241692
vn 0.020533982 0.072499869 0.997157021
vn 0.009994201 0.043787493 0.998990877
vn 0.005887606 0.037228042 0.999289452
vn 0.005233678 0.049796535 0.998745670
vn 0.000077583 0.002056814 0.999997882
vn -0.000787400 0.052634230 0.998613548
vn -0.006991426 0.085652748 0.996300520
vn -0.005895438 0.043521932 0.999035077
vn -0.014749592 0.072540242 0.997256418
vn -0.009647656 0.037113517 0.999264484
vn -0.020782082 0.062766595 0.997811836
vn -0.012652522 0.032238226 0.999400125
vn -0.025817366 0.054997771 0.998152648
vn -0.015226960 0.028296423 0.999483593
vn -0.030269564 0.048491897 0.998364808
vn -0.017559049 0.024944322 0.999534622
vn -0.034405495 0.042791987 0.998491416
vn -0.019776148 0.021963631 0.999563156
vn -0.038419318 0.037588066 0.998554502
vn -0.021977465 0.019201157 0.999574063
vn -0.042474918 0.032647218 0.998563989
vn -0.024253559 0.016535796 0.999569073
vn -0.046733408 0.027770450 0.998521302
vn -0.026701208 0.013857520 0.999547405
vn -0.051377931 0.022760583 0.998419884
vn -0.029439990 0.011048968 0.999505481
vn -0.003008449 0.000923604 0.999995048
vn -0.023775513 0.005802172 0.999700485
vn -0.044568254 0.008051177 0.998973898
vn -0.024598441 0.002958087 0.999693036
vn -0.046158381 0.002753104 0.998930340
vn -0.038121429 0.000000000 0.999273114
vn -0.072648306 -0.004333088 0.997348208
vn -0.042268286 -0.005082975 0.999093367
vn -0.080898778 -0.014614222 0.996615178
vn -0.047922206 -0.011694927 0.998782604
vn -0.092357537 -0.028354080 0.995322125
vn -0.056303944 -0.021131138 0.998190032
vn -0.109784991 -0.048635092 0.992764767
vn -0.000420072 -0.000218011 0.999999888
vn -0.020096223 -0.011941803 0.999726730
vn -0.012639885 -0.008617727 0.999882977
vn -0.017019342 -0.013081465 0.999769582
vn -0.010721163 -0.009366810 0.999898655
vn -0.014407281 -0.014095560 0.999796852
vn -0.009036363 -0.010035894 0.999908808
vn -0.015446131 -0.019211193 0.999696127
vn -0.007480066 -0.010626154 0.999915563
vn -0.012674699 -0.020304890 0.999713491
vn -0.006027483 -0.011200937 0.999919101
vn -0.010039800 -0.021387412 0.999720852
vn -0.004623471 -0.011780458 0.999919919
vn -0.007448177 -0.022495182 0.999719206
vn -0.003219334 -0.012384437 0.999918127
vn -0.004812034 -0.023666154 0.999708336
vn -0.001765700 -0.013034942 0.999913483
vn -0.002036156 -0.024945174 0.999686747
vn -0.000205840 -0.013759488 0.999905313
vn 0.000995456 -0.026390534 0.999651214
vn 0.000022593 -0.000214960 0.999999977
vn 0.003686467 -0.023309972 0.999721489
vn 0.002747495 -0.012037570 0.999923771
vn 0.006160311 -0.021750372 0.999744453
vn 0.004022765 -0.011226231 0.999928892
vn 0.008478902 -0.020329024 0.999757390
vn 0.005238921 -0.010474996 0.999931412
vn 0.010729277 -0.018989403 0.999762114
vn 0.006439650 -0.009755622 0.999931677
vn 0.012987761 -0.017684887 0.999759252
vn 0.007665631 -0.009043608 0.999929723
vn 0.015331355 -0.016371785 0.999748425
vn 0.008960789 -0.008314401 0.999925285
vn 0.017847248 -0.015003757 0.999728145
vn 0.000270986 -0.000196881 0.999999944
vn 0.062105435 -0.040681520 0.997240156
vn 0.032857134 -0.018320321 0.999292137
vn 0.057067238 -0.028327965 0.997968365
vn 0.030308152 -0.012421514 0.999463417
vn 0.053432767 -0.018998151 0.998390710
vn 0.028433314 -0.007847084 0.999564890
vn 0.050655729 -0.011458766 0.998650436
vn 0.026979274 -0.004066424 0.999627722
vn 0.048437927 -0.005022373 0.998813568
vn 0.025803495 -0.000772289 0.999666736
vn 0.046600937 0.000737842 0.998913314
vn 0.045674388 0.004735830 0.998945155
vn 0.024380445 0.003674718 0.999695999
vn 0.044061514 0.009967097 0.998979099
vn 0.001601643 0.000442025 0.999998620
vn 0.054982296 0.019549089 0.998295938
vn 0.028717095 0.011769434 0.999518288
vn 0.049824826 0.024732859 0.998451688
vn 0.026064974 0.014533181 0.999554603
vn 0.045228110 0.029626204 0.998537283
vn 0.023670780 0.017197682 0.999571875
vn 0.040969261 0.034441884 0.998566611
vn 0.021422258 0.019876960 0.999572905
vn 0.036870233 0.039372353 0.998544142
vn 0.019225822 0.022681863 0.999557853
vn 0.032768684 0.044619736 0.998466470
vn 0.016990311 0.025739137 0.999524300
vn 0.028493036 0.050428909 0.998321127
vn 0.014611382 0.029214828 0.999466358
vn 0.023830257 0.057135445 0.998081991
vn 0.011950765 0.033350702 0.999372258
vn 0.018479589 0.065246370 0.997698059
vn 0.008796236 0.038538859 0.999218386
vn 0.011957122 0.075606324 0.997066051
vn 0.004779933 0.045479318 0.998953845
vn 0.003386256 0.089773045 0.995956492
vn -0.000831570 0.055586741 0.998453516
vn -0.000167360 0.002050349 0.999997884
vn -0.002766084 0.020420081 0.999787662
vn -0.016818742 0.082716564 0.996431182
vn -0.010861356 0.041782494 0.999067692
vn -0.022919185 0.069221130 0.997338030
vn -0.005967310 0.015204516 0.999866598
vn -0.029627992 0.063115406 0.997566352
vn -0.017299604 0.032148039 0.999333391
vn -0.033776339 0.054109758 0.997963573
vn -0.008377131 0.011900523 0.999894095
vn -0.039450347 0.049066544 0.998016104
vn -0.022443654 0.024926196 0.999437325
vn -0.042825224 0.041898644 0.998203638
vn -0.024248172 0.021185017 0.999481476
vn -0.046110410 0.035441542 0.998307431
vn -0.026050695 0.017761063 0.999502829
vn -0.049443106 0.029380637 0.998344709
vn -0.027925920 0.014493127 0.999504924
vn -0.052955468 0.023459437 0.998321278
vn -0.029952984 0.011241497 0.999488093
vn -0.056796544 0.017436733 0.998233496
vn -0.032228302 0.007864989 0.999449588
vn -0.061155322 0.011047602 0.998067121
vn -0.034884527 0.004195041 0.999382545
vn -0.066301002 0.003954505 0.997791831
vn -0.011529321 -0.025439412 -0.999609879
vn -0.211695188 -0.539879524 -0.814687208
vn -0.237199838 -0.572651514 -0.784733382
vn -0.254194768 -0.613680598 -0.747516651
vn -0.269455262 -0.650522883 -0.710080165
vn -0.283099465 -0.683462727 -0.672854660
vn -0.295256804 -0.712813346 -0.636176511
vn -0.306058151 -0.738889913 -0.600308342
vn -0.315632349 -0.762003872 -0.565443471
vn -0.324109654 -0.782469291 -0.531690456
vn -0.331604545 -0.800564295 -0.499134485
vn -0.338223228 -0.816542221 -0.467828867
vn -0.344770560 -0.832349724 -0.433966816
vn -0.350796332 -0.846897453 -0.399633130
vn -0.356745959 -0.861261374 -0.361885571
vn -0.362012912 -0.873975537 -0.324211988
vn -0.366336608 -0.884414681 -0.289150760
vn -0.369871949 -0.892950573 -0.256581403
vn -0.372746637 -0.899890689 -0.226399411
vn -0.375067961 -0.905494867 -0.198502067
vn -0.377134761 -0.910484568 -0.169667981
vn -0.378811553 -0.914532703 -0.141886375
vn -0.380228231 -0.917951665 -0.113098335
vn -0.381249655 -0.920416994 -0.086494264
vn -0.381958509 -0.922129062 -0.061527959
vn -0.382371605 -0.923126684 -0.040361879
vn -0.382604514 -0.923689502 -0.020285205
vn -0.382679880 -0.923870196 -0.004468865
vn -0.382682685 -0.923876632 0.002435546
vn -0.382644037 -0.923782913 0.014445416
vn -0.381957020 -0.922125080 0.061596853
vn -0.381147043 -0.920170329 0.089518136
vn -0.379967335 -0.917322262 0.118931456
vn -0.378338139 -0.913388357 0.150272960
vn -0.375529702 -0.906608974 0.192451584
vn -0.371897246 -0.897838918 0.235749263
vn -0.377348575 -0.881862514 0.282712858
vn -0.345951293 -0.882766891 0.317868399
vn -0.356985640 -0.861839661 0.360268860
vn -0.350004514 -0.844986306 0.404345128
vn -0.351155398 -0.817600954 0.456309726
vn -0.317835890 -0.814779767 0.484885840
vn -0.324508852 -0.783433125 0.530025041
vn -0.314487231 -0.759239313 0.569783684
vn -0.310282674 -0.720926224 0.619669300
vn -0.277347993 -0.709512216 0.647819810
vn -0.281430926 -0.654034170 0.702165179
vn -0.248484823 -0.635843425 0.730724593
vn -0.247127174 -0.576447384 0.778868778
vn -0.222424648 -0.538529906 0.812719396
vn 0.002729488 -0.013722044 -0.999902123
vn 0.009856075 -0.026194452 -0.999608278
vn 0.014295928 -0.022994524 -0.999633372
vn 0.016375975 -0.016375975 -0.999731791
vn 0.014421534 -0.009636159 -0.999849571
vn 0.020745501 -0.008678176 -0.999747125
vn 0.015812558 -0.003145317 -0.999870027
vn 0.011446040 -0.000018162 -0.999934492
vn 0.041175621 0.000014941 -0.999151924
vn 0.027015692 0.004491219 -0.999624920
vn 0.033208271 0.013776882 -0.999353495
vn 0.015260720 0.010196897 -0.999831553
vn 0.013392776 0.012541351 -0.999831660
vn 0.016210089 0.022616653 -0.999612785
vn 0.014428923 0.034834499 -0.999288929
vn 0.002775584 0.013953830 -0.999898788
vn 0.000193350 0.042547576 -0.999094423
vn 0.000252306 0.011730614 -0.999931162
vn 0.007412590 0.018415916 -0.999802934
vn 0.008665895 0.017105659 -0.999816132
vn 0.008849783 0.015582424 -0.999839422
vn 0.008617682 0.014052018 -0.999864129
vn 0.008251270 0.012626760 -0.999886234
vn 0.012447315 0.017892273 -0.999762437
vn 0.007710146 0.010306142 -0.999917165
vn 0.007509150 0.009088742 -0.999930501
vn 0.004122381 0.004382308 -0.999981901
vn 0.000134900 0.009614283 -0.999953773
vn -0.000251142 0.035579357 -0.999366823
vn -0.004122381 0.004382308 -0.999981901
vn -0.007509150 0.009088742 -0.999930501
vn -0.007710146 0.010306142 -0.999917165
vn -0.012447315 0.017892273 -0.999762437
vn -0.008251270 0.012626760 -0.999886234
vn -0.008617682 0.014052018 -0.999864129
vn -0.008849783 0.015582424 -0.999839422
vn -0.008665895 0.017105659 -0.999816132
vn -0.007412590 0.018415916 -0.999802934
vn -0.000252306 0.011730614 -0.999931162
vn -0.000097845 0.041630662 -0.999133063
vn -0.003444021 0.020872353 -0.999776217
vn -0.010135771 0.026937765 -0.999585726
vn -0.020263623 0.030326628 -0.999334619
vn -0.013392776 0.012541351 -0.999831660
vn -0.015260720 0.010196897 -0.999831553
vn -0.033208271 0.013776882 -0.999353495
vn -0.027015692 0.004491219 -0.999624920
vn -0.021363759 0.000015460 -0.999771769
vn -0.022316871 -0.000017836 -0.999750947
vn -0.015812558 -0.003145317 -0.999870027
vn -0.015773130 -0.005993491 -0.999857633
vn -0.021748144 -0.013521040 -0.999672046
vn -0.016375975 -0.016375975 -0.999731791
vn -0.010173322 -0.015225455 -0.999832330
vn -0.000266543 0.999031132 -0.044008253
vn 0.001001040 0.935662633 -0.352894368
vn 0.226476029 0.970889604 -0.077987083
vn 0.411879552 0.908812068 -0.066451939
vn 0.575522102 0.802980808 -0.154906851
vn 0.669545493 0.626980246 -0.398251935
vn 0.803775940 0.499715140 -0.322845189
vn 0.893436447 0.336169997 -0.297927925
vn 0.985041236 0.162536259 -0.057233969
vn 0.999975779 0.000459854 0.006944763
vn 0.900219835 -0.001360613 -0.435433574
vn 0.972359605 -0.226818243 -0.055410135
vn 0.909419075 -0.412155352 -0.055541987
vn 0.695544153 -0.498519055 -0.517394513
vn 0.618372564 -0.660353529 -0.426085190
vn 0.519744182 -0.835990655 -0.176027299
vn 0.351077380 -0.933055839 -0.078431333
vn 0.162162311 -0.982778154 -0.088602963
vn 0.002220503 -0.984195147 -0.177073380
vn 0.023620307 -0.988118845 -0.151865824
vn 0.308377722 -0.943307038 -0.122780342
vn 0.365235751 -0.921027011 -0.135322174
vn 0.396786769 -0.905697096 -0.149241518
vn 0.420137197 -0.892113983 -0.166184769
vn 0.441501168 -0.877795910 -0.185879150
vn 0.452931742 -0.838598824 -0.302662932
vn 0.494310597 -0.836877384 -0.235145226
vn 0.540640525 -0.803518523 -0.249130100
vn 0.638466465 -0.754264313 -0.153120604
vn 0.003834152 -0.975403092 -0.220395345
vn -0.015305723 -0.976447012 -0.215213770
vn -0.608098333 -0.783431101 -0.128265848
vn -0.525980785 -0.818331757 -0.231683726
vn -0.484072979 -0.844868300 -0.227751854
vn -0.444760482 -0.843488767 -0.301189000
vn -0.433295993 -0.880815917 -0.190834754
vn -0.411207452 -0.894484474 -0.175516256
vn -0.385502458 -0.908178687 -0.163093001
vn -0.347778494 -0.924578398 -0.155579257
vn -0.270539579 -0.949922419 -0.156383295
vn -0.006116032 -0.999372223 -0.034896335
vn -0.008140571 -0.914851933 -0.403707408
vn -0.226454999 -0.970802397 -0.079125464
vn -0.411761190 -0.908549357 -0.070645514
vn -0.574027811 -0.800895539 -0.170465270
vn -0.661260571 -0.619221942 -0.423436707
vn -0.727123959 -0.452060612 -0.516654577
vn -0.934428430 -0.351593840 -0.056791556
vn -0.984937855 -0.162518670 -0.059034775
vn -0.987509134 -0.000374289 -0.157561321
vn -0.988796246 0.001808795 -0.149260552
vn -0.972368029 0.226820896 -0.055251221
vn -0.869389224 0.394012863 -0.298188266
vn -0.768660690 0.550923772 -0.325028832
vn -0.625887047 0.668378078 -0.401915600
vn -0.521064494 0.838115698 -0.161412113
vn -0.351173495 0.933311130 -0.074883314
vn -0.162174519 0.982848928 -0.087791852
vn 0.133608960 -0.625455275 -0.768735550
vn 0.136621850 -0.684969000 -0.715647916
vn 0.144899434 -0.727143891 -0.671018566
vn 0.152072203 -0.763721562 -0.627378211
vn 0.158261205 -0.795309098 -0.585181023
vn 0.163584801 -0.822504957 -0.544725259
vn 0.168153600 -0.845864541 -0.506199116
vn 0.172069842 -0.865908593 -0.469674652
vn 0.175425266 -0.883099301 -0.435156985
vn 0.178298679 -0.897831335 -0.402626967
vn 0.180759157 -0.910459291 -0.372008073
vn 0.187512088 -0.921027015 -0.341391936
vn 0.187290169 -0.933202620 -0.306684304
vn 0.187495781 -0.944134182 -0.271027635
vn 0.189150226 -0.952763227 -0.237622441
vn 0.190450187 -0.959566252 -0.207271160
vn 0.191466496 -0.964904292 -0.179722810
vn 0.192256284 -0.969066956 -0.154747397
vn 0.192863362 -0.972285683 -0.132152467
vn 0.190266305 -0.975877510 -0.107059887
vn 0.200651112 -0.975781781 -0.087115142
vn 0.208391921 -0.975721045 -0.067388801
vn 0.210527408 -0.976373523 -0.048712973
vn 0.210512928 -0.977107099 -0.030757507
vn 0.206883298 -0.978241275 -0.015598375
vn 0.216787526 -0.976208637 -0.004457148
vn 0.204133060 -0.978943134 0.000186828
vn 0.201850281 -0.979414930 0.001690904
vn 0.198998573 -0.979894649 0.014354290
vn 0.195744156 -0.979302564 0.051485079
vn 0.178283027 -0.981302818 0.072525461
vn 0.215669980 -0.970852312 0.104557394
vn 0.188896877 -0.973958048 0.125394140
vn 0.189825892 -0.968539708 0.160925341
vn 0.190153095 -0.961720806 0.197319263
vn 0.186005606 -0.955375647 0.229476115
vn 0.186981053 -0.945225362 0.267557658
vn 0.168439805 -0.941410154 0.292189927
vn 0.196620588 -0.918112448 0.344107364
vn 0.167993760 -0.911674920 0.375002583
vn 0.192757528 -0.882923959 0.428123601
vn 0.155995113 -0.885055243 0.438568970
vn 0.179616818 -0.849991170 0.495230058
vn 0.150093679 -0.842087502 0.518035256
vn 0.171318984 -0.796908171 0.579298863
vn 0.141177596 -0.785284680 0.602824069
vn 0.148082847 -0.735630901 0.660998221
vn 0.126930816 -0.707998020 0.694713878
vn 0.137567063 -0.646096183 0.750756303
vn -0.288986297 -0.446640217 -0.846758193
vn -0.321247609 -0.482050079 -0.815124343
vn -0.344998027 -0.517502876 -0.783049893
vn -0.366717262 -0.549919322 -0.750404684
vn -0.386515231 -0.579463927 -0.717514832
vn -0.404514291 -0.606319508 -0.684649430
vn -0.420834881 -0.630668190 -0.652039598
vn -0.435609617 -0.652706498 -0.619853604
vn -0.448964708 -0.672624646 -0.588223406
vn -0.461020793 -0.690601780 -0.557251299
vn -0.471886702 -0.706803381 -0.527021747
vn -0.480144547 -0.726524541 -0.491551935
vn -0.492430201 -0.740694404 -0.457038616
vn -0.504164372 -0.755099281 -0.419098272
vn -0.513625920 -0.769164208 -0.380229977
vn -0.521613993 -0.781034101 -0.343372356
vn -0.528325087 -0.791002279 -0.308525520
vn -0.533927752 -0.799323267 -0.275687270
vn -0.538573303 -0.806219237 -0.244845543
vn -0.539227304 -0.815417569 -0.210542403
vn -0.545000086 -0.819193640 -0.178596437
vn -0.549625376 -0.822644146 -0.145494174
vn -0.551924508 -0.826044007 -0.114151815
vn -0.549769435 -0.831209913 -0.082726347
vn -0.553076338 -0.831215182 -0.056461372
vn -0.551387018 -0.833701740 -0.030228547
vn -0.540563304 -0.841281568 -0.006052849
vn -0.556642774 -0.830729444 0.006116579
vn -0.572847834 -0.819280098 0.025009607
vn -0.561305809 -0.823872842 0.078545078
vn -0.553651758 -0.825461711 0.109921314
vn -0.545231565 -0.825711415 0.144648540
vn -0.548977992 -0.815697830 0.182373832
vn -0.543372036 -0.807311090 0.230207805
vn -0.534841929 -0.797537156 0.279067369
vn -0.543047508 -0.775134116 0.322903246
vn -0.505613893 -0.781113051 0.366356375
vn -0.506292898 -0.754826241 0.417019001
vn -0.493665240 -0.735227823 0.464472474
vn -0.492546220 -0.705003874 0.510262442
vn -0.456121971 -0.702184382 0.546708186
vn -0.447230914 -0.668511606 0.594202610
vn -0.429977790 -0.642638774 0.634140762
vn -0.422270083 -0.605368687 0.674697509
vn -0.384335215 -0.592608627 0.707885200
vn -0.376810197 -0.540107708 0.752527567
vn -0.337781495 -0.520721581 0.784061667
vn -0.326436791 -0.466602674 0.822022485
vn -0.295059021 -0.441587089 0.847314002
vn 0.227475865 -0.520943092 -0.822722934
vn 0.237199838 -0.572651514 -0.784733382
vn 0.254194768 -0.613680598 -0.747516651
vn 0.269455262 -0.650522883 -0.710080165
vn 0.283099465 -0.683462727 -0.672854660
vn 0.295256804 -0.712813346 -0.636176511
vn 0.306058151 -0.738889913 -0.600308342
vn 0.315632349 -0.762003872 -0.565443471
vn 0.324109654 -0.782469291 -0.531690456
vn 0.331604545 -0.800564295 -0.499134485
vn 0.338223228 -0.816542221 -0.467828867
vn 0.344770560 -0.832349724 -0.433966816
vn 0.350796332 -0.846897453 -0.399633130
vn 0.356745959 -0.861261374 -0.361885571
vn 0.362012912 -0.873975537 -0.324211988
vn 0.366336608 -0.884414681 -0.289150760
vn 0.369871949 -0.892950573 -0.256581403
vn 0.372746637 -0.899890689 -0.226399411
vn 0.375067961 -0.905494867 -0.198502067
vn 0.377134761 -0.910484568 -0.169667981
vn 0.378811553 -0.914532703 -0.141886375
vn 0.380228231 -0.917951665 -0.113098335
vn 0.381249655 -0.920416994 -0.086494264
vn 0.381958509 -0.922129062 -0.061527959
vn 0.382371605 -0.923126684 -0.040361879
vn 0.382604514 -0.923689502 -0.020285205
vn 0.382679880 -0.923870196 -0.004468865
vn 0.382682685 -0.923876632 0.002435546
vn 0.382644037 -0.923782913 0.014445416
vn 0.381957020 -0.922125080 0.061596853
vn 0.381147043 -0.920170329 0.089518136
vn 0.379967335 -0.917322262 0.118931456
vn 0.378338139 -0.913388357 0.150272960
vn 0.375529702 -0.906608974 0.192451584
vn 0.371897246 -0.897838918 0.235749263
vn 0.367803928 -0.887956825 0.276139363
vn 0.362559292 -0.875294850 0.320015131
vn 0.345581634 -0.866507709 0.360191232
vn 0.365860287 -0.833863067 0.413302113
vn 0.342170242 -0.826071186 0.447801207
vn 0.333738140 -0.805713529 0.489330730
vn 0.314022506 -0.788715382 0.528505356
vn 0.326941568 -0.746720105 0.579239412
vn 0.293389112 -0.736759979 0.609185984
vn 0.300906310 -0.687128926 0.661293604
vn 0.267022358 -0.670391735 0.692296166
vn 0.268560180 -0.613115683 0.742943193
vn 0.236407784 -0.591216827 0.771086262
vn 0.232887339 -0.531633575 0.814327471
vn -0.362693469 -0.362693469 -0.858432813
vn -0.393762103 -0.393762103 -0.830603884
vn -0.422516102 -0.422516102 -0.801848045
vn -0.449058281 -0.449058281 -0.772459268
vn -0.473507879 -0.473507879 -0.742684709
vn -0.495989090 -0.495989090 -0.712733923
vn -0.516624704 -0.516624704 -0.682786811
vn -0.535546038 -0.535546231 -0.652978312
vn -0.552877138 -0.552877529 -0.623420652
vn -0.568733327 -0.568733327 -0.594209395
vn -0.583224153 -0.583224153 -0.565419468
vn -0.598708693 -0.598708693 -0.532067479
vn -0.613862312 -0.613862312 -0.496332674
vn -0.628624936 -0.628624936 -0.457887956
vn -0.642024333 -0.642024333 -0.419057886
vn -0.653565573 -0.653565573 -0.381712042
vn -0.663450663 -0.663450663 -0.345928369
vn -0.671865350 -0.671865350 -0.311759366
vn -0.678973701 -0.678973701 -0.279265872
vn -0.685876374 -0.685876374 -0.243201971
vn -0.691859864 -0.691859864 -0.206542627
vn -0.696878269 -0.696878269 -0.169473765
vn -0.700652728 -0.700652728 -0.134801737
vn -0.703592102 -0.703592102 -0.099580655
vn -0.705471913 -0.705471913 -0.067961467
vn -0.706624147 -0.706624147 -0.036940897
vn -0.687417820 -0.726234200 -0.006373961
vn -0.708003146 -0.706161096 0.008249368
vn -0.724485057 -0.688484353 0.033327129
vn -0.703996525 -0.703996525 0.093689838
vn -0.701352155 -0.701352155 0.127319718
vn -0.697181450 -0.697181450 0.166961231
vn -0.691394191 -0.691394191 0.209638131
vn -0.682587954 -0.682588179 0.261049925
vn -0.671424676 -0.671425161 0.313651332
vn -0.659562118 -0.659561909 0.360493967
vn -0.644347426 -0.644346973 0.411865721
vn -0.628112328 -0.628112328 0.459292724
vn -0.609043134 -0.609043340 0.508067585
vn -0.588527652 -0.588528080 0.554319314
vn -0.567288559 -0.567288559 0.596965143
vn -0.544516947 -0.544516947 0.637967545
vn -0.520293410 -0.520293410 0.677192392
vn -0.493765821 -0.493765821 0.715814660
vn -0.465038343 -0.465038343 0.753311807
vn -0.434293741 -0.434293741 0.789162780
vn -0.401782636 -0.401782636 0.822886035
vn -0.370773748 -0.370773748 0.851500826
vn -0.339078092 -0.339078092 0.877526122
vn 0.295383590 -0.443435391 -0.846234949
vn 0.321247609 -0.482050079 -0.815124343
vn 0.344998027 -0.517502876 -0.783049893
vn 0.366717262 -0.549919322 -0.750404684
vn 0.386515231 -0.579463927 -0.717514832
vn 0.404514291 -0.606319508 -0.684649430
vn 0.420834881 -0.630668190 -0.652039598
vn 0.435609617 -0.652706498 -0.619853604
vn 0.448964708 -0.672624646 -0.588223406
vn 0.461020793 -0.690601780 -0.557251299
vn 0.471886702 -0.706803381 -0.527021747
vn 0.480144547 -0.726524541 -0.491551935
vn 0.492430201 -0.740694404 -0.457038616
vn 0.504164372 -0.755099281 -0.419098272
vn 0.513625920 -0.769164208 -0.380229977
vn 0.521613993 -0.781034101 -0.343372356
vn 0.528325087 -0.791002279 -0.308525520
vn 0.533927752 -0.799323267 -0.275687270
vn 0.538573303 -0.806219237 -0.244845543
vn 0.539227304 -0.815417569 -0.210542403
vn 0.545000086 -0.819193640 -0.178596437
vn 0.549625376 -0.822644146 -0.145494174
vn 0.551924508 -0.826044007 -0.114151815
vn 0.549769435 -0.831209913 -0.082726347
vn 0.553076338 -0.831215182 -0.056461372
vn 0.551387018 -0.833701740 -0.030228547
vn 0.540563304 -0.841281568 -0.006052849
vn 0.556642774 -0.830729444 0.006116579
vn 0.572847834 -0.819280098 0.025009607
vn 0.561305809 -0.823872842 0.078545078
vn 0.553651758 -0.825461711 0.109921314
vn 0.545231565 -0.825711415 0.144648540
vn 0.548977992 -0.815697830 0.182373832
vn 0.543372036 -0.807311090 0.230207805
vn 0.534841929 -0.797537156 0.279067369
vn 0.529596456 -0.783908847 0.324059427
vn 0.514903365 -0.772322747 0.372010886
vn 0.506292898 -0.754826241 0.417019001
vn 0.493665240 -0.735227823 0.464472474
vn 0.479432178 -0.714018994 0.510217270
vn 0.464438565 -0.691686825 0.553051675
vn 0.447230914 -0.668511606 0.594202610
vn 0.429977790 -0.642638774 0.634140762
vn 0.410766911 -0.613837604 0.674146824
vn 0.389593409 -0.582100282 0.713705988
vn 0.366516580 -0.547517068 0.752257042
vn 0.341654393 -0.510263099 0.789242577
vn 0.318122781 -0.472358150 0.821994936
vn 0.291625685 -0.435488590 0.851647901
vn -0.410691133 -0.273571936 -0.869765019
vn -0.437306856 -0.304443655 -0.846213197
vn -0.473709989 -0.316522994 -0.821834558
vn -0.504704152 -0.337232591 -0.794699880
vn -0.533393368 -0.356402060 -0.767117388
vn -0.559927246 -0.374131375 -0.739261249
vn -0.584443158 -0.390512145 -0.711285077
vn -0.607082851 -0.405639987 -0.683305651
vn -0.627985187 -0.419606546 -0.655412047
vn -0.647275085 -0.432495392 -0.627680412
vn -0.665058118 -0.444377300 -0.600188733
vn -0.683494897 -0.456696651 -0.569440861
vn -0.701354501 -0.468630100 -0.537110504
vn -0.720006735 -0.481093493 -0.500139332
vn -0.737584293 -0.492837927 -0.461606097
vn -0.752980363 -0.503125632 -0.424128721
vn -0.766403191 -0.512094404 -0.387795655
vn -0.778034771 -0.519866616 -0.352704687
vn -0.788045918 -0.526555617 -0.318940141
vn -0.797591362 -0.532933947 -0.282541019
vn -0.805941579 -0.538513109 -0.245889817
vn -0.813615427 -0.543640540 -0.206118656
vn -0.819734589 -0.547728821 -0.167416673
vn -0.824541329 -0.550940680 -0.128825327
vn -0.827808441 -0.553123844 -0.093740061
vn -0.830119113 -0.554668313 -0.056967722
vn -0.831426046 -0.555541357 -0.010224015
vn -0.831377841 -0.555508846 0.014859567
vn -0.830973005 -0.555237834 0.034566066
vn -0.828105013 -0.553321812 0.089872469
vn -0.824904559 -0.551183533 0.125416031
vn -0.820347872 -0.548138852 0.163012782
vn -0.814150714 -0.543998201 0.203038352
vn -0.803634336 -0.536971312 0.256580718
vn -0.790263059 -0.528036511 0.310904714
vn -0.775486988 -0.518163599 0.360730393
vn -0.756982545 -0.505799191 0.413696272
vn -0.737830342 -0.493002254 0.461037053
vn -0.714553743 -0.477449484 0.511326645
vn -0.689326923 -0.460593192 0.559180029
vn -0.663172365 -0.443117148 0.603199475
vn -0.635645855 -0.424724796 0.644641911
vn -0.606952388 -0.405552567 0.683473419
vn -0.575664556 -0.384646823 0.721565756
vn -0.541934753 -0.362109233 0.758408615
vn -0.506001303 -0.338099217 0.793505893
vn -0.468180535 -0.312828472 0.826405066
vn -0.431200453 -0.288119033 0.855016720
vn -0.393644369 -0.263024802 0.880830327
vn 0.362693469 -0.362693469 -0.858432813
vn 0.393762103 -0.393762103 -0.830603884
vn 0.422516102 -0.422516102 -0.801848045
vn 0.449058281 -0.449058281 -0.772459268
vn 0.473507879 -0.473507879 -0.742684709
vn 0.495989090 -0.495989090 -0.712733923
vn 0.516624704 -0.516624704 -0.682786811
vn 0.535546038 -0.535546231 -0.652978312
vn 0.552877138 -0.552877529 -0.623420652
vn 0.568733327 -0.568733327 -0.594209395
vn 0.583224153 -0.583224153 -0.565419468
vn 0.598708693 -0.598708693 -0.532067479
vn 0.613862312 -0.613862312 -0.496332674
vn 0.628624936 -0.628624936 -0.457887956
vn 0.642024333 -0.642024333 -0.419057886
vn 0.653565573 -0.653565573 -0.381712042
vn 0.663450663 -0.663450663 -0.345928369
vn 0.671865350 -0.671865350 -0.311759366
vn 0.678973701 -0.678973701 -0.279265872
vn 0.685876374 -0.685876374 -0.243201971
vn 0.691859864 -0.691859864 -0.206542627
vn 0.696878269 -0.696878269 -0.169473765
vn 0.700652728 -0.700652728 -0.134801737
vn 0.703592102 -0.703592102 -0.099580655
vn 0.705471913 -0.705471913 -0.067961467
vn 0.706624147 -0.706624147 -0.036940897
vn 0.687417820 -0.726234200 -0.006373961
vn 0.708003146 -0.706161096 0.008249368
vn 0.724485057 -0.688484353 0.033327129
vn 0.703996525 -0.703996525 0.093689838
vn 0.701352155 -0.701352155 0.127319718
vn 0.697181450 -0.697181450 0.166961231
vn 0.691394191 -0.691394191 0.209638131
vn 0.682587954 -0.682588179 0.261049925
vn 0.671424676 -0.671425161 0.313651332
vn 0.659562118 -0.659561909 0.360493967
vn 0.644347426 -0.644346973 0.411865721
vn 0.628112328 -0.628112328 0.459292724
vn 0.609043134 -0.609043340 0.508067585
vn 0.588527652 -0.588528080 0.554319314
vn 0.567288559 -0.567288559 0.596965143
vn 0.544516947 -0.544516947 0.637967545
vn 0.520293410 -0.520293410 0.677192392
vn 0.493765821 -0.493765821 0.715814660
vn 0.465038343 -0.465038343 0.753311807
vn 0.434293741 -0.434293741 0.789162780
vn 0.401782636 -0.401782636 0.822886035
vn 0.370773748 -0.370773748 0.851500826
vn 0.339078092 -0.339078092 0.877526122
vn -0.456753826 -0.189849906 -0.869098933
vn -0.493895691 -0.213994767 -0.842777127
vn -0.535096207 -0.223438438 -0.814706888
vn -0.567041055 -0.236786337 -0.788921208
vn -0.596633734 -0.249122851 -0.762866956
vn -0.624045359 -0.260524749 -0.736677844
vn -0.654520867 -0.263036240 -0.708811943
vn -0.676025186 -0.281838349 -0.680850272
vn -0.699728855 -0.287642860 -0.653942746
vn -0.712417882 -0.311839452 -0.628662802
vn -0.736760469 -0.301128090 -0.605397295
vn -0.756452364 -0.313848342 -0.573828406
vn -0.776293266 -0.323971677 -0.540750514
vn -0.796466464 -0.332325590 -0.505174102
vn -0.815240789 -0.340064196 -0.468763051
vn -0.836971746 -0.336215204 -0.431784243
vn -0.850578804 -0.349540742 -0.392857440
vn -0.854834490 -0.374035118 -0.359660571
vn -0.873729377 -0.356826283 -0.330563124
vn -0.883594688 -0.366430357 -0.291529110
vn -0.893001296 -0.372565397 -0.252475169
vn -0.901830431 -0.376181630 -0.212577646
vn -0.908839489 -0.378987239 -0.174297036
vn -0.914545879 -0.381464852 -0.134500562
vn -0.918591377 -0.383192184 -0.096714181
vn -0.923899257 -0.378371778 -0.056964552
vn -0.925943193 -0.377427078 -0.013341800
vn -0.922172854 -0.386685307 0.008467607
vn -0.917170657 -0.396688157 0.037901084
vn -0.924228186 -0.368240583 0.101000653
vn -0.907987929 -0.396283273 0.136078977
vn -0.911831971 -0.372584290 0.172462760
vn -0.902096062 -0.371941881 0.218819405
vn -0.889528921 -0.366688705 0.272539339
vn -0.873076596 -0.361596156 0.327086347
vn -0.856224832 -0.354634049 0.375651073
vn -0.835281010 -0.345656877 0.427582691
vn -0.812446187 -0.336279627 0.476284795
vn -0.785938094 -0.325243058 0.525850041
vn -0.758120653 -0.312083337 0.572588043
vn -0.728380130 -0.299852857 0.616076821
vn -0.696418510 -0.288111012 0.657261975
vn -0.663561198 -0.274496113 0.695944266
vn -0.627872654 -0.259710384 0.733707331
vn -0.589558361 -0.243838910 0.770041249
vn -0.548924328 -0.227008653 0.804455812
vn -0.506347520 -0.209374317 0.836525304
vn -0.466054371 -0.191243795 0.863839762
vn -0.423808466 -0.176663342 0.888356037
vn 0.404223517 -0.270093732 -0.873872258
vn 0.440259393 -0.294172282 -0.848312640
vn 0.473709989 -0.316522994 -0.821834558
vn 0.504704152 -0.337232591 -0.794699880
vn 0.533393368 -0.356402060 -0.767117388
vn 0.559927246 -0.374131375 -0.739261249
vn 0.584443158 -0.390512145 -0.711285077
vn 0.607082851 -0.405639987 -0.683305651
vn 0.627985187 -0.419606546 -0.655412047
vn 0.647275085 -0.432495392 -0.627680412
vn 0.665058118 -0.444377300 -0.600188733
vn 0.683494897 -0.456696651 -0.569440861
vn 0.701354501 -0.468630100 -0.537110504
vn 0.720006735 -0.481093493 -0.500139332
vn 0.737584293 -0.492837927 -0.461606097
vn 0.752980363 -0.503125632 -0.424128721
vn 0.766403191 -0.512094404 -0.387795655
vn 0.778034771 -0.519866616 -0.352704687
vn 0.788045918 -0.526555617 -0.318940141
vn 0.797591362 -0.532933947 -0.282541019
vn 0.805941579 -0.538513109 -0.245889817
vn 0.813615427 -0.543640540 -0.206118656
vn 0.819734589 -0.547728821 -0.167416673
vn 0.824541329 -0.550940680 -0.128825327
vn 0.827808441 -0.553123844 -0.093740061
vn 0.830119113 -0.554668313 -0.056967722
vn 0.831426046 -0.555541357 -0.010224015
vn 0.831377841 -0.555508846 0.014859567
vn 0.830973005 -0.555237834 0.034566066
vn 0.828105013 -0.553321812 0.089872469
vn 0.824904559 -0.551183533 0.125416031
vn 0.820347872 -0.548138852 0.163012782
vn 0.814150714 -0.543998201 0.203038352
vn 0.803634336 -0.536971312 0.256580718
vn 0.790263059 -0.528036511 0.310904714
vn 0.775486988 -0.518163599 0.360730393
vn 0.756982545 -0.505799191 0.413696272
vn 0.737830342 -0.493002254 0.461037053
vn 0.714553743 -0.477449484 0.511326645
vn 0.689326923 -0.460593192 0.559180029
vn 0.663172365 -0.443117148 0.603199475
vn 0.635645855 -0.424724796 0.644641911
vn 0.606952388 -0.405552567 0.683473419
vn 0.575664556 -0.384646823 0.721565756
vn 0.541934753 -0.362109233 0.758408615
vn 0.506001303 -0.338099217 0.793505893
vn 0.468180535 -0.312828472 0.826405066
vn 0.431200453 -0.288119033 0.855016720
vn 0.393644369 -0.263024802 0.880830327
vn -0.493968751 -0.097816571 -0.863959948
vn -0.531761308 -0.105269941 -0.840326217
vn -0.566627422 -0.112138148 -0.816307785
vn -0.598817670 -0.118470142 -0.792074632
vn -0.628569869 -0.124314830 -0.767753699
vn -0.648626095 -0.143906753 -0.747378777
vn -0.676419470 -0.134353295 -0.724158748
vn -0.702747622 -0.123456091 -0.700645683
vn -0.718523901 -0.142212301 -0.680807657
vn -0.741705533 -0.146901308 -0.654440913
vn -0.763011877 -0.161126902 -0.625980029
vn -0.789247264 -0.156607438 -0.593770045
vn -0.810119034 -0.164350479 -0.562757559
vn -0.830908452 -0.166498156 -0.530913843
vn -0.850625802 -0.168605261 -0.498004027
vn -0.868344628 -0.172179442 -0.465114875
vn -0.886686233 -0.155671943 -0.435377733
vn -0.897245976 -0.177895646 -0.404107409
vn -0.910439046 -0.192234721 -0.366260229
vn -0.927431459 -0.183886897 -0.325663166
vn -0.938858716 -0.190349607 -0.286899528
vn -0.949699896 -0.190095903 -0.248864734
vn -0.958824048 -0.189827333 -0.211239271
vn -0.966265064 -0.191391553 -0.172340072
vn -0.972715954 -0.190159995 -0.132901653
vn -0.968902621 -0.228777917 -0.094278188
vn -0.966510934 -0.248059251 -0.065751214
vn -0.957766074 -0.284399670 -0.042437893
vn -0.984798497 -0.173200399 -0.013173512
vn -0.980519378 -0.196413582 -0.001858394
vn -0.998143008 -0.060899236 0.001348249
vn -0.972478941 -0.231918394 0.022328621
vn -0.970261988 -0.232887708 0.065992356
vn -0.973949349 -0.189742631 0.124178898
vn -0.964996153 -0.190538801 0.180214846
vn -0.953294056 -0.190008740 0.234791654
vn -0.939475881 -0.187266641 0.286908128
vn -0.923421639 -0.184611265 0.336468656
vn -0.905139873 -0.177967503 0.386069136
vn -0.884054629 -0.176846120 0.432634791
vn -0.859498497 -0.172362658 0.481200008
vn -0.832001801 -0.166804637 0.529102274
vn -0.803151868 -0.159601943 0.573998516
vn -0.771680668 -0.151928974 0.617597387
vn -0.737500354 -0.145154438 0.659563050
vn -0.701374366 -0.139381875 0.699032683
vn -0.662858293 -0.132898851 0.736856010
vn -0.621969445 -0.124711237 0.773046646
vn -0.578608032 -0.116014334 0.807312467
vn -0.533184067 -0.106889682 0.839219486
vn -0.492014423 -0.097251693 0.865138091
vn -0.449616282 -0.088803393 0.888796465
vn 0.463377403 -0.193373357 -0.864805254
vn 0.500605272 -0.208995494 -0.840068595
vn 0.535096207 -0.223438438 -0.814706888
vn 0.567041055 -0.236786337 -0.788921208
vn 0.596633734 -0.249122851 -0.762866956
vn 0.624045359 -0.260524749 -0.736677844
vn 0.654520867 -0.263036240 -0.708811943
vn 0.676025186 -0.281838349 -0.680850272
vn 0.699728855 -0.287642860 -0.653942746
vn 0.712417882 -0.311839452 -0.628662802
vn 0.736760469 -0.301128090 -0.605397295
vn 0.756452364 -0.313848342 -0.573828406
vn 0.776293266 -0.323971677 -0.540750514
vn 0.796466464 -0.332325590 -0.505174102
vn 0.815240789 -0.340064196 -0.468763051
vn 0.836971746 -0.336215204 -0.431784243
vn 0.850578804 -0.349540742 -0.392857440
vn 0.854834490 -0.374035118 -0.359660571
vn 0.873729377 -0.356826283 -0.330563124
vn 0.883594688 -0.366430357 -0.291529110
vn 0.893001296 -0.372565397 -0.252475169
vn 0.901830431 -0.376181630 -0.212577646
vn 0.908839489 -0.378987239 -0.174297036
vn 0.914545879 -0.381464852 -0.134500562
vn 0.918591377 -0.383192184 -0.096714181
vn 0.923899257 -0.378371778 -0.056964552
vn 0.927091606 -0.374607557 -0.013051148
vn 0.921248825 -0.388874438 0.008790551
vn 0.917170657 -0.396688157 0.037901084
vn 0.924228186 -0.368240583 0.101000653
vn 0.907987929 -0.396283273 0.136078977
vn 0.911831971 -0.372584290 0.172462760
vn 0.902096062 -0.371941881 0.218819405
vn 0.889528921 -0.366688705 0.272539339
vn 0.873076596 -0.361596156 0.327086347
vn 0.856224832 -0.354634049 0.375651073
vn 0.835281010 -0.345656877 0.427582691
vn 0.812446187 -0.336279627 0.476284795
vn 0.785938094 -0.325243058 0.525850041
vn 0.758120653 -0.312083337 0.572588043
vn 0.728380130 -0.299852857 0.616076821
vn 0.696418510 -0.288111012 0.657261975
vn 0.663561198 -0.274496113 0.695944266
vn 0.627872654 -0.259710384 0.733707331
vn 0.589558361 -0.243838910 0.770041249
vn 0.548924328 -0.227008653 0.804455812
vn 0.506347520 -0.209374317 0.836525304
vn 0.466054371 -0.191243795 0.863839762
vn 0.423808466 -0.176663342 0.888356037
vn -0.999678030 0.000017115 0.025373918
vn -0.990666866 -0.085129340 0.106452598
vn -0.992439629 -0.090733493 0.082649956
vn -0.991399100 -0.095751152 0.089216267
vn -0.993162284 -0.094260949 0.068873446
vn -0.993060197 -0.098818989 0.063767176
vn -0.994076594 -0.094654112 0.053407163
vn -0.996493655 -0.075177085 0.036726026
vn -0.997347451 -0.067129249 0.028137616
vn -0.997116031 -0.071474183 0.025515896
vn -0.997346115 -0.069684490 0.021090238
vn -0.997516507 -0.068227195 0.017489101
vn -0.982640757 -0.028355276 0.183338813
vn -0.973127432 -0.026933041 0.228686711
vn -0.965190791 -0.055228959 0.255649172
vn -0.949492674 -0.064365560 0.307116813
vn -0.931955018 -0.066792970 0.356368551
vn -0.912314370 -0.066307717 0.404086347
vn -0.890366538 -0.059893153 0.451287311
vn -0.880736826 -0.028060976 0.472773967
vn -0.838707148 -0.049733071 0.542307055
vn -0.807304655 -0.021873074 0.589729397
vn -0.774876580 -0.042840982 0.630659128
vn -0.738521142 -0.043059685 0.672853912
vn -0.700829221 -0.040622143 0.712171499
vn -0.662228139 -0.013449597 0.749181554
vn -0.621375509 -0.034824517 0.782738609
vn -0.578018481 -0.034316063 0.815301811
vn -0.533523478 -0.031315908 0.845205308
vn -0.490162332 -0.024317614 0.871291881
vn 0.493968751 -0.097816571 -0.863959948
vn 0.531761308 -0.105269941 -0.840326217
vn 0.566627422 -0.112138148 -0.816307785
vn 0.598817670 -0.118470142 -0.792074632
vn 0.628569869 -0.124314830 -0.767753699
vn 0.648626095 -0.143906753 -0.747378777
vn 0.676419470 -0.134353295 -0.724158748
vn 0.702747622 -0.123456091 -0.700645683
vn 0.718523901 -0.142212301 -0.680807657
vn 0.741705533 -0.146901308 -0.654440913
vn 0.763011877 -0.161126902 -0.625980029
vn 0.789247264 -0.156607438 -0.593770045
vn 0.810119034 -0.164350479 -0.562757559
vn 0.830908452 -0.166498156 -0.530913843
vn 0.850625802 -0.168605261 -0.498004027
vn 0.868344628 -0.172179442 -0.465114875
vn 0.886686233 -0.155671943 -0.435377733
vn 0.897245976 -0.177895646 -0.404107409
vn 0.910439046 -0.192234721 -0.366260229
vn 0.927431459 -0.183886897 -0.325663166
vn 0.938858716 -0.190349607 -0.286899528
vn 0.949699896 -0.190095903 -0.248864734
vn 0.958824048 -0.189827333 -0.211239271
vn 0.966265064 -0.191391553 -0.172340072
vn 0.972830276 -0.189652665 -0.132789760
vn 0.968715275 -0.229635216 -0.094118983
vn 0.966156450 -0.249467830 -0.065631661
vn 0.957425015 -0.285264573 -0.044288411
vn 0.971936718 -0.234096013 0.023196380
vn 0.970419745 -0.232195855 0.066110542
vn 0.973852038 -0.190147448 0.124322788
vn 0.964996153 -0.190538801 0.180214846
vn 0.953294056 -0.190008740 0.234791654
vn 0.939475881 -0.187266641 0.286908128
vn 0.923421639 -0.184611265 0.336468656
vn 0.905139873 -0.177967503 0.386069136
vn 0.884054629 -0.176846120 0.432634791
vn 0.859498497 -0.172362658 0.481200008
vn 0.832001801 -0.166804637 0.529102274
vn 0.803151868 -0.159601943 0.573998516
vn 0.771680668 -0.151928974 0.617597387
vn 0.737500354 -0.145154438 0.659563050
vn 0.701374366 -0.139381875 0.699032683
vn 0.662858293 -0.132898851 0.736856010
vn 0.621969445 -0.124711237 0.773046646
vn 0.578608032 -0.116014334 0.807312467
vn 0.533184067 -0.106889682 0.839219486
vn 0.492014423 -0.097251693 0.865138091
vn 0.449616282 -0.088803393 0.888796465
vn 0.998405791 -0.056421718 0.001570286
vn 0.979007717 -0.203819520 -0.001221827
vn 0.992319270 -0.123581462 -0.005485320
vn 0.976502262 -0.214614303 -0.019596778
vn -0.999813464 -0.000007564 0.019314148
vn -0.988687936 0.026029897 0.147711236
vn -0.979433439 0.029014625 0.199670454
vn -0.967644118 0.023153700 0.251254387
vn -0.954214747 0.023540133 0.298194699
vn -0.935149986 0.016922852 0.353847596
vn -0.911920717 0.019706174 0.409893002
vn -0.885745752 0.019029587 0.463780485
vn -0.856375394 0.018744428 0.516013402
vn -0.821450979 0.017671660 0.570005264
vn -0.784226206 0.016585179 0.620253328
vn -0.779493962 0.019365262 0.626110333
vn -0.742527704 0.022554215 0.669435521
vn -0.703795630 0.023962098 0.709998259
vn -0.665542637 0.019518713 0.746104563
vn -0.627240692 0.015759510 0.778666008
vn -0.582808507 0.015306835 0.812465350
vn -0.536208238 0.018463310 0.843883778
vn -0.503021310 0.014681398 0.864149303
vn -0.468880218 0.012784157 0.883169240
vn -0.034121500 0.000057249 0.999417690
vn -0.003944165 -0.189955148 0.981784847
vn -0.537475017 -0.095815849 0.837818554
vn -0.529475345 -0.052204907 0.846717489
vn -0.625103808 -0.006249258 0.780516608
vn -0.617393586 0.021389745 0.786363554
vn -0.653067826 -0.032224461 0.756613507
vn -0.748685783 -0.036572751 0.661915427
vn -0.693515572 -0.229414004 0.682938772
vn -0.718639783 -0.259458871 0.645165062
vn -0.751745883 -0.281244866 0.596472508
vn -0.722076378 -0.409213906 0.557807927
vn -0.715203953 -0.472513597 0.514989521
vn -0.033074251 -0.510090083 0.859484846
vn -0.047161422 0.293819238 0.954696840
vn -0.678467244 0.536538394 0.501805491
vn -0.683818044 0.487138110 0.543221266
vn -0.686416294 0.429183483 0.587055543
vn -0.703928599 0.295243645 0.645999782
vn -0.685394226 0.242294297 0.686679131
vn -0.673986999 0.146581828 0.724054758
vn -0.650238474 0.059215207 0.757418963
vn -0.616594310 -0.008809646 0.787231762
vn -0.576155623 -0.015628351 0.817190586
vn -0.585457854 0.023631890 0.810358337
vn -0.480337936 0.125635219 0.868038743
vn -0.008436284 0.082700445 0.996538743
vn -0.004158635 -0.042023292 0.999107976
vn -0.433668316 -0.368914813 0.822091025
vn -0.513920419 -0.172981020 0.840216263
vn -0.571903796 -0.039223164 0.819382445
vn -0.616054821 0.001130274 0.787702469
vn -0.653887380 -0.010676870 0.756516555
vn -0.700014128 -0.099742729 0.707129132
vn -0.678022233 -0.286295550 0.676993877
vn -0.708244670 -0.294418614 0.641644113
vn -0.717342765 -0.355058106 0.599460673
vn -0.791375431 -0.150445779 0.592529320
vn -0.769390665 -0.355098731 0.530982952
vn -0.021947726 -0.512103824 0.858643099
vn -0.027636681 0.297198730 0.954415595
vn -0.682217280 0.530428156 0.503215217
vn -0.689778746 0.475911556 0.545631260
vn -0.720421382 0.340208753 0.604360022
vn -0.693741717 0.338030115 0.635970181
vn -0.665977864 0.324848768 0.671525697
vn -0.676120383 0.143251245 0.722731145
vn -0.693604988 -0.000063241 0.720355549
vn -0.615758365 0.002904899 0.787929691
vn -0.574551444 0.007829822 0.818431018
vn -0.530379240 0.042516612 0.846693687
vn -0.482791075 0.105528744 0.869354049
vn -0.004049194 0.042032634 0.999108033
vn -0.007659866 -0.082793595 0.996537278
vn -0.476410017 -0.154834486 0.865482396
vn -0.528055126 -0.066471415 0.846604592
vn -0.587683519 -0.010149148 0.809027241
vn -0.615741009 -0.003136955 0.787942365
vn -0.671242603 -0.013365189 0.741117224
vn -0.680689878 -0.115831999 0.723356231
vn -0.741509521 -0.106727488 0.662399331
vn -0.726233012 -0.231381579 0.647339306
vn -0.738704480 -0.293973203 0.606543855
vn -0.746464869 -0.350344068 0.565728939
vn -0.750357714 -0.400392774 0.525974265
vn -0.142869683 -0.477812254 0.866766233
vn -0.224394246 0.262254882 0.938546535
vn -0.847357615 0.028272915 0.530269473
vn -0.822167211 0.024094995 0.568735887
vn -0.794084846 0.019691633 0.607487858
vn -0.763182864 0.015099985 0.646006120
vn -0.729333653 0.013783696 0.684019322
vn -0.693778639 0.004334224 0.720175266
vn -0.707304247 0.000256721 0.706909214
vn -0.670452103 -0.001211308 0.741951824
vn -0.631783300 -0.000681739 0.775144759
vn -0.591743063 0.001870178 0.806124463
vn -0.550814141 0.006417668 0.834603257
vn -0.004150021 0.042037885 0.999107398
vn -0.010273977 -0.082504430 0.996537739
vn -0.477961317 -0.143684662 0.866549305
vn -0.528882828 -0.058309561 0.846689405
vn -0.574328137 -0.010764674 0.818554404
vn -0.615676560 -0.003994764 0.787988842
vn -0.688934238 -0.009064432 0.724767171
vn -0.666175065 -0.194171320 0.720075191
vn -0.629514058 -0.422465371 0.652100499
vn -0.653580704 -0.438152902 0.617133939
vn -0.641408546 -0.517799906 0.566108059
vn -0.626238010 -0.582668249 0.517999677
vn -0.609894689 -0.635067787 0.474043641
vn -0.075139321 -0.498544667 0.863601354
vn -0.010236467 0.300257974 0.953803105
vn -0.817799991 0.167545728 0.550573885
vn -0.639100432 0.563095043 0.523903245
vn -0.653123471 0.496442293 0.571817088
vn -0.663677885 0.415211870 0.622198334
vn -0.640084590 0.396507279 0.658083350
vn -0.713838943 0.074105425 0.696378022
vn -0.650609478 0.055885841 0.757353339
vn -0.617062461 -0.016039940 0.786750685
vn -0.610358003 0.002159363 0.792122746
vn -0.525187082 0.092394020 0.845956189
vn -0.468105954 0.208134224 0.858811365
vn -0.977644723 0.000630852 0.210262688
vn -0.961916432 -0.006114047 0.273275312
vn -0.957384844 -0.001268425 0.288812485
vn -0.572656975 -0.000019916 0.819795089
vn -0.981968866 -0.000001554 0.189042708
vn -0.806802696 -0.000552663 0.590820704
vn -0.739649514 0.001039091 0.672991469
vn -0.704658189 0.001353733 0.709545632
vn -0.667984967 0.001432058 0.744173389
vn -0.627887184 0.001417267 0.778303074
vn -0.701467831 0.000630475 0.712700838
vn -0.587927365 0.001204157 0.808912828
vn -0.658555192 -0.004852186 0.752516787
vn -0.599128646 0.002197002 0.800649760
vn -0.618648399 -0.018882464 0.785441029
vn -0.553709861 -0.000203888 0.832709642
vn -0.577259862 -0.040767805 0.815542174
vn -0.560827613 -0.000074827 0.827932596
vn -0.974419311 0.000026126 0.224737635
vn -0.972731370 0.000192157 0.231934569
vn -0.565487959 0.000067572 0.824756548
vn -0.973570599 -0.000232026 0.228386154
vn -0.975078916 -0.000336073 0.221858053
vn -0.983188548 -0.004870022 0.182528252
vn -0.975075297 0.000130867 0.221874170
vn -0.961206089 -0.000877967 0.275829809
vn -0.944159580 -0.002925374 0.329475537
vn -0.920665974 0.000675957 0.390350749
vn -0.932976743 0.005958847 0.359887327
vn -0.916948878 -0.000382211 0.399004522
vn -0.891067028 -0.013024406 0.453684820
vn -0.886217130 0.004571834 0.463247554
vn -0.886786088 0.001546278 0.462177501
vn -0.860033732 -0.010046328 0.510138267
vn -0.849177138 0.004564949 0.528088391
vn -0.853122501 0.002242465 0.521705826
vn -0.789686576 -0.005242806 0.613488081
vn -0.805473585 -0.001837573 0.592628827
vn -0.812226767 0.003379692 0.583332029
vn -0.735674019 -0.006044793 0.677308791
vn -0.755743101 0.004521428 0.654852596
vn -0.766829942 0.004911871 0.641831531
vn -0.691253036 -0.009518600 0.722550093
vn -0.701380069 0.004284766 0.712774606
vn -0.734391707 -0.000745390 0.678725471
vn -0.656594012 -0.001499967 0.754242702
vn -0.652902654 -0.004277865 0.757429749
vn -0.611356364 -0.000013939 0.791355417
vn -0.588734578 -0.000011232 0.808326417
vn -0.521494201 -0.001236730 0.853253930
vn -0.977572683 0.000734199 0.210597034
vn -0.945660852 0.003244507 0.325138473
vn -0.958310270 -0.010396656 0.285540426
vn -0.956758084 -0.011386350 0.290661866
vn -0.935627093 -0.002358534 0.352982125
vn -0.941355940 -0.004447450 0.337385853
vn -0.954426938 -0.008943303 0.298310638
vn -0.945943493 -0.005964055 0.324276638
vn -0.950302480 -0.007464065 0.311238630
vn -0.929324345 0.000994867 0.369263148
vn -0.930474320 -0.001076622 0.366355538
vn -0.923394867 0.003159309 0.383838428
vn -0.925203767 -0.000223473 0.379470604
vn -0.917817830 0.005976791 0.396956809
vn -0.910122121 -0.000766559 0.414339399
vn -0.911783664 0.011575565 0.410507681
vn -0.881078064 -0.008522779 0.472894077
vn -0.904398248 0.003932930 0.426671232
vn -0.899145374 0.002817563 0.437641015
vn -0.893940267 0.001739010 0.448182747
vn -0.888795120 0.000697158 0.458304211
vn -0.883434402 -0.000364377 0.468554720
vn -0.877043194 -0.002440698 0.480405328
vn -0.856266836 -0.008753864 0.516459559
vn -0.873018949 -0.000795413 0.487685638
vn -0.837325901 0.007317534 0.546655091
vn -0.932213871 0.000987574 0.361906511
vn -0.931644267 -0.000214249 0.363371592
vn -0.955253388 0.000587105 0.295788133
vn -0.925384783 -0.000402956 0.379028813
vn -0.913652325 0.007384874 0.406429444
vn -0.929764701 0.000014143 0.368154316
vn -0.942729479 -0.000030995 0.333558282
vn -0.930066144 -0.000099969 0.367392103
vn -0.738418845 -0.024344693 0.673902771
vn -0.739061252 -0.000631885 0.673637935
vn -0.726316106 0.000370522 0.687360732
vn -0.751729472 -0.020997854 0.659137232
vn -0.708120314 -0.009353113 0.706029844
vn -0.710828613 -0.000723894 0.703364883
vn -0.691919087 -0.003039068 0.721968657
vn -0.935213781 0.000542505 0.354083166
vn -0.931432305 0.000231771 0.363914560
vn -0.927664629 -0.000538212 0.373414041
vn -0.952914200 0.003194516 0.303223222
vn -0.931614178 -0.000311757 0.363448658
vn -0.925282660 -0.001247652 0.379276209
vn -0.918515696 -0.002206188 0.395378361
vn -0.893312416 -0.024134505 0.448787759
vn -0.851144567 0.010443951 0.524827448
vn -0.861051918 -0.000533637 0.508516775
vn -0.870242552 -0.000787864 0.492622858
vn -0.851604358 -0.000280112 0.524185024
vn -0.879157284 -0.001042334 0.476530570
vn -0.886792979 0.020051328 0.461731693
vn -0.813212665 0.000529923 0.581966391
vn -0.944999961 -0.000037493 0.327070440
vn -0.722374104 -0.008181057 0.691454065
vn -0.756517582 -0.002753130 0.653967559
vn -0.722068188 0.011075141 0.691733238
vn -0.725154794 0.027596029 0.688032691
vn -0.705602489 0.012357439 0.708500121
vn -0.688109374 -0.000828464 0.725606507
vn -0.681277332 -0.001348330 0.732024165
vn -0.895639345 -0.000217825 0.444780975
vn -0.901557002 0.000169448 0.432660310
vn -0.898917056 0.018931399 0.437709639
vn -0.844010863 0.002681960 0.536319374
vn -0.906208656 0.004019736 0.422811677
vn -0.890269587 0.002189877 0.455428663
vn -0.880000376 0.001089900 0.474971737
vn -0.885682971 0.001686466 0.464287444
vn -0.876240651 0.000491924 0.481873511
vn -0.871406051 0.000184721 0.490562393
vn -0.909551204 0.004421184 0.415568357
vn -0.901379033 0.012929547 0.432837921
vn -0.816026508 -0.003009957 0.578006642
vn -0.931626289 -0.000090374 0.363417735
vn -0.933224664 0.001149528 0.359291531
vn -0.959143425 -0.002356830 0.282910474
vn -0.904868691 -0.014092787 0.425457455
vn -0.785386762 0.009387025 0.618934180
vn -0.794638105 -0.026290698 0.606513876
vn -0.861128519 -0.007630722 0.508330056
vn -0.787145098 0.000544027 0.616767621
vn -0.725657708 0.011096195 0.687966398
vn -0.701673185 0.000181890 0.712498919
vn -0.730924248 0.000349988 0.682458512
vn -0.659271184 0.012619197 0.751799350
vn -0.631085690 0.000426855 0.775713007
vn -0.678571093 -0.002996718 0.734528619
vn -0.581932570 -0.000385370 0.813236949
vn -0.953175198 -0.000391708 0.302418401
vn -0.956286690 0.005023720 0.292387636
vn -0.965382297 -0.015373676 0.260385619
vn -0.954576854 0.019220913 0.297344223
vn -0.937913103 0.006595876 0.346807592
vn -0.912785723 0.001097123 0.408437291
vn -0.832187007 0.007217540 0.554448097
vn -0.806407343 0.000151211 0.591360444
vn -0.835181782 0.000632108 0.549973628
vn -0.791464454 -0.000626849 0.611214877
vn -0.780765100 0.000017938 0.624824662
vn -0.781897348 -0.000001788 0.623407200
vn -0.772825256 0.000126480 0.634618868
vn -0.764924504 0.000197090 0.644119915
vn -0.734776781 -0.002699799 0.678303614
vn -0.755531512 0.002216777 0.655108557
vn -0.711732590 0.014190999 0.702307152
vn -0.705947822 0.006976087 0.708229488
vn -0.728161168 -0.019303299 0.685134072
vn -0.940482072 0.000170695 0.339843262
vn -0.927705652 -0.001018744 0.373311110
vn -0.872725800 -0.000705097 0.488210181
vn -0.950473044 -0.001960130 0.310800822
vn -0.913479114 -0.002319799 0.406879007
vn -0.936748482 0.003370871 0.349987026
vn -0.915232321 -0.003636967 0.402910127
vn -0.914231350 0.000490346 0.405192299
vn -0.875891475 -0.000066179 0.482508155
vn -0.844536649 -0.002877531 0.535490026
vn -0.871669946 -0.001277848 0.490091698
vn -0.887277324 0.000384241 0.461236168
vn -0.617467711 0.000145825 0.786596215
vn -0.676958997 0.000067270 0.736020728
vn -0.735417512 -0.000039823 0.677614257
vn -0.639685032 -0.003311931 0.768630009
vn -0.680375923 -0.000132816 0.732863279
vn -0.588538340 -0.001925346 0.808467016
vn -0.627616590 -0.005625234 0.778502263
vn -0.663305535 0.000785931 0.748348281
vn -0.568441908 -0.004269036 0.822712327
vn -0.571444195 -0.000191951 0.820640905
vn -0.674656230 0.000306223 0.738132019
vn -0.645788605 0.000014002 0.763516259
vn -0.872047935 0.000435193 0.489420279
vn -0.812032745 -0.000119166 0.583611864
vn -0.874611001 0.000175961 0.484825293
vn -0.883723981 -0.023561746 0.467414986
vn -0.800969986 -0.005219174 0.598681753
vn -0.879415892 -0.021273078 0.475578748
vn -0.875063508 -0.019000729 0.483635017
vn -0.870687050 -0.016754084 0.491551993
vn -0.866292244 -0.014534685 0.499326037
vn -0.861900505 -0.012351741 0.506926971
vn -0.811302113 -0.000003437 0.584627130
vn -0.800039436 0.004095961 0.599933433
vn -0.898426645 -0.000286950 0.439123537
vn -0.851376450 0.011217177 0.524435234
vn -0.845319142 0.013987657 0.534078546
vn -0.839155590 0.016751833 0.543633399
vn -0.832937342 0.019487479 0.553024070
vn -0.826695820 0.022182595 0.562211663
vn -0.852865763 0.000279637 0.522130168
vn -0.776139002 -0.003903771 0.630549768
vn -0.886913469 -0.001560800 0.461932963
vn -0.870068960 0.000904217 0.492929191
vn -0.834781506 -0.001245989 0.550579953
vn -0.881024196 0.001730275 0.473068042
vn -0.581105513 0.000396218 0.813828130
vn -0.664704487 -0.000294028 0.747106323
vn -0.784387360 0.002155849 0.620267540
vn -0.745553683 -0.004678168 0.666429156
vn -0.923537908 0.005143009 0.383472661
vn -0.895654407 -0.005825516 0.444712544
vn -0.902698586 -0.016231159 0.429967223
vn -0.713037771 0.007378821 0.701086792
vn -0.713392393 -0.006302567 0.700736449
vn -0.648302584 0.004019213 0.761372186
vn -0.928734648 0.004989984 0.370711550
vn -0.686061967 0.002763125 0.727537863
vn -0.641140138 -0.011702445 0.767334592
vn -0.930453645 -0.001318112 0.366407256
vn -0.910769890 -0.011583572 0.412751776
vn -0.932104578 -0.069105910 0.355535412
vn -0.933570679 -0.073369193 0.350803005
vn -0.829382937 0.005639380 0.558652075
vn -0.769121833 0.001340096 0.639100782
vn -0.783656561 0.000511299 0.621194118
vn -0.833373085 0.003594336 0.552699178
vn -0.791090367 0.002881773 0.611692509
vn -0.768605942 0.002605051 0.639717218
vn -0.722113270 0.007278772 0.691736542
vn -0.780152104 0.003558802 0.625579754
vn -0.768202666 -0.048549848 0.638363201
vn -0.759561817 -0.041874531 0.649085795
vn -0.730021972 -0.019947608 0.683132500
vn -0.711465690 -0.008132557 0.702673775
vn -0.934865529 0.004086773 0.354978508
vn -0.915437710 -0.006761878 0.402402877
vn -0.915337870 -0.025651599 0.401868857
vn -0.928880467 -0.000474631 0.370379336
vn -0.928359780 0.004092559 0.371660287
vn -0.719178229 0.000042854 0.694825643
vn -0.937328951 0.000032358 0.348445744
vn -0.952115046 0.000752847 0.305739060
vn -0.976774392 0.000000000 0.214270358
vn -0.887643473 -0.002307317 0.460525506
vn -0.916206105 -0.025510326 0.399894481
vn -0.909725094 -0.018346220 0.414805581
vn -0.876239199 0.012080484 0.481724950
vn -0.802892184 0.005485881 0.596099023
vn -0.841620432 0.009098952 0.539992831
vn -0.917434941 -0.001896954 0.397881303
vn -0.737889327 -0.005441630 0.674899792
vn -0.631325453 -0.002883996 0.775512640
vn -0.565667217 -0.001058311 0.824632936
vn -0.975512323 -0.000411166 0.219944401
vn -0.953953407 -0.000314877 0.299954660
vn -0.979080111 -0.011501614 0.203149820
vn -0.962419424 -0.003035301 0.271550435
vn -0.979910205 -0.011882282 0.199084911
vn -0.980727444 -0.012264706 0.194995534
vn -0.945542754 -0.000200530 0.325497864
vn -0.959958777 0.002994727 0.280125288
vn -0.935083174 -0.004610194 0.354398368
vn -0.933615548 -0.004228841 0.358251484
vn -0.900290037 -0.001481085 0.435288014
vn -0.925405768 0.005506507 0.378937783
vn -0.918551063 0.003174308 0.395289601
vn -0.912198537 0.001096263 0.409747029
vn -0.906085241 -0.000835873 0.423094360
vn -0.899600639 -0.005047242 0.436684343
vn -0.744090554 -0.001190858 0.668077712
vn -0.719925667 0.000518692 0.694050981
vn -0.805214051 -0.000144491 0.592984243
vn -0.685362724 0.004554642 0.728187608
vn -0.611248670 -0.000733090 0.791438265
vn -0.635412820 -0.000398789 0.772172513
vn -0.659983862 -0.000049500 0.751279774
vn -0.683596163 0.000295804 0.729860397
vn -0.587544049 -0.001052796 0.809191499
vn -0.926110151 0.002604533 0.377244225
vn -0.670811551 -0.000158928 0.741627829
vn -0.774460014 -0.000010355 0.632622863
vn -0.687913938 0.000633290 0.725791991
vn -0.864157819 -0.000560448 0.503220578
vn -0.804146290 -0.000761608 0.594430959
vn -0.591747074 -0.000125637 0.806123678
vn -0.869575429 -0.002133342 0.493795527
vn -0.903924057 0.001815530 0.427689143
vn -0.896050710 0.001230574 0.443950010
vn -0.849146694 -0.002064803 0.528153036
vn -0.862149153 0.025917069 0.505991249
vn -0.823723631 -0.009175555 0.566917269
vn -0.816740611 -0.005639188 0.576977446
vn -0.796321339 0.003042311 0.604866158
vn -0.730148926 -0.000742479 0.683287637
vn -0.714486788 -0.006011897 0.699623103
vn -0.656802462 -0.002322623 0.754059104
vn -0.679854729 0.000541992 0.733346612
vn -0.876622292 0.030573870 0.480206826
vn -0.868247351 0.024193387 0.495541338
vn -0.859588438 0.017816442 0.510676308
vn -0.850144297 -0.000677781 0.526549347
vn -0.803179279 0.001203709 0.595736180
vn -0.742575354 0.006276562 0.669733117
vn -0.794228817 -0.004327072 0.607603376
vn -0.588768515 -0.001103098 0.808300946
vn -0.641676403 0.033801803 0.766230273
vn -0.703859374 0.003177360 0.710332236
vn -0.614736445 0.003060369 0.788726655
vn -0.896731686 0.001997280 0.442570100
vn -0.869379206 0.000114582 0.494145509
vn -0.865539249 -0.000084727 0.500841094
vn -0.860407894 -0.018987001 0.509252147
vn -0.819473142 0.003591804 0.573106332
vn -0.849477937 -0.014830319 0.527415676
vn -0.732712575 -0.000670188 0.680537900
vn -0.776157706 0.024180414 0.630075013
vn -0.802037985 0.012585217 0.597140421
vn -0.814591380 0.005683746 0.580007395
vn -0.789103546 0.019470466 0.613951541
vn -0.838344315 -0.008047059 0.545081695
vn -0.826708022 -0.001202944 0.562629895
vn -0.636298280 -0.000299042 0.771443070
vn -0.879368332 0.000274890 0.476142059
vn -0.876863192 -0.000472986 0.480739763
vn -0.780282873 -0.000310597 0.625426688
vn -0.907537716 -0.000256544 0.419970508
vn -0.858774158 -0.001459699 0.512352238
vn -0.862495724 0.001253976 0.506062796
vn -0.851853551 -0.005452341 0.523751658
vn -0.879881868 0.012809673 0.475019801
vn -0.870067591 0.006188664 0.492893586
vn -0.851143375 -0.008796449 0.524859579
vn -0.698818809 -0.000014450 0.715298729
vn -0.774190023 -0.003808007 0.632941789
vn -0.727860088 -0.023087372 0.685336899
vn -0.714610103 -0.016180581 0.699335820
vn -0.711036367 -0.031372437 0.702455020
vn -0.695124612 -0.003418314 0.718881137
vn -0.761278773 -0.000039495 0.648424728
vn -0.704577336 -0.000028026 0.709627210
vn -0.730168237 -0.000008500 0.683267404
vn -0.801283816 0.000040996 0.598284418
vn -0.790089097 0.003116917 0.612984098
vn -0.783666202 0.004847724 0.621163250
vn -0.747976701 0.000824337 0.663724472
vn -0.806803397 0.002345017 0.590815352
vn -0.793068770 0.002419514 0.609127304
vn -0.782250466 -0.031638704 0.622160108
vn -0.768044379 -0.025922552 0.639871748
vn -0.725388518 0.017852660 0.688108117
vn -0.910707004 -0.001853520 0.413048808
vn -0.720153267 0.030098017 0.693161872
vn -0.892185603 -0.002116993 0.451663999
vn -0.855250567 0.000604012 0.518214340
vn -0.711164453 0.035836440 0.702111722
vn -0.690137794 0.005878605 0.723654107
vn -0.667026800 0.002445812 0.745029708
vn -0.579256566 0.018239691 0.814941191
vn -0.645437950 0.006480268 0.763785217
vn -0.623528161 0.010470224 0.781730776
vn -0.601426712 0.014395762 0.798798267
vn -0.710772601 -0.000754162 0.703421454
vn -0.781266543 0.001769207 0.624195049
vn -0.745011704 -0.000817652 0.667050891
vn -0.868261582 0.013637165 0.495919199
vn -0.843637134 0.008607827 0.536844755
vn -0.772870202 -0.001626759 0.634562057
vn -0.806476218 -0.000008570 0.591266530
vn -0.723473667 0.000801169 0.690351513
vn -0.794289717 -0.004792944 0.607520265
vn -0.827025621 -0.018773621 0.561850668
vn -0.814576606 -0.014668571 0.579870491
vn -0.839105764 -0.022883795 0.543486751
vn -0.861967124 -0.031055075 0.506012114
vn -0.801830864 -0.010590210 0.597457206
vn -0.850768832 -0.026983428 0.524846920
vn -0.803205110 0.001412474 0.595700894
vn -0.788845508 -0.006553262 0.614556603
vn -0.777217416 -0.002703022 0.629226336
vn -0.712938486 0.007516089 0.701186298
vn -0.733060145 -0.000745946 0.680163412
vn -0.724166707 0.001670711 0.689622933
vn -0.715335784 0.004036838 0.698769218
vn -0.706564245 0.006355296 0.707620362
vn -0.645291993 -0.000246603 0.763935981
vn -0.689878754 -0.016748166 0.723731168
vn -0.681261061 -0.009167837 0.731983140
vn -0.667781923 0.002459691 0.744352909
vn -0.620710312 -0.000694037 0.784039684
vn -0.866619289 -0.003326666 0.498958856
vn -0.776180631 0.002607975 0.630505215
vn -0.594724444 0.010143264 0.803865630
vn -0.765779928 0.002625716 0.643097355
vn -0.585106727 0.000443564 0.810956177
vn -0.920824735 -0.000249500 0.389976595
vn -0.855841159 -0.004827911 0.517216204
vn -0.591702034 0.000203810 0.806156723
vn -0.681009664 -0.000549069 0.732274221
vn -0.887340811 -0.000674561 0.461113684
vn -0.835932200 0.003599215 0.548820920
vn -0.854984106 -0.048257218 0.516404317
vn -0.853299952 -0.045342115 0.519445171
vn -0.801884246 0.001131390 0.597478348
vn -0.824209354 0.003393624 0.566275043
vn -0.769078596 0.001302740 0.639152889
vn -0.882118375 -0.000299942 0.471027687
vn -0.750976384 -0.018500166 0.660069856
vn -0.748496208 -0.003207251 0.663131315
vn -0.759372937 -0.013641803 0.650512601
vn -0.902675159 -0.000409592 0.430322426
vn -0.899331521 -0.000810872 0.437266689
vn -0.876232168 -0.000118840 0.481889171
vn -0.829253157 -0.001399603 0.558871402
vn -0.871402519 0.000018037 0.490568701
vn -0.874973836 -0.000381699 0.484170054
vn -0.669084588 -0.000860826 0.743185759
vn -0.580113304 0.000000000 0.814535791
vn -0.645868494 0.000000000 0.763448681
vn -0.624164916 0.000000000 0.781292620
vn -0.602204040 0.000000000 0.798342216
vn -0.907431208 -0.006278939 0.420153755
vn -0.828059282 0.005523713 0.560613338
vn -0.687595370 0.006642011 0.726063696
vn -0.653464980 0.002786236 0.756951621
vn -0.858474840 -0.004777623 0.512833427
vn -0.923580525 0.004773238 0.383374791
vn -0.903376720 -0.008012941 0.428773011
vn -0.936396045 -0.009381465 0.350819662
vn -0.933933693 -0.008920017 0.357334983
vn -0.931451847 -0.008462886 0.363766184
vn -0.899137841 -0.003200641 0.437653857
vn -0.862431249 0.018548476 0.505834256
vn -0.860371244 0.019945568 0.509277427
vn -0.858427786 0.021253739 0.512493917
vn -0.823851915 0.000505842 0.566804875
vn -0.894127182 0.002051950 0.447808410
vn -0.887883249 0.000894219 0.460067969
vn -0.895583052 0.002042030 0.444889679
vn -0.866864960 -0.005123033 0.498516695
vn -0.925253392 0.007431526 0.379276855
vn -0.931462994 0.008660403 0.363732990
vn -0.904069461 0.003560804 0.427370717
vn -0.911557298 0.004878595 0.411144126
vn -0.918618406 0.006169819 0.395097655
vn -0.808845081 0.002512323 0.588016431
vn -0.869879953 -0.008489187 0.493190432
vn -0.860794820 -0.004967837 0.508927891
vn -0.851525598 -0.001485782 0.524310927
vn -0.805267167 0.001880871 0.592909143
vn -0.867078007 0.019513747 0.497790060
vn -0.861879870 0.017757950 0.506801485
vn -0.856556931 0.015990673 0.515804733
vn -0.851122436 0.014216683 0.524774700
vn -0.806196512 0.002157321 0.591643922
vn -0.791480638 -0.001736549 0.611191773
vn -0.606203067 -0.000473930 0.795309761
vn -0.760289588 -0.008925213 0.649522966
vn -0.745892096 0.006580043 0.666034296
vn -0.730089990 0.001431611 0.683349513
vn -0.713955404 -0.003690044 0.700181451
vn -0.697565368 -0.008763309 0.716467559
vn -0.659580976 0.000030656 0.751633511
vn -0.937547088 -0.000089854 0.347858376
vn -0.577088362 -0.000199988 0.816681690
vn -0.945237871 0.000858241 0.326381112
vn -0.863558703 0.003498554 0.504236181
vn -0.590431749 0.001120634 0.807086795
vn -0.906684349 -0.006406217 0.421761131
vn -0.926935400 -0.008617626 0.375121980
vn -0.919559389 -0.007223761 0.392884648
vn -0.896649090 -0.005656482 0.442705786
vn -0.903935700 0.004488041 0.427644838
vn -0.895298022 0.003554119 0.445453498
vn -0.886499567 0.002638289 0.462721901
vn -0.877588043 0.001743241 0.479412336
vn -0.868090964 0.000821735 0.496404476
vn -0.858247673 0.000119606 0.513235734
vn -0.858725775 -0.000040892 0.512435403
vn -0.852385601 -0.000170751 0.522913719
vn -0.847013273 0.000028696 0.531571740
vn -0.845800734 -0.000696163 0.533498485
vn -0.812920332 -0.003212829 0.582366045
vn -0.799512985 0.000593031 0.600648513
vn -0.736476074 0.002064173 0.676460444
vn -0.746834168 0.000413456 0.665010192
vn -0.806985400 -0.003076805 0.590563372
vn -0.730556404 0.001559765 0.682850575
vn -0.713617558 0.002720998 0.700530212
vn -0.696015630 0.003896035 0.718016061
vn -0.666429042 0.000165623 0.745568444
vn -0.611935245 0.000192039 0.790907845
vn -0.904645162 0.002904406 0.426155717
vn -0.856647838 -0.002489229 0.515895614
vn -0.894897909 -0.002351494 0.446264723
vn -0.889609275 -0.001862768 0.456718587
vn -0.884393290 -0.001391219 0.466740370
vn -0.873269288 -0.000445898 0.487237675
vn -0.868301817 -0.000233809 0.496036189
vn -0.878588106 -0.000778831 0.477579663
vn -0.890779824 0.000579545 0.454434780
vn -0.875223787 0.009928805 0.483616316
vn -0.837817007 0.000114302 0.545951143
vn -0.812866723 -0.006134694 0.582417424
vn -0.787233234 0.000241686 0.616655315
vn -0.778306994 0.000265144 0.627883869
vn -0.751328773 0.000333320 0.659927999
vn -0.769101155 0.000288851 0.639127006
vn -0.760111932 0.000311551 0.649792085
vn -0.932751666 -0.001732478 0.360515365
vn -0.915303292 -0.007350256 0.402698221
vn -0.911557545 -0.006498784 0.411121160
vn -0.863484645 -0.007505700 0.504319276
vn -0.784349751 0.002004795 0.620315604
vn -0.779745474 0.000531805 0.626096409
vn -0.846610675 -0.000436583 0.532212528
vn -0.860350130 0.003671406 0.509690273
vn -0.881443183 0.000668272 0.472289602
vn -0.878841004 0.000041940 0.477114754
vn -0.926756872 -0.001126266 0.375659994
vn -0.798690208 0.001370100 0.601740869
vn -0.844246368 0.003101415 0.535946314
vn -0.890217575 -0.008868096 0.455449258
vn -0.832968101 0.001691442 0.553318428
vn -0.926626436 0.000550165 0.375982906
vn -0.930831586 0.017653271 0.365021809
vn -0.901388761 -0.006444708 0.432962777
vn -0.747580683 -0.002452992 0.664166474
vn -0.808289457 -0.002176178 0.588781298
vn -0.742376677 -0.002561560 0.669977841
vn -0.670301534 -0.001531642 0.742087264
vn -0.684319924 -0.001146067 0.729180999
vn -0.769156909 0.006047050 0.639031363
vn -0.725940920 -0.002599190 0.687752153
vn -0.812052221 -0.004050416 0.583570719
vn -0.771958885 -0.022620918 0.635269843
vn -0.697347287 0.014524545 0.716586212
vn -0.776670294 -0.002168939 0.629903604
vn -0.783686578 0.000180784 0.621156433
vn -0.810629625 -0.002072074 0.585555564
vn -0.846968737 -0.000004745 0.531642698
vn -0.813184230 0.002447158 0.582001219
vn -0.832571506 -0.001636524 0.553915165
vn -0.823489699 -0.000615985 0.567330888
vn -0.829453300 0.004052927 0.558561363
vn -0.767692330 -0.007945456 0.640769348
vn -0.801437279 0.001581103 0.598076741
vn -0.661917490 0.002159668 0.749573593
vn -0.617502074 0.014128445 0.786442353
vn -0.585020563 0.003378055 0.811011424
vn -0.687357425 -0.000683011 0.726319009
vn -0.764287587 0.006617054 0.644841608
vn -0.747997394 0.005443856 0.663679338
vn -0.707286037 0.002633358 0.706922575
vn -0.756155178 0.006027606 0.654364589
vn -0.693302059 -0.001978304 0.720644393
vn -0.885747639 0.000474219 0.464166883
vn -0.820339152 -0.001291184 0.571875867
vn -0.861505725 -0.002081595 0.507743590
vn -0.791363963 -0.000729443 0.611344866
vn -0.839760906 -0.000892423 0.542955638
vn -0.870477731 -0.001525324 0.492205438
vn -0.696248034 -0.003063136 0.717794742
vn -0.813608196 0.002464166 0.581408317
vn -0.777671100 0.019374965 0.628372717
vn -0.736809492 0.001579130 0.676098571
vn -0.773937747 0.023014863 0.632843330
vn -0.697087080 -0.010557188 0.716908745
vn -0.658550103 0.004398193 0.752524031
vn -0.640595466 0.005032023 0.767862050
vn -0.797289314 -0.004843560 0.603577907
vn -0.716854757 -0.004752093 0.697206336
vn -0.759828333 0.007040885 0.650085633
vn -0.665785768 0.002305522 0.746139394
vn -0.747080020 -0.002881805 0.664727868
vn -0.813388247 -0.001478291 0.581719327
vn -0.794066756 -0.005321423 0.607807263
vn -0.788477067 -0.056743316 0.612441109
vn -0.786921258 -0.054415972 0.614649360
vn -0.786863012 0.000352724 0.617127601
vn -0.882203081 -0.000021983 0.470869116
vn -0.894907499 -0.002524424 0.446244548
vn -0.868004937 -0.002230200 0.496550556
vn -0.779894099 -0.001531516 0.625909617
vn -0.840393743 0.002223835 0.541971781
vn -0.931877611 -0.000800041 0.362771938
vn -0.923699223 -0.004597450 0.383090862
vn -0.851477596 0.002332074 0.524385798
vn -0.754960982 -0.001645749 0.655767648
vn -0.753055431 0.001856869 0.657954459
vn -0.716081042 -0.003775484 0.698006939
vn -0.688842772 0.000643094 0.724910492
vn -0.782550996 -0.004997810 0.622566431
vn -0.740996087 -0.007822238 0.671463783
vn -0.716982499 -0.006032577 0.697065065
vn -0.703061311 -0.000703005 0.711128891
vn -0.620801401 -0.001970881 0.783965392
vn -0.933471362 0.008415191 0.358553206
vn -0.952392270 0.000656144 0.304874620
vn -0.942160984 0.000199554 0.335160618
vn -0.735216007 0.001320321 0.677831601
vn -0.936756203 -0.001515280 0.349979314
vn -0.878964199 -0.001484560 0.476885451
vn -0.755500812 -0.016342534 0.654943849
vn -0.812254802 0.003749034 0.583290735
vn -0.746476960 -0.021696045 0.665057464
vn -0.737198168 -0.027100597 0.675132890
vn -0.719013215 -0.003920203 0.694985344
vn -0.753763822 0.001072811 0.657144543
vn -0.834440713 -0.001372881 0.551096010
vn -0.923729992 -0.003363812 0.383029486
vn -0.956705696 0.006376331 0.290987205
vn -0.958362697 -0.015135376 0.285152348
vn -0.942109784 0.001928753 0.335299022
vn -0.846055754 0.003492767 0.533082978
vn -0.844272173 0.001748379 0.535911786
vn -0.893582602 0.035136351 0.447521585
vn -0.889658657 0.032410849 0.455474491
vn -0.885692686 0.029705913 0.463320650
vn -0.873695234 0.021800893 0.485984938
vn -0.808972494 -0.016768519 0.587607285
vn -0.881694230 0.027026659 0.471046542
vn -0.901269126 0.040628827 0.431350507
vn -0.897454835 0.037876834 0.439477149
vn -0.877700270 0.024395816 0.478588633
vn -0.858154896 -0.002720398 0.513383653
vn -0.791439735 -0.014214508 0.611081904
vn -0.779592712 -0.031478596 0.625495245
vn -0.769510993 -0.037352808 0.637540273
vn -0.763317880 -0.024792098 0.645547183
vn -0.749561497 -0.049986020 0.660044665
vn -0.779943434 -0.000939055 0.625849309
vn -0.880249116 0.000617998 0.474511446
vn -0.778380023 -0.002134100 0.627789762
vn -0.873842521 0.008444482 0.486135721
vn -0.866845248 -0.004851669 0.498553685
vn -0.885621299 -0.004896890 0.464382316
vn -0.710811293 -0.000644585 0.703382464
vn -0.772165817 -0.005011669 0.635401317
vn -0.778747293 -0.000252520 0.627337700
vn -0.861343510 0.007387649 0.507969271
vn -0.844615427 0.004718618 0.535352702
vn -0.851108187 -0.003353482 0.524979627
vn -0.768663137 0.003293294 0.639645320
vn -0.887447251 -0.003174579 0.460898360
vn -0.781351409 0.001128427 0.624090300
vn -0.723883434 0.001641149 0.689920344
vn -0.782390417 0.000069009 0.622788272
vn -0.886117059 -0.001883853 0.463457667
vn -0.862756363 -0.000545967 0.505619581
vn -0.842043525 -0.000469172 0.539409383
vn -0.876504515 0.000639150 0.481393213
vn -0.862752347 -0.002834090 0.505618784
vn -0.817452894 -0.001383161 0.575993796
vn -0.902263796 -0.001701006 0.431181110
vn -0.861296494 -0.004223860 0.508085138
vn -0.736412549 0.001481739 0.676531124
vn -0.668422978 -0.001914273 0.743778904
vn -0.880837401 0.001706200 0.473415845
vn -0.825428694 0.021214755 0.564107618
vn -0.900317249 0.000744805 0.435233611
vn -0.834268304 0.001590391 0.551356389
vn -0.884946096 0.001574287 0.465690809
vn -0.929815342 0.044082284 0.365376767
vn -0.903752150 0.021984571 0.427491204
vn -0.904093298 0.000809137 0.427334359
vn -0.932553657 0.046647785 0.358005113
vn -0.883297473 -0.028143182 0.467967451
vn -0.807786827 0.000331633 0.589474623
vn -0.881228211 -0.026814384 0.471929899
vn -0.853335336 -0.009919749 0.521268073
vn -0.722418530 0.001148642 0.691455095
vn -0.855904334 0.005525731 0.517104668
vn -0.874944797 -0.000187114 0.484222642
vn -0.662382927 -0.009472838 0.749105549
vn -0.803734867 0.000639137 0.594987273
vn -0.822102492 0.002291538 0.569334911
vn -0.821307179 0.001506696 0.570484222
vn -0.822618118 -0.002501279 0.568588758
vn -0.933594287 -0.002054659 0.358325948
vn -0.719069444 0.001292558 0.694937022
vn 0.999677949 0.000020440 0.025377107
vn 0.982670712 -0.028527645 0.183151425
vn 0.973127432 -0.026933041 0.228686711
vn 0.965190791 -0.055228959 0.255649172
vn 0.949492674 -0.064365560 0.307116813
vn 0.931955018 -0.066792970 0.356368551
vn 0.912314370 -0.066307717 0.404086347
vn 0.890366538 -0.059893153 0.451287311
vn 0.880736826 -0.028060976 0.472773967
vn 0.838707148 -0.049733071 0.542307055
vn 0.807304655 -0.021873074 0.589729397
vn 0.774876580 -0.042840982 0.630659128
vn 0.738521142 -0.043059685 0.672853912
vn 0.700829221 -0.040622143 0.712171499
vn 0.662228139 -0.013449597 0.749181554
vn 0.621375509 -0.034824517 0.782738609
vn 0.578018481 -0.034316063 0.815301811
vn 0.533523478 -0.031315908 0.845205308
vn 0.490162332 -0.024317614 0.871291881
vn 0.997465278 -0.068679249 0.018605930
vn 0.997216753 -0.070712583 0.023632144
vn 0.997487678 -0.065811719 0.026213540
vn 0.996377710 -0.077116749 0.035839436
vn 0.995169221 -0.086615136 0.046217305
vn 0.993877143 -0.094601383 0.057085919
vn 0.992952008 -0.098139030 0.066445767
vn 0.992912448 -0.094906336 0.071537812
vn 0.991055819 -0.097318371 0.091309903
vn 0.993324496 -0.085138758 0.077832117
vn 0.990497840 -0.085432322 0.107774525
vn 0.995020264 -0.068768186 0.072149918
vn -0.000228448 0.730501877 0.682910650
vn 0.999812793 0.000019118 0.019348864
vn 0.988567849 0.023912843 0.148868342
vn 0.979433439 0.029014625 0.199670454
vn 0.967644118 0.023153700 0.251254387
vn 0.954214747 0.023540133 0.298194699
vn 0.935149986 0.016922852 0.353847596
vn 0.911920717 0.019706174 0.409893002
vn 0.885745752 0.019029587 0.463780485
vn 0.856375394 0.018744428 0.516013402
vn 0.821450979 0.017671660 0.570005264
vn 0.784226206 0.016585179 0.620253328
vn 0.779493962 0.019365262 0.626110333
vn 0.742527704 0.022554215 0.669435521
vn 0.703795630 0.023962098 0.709998259
vn 0.665542637 0.019518713 0.746104563
vn 0.627240692 0.015759510 0.778666008
vn 0.582808507 0.015306835 0.812465350
vn 0.536208238 0.018463310 0.843883778
vn 0.503021310 0.014681398 0.864149303
vn 0.468880218 0.012784157 0.883169240
vn 0.031007674 0.000052025 0.999519145
vn 0.468105954 0.208134224 0.858811365
vn 0.525187082 0.092394020 0.845956189
vn 0.610358003 0.002159363 0.792122746
vn 0.617062461 -0.016039940 0.786750685
vn 0.650609478 0.055885841 0.757353339
vn 0.713838943 0.074105425 0.696378022
vn 0.640084590 0.396507279 0.658083350
vn 0.663677885 0.415211870 0.622198334
vn 0.653123471 0.496442293 0.571817088
vn 0.639100432 0.563095043 0.523903245
vn 0.817799991 0.167545728 0.550573885
vn 0.010236467 0.300257974 0.953803105
vn 0.075139321 -0.498544667 0.863601354
vn 0.609894689 -0.635067787 0.474043641
vn 0.626239454 -0.582662997 0.518003841
vn 0.641408546 -0.517799906 0.566108059
vn 0.653579798 -0.438160941 0.617129190
vn 0.629514058 -0.422465371 0.652100499
vn 0.666175065 -0.194171320 0.720075191
vn 0.688934238 -0.009064432 0.724767171
vn 0.615676560 -0.003994764 0.787988842
vn 0.574328137 -0.010764674 0.818554404
vn 0.528882828 -0.058309561 0.846689405
vn 0.477961317 -0.143684662 0.866549305
vn 0.005225915 -0.041966329 0.999105358
vn 0.008171934 0.082778094 0.996534498
vn 0.550814141 0.006417668 0.834603257
vn 0.591743063 0.001870178 0.806124463
vn 0.631783300 -0.000681739 0.775144759
vn 0.670452103 -0.001211308 0.741951824
vn 0.707304247 0.000256721 0.706909214
vn 0.693778639 0.004334224 0.720175266
vn 0.729333653 0.013783696 0.684019322
vn 0.763182864 0.015099985 0.646006120
vn 0.794084846 0.019691633 0.607487858
vn 0.822167211 0.024094995 0.568735887
vn 0.847357615 0.028272915 0.530269473
vn 0.224394246 0.262254882 0.938546535
vn 0.142869683 -0.477812254 0.866766233
vn 0.750357714 -0.400392774 0.525974265
vn 0.746464869 -0.350344068 0.565728939
vn 0.738704480 -0.293973203 0.606543855
vn 0.726233012 -0.231381579 0.647339306
vn 0.741509521 -0.106727488 0.662399331
vn 0.680689878 -0.115831999 0.723356231
vn 0.671242603 -0.013365189 0.741117224
vn 0.615741009 -0.003136955 0.787942365
vn 0.587683519 -0.010149148 0.809027241
vn 0.528055126 -0.066471415 0.846604592
vn 0.476410017 -0.154834486 0.865482396
vn 0.003889509 -0.042040738 0.999108326
vn 0.007972658 0.082760127 0.996537605
vn 0.482791075 0.105528744 0.869354049
vn 0.530379240 0.042516612 0.846693687
vn 0.574551444 0.007829822 0.818431018
vn 0.615758365 0.002904899 0.787929691
vn 0.693604988 -0.000063241 0.720355549
vn 0.676120383 0.143251245 0.722731145
vn 0.665977864 0.324848768 0.671525697
vn 0.693741717 0.338030115 0.635970181
vn 0.720421382 0.340208753 0.604360022
vn 0.689778746 0.475911556 0.545631260
vn 0.682217280 0.530428156 0.503215217
vn 0.027636681 0.297198730 0.954415595
vn 0.021947726 -0.512103824 0.858643099
vn 0.769390665 -0.355098731 0.530982952
vn 0.791375431 -0.150445779 0.592529320
vn 0.717342765 -0.355058106 0.599460673
vn 0.708244670 -0.294418614 0.641644113
vn 0.678022233 -0.286295550 0.676993877
vn 0.700014128 -0.099742729 0.707129132
vn 0.653887380 -0.010676870 0.756516555
vn 0.616054821 0.001130274 0.787702469
vn 0.571903796 -0.039223164 0.819382445
vn 0.513920419 -0.172981020 0.840216263
vn 0.433668316 -0.368914813 0.822091025
vn 0.004158635 -0.042023292 0.999107976
vn 0.008436284 0.082700445 0.996538743
vn 0.480337936 0.125635219 0.868038743
vn 0.585457854 0.023631890 0.810358337
vn 0.576155623 -0.015628351 0.817190586
vn 0.616594310 -0.008809646 0.787231762
vn 0.650238474 0.059215207 0.757418963
vn 0.673986999 0.146581828 0.724054758
vn 0.685394226 0.242294297 0.686679131
vn 0.703928599 0.295243645 0.645999782
vn 0.686416294 0.429183483 0.587055543
vn 0.683818044 0.487138110 0.543221266
vn 0.678467244 0.536538394 0.501805491
vn 0.047161422 0.293819238 0.954696840
vn 0.033074251 -0.510090083 0.859484846
vn 0.715203953 -0.472513597 0.514989521
vn 0.722076378 -0.409213906 0.557807927
vn 0.751745883 -0.281244866 0.596472508
vn 0.718639783 -0.259458871 0.645165062
vn 0.693515572 -0.229414004 0.682938772
vn 0.748685783 -0.036572751 0.661915427
vn 0.653067826 -0.032224461 0.756613507
vn 0.617393586 0.021389745 0.786363554
vn 0.625103808 -0.006249258 0.780516608
vn 0.529475345 -0.052204907 0.846717489
vn 0.537475017 -0.095815849 0.837818554
vn 0.003944165 -0.189955148 0.981784847
vn 0.983188548 -0.004870022 0.182528252
vn 0.961206089 -0.000877967 0.275829809
vn 0.944159580 -0.002925374 0.329475537
vn 0.975075297 0.000130867 0.221874170
vn 0.920665974 0.000675957 0.390350749
vn 0.932976743 0.005958847 0.359887327
vn 0.916948878 -0.000382211 0.399004522
vn 0.891067028 -0.013024406 0.453684820
vn 0.886217130 0.004571834 0.463247554
vn 0.886786088 0.001546278 0.462177501
vn 0.860033732 -0.010046328 0.510138267
vn 0.849177138 0.004564949 0.528088391
vn 0.853122501 0.002242465 0.521705826
vn 0.789686576 -0.005242806 0.613488081
vn 0.805473585 -0.001837573 0.592628827
vn 0.812226767 0.003379692 0.583332029
vn 0.735674019 -0.006044793 0.677308791
vn 0.755743101 0.004521428 0.654852596
vn 0.766829942 0.004911871 0.641831531
vn 0.691253036 -0.009518600 0.722550093
vn 0.701380069 0.004284766 0.712774606
vn 0.734391707 -0.000745390 0.678725471
vn 0.656594012 -0.001499967 0.754242702
vn 0.652902654 -0.004277865 0.757429749
vn 0.611356364 -0.000013939 0.791355417
vn 0.588734578 -0.000011232 0.808326417
vn 0.521494201 -0.001236730 0.853253930
vn 0.973570599 -0.000232026 0.228386154
vn 0.975078916 -0.000336073 0.221858053
vn 0.565487959 0.000067572 0.824756548
vn 0.972731370 0.000192157 0.231934569
vn 0.974419311 0.000026126 0.224737635
vn 0.560827613 -0.000074827 0.827932596
vn 0.806802696 -0.000552663 0.590820704
vn 0.739649514 0.001039091 0.672991469
vn 0.704658189 0.001353733 0.709545632
vn 0.667984967 0.001432058 0.744173389
vn 0.627887184 0.001417267 0.778303074
vn 0.701467831 0.000630475 0.712700838
vn 0.587927365 0.001204157 0.808912828
vn 0.658555192 -0.004852186 0.752516787
vn 0.599128646 0.002197002 0.800649760
vn 0.618648399 -0.018882464 0.785441029
vn 0.553709548 -0.000203877 0.832709850
vn 0.577259862 -0.040767805 0.815542174
vn 0.981968866 -0.000001554 0.189042708
vn 0.977644723 0.000630852 0.210262688
vn 0.961916432 -0.006114047 0.273275312
vn 0.957384844 -0.001268425 0.288812485
vn 0.572656975 -0.000019916 0.819795089
vn 0.785386762 0.009387025 0.618934180
vn 0.861128519 -0.007630722 0.508330056
vn 0.794638105 -0.026290698 0.606513876
vn 0.787145098 0.000544027 0.616767621
vn 0.725657708 0.011096195 0.687966398
vn 0.701673185 0.000181890 0.712498919
vn 0.730924248 0.000349988 0.682458512
vn 0.659271184 0.012619197 0.751799350
vn 0.631085690 0.000426855 0.775713007
vn 0.933224664 0.001149528 0.359291531
vn 0.931626289 -0.000090374 0.363417735
vn 0.959143425 -0.002356830 0.282910474
vn 0.904868691 -0.014092787 0.425457455
vn 0.678571093 -0.002996718 0.734528619
vn 0.581932570 -0.000385370 0.813236949
vn 0.909551204 0.004421184 0.415568357
vn 0.844010863 0.002681960 0.536319374
vn 0.901379033 0.012929547 0.432837921
vn 0.906208656 0.004019736 0.422811677
vn 0.901557002 0.000169448 0.432660310
vn 0.898917056 0.018931399 0.437709639
vn 0.895639345 -0.000217825 0.444780975
vn 0.890269587 0.002189877 0.455428663
vn 0.885682971 0.001686466 0.464287444
vn 0.880000376 0.001089900 0.474971737
vn 0.876240651 0.000491924 0.481873511
vn 0.871406051 0.000184721 0.490562393
vn 0.816026508 -0.003009957 0.578006642
vn 0.722374104 -0.008181057 0.691454065
vn 0.722068188 0.011075141 0.691733238
vn 0.756517582 -0.002753130 0.653967559
vn 0.725154794 0.027596029 0.688032691
vn 0.681277332 -0.001348330 0.732024165
vn 0.688109374 -0.000828464 0.725606507
vn 0.705602489 0.012357439 0.708500121
vn 0.944999961 -0.000037493 0.327070440
vn 0.879157284 -0.001042334 0.476530570
vn 0.851144567 0.010443951 0.524827448
vn 0.886792979 0.020051328 0.461731693
vn 0.870242552 -0.000787864 0.492622858
vn 0.861051918 -0.000533637 0.508516775
vn 0.851604358 -0.000280112 0.524185024
vn 0.813212665 0.000529923 0.581966391
vn 0.927664629 -0.000538212 0.373414041
vn 0.952914200 0.003194516 0.303223222
vn 0.931614178 -0.000311757 0.363448658
vn 0.925282660 -0.001247652 0.379276209
vn 0.918515696 -0.002206188 0.395378361
vn 0.893312416 -0.024134505 0.448787759
vn 0.931432305 0.000231771 0.363914560
vn 0.935213781 0.000542505 0.354083166
vn 0.930066144 -0.000099969 0.367392103
vn 0.738418845 -0.024344693 0.673902771
vn 0.739061252 -0.000631885 0.673637935
vn 0.751729472 -0.020997854 0.659137232
vn 0.726316106 0.000370522 0.687360732
vn 0.708120314 -0.009353113 0.706029844
vn 0.710828613 -0.000723894 0.703364883
vn 0.691919087 -0.003039068 0.721968657
vn 0.942729479 -0.000030995 0.333558282
vn 0.929764701 0.000014143 0.368154316
vn 0.932213871 0.000987574 0.361906511
vn 0.955253388 0.000587105 0.295788133
vn 0.931644267 -0.000214249 0.363371592
vn 0.925384783 -0.000402956 0.379028813
vn 0.913652325 0.007384874 0.406429444
vn 0.945660852 0.003244507 0.325138473
vn 0.954426938 -0.008943303 0.298310638
vn 0.950302480 -0.007464065 0.311238630
vn 0.956758084 -0.011386350 0.290661866
vn 0.958310270 -0.010396656 0.285540426
vn 0.941355940 -0.004447450 0.337385853
vn 0.935627093 -0.002358534 0.352982125
vn 0.945943493 -0.005964055 0.324276638
vn 0.929324345 0.000994867 0.369263148
vn 0.930474320 -0.001076622 0.366355538
vn 0.923394867 0.003159309 0.383838428
vn 0.925203767 -0.000223473 0.379470604
vn 0.917817830 0.005976791 0.396956809
vn 0.910122121 -0.000766559 0.414339399
vn 0.911783664 0.011575565 0.410507681
vn 0.881078064 -0.008522779 0.472894077
vn 0.904398248 0.003932930 0.426671232
vn 0.899145374 0.002817563 0.437641015
vn 0.893940267 0.001739010 0.448182747
vn 0.888795120 0.000697158 0.458304211
vn 0.883434402 -0.000364377 0.468554720
vn 0.877043194 -0.002440698 0.480405328
vn 0.856266836 -0.008753864 0.516459559
vn 0.873018949 -0.000795413 0.487685638
vn 0.837325901 0.007317534 0.546655091
vn 0.977572689 0.000734212 0.210597006
vn 0.917434941 -0.001896954 0.397881303
vn 0.916206105 -0.025510326 0.399894481
vn 0.909725094 -0.018346220 0.414805581
vn 0.841620432 0.009098952 0.539992831
vn 0.876239199 0.012080484 0.481724950
vn 0.976774392 0.000000000 0.214270358
vn 0.952115046 0.000752847 0.305739060
vn 0.887643473 -0.002307317 0.460525506
vn 0.802892184 0.005485881 0.596099023
vn 0.737889327 -0.005441630 0.674899792
vn 0.631325453 -0.002883996 0.775512640
vn 0.565667217 -0.001058311 0.824632936
vn 0.937328951 0.000032358 0.348445744
vn 0.928359780 0.004092559 0.371660287
vn 0.934865529 0.004086773 0.354978508
vn 0.928880467 -0.000474631 0.370379336
vn 0.915337870 -0.025651599 0.401868857
vn 0.915437710 -0.006761878 0.402402877
vn 0.829382937 0.005639380 0.558652075
vn 0.833373085 0.003594336 0.552699178
vn 0.783656561 0.000511299 0.621194118
vn 0.769121833 0.001340096 0.639100782
vn 0.780152104 0.003558802 0.625579754
vn 0.719178229 0.000042854 0.694825643
vn 0.791090367 0.002881773 0.611692509
vn 0.768605942 0.002605051 0.639717218
vn 0.722113270 0.007278772 0.691736542
vn 0.768202666 -0.048549848 0.638363201
vn 0.759561817 -0.041874531 0.649085795
vn 0.730021972 -0.019947608 0.683132500
vn 0.711465690 -0.008132557 0.702673775
vn 0.930453645 -0.001318112 0.366407256
vn 0.910769890 -0.011583572 0.412751776
vn 0.933570679 -0.073369193 0.350803005
vn 0.932104578 -0.069105910 0.355535412
vn 0.928734648 0.004989984 0.370711550
vn 0.923537908 0.005143009 0.383472661
vn 0.902698586 -0.016231159 0.429967223
vn 0.895654407 -0.005825516 0.444712544
vn 0.784387360 0.002155849 0.620267540
vn 0.745553683 -0.004678168 0.666429156
vn 0.713037771 0.007378821 0.701086792
vn 0.713392393 -0.006302567 0.700736449
vn 0.686061967 0.002763125 0.727537863
vn 0.648302584 0.004019213 0.761372186
vn 0.641140138 -0.011702445 0.767334592
vn 0.881024196 0.001730275 0.473068042
vn 0.581105513 0.000396218 0.813828130
vn 0.664704487 -0.000294028 0.747106323
vn 0.886913469 -0.001560800 0.461932963
vn 0.870068960 0.000904217 0.492929191
vn 0.834781506 -0.001245989 0.550579953
vn 0.874611001 0.000175961 0.484825293
vn 0.898426645 -0.000286950 0.439123537
vn 0.883723981 -0.023561746 0.467414986
vn 0.800969986 -0.005219174 0.598681753
vn 0.879415892 -0.021273078 0.475578748
vn 0.875063508 -0.019000729 0.483635017
vn 0.870687050 -0.016754084 0.491551993
vn 0.866292244 -0.014534685 0.499326037
vn 0.861900505 -0.012351741 0.506926971
vn 0.811302113 -0.000003437 0.584627130
vn 0.776139002 -0.003903771 0.630549768
vn 0.852865763 0.000279637 0.522130168
vn 0.826695820 0.022182595 0.562211663
vn 0.832937342 0.019487479 0.553024070
vn 0.839155590 0.016751833 0.543633399
vn 0.845319142 0.013987657 0.534078546
vn 0.851376450 0.011217177 0.524435234
vn 0.800039436 0.004095961 0.599933433
vn 0.872047935 0.000435193 0.489420279
vn 0.812032745 -0.000119166 0.583611864
vn 0.617467711 0.000145825 0.786596215
vn 0.735417512 -0.000039823 0.677614257
vn 0.676958997 0.000067270 0.736020728
vn 0.639685032 -0.003311931 0.768630009
vn 0.680375923 -0.000132816 0.732863279
vn 0.588538340 -0.001925346 0.808467016
vn 0.627616590 -0.005625234 0.778502263
vn 0.663305535 0.000785931 0.748348281
vn 0.568441908 -0.004269036 0.822712327
vn 0.571444195 -0.000191951 0.820640905
vn 0.674656230 0.000306223 0.738132019
vn 0.645788605 0.000014002 0.763516259
vn 0.887277324 0.000384241 0.461236168
vn 0.871669946 -0.001277848 0.490091698
vn 0.914231350 0.000490346 0.405192299
vn 0.875891475 -0.000066179 0.482508155
vn 0.844536649 -0.002877531 0.535490026
vn 0.950473044 -0.001960130 0.310800822
vn 0.913479114 -0.002319799 0.406879007
vn 0.936748482 0.003370871 0.349987026
vn 0.915232321 -0.003636967 0.402910127
vn 0.940482072 0.000170695 0.339843262
vn 0.927705652 -0.001018744 0.373311110
vn 0.872725800 -0.000705097 0.488210181
vn 0.956286690 0.005023720 0.292387636
vn 0.965382297 -0.015373676 0.260385619
vn 0.954576854 0.019220913 0.297344223
vn 0.937913103 0.006595876 0.346807592
vn 0.912785723 0.001097123 0.408437291
vn 0.832187007 0.007217540 0.554448097
vn 0.835181782 0.000632108 0.549973628
vn 0.806407343 0.000151211 0.591360444
vn 0.791464454 -0.000626849 0.611214877
vn 0.780765100 0.000017938 0.624824662
vn 0.781897348 -0.000001788 0.623407200
vn 0.772825256 0.000126480 0.634618868
vn 0.764924504 0.000197090 0.644119915
vn 0.734776781 -0.002699799 0.678303614
vn 0.755531512 0.002216777 0.655108557
vn 0.711732590 0.014190999 0.702307152
vn 0.728161168 -0.019303299 0.685134072
vn 0.705947822 0.006976087 0.708229488
vn 0.953175198 -0.000391708 0.302418401
vn 0.945237871 0.000858241 0.326381112
vn 0.937547088 -0.000089854 0.347858376
vn 0.577088362 -0.000199988 0.816681690
vn 0.894127182 0.002051950 0.447808410
vn 0.931462994 0.008660403 0.363732990
vn 0.925253392 0.007431526 0.379276855
vn 0.808845081 0.002512323 0.588016431
vn 0.918618406 0.006169819 0.395097655
vn 0.911557298 0.004878595 0.411144126
vn 0.904069461 0.003560804 0.427370717
vn 0.895583052 0.002042030 0.444889679
vn 0.887883249 0.000894219 0.460067969
vn 0.866864960 -0.005123033 0.498516695
vn 0.869879953 -0.008489187 0.493190432
vn 0.851525598 -0.001485782 0.524310927
vn 0.805267167 0.001880871 0.592909143
vn 0.860794820 -0.004967837 0.508927891
vn 0.867078007 0.019513747 0.497790060
vn 0.861879870 0.017757950 0.506801485
vn 0.856556931 0.015990673 0.515804733
vn 0.851122436 0.014216683 0.524774700
vn 0.806196512 0.002157321 0.591643922
vn 0.791480638 -0.001736549 0.611191773
vn 0.760289588 -0.008925213 0.649522966
vn 0.745892096 0.006580043 0.666034296
vn 0.697565368 -0.008763309 0.716467559
vn 0.713955404 -0.003690044 0.700181451
vn 0.730089990 0.001431611 0.683349513
vn 0.659580976 0.000030656 0.751633511
vn 0.606203067 -0.000473930 0.795309761
vn 0.903376720 -0.008012941 0.428773011
vn 0.933933693 -0.008920017 0.357334983
vn 0.936396045 -0.009381465 0.350819662
vn 0.931451847 -0.008462886 0.363766184
vn 0.899137841 -0.003200641 0.437653857
vn 0.862431249 0.018548476 0.505834256
vn 0.860371244 0.019945568 0.509277427
vn 0.858427786 0.021253739 0.512493917
vn 0.823851915 0.000505842 0.566804875
vn 0.923580525 0.004773238 0.383374791
vn 0.858474840 -0.004777623 0.512833427
vn 0.907431208 -0.006278939 0.420153755
vn 0.828059282 0.005523713 0.560613338
vn 0.653464980 0.002786236 0.756951621
vn 0.687595370 0.006642011 0.726063696
vn 0.624164916 0.000000000 0.781292620
vn 0.602204040 0.000000000 0.798342216
vn 0.580113304 0.000000000 0.814535791
vn 0.645868494 0.000000000 0.763448681
vn 0.669084588 -0.000860826 0.743185759
vn 0.759372937 -0.013641803 0.650512601
vn 0.750976384 -0.018500166 0.660069856
vn 0.769078596 0.001302740 0.639152889
vn 0.748496208 -0.003207251 0.663131315
vn 0.681009664 -0.000549069 0.732274221
vn 0.882118375 -0.000299942 0.471027687
vn 0.829253157 -0.001399603 0.558871402
vn 0.874973836 -0.000381699 0.484170054
vn 0.902675159 -0.000409592 0.430322426
vn 0.876232168 -0.000118840 0.481889171
vn 0.871402519 0.000018037 0.490568701
vn 0.899331521 -0.000810872 0.437266689
vn 0.824209354 0.003393624 0.566275043
vn 0.801884246 0.001131390 0.597478348
vn 0.887340811 -0.000674561 0.461113684
vn 0.835932200 0.003599215 0.548820920
vn 0.854984106 -0.048257218 0.516404317
vn 0.853299952 -0.045342115 0.519445171
vn 0.920824735 -0.000249500 0.389976595
vn 0.855841159 -0.004827911 0.517216204
vn 0.591702034 0.000203810 0.806156723
vn 0.765779928 0.002625716 0.643097355
vn 0.866619289 -0.003326666 0.498958856
vn 0.776180631 0.002607975 0.630505215
vn 0.585106727 0.000443564 0.810956177
vn 0.594724444 0.010143264 0.803865630
vn 0.620710312 -0.000694037 0.784039684
vn 0.794289717 -0.004792944 0.607520265
vn 0.801830864 -0.010590210 0.597457206
vn 0.814576606 -0.014668571 0.579870491
vn 0.777217416 -0.002703022 0.629226336
vn 0.788845508 -0.006553262 0.614556603
vn 0.712938486 0.007516089 0.701186298
vn 0.861967124 -0.031055075 0.506012114
vn 0.839105764 -0.022883795 0.543486751
vn 0.850768832 -0.026983428 0.524846920
vn 0.827025621 -0.018773621 0.561850668
vn 0.733060145 -0.000745946 0.680163412
vn 0.724166707 0.001670711 0.689622933
vn 0.715335784 0.004036838 0.698769218
vn 0.706564245 0.006355296 0.707620362
vn 0.645291993 -0.000246603 0.763935981
vn 0.689878754 -0.016748166 0.723731168
vn 0.681261061 -0.009167837 0.731983140
vn 0.667781923 0.002459691 0.744352909
vn 0.803205110 0.001412474 0.595700894
vn 0.723473667 0.000801169 0.690351513
vn 0.772870202 -0.001626759 0.634562057
vn 0.745011704 -0.000817652 0.667050891
vn 0.806476218 -0.000008570 0.591266530
vn 0.781266543 0.001769207 0.624195049
vn 0.868261582 0.013637165 0.495919199
vn 0.843637134 0.008607827 0.536844755
vn 0.910707004 -0.001853520 0.413048808
vn 0.892185603 -0.002116993 0.451663999
vn 0.855250567 0.000604012 0.518214340
vn 0.710772601 -0.000754162 0.703421454
vn 0.793068770 0.002419514 0.609127304
vn 0.782250466 -0.031638704 0.622160108
vn 0.768044379 -0.025922552 0.639871748
vn 0.725388518 0.017852660 0.688108117
vn 0.720153267 0.030098017 0.693161872
vn 0.711164453 0.035836440 0.702111722
vn 0.690137794 0.005878605 0.723654107
vn 0.667026800 0.002445812 0.745029708
vn 0.601426712 0.014395762 0.798798267
vn 0.579256566 0.018239691 0.814941191
vn 0.645437950 0.006480268 0.763785217
vn 0.623528161 0.010470224 0.781730776
vn 0.806803397 0.002345017 0.590815352
vn 0.801283816 0.000040996 0.598284418
vn 0.790089097 0.003116917 0.612984098
vn 0.783666202 0.004847724 0.621163250
vn 0.747976701 0.000824337 0.663724472
vn 0.730168237 -0.000008500 0.683267404
vn 0.704577336 -0.000028026 0.709627210
vn 0.774190023 -0.003808007 0.632941789
vn 0.727860088 -0.023087372 0.685336899
vn 0.714610103 -0.016180581 0.699335820
vn 0.711036367 -0.031372437 0.702455020
vn 0.695125252 -0.003417807 0.718880520
vn 0.907537716 -0.000256544 0.419970508
vn 0.858774158 -0.001459699 0.512352238
vn 0.879881868 0.012809673 0.475019801
vn 0.851143375 -0.008796449 0.524859579
vn 0.851853551 -0.005452341 0.523751658
vn 0.862495724 0.001253976 0.506062796
vn 0.870067591 0.006188664 0.492893586
vn 0.698818809 -0.000014450 0.715298729
vn 0.761279759 -0.000039092 0.648423571
vn 0.879368332 0.000274890 0.476142059
vn 0.876863192 -0.000472986 0.480739763
vn 0.780283395 -0.000310681 0.625426037
vn 0.636298059 -0.000299095 0.771443252
vn 0.896731686 0.001997280 0.442570100
vn 0.869379206 0.000114582 0.494145509
vn 0.865539249 -0.000084727 0.500841094
vn 0.860407894 -0.018987001 0.509252147
vn 0.819473142 0.003591804 0.573106332
vn 0.849477937 -0.014830319 0.527415676
vn 0.838344315 -0.008047059 0.545081695
vn 0.826708022 -0.001202944 0.562629895
vn 0.814591380 0.005683746 0.580007395
vn 0.802037985 0.012585217 0.597140421
vn 0.789103546 0.019470466 0.613951541
vn 0.776157706 0.024180414 0.630075013
vn 0.732712575 -0.000670188 0.680537900
vn 0.641676403 0.033801803 0.766230273
vn 0.703859374 0.003177360 0.710332236
vn 0.614736445 0.003060369 0.788726655
vn 0.794228817 -0.004327072 0.607603376
vn 0.862149153 0.025917069 0.505991249
vn 0.823723631 -0.009175555 0.566917269
vn 0.869575429 -0.002133342 0.493795527
vn 0.903924057 0.001815530 0.427689143
vn 0.896050710 0.001230574 0.443950010
vn 0.816740611 -0.005639188 0.576977446
vn 0.849146694 -0.002064803 0.528153036
vn 0.588768515 -0.001103098 0.808300946
vn 0.656802462 -0.002322623 0.754059104
vn 0.679854729 0.000541992 0.733346612
vn 0.796321339 0.003042311 0.604866158
vn 0.876622292 0.030573870 0.480206826
vn 0.868247351 0.024193387 0.495541338
vn 0.859588438 0.017816442 0.510676308
vn 0.850144297 -0.000677781 0.526549347
vn 0.803179279 0.001203709 0.595736180
vn 0.742575354 0.006276562 0.669733117
vn 0.730148926 -0.000742479 0.683287637
vn 0.714486788 -0.006011897 0.699623103
vn 0.591747074 -0.000125637 0.806123678
vn 0.687913938 0.000633290 0.725791991
vn 0.804146290 -0.000761608 0.594430959
vn 0.774460014 -0.000010355 0.632622863
vn 0.864157819 -0.000560448 0.503220578
vn 0.926110151 0.002604533 0.377244225
vn 0.670811551 -0.000158928 0.741627829
vn 0.685362724 0.004554642 0.728187608
vn 0.683596163 0.000295804 0.729860397
vn 0.659983862 -0.000049500 0.751279774
vn 0.635412820 -0.000398789 0.772172513
vn 0.611248670 -0.000733090 0.791438265
vn 0.587544049 -0.001052796 0.809191499
vn 0.959958820 0.002994894 0.280125139
vn 0.935083174 -0.004610194 0.354398368
vn 0.933615548 -0.004228841 0.358251484
vn 0.900290037 -0.001481085 0.435288014
vn 0.912198537 0.001096263 0.409747029
vn 0.918551063 0.003174308 0.395289601
vn 0.906085241 -0.000835873 0.423094360
vn 0.899600639 -0.005047242 0.436684343
vn 0.925405768 0.005506507 0.378937783
vn 0.719925667 0.000518692 0.694050981
vn 0.744090554 -0.001190858 0.668077712
vn 0.805214051 -0.000144491 0.592984243
vn 0.953953407 -0.000314877 0.299954660
vn 0.980727446 -0.012264825 0.194995515
vn 0.979910207 -0.011882402 0.199084891
vn 0.962419423 -0.003035359 0.271550440
vn 0.979080114 -0.011501737 0.203149800
vn 0.975512323 -0.000411166 0.219944401
vn 0.945542754 -0.000200530 0.325497864
vn 0.782550996 -0.004997810 0.622566431
vn 0.740996087 -0.007822238 0.671463783
vn 0.716982499 -0.006032577 0.697065065
vn 0.703061311 -0.000703005 0.711128891
vn 0.620801401 -0.001970881 0.783965392
vn 0.688842772 0.000643094 0.724910492
vn 0.716081042 -0.003775484 0.698006939
vn 0.753055431 0.001856869 0.657954459
vn 0.754960982 -0.001645749 0.655767648
vn 0.923699223 -0.004597450 0.383090862
vn 0.851477596 0.002332074 0.524385798
vn 0.931877611 -0.000800041 0.362771938
vn 0.779894099 -0.001531516 0.625909617
vn 0.840393743 0.002223835 0.541971781
vn 0.894907499 -0.002524424 0.446244548
vn 0.868004937 -0.002230200 0.496550556
vn 0.882203081 -0.000021983 0.470869116
vn 0.794066756 -0.005321423 0.607807263
vn 0.788477067 -0.056743316 0.612441109
vn 0.786921258 -0.054415972 0.614649360
vn 0.786863012 0.000352724 0.617127601
vn 0.813388247 -0.001478291 0.581719327
vn 0.747080020 -0.002881805 0.664727868
vn 0.759828333 0.007040885 0.650085633
vn 0.665785768 0.002305522 0.746139394
vn 0.797289314 -0.004843560 0.603577907
vn 0.716854757 -0.004752093 0.697206336
vn 0.736809492 0.001579130 0.676098571
vn 0.658550103 0.004398193 0.752524031
vn 0.640595466 0.005032023 0.767862050
vn 0.813608196 0.002464166 0.581408317
vn 0.777671100 0.019374965 0.628372717
vn 0.773937747 0.023014863 0.632843330
vn 0.697087080 -0.010557188 0.716908745
vn 0.870477731 -0.001525324 0.492205438
vn 0.696248034 -0.003063136 0.717794742
vn 0.839760906 -0.000892423 0.542955638
vn 0.861505725 -0.002081595 0.507743590
vn 0.791363963 -0.000729443 0.611344866
vn 0.885747639 0.000474219 0.464166883
vn 0.820339152 -0.001291184 0.571875867
vn 0.693302059 -0.001978304 0.720644393
vn 0.764287587 0.006617054 0.644841608
vn 0.756155178 0.006027606 0.654364589
vn 0.747997394 0.005443856 0.663679338
vn 0.707286037 0.002633358 0.706922575
vn 0.687357425 -0.000683011 0.726319009
vn 0.801437279 0.001581103 0.598076741
vn 0.661917490 0.002159668 0.749573593
vn 0.617502074 0.014128445 0.786442353
vn 0.585020563 0.003378055 0.811011424
vn 0.829453300 0.004052927 0.558561363
vn 0.832571506 -0.001636524 0.553915165
vn 0.823489699 -0.000615985 0.567330888
vn 0.767692330 -0.007945456 0.640769348
vn 0.813184885 0.002447004 0.582000305
vn 0.846968737 -0.000004745 0.531642698
vn 0.810630358 -0.002072044 0.585554548
vn 0.783686578 0.000180784 0.621156433
vn 0.776670294 -0.002168939 0.629903604
vn 0.812052221 -0.004050416 0.583570719
vn 0.771958885 -0.022620918 0.635269843
vn 0.725940920 -0.002599190 0.687752153
vn 0.697347287 0.014524545 0.716586212
vn 0.769156895 0.006046863 0.639031381
vn 0.684319924 -0.001146067 0.729180999
vn 0.670301534 -0.001531642 0.742087264
vn 0.742376677 -0.002561560 0.669977841
vn 0.808289457 -0.002176178 0.588781298
vn 0.926626436 0.000550165 0.375982906
vn 0.930831586 0.017653271 0.365021809
vn 0.901388761 -0.006444708 0.432962777
vn 0.890217575 -0.008868096 0.455449258
vn 0.832968101 0.001691442 0.553318428
vn 0.747580683 -0.002452992 0.664166474
vn 0.926756872 -0.001126266 0.375659994
vn 0.878841004 0.000041940 0.477114754
vn 0.844246368 0.003101415 0.535946314
vn 0.798690208 0.001370100 0.601740869
vn 0.881443183 0.000668272 0.472289602
vn 0.860350130 0.003671406 0.509690273
vn 0.846610675 -0.000436583 0.532212528
vn 0.784349751 0.002004795 0.620315604
vn 0.779745474 0.000531805 0.626096409
vn 0.932751666 -0.001732478 0.360515365
vn 0.915303292 -0.007350256 0.402698221
vn 0.911557545 -0.006498784 0.411121160
vn 0.863484645 -0.007505700 0.504319276
vn 0.890779824 0.000579545 0.454434780
vn 0.894897909 -0.002351494 0.446264723
vn 0.889609275 -0.001862768 0.456718587
vn 0.884393290 -0.001391219 0.466740370
vn 0.878588106 -0.000778831 0.477579663
vn 0.875223787 0.009928805 0.483616316
vn 0.837817007 0.000114302 0.545951143
vn 0.873269288 -0.000445898 0.487237675
vn 0.812866723 -0.006134694 0.582417424
vn 0.760111932 0.000311551 0.649792085
vn 0.769101155 0.000288851 0.639127006
vn 0.778306994 0.000265144 0.627883869
vn 0.787233234 0.000241686 0.616655315
vn 0.868301817 -0.000233809 0.496036189
vn 0.751328773 0.000333320 0.659927999
vn 0.856647838 -0.002489229 0.515895614
vn 0.904645014 0.002904371 0.426156032
vn 0.611935245 0.000192039 0.790907845
vn 0.906684349 -0.006406217 0.421761131
vn 0.919559389 -0.007223761 0.392884648
vn 0.926935400 -0.008617626 0.375121980
vn 0.896649090 -0.005656482 0.442705786
vn 0.903935700 0.004488041 0.427644838
vn 0.895298022 0.003554119 0.445453498
vn 0.886499567 0.002638289 0.462721901
vn 0.877588043 0.001743241 0.479412336
vn 0.868090964 0.000821735 0.496404476
vn 0.858247673 0.000119606 0.513235734
vn 0.858725775 -0.000040892 0.512435403
vn 0.852385601 -0.000170751 0.522913719
vn 0.847013273 0.000028696 0.531571740
vn 0.845800734 -0.000696163 0.533498485
vn 0.812920332 -0.003212829 0.582366045
vn 0.799512985 0.000593031 0.600648513
vn 0.736476074 0.002064173 0.676460444
vn 0.666429042 0.000165623 0.745568444
vn 0.806985400 -0.003076805 0.590563372
vn 0.746834168 0.000413456 0.665010192
vn 0.730556404 0.001559765 0.682850575
vn 0.713617558 0.002720998 0.700530212
vn 0.696015630 0.003896035 0.718016061
vn 0.863558703 0.003498554 0.504236181
vn 0.590431749 0.001120634 0.807086795
vn 0.668422978 -0.001914273 0.743778904
vn 0.902263796 -0.001701006 0.431181110
vn 0.861296494 -0.004223860 0.508085138
vn 0.817452894 -0.001383161 0.575993796
vn 0.736412549 0.001481739 0.676531124
vn 0.862752347 -0.002834090 0.505618784
vn 0.876504515 0.000639150 0.481393213
vn 0.842043525 -0.000469172 0.539409383
vn 0.862756363 -0.000545967 0.505619581
vn 0.886117059 -0.001883853 0.463457667
vn 0.782390417 0.000069009 0.622788272
vn 0.723883434 0.001641149 0.689920344
vn 0.887447251 -0.003174579 0.460898360
vn 0.781352593 0.001128378 0.624088818
vn 0.851108187 -0.003353482 0.524979627
vn 0.844615427 0.004718618 0.535352702
vn 0.861343510 0.007387649 0.507969271
vn 0.768663137 0.003293294 0.639645320
vn 0.778747293 -0.000252520 0.627337700
vn 0.772165817 -0.005011669 0.635401317
vn 0.885621299 -0.004896890 0.464382316
vn 0.866845248 -0.004851669 0.498553685
vn 0.710811293 -0.000644585 0.703382464
vn 0.873842521 0.008444482 0.486135721
vn 0.778380023 -0.002134100 0.627789762
vn 0.880249116 0.000617998 0.474511446
vn 0.858154896 -0.002720398 0.513383653
vn 0.893582602 0.035136351 0.447521585
vn 0.889658657 0.032410849 0.455474491
vn 0.897454835 0.037876834 0.439477149
vn 0.881694230 0.027026659 0.471046542
vn 0.877700270 0.024395816 0.478588633
vn 0.901269126 0.040628827 0.431350507
vn 0.885692686 0.029705913 0.463320650
vn 0.873695234 0.021800893 0.485984938
vn 0.808972494 -0.016768519 0.587607285
vn 0.791439735 -0.014214508 0.611081904
vn 0.779592712 -0.031478596 0.625495245
vn 0.769510993 -0.037352808 0.637540273
vn 0.763317880 -0.024792098 0.645547183
vn 0.749561497 -0.049986020 0.660044665
vn 0.779943434 -0.000939055 0.625849309
vn 0.844272173 0.001748379 0.535911786
vn 0.846055754 0.003492767 0.533082978
vn 0.834440713 -0.001372881 0.551096010
vn 0.956705696 0.006376331 0.290987205
vn 0.958362594 -0.015135654 0.285152678
vn 0.942109525 0.001928202 0.335299754
vn 0.923729992 -0.003363812 0.383029486
vn 0.753763822 0.001072811 0.657144543
vn 0.755500812 -0.016342534 0.654943849
vn 0.812254802 0.003749034 0.583290735
vn 0.746476960 -0.021696045 0.665057464
vn 0.737198168 -0.027100597 0.675132890
vn 0.719013215 -0.003920203 0.694985344
vn 0.936756203 -0.001515280 0.349979314
vn 0.942160984 0.000199554 0.335160618
vn 0.952392270 0.000656144 0.304874620
vn 0.878964199 -0.001484560 0.476885451
vn 0.933471362 0.008415191 0.358553206
vn 0.735216007 0.001320321 0.677831601
vn 0.821307179 0.001506696 0.570484222
vn 0.822102492 0.002291538 0.569334911
vn 0.803734867 0.000639137 0.594987273
vn 0.662382927 -0.009472838 0.749105549
vn 0.874944797 -0.000187114 0.484222642
vn 0.904093298 0.000809137 0.427334359
vn 0.855904334 0.005525731 0.517104668
vn 0.932553657 0.046647785 0.358005113
vn 0.929815342 0.044082284 0.365376767
vn 0.903752150 0.021984571 0.427491204
vn 0.807786827 0.000331633 0.589474623
vn 0.884946096 0.001574287 0.465690809
vn 0.883297473 -0.028143182 0.467967451
vn 0.881228211 -0.026814384 0.471929899
vn 0.853335336 -0.009919749 0.521268073
vn 0.900317249 0.000744805 0.435233611
vn 0.722418530 0.001148642 0.691455095
vn 0.880837401 0.001706200 0.473415845
vn 0.834268304 0.001590391 0.551356389
vn 0.825428694 0.021214755 0.564107618
vn 0.933594287 -0.002054659 0.358325948
vn 0.822618118 -0.002501279 0.568588758
vn 0.719069444 0.001292558 0.694937022
vn -0.182439817 0.966134983 0.182479883
vn 0.000103982 0.731052960 0.682320716
vn -0.331608142 0.926474882 0.177989698
vn 0.095357179 0.743713934 0.661661993
vn -0.466991457 0.853210041 0.232274849
vn 0.275703511 0.942436211 0.189213006
vn -0.576301052 0.745822725 0.334104116
vn 0.420141357 0.888550292 0.184281357
vn -0.697502857 0.686457443 0.205586827
vn 0.513048943 0.751920206 0.414000949
vn -0.678755863 0.514048566 0.524446900
vn -0.902381862 0.009118929 0.430840828
vn -0.960646600 0.004327244 0.277739778
vn -0.949865390 0.001530678 0.312655399
vn -0.915366050 0.002381878 0.402615599
vn 0.671177715 0.701995463 0.238165582
vn -0.149034111 0.001176792 0.988831355
vn -0.928590841 -0.088793628 0.360325882
vn -0.957288217 0.039555728 0.286416853
vn -0.942139843 0.031088332 0.333775422
vn -0.929583200 0.030923943 0.367312925
vn -0.913812165 0.039498768 0.404211793
vn -0.900158127 0.038863290 0.433825992
vn -0.882160123 0.037939912 0.469418875
vn -0.867544463 0.034016458 0.496195008
vn -0.850699738 0.034776489 0.524500288
vn -0.055300349 0.000065872 0.998469763
vn -0.080619005 -0.000074430 0.996744988
vn -0.956443212 -0.003262541 0.291900218
vn -0.940476032 -0.003182508 0.339845119
vn -0.926699853 -0.002409523 0.375794594
vn -0.900065555 -0.002353491 0.435748158
vn -0.889133435 -0.001607646 0.457645224
vn -0.925122892 0.008339935 0.379576186
vn -0.915230690 0.009990460 0.402806375
vn -0.909251143 0.021854632 0.415673832
vn -0.899334331 0.013433016 0.437055277
vn -0.892605494 0.014402075 0.450608492
vn -0.889086123 0.022030335 0.457209504
vn -0.890728296 0.018019673 0.454178812
vn -0.909857458 0.012613670 0.414729191
vn -0.883533319 -0.004477467 0.468346909
vn -0.889179706 -0.015649793 0.457290427
vn -0.891824161 -0.023780581 0.451756737
vn -0.894253020 -0.014968609 0.447311386
vn -0.901209393 -0.012950301 0.433190396
vn -0.910688854 -0.021112435 0.412553119
vn -0.917054103 -0.011121074 0.398607694
vn -0.925668698 -0.014867752 0.378042869
vn -0.935648992 -0.013138842 0.352687303
vn -0.946502947 -0.006862280 0.322622193
vn -0.955619446 -0.004714868 0.294566198
vn -0.963808662 -0.006100355 0.266525136
vn -0.951627177 -0.013736457 0.306947920
vn -0.911615285 0.023612865 0.410365696
vn -0.961930783 0.004014809 0.273263701
vn -0.952076636 0.005100554 0.305817041
vn -0.941678394 0.005616487 0.336467319
vn -0.935168664 0.026598975 0.353202584
vn -0.925045888 0.007526907 0.379780792
vn -0.913623481 0.011157308 0.406408229
vn -0.908720474 0.025450675 0.416628567
vn -0.899119104 0.014730300 0.437456118
vn -0.891360098 0.013277834 0.453101396
vn -0.886973940 0.020347978 0.461370988
vn -0.892499291 0.020963042 0.450561390
vn -0.880565694 0.005606396 0.473890944
vn -0.864247413 -0.001273960 0.503065390
vn -0.889179706 -0.015649793 0.457290427
vn -0.893224884 -0.016262553 0.449315965
vn -0.900882167 -0.012604689 0.433880678
vn -0.902044261 -0.020363373 0.431162944
vn -0.923193241 -0.012102297 0.384145512
vn -0.926411133 -0.011059094 0.376351045
vn -0.925632297 -0.014416290 0.378149469
vn -0.950381626 -0.010905830 0.310895204
vn -0.946534392 -0.008418143 0.322493068
vn -0.955638580 -0.007233641 0.294453017
vn -0.963810059 -0.006058148 0.266521046
vn -0.928793890 -0.032673763 0.369153540
vn -0.944577378 0.005992671 0.328234161
vn -0.960649293 0.005951227 0.277700413
vn -0.940349739 0.004412601 0.340180684
vn -0.932096636 0.006249253 0.362155778
vn -0.935142361 0.025893215 0.353324648
vn -0.925643351 0.014541664 0.378117609
vn -0.909903376 0.010960863 0.414675422
vn -0.903638459 0.022491359 0.427705125
vn -0.900930721 0.020318612 0.433487012
vn -0.894433347 0.021537787 0.446682338
vn -0.886973940 0.020347978 0.461370988
vn -0.892499291 0.020963042 0.450561390
vn -0.886844187 0.005342917 0.462037706
vn -0.878115432 -0.004660705 0.478426134
vn -0.889060911 -0.010805849 0.457661370
vn -0.908427197 -0.011351576 0.417888944
vn -0.914110845 -0.012679472 0.405266079
vn -0.901846040 -0.019479361 0.431618204
vn -0.945642513 -0.010894140 0.325025470
vn -0.915644585 -0.013869704 0.401749455
vn -0.925508821 -0.012902983 0.378506190
vn -0.937008793 -0.022129689 0.348604071
vn -0.946534392 -0.008418143 0.322493068
vn -0.955639033 -0.007233579 0.294451549
vn -0.963810059 -0.006058148 0.266521046
vn -0.928792197 -0.032674198 0.369157760
vn -0.937046896 0.004587328 0.349173412
vn -0.960647027 0.004120810 0.277741440
vn -0.952093643 0.006423465 0.305739162
vn -0.928456536 0.006035983 0.371392012
vn -0.922925950 0.018578978 0.384528948
vn -0.925578625 0.013771534 0.378304843
vn -0.915853583 0.015884148 0.401198091
vn -0.911002273 0.032550903 0.411114701
vn -0.889769319 0.011420922 0.456267598
vn -0.894352589 0.021217332 0.446859342
vn -0.893324355 0.031439125 0.448311474
vn -0.892499291 0.020963042 0.450561390
vn -0.886844187 0.005342917 0.462037706
vn -0.947990261 -0.026152635 0.317223116
vn -0.922712043 -0.054501129 0.381617758
vn -0.910566225 -0.074359689 0.406619954
vn -0.903170060 -0.057337663 0.425436522
vn -0.908814359 -0.053556310 0.413748936
vn -0.897420470 -0.021172085 0.440667951
vn -0.923801757 -0.027978519 0.381847505
vn -0.934467269 -0.025072625 0.355165154
vn -0.950685107 -0.030936183 0.308611050
vn -0.946694818 -0.024221174 0.321219951
vn -0.955629558 -0.020870668 0.293830841
vn -0.963702694 -0.017527810 0.266401753
vn 0.907471180 0.008630649 0.420025677
vn 0.928904488 0.001773184 0.370315146
vn 0.959313819 0.002687965 0.282329190
vn 0.963814556 0.004015338 0.266543388
vn 0.777850935 0.589098189 0.218886378
vn -0.912513247 -0.245127731 0.327462928
vn -0.893448536 -0.240025239 0.379654577
vn -0.871287294 -0.234090885 0.431346623
vn -0.846154539 -0.227356713 0.482007699
vn -0.818257395 -0.219881012 0.531137624
vn -0.689846839 -0.217676755 0.690455045
vn 0.940145702 -0.067506281 0.334019402
vn 0.960573742 -0.018864832 0.277384580
vn 0.952156517 -0.022211321 0.304802600
vn 0.942873726 -0.025564033 0.332168055
vn 0.951231429 -0.031515622 0.306864032
vn 0.934467269 -0.025072625 0.355165154
vn 0.923801757 -0.027978519 0.381847505
vn 0.897593003 -0.021652255 0.440293062
vn 0.907955151 -0.054139822 0.415555440
vn 0.902728004 -0.057628788 0.426334462
vn 0.911246235 -0.076120305 0.404766597
vn 0.922712043 -0.054501129 0.381617758
vn 0.954499101 -0.021117467 0.297465156
vn 0.862264811 0.001351237 0.506455892
vn 0.892499291 0.020963042 0.450561390
vn 0.893544712 0.030356866 0.447946770
vn 0.894905557 0.021109772 0.445756012
vn 0.889178794 0.010435981 0.457440884
vn 0.911616548 0.033369473 0.409684937
vn 0.915853583 0.015884148 0.401198091
vn 0.925578625 0.013771534 0.378304843
vn 0.923054864 0.015372849 0.384361021
vn 0.939413163 0.006591746 0.342723589
vn 0.955627475 0.005499350 0.294526547
vn 0.963816953 0.003204508 0.266545703
vn 0.935467374 0.004637936 0.353382628
vn 0.940518410 -0.024361520 0.338868170
vn 0.960649339 -0.006527545 0.277687302
vn 0.952107143 -0.007706832 0.305667454
vn 0.942622376 -0.008894634 0.333742328
vn 0.935123928 -0.025318768 0.353415053
vn 0.925508821 -0.012902983 0.378506190
vn 0.915644585 -0.013869704 0.401749455
vn 0.944969432 -0.011975869 0.326939369
vn 0.922987427 -0.009883352 0.384703170
vn 0.894281665 -0.020936308 0.447014512
vn 0.909143080 -0.011196550 0.416333397
vn 0.889258547 -0.010530216 0.457283667
vn 0.883533319 -0.004477467 0.468346909
vn 0.880565694 0.005606396 0.473890944
vn 0.892499291 0.020963042 0.450561390
vn 0.887572068 0.020417107 0.460216216
vn 0.894986971 0.021435492 0.445576977
vn 0.901988930 0.020116063 0.431290290
vn 0.904919485 0.024599416 0.424871268
vn 0.908729463 0.010290107 0.417258765
vn 0.925643351 0.014541664 0.378117609
vn 0.929705191 0.016577813 0.367931290
vn 0.940121618 0.006525343 0.340776705
vn 0.948541740 0.005076743 0.316611425
vn 0.963812946 0.005203903 0.266528655
vn 0.942964109 0.006026351 0.332839861
vn 0.940518410 -0.024361520 0.338868170
vn 0.960648153 -0.006527718 0.277691403
vn 0.952107143 -0.007706832 0.305667454
vn 0.942624503 -0.008894379 0.333736326
vn 0.950206182 -0.013670378 0.311321910
vn 0.937236249 -0.008653472 0.348587624
vn 0.926531011 -0.009673399 0.376094019
vn 0.918475876 -0.015334946 0.395179586
vn 0.900979971 -0.020534966 0.433374442
vn 0.900852646 -0.012232003 0.433952635
vn 0.893091242 -0.015959272 0.449592410
vn 0.889179706 -0.015649793 0.457290427
vn 0.883533319 -0.004477467 0.468346909
vn 0.880565694 0.005606396 0.473890944
vn 0.892499291 0.020963042 0.450561390
vn 0.887572068 0.020417107 0.460216216
vn 0.892059091 0.015012025 0.451669367
vn 0.898645227 0.013005617 0.438483307
vn 0.908538540 0.024525692 0.417080582
vn 0.913623481 0.011157308 0.406408229
vn 0.925045888 0.007526907 0.379780792
vn 0.937425760 0.016953695 0.347772219
vn 0.946501919 0.006862436 0.322625207
vn 0.955620674 0.004714823 0.294562213
vn 0.964475315 0.003494903 0.264149869
vn 0.883017893 0.031063423 0.468310223
vn 0.951630866 -0.014971583 0.306878718
vn 0.960649819 -0.005017532 0.277717032
vn 0.952076641 -0.005100433 0.305817028
vn 0.941677956 -0.005616545 0.336468546
vn 0.933310095 -0.017807346 0.358629564
vn 0.925668698 -0.014867752 0.378042869
vn 0.917054103 -0.011121074 0.398607694
vn 0.910331727 -0.021088397 0.413341780
vn 0.900804566 -0.014694074 0.433976057
vn 0.894428523 -0.015477979 0.446943005
vn 0.891397966 -0.022149623 0.452679866
vn 0.889179706 -0.015649793 0.457290427
vn 0.883533319 -0.004477467 0.468346909
vn 0.909857458 0.012613670 0.414729191
vn 0.890728296 0.018019673 0.454178812
vn 0.889579638 0.021207285 0.456287539
vn 0.893179312 0.014320702 0.449472618
vn 0.900429101 0.013272179 0.434800281
vn 0.909863592 0.022424101 0.414301102
vn 0.915230690 0.009990460 0.402806375
vn 0.925122892 0.008339935 0.379576186
vn 0.955311527 -0.001648773 0.295596292
vn 0.940473109 -0.003219330 0.339852860
vn 0.921681120 -0.002873128 0.387937700
vn 0.899853025 -0.003157999 0.436181798
vn 0.894499859 -0.001512270 0.447065671
vn 0.089245382 -0.000044815 0.996009669
vn 0.042237953 0.000127455 0.999107571
vn 0.149034113 0.001176794 0.988831355
vn 0.957288217 0.039555728 0.286416853
vn 0.942139843 0.031088332 0.333775422
vn 0.929583200 0.030923943 0.367312925
vn 0.915662803 0.030682407 0.400774527
vn 0.901057261 0.039162140 0.431928396
vn 0.883134493 0.038243016 0.467558487
vn 0.866864232 0.039447983 0.496981147
vn 0.851365542 0.034965345 0.523406284
vn -0.813115045 -0.470141241 0.343236271
vn -0.794519714 -0.459409096 0.397091560
vn -0.773045400 -0.447012282 0.450089801
vn -0.748866373 -0.433051821 0.501662513
vn -0.722237794 -0.417675911 0.551288855
vn -0.410186390 -0.261445749 0.873723781
vn 0.916405282 -0.226866770 0.329746612
vn 0.889997542 -0.238474096 0.388631550
vn 0.867317153 -0.232397274 0.440173219
vn 0.835554601 -0.247329578 0.490588004
vn 0.818251126 -0.218619648 0.531667701
vn 0.144207842 -0.031936292 0.989031937
vn -0.665013298 -0.665858265 0.338216033
vn -0.650237869 -0.651088531 0.391502796
vn -0.633139572 -0.633993894 0.444056331
vn -0.613843368 -0.614698585 0.495320068
vn -0.592541532 -0.593394271 0.544773138
vn -0.119305406 -0.130257396 0.984275993
vn 0.813671544 -0.469085182 0.343362361
vn 0.795073565 -0.458342653 0.397215355
vn 0.773596142 -0.445940092 0.450207112
vn 0.749412122 -0.431978329 0.501773051
vn 0.722779515 -0.416604945 0.551389238
vn 0.156255075 -0.081296900 0.984365362
vn -0.474452697 -0.822981992 0.312402431
vn -0.465413844 -0.807339753 0.362756775
vn -0.454847356 -0.789048676 0.412935916
vn -0.442786588 -0.768162589 0.462456782
vn -0.429302244 -0.744807960 0.510843113
vn -0.343907016 -0.660998978 0.666939514
vn 0.665958243 -0.665113149 0.337822612
vn 0.651202455 -0.650351645 0.391124150
vn 0.634119827 -0.633265690 0.443696531
vn 0.614834589 -0.613980925 0.494980658
vn 0.593538308 -0.592687055 0.544457832
vn 0.528234768 -0.483821577 0.697771246
vn -0.248904503 -0.931290078 0.265979959
vn -0.245432308 -0.918369683 0.310419245
vn -0.241308206 -0.903006617 0.355456608
vn -0.236509425 -0.885123278 0.400774344
vn -0.231028539 -0.864692880 0.446017979
vn -0.026428523 -0.119337247 0.992501967
vn 0.475647463 -0.822638123 0.311489983
vn 0.466642601 -0.807029615 0.361867217
vn 0.456105579 -0.788770003 0.412079584
vn 0.444066778 -0.767913215 0.461642709
vn 0.430598765 -0.744584878 0.510076526
vn 0.155489201 -0.243949843 0.957241653
vn -0.000574318 -0.978765800 0.204980922
vn -0.000850184 -0.972186399 0.234206923
vn -0.000422876 -0.962861430 0.269995719
vn -0.000834078 -0.951625873 0.307258039
vn -0.000548471 -0.940877148 0.338747534
vn -0.000002202 -0.007447366 0.999972268
vn 0.250188255 -0.931351571 0.264556398
vn 0.246752699 -0.918490234 0.309012614
vn 0.242660861 -0.903185149 0.354079502
vn 0.237891465 -0.885358040 0.399435593
vn 0.232437104 -0.864978778 0.444729925
vn 0.231903920 -0.734934013 0.637253927
vn 0.000575300 -0.981082331 0.193590108
vn 0.000430786 -0.972240558 0.233983144
vn 0.000851510 -0.962831534 0.270101300
vn 0.000422909 -0.951712869 0.306989309
vn 0.000558329 -0.936218022 0.351419271
vn 0.000004407 -0.003747880 0.999992977
vn -0.986542668 0.008364725 0.163289912
vn -0.672579231 0.000000000 0.740025119
vn -0.671519389 0.000000000 0.740986984
vn -0.669034383 -0.000000000 0.743231454
vn -0.955820589 -0.050258038 0.289622395
vn -0.980484609 -0.109483697 0.163288860
vn -0.943010398 -0.163859420 0.289622995
vn -0.960401119 -0.225759334 0.163286296
vn -0.916746625 -0.275126798 0.289621945
vn -0.926575451 -0.338816240 0.163283463
vn -0.877404692 -0.382466629 0.289620930
vn -0.879496750 -0.447018653 0.163278259
vn -0.825546331 -0.484347266 0.289622135
vn -0.819833101 -0.548831254 0.163272600
vn -0.761910251 -0.579320084 0.289622185
vn -0.748444899 -0.642786746 0.163264917
vn -0.687401551 -0.666032311 0.289620559
vn -0.666347476 -0.727549733 0.163255712
vn -0.603092518 -0.743235459 0.289621248
vn -0.570888670 -0.811007315 0.127879874
vn -0.489759754 -0.789228371 0.370478020
vn -0.469979728 -0.873366032 0.127870359
vn -0.392207639 -0.841973526 0.370477732
vn -0.368217175 -0.915300588 0.163220541
vn -0.303934810 -0.907602759 0.289621932
vn -0.256298638 -0.952719678 0.163206077
vn -0.193556699 -0.937366229 0.289621059
vn -0.133135912 -0.982818783 0.127836103
vn -0.071967965 -0.926048358 0.370479487
vn -0.023120695 -0.986326632 0.163172326
vn 0.033874514 -0.956541636 0.289621506
vn 0.094805165 -0.982035049 0.163153739
vn 0.147682143 -0.945679274 0.289621643
vn 0.211375281 -0.963694750 0.163134666
vn 0.259375677 -0.921327042 0.289621720
vn 0.324927611 -0.931566576 0.163112726
vn 0.367373134 -0.883830459 0.289621650
vn 0.433823669 -0.886114420 0.163089727
vn 0.470130088 -0.833724605 0.289622140
vn 0.546382648 -0.827737430 0.127737029
vn 0.554100328 -0.745462151 0.370484828
vn 0.631544395 -0.758003700 0.163040079
vn 0.654153253 -0.698714790 0.289622450
vn 0.717532217 -0.677181176 0.163012798
vn 0.748729571 -0.619121421 0.236838967
vn 0.788347040 -0.572761009 0.224619168
vn 0.800981556 -0.523972037 0.289623637
vn 0.866261883 -0.483007180 0.127649571
vn 0.834843211 -0.407154321 0.370489098
vn 0.909735183 -0.381887041 0.162923863
vn 0.902260517 -0.319442745 0.289624399
vn 0.948829139 -0.270536233 0.162890795
vn 0.933910634 -0.209590200 0.289625407
vn 0.980751160 -0.147826098 0.127571969
vn 0.924613747 -0.088460853 0.370491695
vn 0.956623051 -0.031299107 0.289642374
vn 0.986428795 0.021151431 0.162821525
vn 0.967332408 0.090413100 0.236840629
vn 0.963601571 0.145241185 0.224448236
vn 0.936836346 0.196076600 0.289640515
vn 0.956083685 0.263860614 0.127599231
vn 0.877415401 0.304760925 0.370490206
vn 0.916079920 0.366406255 0.162923410
vn 0.874053213 0.424190802 0.236839914
vn 0.857626532 0.487772970 0.162954781
vn 0.780370788 0.503745971 0.370488096
vn 0.802399510 0.582970608 0.127672616
vn 0.714772351 0.593161090 0.370486716
vn 0.728909101 0.664919752 0.163013024
vn 0.669554010 0.703992298 0.236838071
vn 0.631544395 0.758003700 0.163040079
vn 0.554100328 0.745462151 0.370484828
vn 0.550483814 0.818765705 0.163065298
vn 0.482123963 0.826842960 0.289632879
vn 0.443644996 0.887049807 0.127756632
vn 0.361944586 0.855417358 0.370482468
vn 0.334566889 0.933669452 0.127774609
vn 0.257422331 0.892455345 0.370482390
vn 0.227685478 0.959972162 0.163134210
vn 0.161325717 0.943444547 0.289631489
vn 0.111447735 0.980285862 0.163153395
vn 0.047687212 0.955949914 0.289630267
vn -0.006390984 0.986576829 0.163172655
vn -0.066629558 0.954817091 0.289628770
vn -0.124144033 0.978752859 0.163190380
vn -0.179995237 0.940062239 0.289628558
vn -0.240107085 0.956928635 0.163205931
vn -0.290790273 0.911897258 0.289628050
vn -0.352643028 0.921412896 0.163221232
vn -0.397439779 0.870722638 0.289626846
vn -0.460127937 0.872718263 0.163233312
vn -0.498425493 0.817121735 0.289627516
vn -0.561031415 0.811538519 0.163245166
vn -0.592291581 0.751869077 0.289626612
vn -0.653914558 0.738744434 0.163255662
vn -0.677708628 0.675890720 0.289625191
vn -0.737435070 0.655388603 0.163264499
vn -0.753462067 0.590264257 0.289625654
vn -0.810408871 0.562653938 0.163272805
vn -0.818462059 0.496223284 0.289624429
vn -0.871790246 0.461867667 0.163278982
vn -0.871787860 0.395100562 0.289622983
vn -0.920696436 0.354480949 0.163282976
vn -0.912676294 0.288340369 0.289623572
vn -0.956433837 0.242015872 0.163286967
vn -0.940545424 0.177462713 0.289622670
vn -0.978486957 0.126094413 0.163289541
vn -0.954994781 0.064061276 0.289622376
vn 0.206757840 0.638929912 0.740958679
vn 0.276780238 0.611904908 0.740921780
vn 0.216777471 0.636628301 0.740075627
vn 0.295380688 0.600845034 0.742788997
vn 0.364496964 0.561625669 0.742777605
vn 0.352936603 0.571312135 0.740971119
vn 0.061642050 0.670188416 0.739626761
vn 0.132714699 0.659516306 0.739881782
vn 0.145298174 0.655632838 0.740968301
vn 0.222106167 0.631598985 0.742799820
vn -0.010905299 0.672682205 0.739851151
vn 0.059628024 0.668866484 0.740987264
vn 0.139762736 0.654994207 0.742596099
vn -0.098212556 0.665338353 0.740053491
vn -0.033174636 0.670771430 0.740921812
vn 0.061727413 0.666260889 0.743159575
vn -0.175972340 0.649629231 0.739605028
vn -0.107810945 0.662840044 0.740958754
vn -0.012141323 0.669371740 0.742828420
vn -0.251916237 0.623596169 0.740044612
vn -0.183307169 0.646034149 0.740971228
vn -0.091363803 0.663208720 0.742837027
vn -0.330604626 0.585944791 0.739844093
vn -0.260486766 0.618972693 0.740958467
vn -0.169297548 0.647703876 0.742844552
vn -0.391502695 0.547479680 0.739588832
vn -0.325687362 0.587254728 0.740985578
vn -0.244843469 0.623075174 0.742851939
vn -0.453499148 0.496675750 0.740034946
vn -0.391482030 0.545600726 0.740986955
vn -0.316939343 0.589669952 0.742858534
vn -0.514163182 0.433918190 0.739831891
vn -0.453264176 0.495469180 0.740987097
vn -0.389614113 0.544690458 0.742639312
vn -0.557872267 0.376568397 0.739577431
vn -0.509788800 0.437098432 0.740986060
vn -0.450742675 0.494433947 0.743213370
vn -0.594845576 0.314362093 0.739821069
vn -0.556962256 0.375142123 0.740986797
vn -0.502696782 0.442079263 0.742874062
vn -0.630391263 0.234450395 0.740026937
vn -0.599642033 0.302292319 0.740978263
vn -0.555091689 0.374625569 0.742649918
vn -0.655677648 0.150832974 0.739821759
vn -0.632522226 0.225600089 0.740958996
vn -0.594913184 0.306095094 0.743225469
vn -0.668338862 0.079741670 0.739570438
vn -0.653129196 0.156083158 0.740986033
vn -0.625311377 0.238973481 0.742884485
vn -0.666806198 0.079422997 0.740986830
vn -0.649218652 0.163200372 0.742886788
vn -0.664957384 0.079327011 0.742656652
vn -0.667125610 -0.087239537 0.739819359
vn -0.652098140 -0.165635935 0.739819405
vn -0.666604948 -0.081104904 0.740985720
vn -0.627891091 -0.241700687 0.739819949
vn -0.652333129 -0.159377010 0.740986139
vn -0.665367380 -0.073493207 0.742889627
vn -0.594845576 -0.314362093 0.739821069
vn -0.628904136 -0.235412226 0.740986283
vn -0.651973704 -0.151809471 0.742889073
vn -0.553426157 -0.382599074 0.739822571
vn -0.596647460 -0.308142376 0.740985887
vn -0.629394999 -0.227988976 0.742888256
vn -0.504215901 -0.445450105 0.739824661
vn -0.556015259 -0.376546401 0.740985722
vn -0.597949893 -0.300957239 0.742886711
vn -0.447909917 -0.502028548 0.739827036
vn -0.507576354 -0.439665710 0.740986038
vn -0.558082654 -0.369684516 0.742884318
vn -0.385298036 -0.551540810 0.739829817
vn -0.452013393 -0.496612123 0.740986027
vn -0.510352669 -0.433206016 0.742881351
vn -0.317263672 -0.593288406 0.739832839
vn -0.397269463 -0.541426880 0.740968223
vn -0.455432177 -0.490625694 0.742878160
vn -0.244762636 -0.626683859 0.739836869
vn -0.328472024 -0.585711203 0.740978081
vn -0.389614113 -0.544690458 0.742639312
vn -0.168817853 -0.651256803 0.739841272
vn -0.250805375 -0.622926038 0.740985705
vn -0.321712181 -0.586644940 0.743201848
vn -0.097770616 -0.665894601 0.739611579
vn -0.175369445 -0.648217083 0.740985945
vn -0.255708323 -0.618680769 0.742864294
vn -0.018738709 -0.672281559 0.740058353
vn -0.092679173 -0.665110533 0.740971356
vn -0.180606250 -0.644626375 0.742858142
vn 0.068839061 -0.669232953 0.739857039
vn -0.011139890 -0.671458265 0.740958637
vn -0.102957599 -0.661491419 0.742851826
vn 0.140604583 -0.658156820 0.739635012
vn 0.052519413 -0.669482892 0.740968534
vn -0.023856818 -0.669038780 0.742844508
vn 0.216777471 -0.636628301 0.740075627
vn 0.138318901 -0.657119419 0.740987146
vn 0.061189217 -0.666930009 0.742603691
vn 0.291497297 -0.606582513 0.739653285
vn 0.223360115 -0.633317063 0.740958674
vn 0.140260273 -0.654259778 0.743149513
vn 0.360394285 -0.567789512 0.740088528
vn 0.294694301 -0.603420856 0.740971348
vn 0.211008214 -0.635369708 0.742819539
vn 0.431353963 -0.516229912 0.739892179
vn 0.365868676 -0.563134883 0.740958309
vn 0.284806806 -0.605903048 0.742809921
vn 0.489451313 -0.461502441 0.739900607
vn 0.424430810 -0.520383201 0.740985703
vn 0.354596317 -0.567899410 0.742799914
vn 0.540656216 -0.400281285 0.739909284
vn 0.476838065 -0.472854877 0.740968100
vn 0.419391448 -0.521896021 0.742788905
vn 0.584248392 -0.333427303 0.739918948
vn 0.525653504 -0.417999607 0.740921536
vn 0.482296157 -0.464770463 0.742548877
vn 0.619615889 -0.261880967 0.739928719
vn 0.575720085 -0.345685033 0.740977896
vn 0.537533062 -0.399244750 0.742739414
vn 0.646259828 -0.186650018 0.739939190
vn 0.615220530 -0.269154455 0.740985545
vn 0.578084444 -0.337176651 0.743054696
vn 0.663805498 -0.108795234 0.739949902
vn 0.640141866 -0.202941778 0.740967628
vn 0.611708559 -0.272307026 0.742739202
vn 0.671751295 -0.031679610 0.740099047
vn 0.658522440 -0.131847593 0.740921323
vn 0.641498642 -0.192798479 0.742501339
vn 0.671133385 0.044612947 0.739993016
vn 0.670043005 -0.044650027 0.740978237
vn 0.660684691 -0.109190625 0.742679707
vn 0.661139645 0.123786793 0.739980540
vn 0.670745464 0.032656831 0.740968322
vn 0.668374728 -0.035342965 0.742984588
vn 0.644498383 0.193425428 0.739735384
vn 0.661785082 0.113982850 0.740978012
vn 0.668966255 0.039733781 0.742230003
vn 0.616249894 0.269157155 0.740128701
vn 0.640318851 0.202370735 0.740970887
vn 0.659454769 0.114305212 0.743003180
vn 0.576525932 0.346551066 0.739946085
vn 0.610982063 0.278714619 0.740958217
vn 0.643076754 0.186696201 0.742695643
vn 0.531434980 0.412398694 0.739935253
vn 0.577345359 0.342947214 0.740985522
vn 0.616410908 0.261568785 0.742710821
vn 0.484724439 0.466806587 0.739684953
vn 0.532731586 0.408824217 0.740985706
vn 0.581063510 0.332752590 0.742725327
vn 0.425084592 0.521115130 0.740096015
vn 0.477256074 0.472428412 0.740971009
vn 0.537533062 0.399244750 0.742739414
vn 0.361301542 0.567767537 0.739662910
vn 0.416294917 0.526952970 0.740958237
vn 0.486431742 0.460111178 0.742752896
vn 0.297843108 0.603217879 0.739876796
vn 0.428480533 0.514493816 0.742765472
vn -0.986542668 0.008364725 0.163289912
vn -0.672579231 0.000000000 0.740025119
vn -0.671519389 0.000000000 0.740986984
vn -0.669034383 -0.000000000 0.743231454
vn -0.955820589 -0.050258038 0.289622395
vn -0.980484609 -0.109483697 0.163288860
vn -0.943010398 -0.163859420 0.289622995
vn -0.960401119 -0.225759334 0.163286296
vn -0.916746625 -0.275126798 0.289621945
vn -0.926575451 -0.338816240 0.163283463
vn -0.877404692 -0.382466629 0.289620930
vn -0.879496750 -0.447018653 0.163278259
vn -0.825546331 -0.484347266 0.289622135
vn -0.819833101 -0.548831254 0.163272600
vn -0.761910251 -0.579320084 0.289622185
vn -0.748444899 -0.642786746 0.163264917
vn -0.687401551 -0.666032311 0.289620559
vn -0.666347476 -0.727549733 0.163255712
vn -0.603092518 -0.743235459 0.289621248
vn -0.570888670 -0.811007315 0.127879874
vn -0.489759754 -0.789228371 0.370478020
vn -0.469979728 -0.873366032 0.127870359
vn -0.392207639 -0.841973526 0.370477732
vn -0.368217175 -0.915300588 0.163220541
vn -0.303934810 -0.907602759 0.289621932
vn -0.256298638 -0.952719678 0.163206077
vn -0.193556699 -0.937366229 0.289621059
vn -0.133135912 -0.982818783 0.127836103
vn -0.071967965 -0.926048358 0.370479487
vn -0.023120695 -0.986326632 0.163172326
vn 0.033874514 -0.956541636 0.289621506
vn 0.094805165 -0.982035049 0.163153739
vn 0.147682143 -0.945679274 0.289621643
vn 0.211375281 -0.963694750 0.163134666
vn 0.259375677 -0.921327042 0.289621720
vn 0.324927611 -0.931566576 0.163112726
vn 0.367373134 -0.883830459 0.289621650
vn 0.433823669 -0.886114420 0.163089727
vn 0.470130088 -0.833724605 0.289622140
vn 0.546382648 -0.827737430 0.127737029
vn 0.554100328 -0.745462151 0.370484828
vn 0.631544395 -0.758003700 0.163040079
vn 0.654153253 -0.698714790 0.289622450
vn 0.717532217 -0.677181176 0.163012798
vn 0.748729571 -0.619121421 0.236838967
vn 0.788347040 -0.572761009 0.224619168
vn 0.800981556 -0.523972037 0.289623637
vn 0.866261883 -0.483007180 0.127649571
vn 0.834843211 -0.407154321 0.370489098
vn 0.909735183 -0.381887041 0.162923863
vn 0.902260517 -0.319442745 0.289624399
vn 0.948829139 -0.270536233 0.162890795
vn 0.933910634 -0.209590200 0.289625407
vn 0.980751160 -0.147826098 0.127571969
vn 0.924613747 -0.088460853 0.370491695
vn 0.956623051 -0.031299107 0.289642374
vn 0.986428795 0.021151431 0.162821525
vn 0.967332408 0.090413100 0.236840629
vn 0.963601571 0.145241185 0.224448236
vn 0.936836346 0.196076600 0.289640515
vn 0.956083685 0.263860614 0.127599231
vn 0.877415401 0.304760925 0.370490206
vn 0.916079920 0.366406255 0.162923410
vn 0.874053213 0.424190802 0.236839914
vn 0.857626532 0.487772970 0.162954781
vn 0.780370788 0.503745971 0.370488096
vn 0.802399510 0.582970608 0.127672616
vn 0.714772351 0.593161090 0.370486716
vn 0.728909101 0.664919752 0.163013024
vn 0.669554010 0.703992298 0.236838071
vn 0.631544395 0.758003700 0.163040079
vn 0.554100328 0.745462151 0.370484828
vn 0.550483814 0.818765705 0.163065298
vn 0.482123963 0.826842960 0.289632879
vn 0.443644996 0.887049807 0.127756632
vn 0.361944586 0.855417358 0.370482468
vn 0.334566889 0.933669452 0.127774609
vn 0.257422331 0.892455345 0.370482390
vn 0.227685478 0.959972162 0.163134210
vn 0.161325717 0.943444547 0.289631489
vn 0.111447735 0.980285862 0.163153395
vn 0.047687212 0.955949914 0.289630267
vn -0.006390984 0.986576829 0.163172655
vn -0.066629558 0.954817091 0.289628770
vn -0.124144033 0.978752859 0.163190380
vn -0.179995237 0.940062239 0.289628558
vn -0.240107085 0.956928635 0.163205931
vn -0.290790273 0.911897258 0.289628050
vn -0.352643028 0.921412896 0.163221232
vn -0.397439779 0.870722638 0.289626846
vn -0.460127937 0.872718263 0.163233312
vn -0.498425493 0.817121735 0.289627516
vn -0.561031415 0.811538519 0.163245166
vn -0.592291581 0.751869077 0.289626612
vn -0.653914558 0.738744434 0.163255662
vn -0.677708628 0.675890720 0.289625191
vn -0.737435070 0.655388603 0.163264499
vn -0.753462067 0.590264257 0.289625654
vn -0.810408871 0.562653938 0.163272805
vn -0.818462059 0.496223284 0.289624429
vn -0.871790246 0.461867667 0.163278982
vn -0.871787860 0.395100562 0.289622983
vn -0.920696436 0.354480949 0.163282976
vn -0.912676294 0.288340369 0.289623572
vn -0.956433837 0.242015872 0.163286967
vn -0.940545424 0.177462713 0.289622670
vn -0.978486957 0.126094413 0.163289541
vn -0.954994781 0.064061276 0.289622376
vn 0.206757840 0.638929912 0.740958679
vn 0.276780238 0.611904908 0.740921780
vn 0.216777471 0.636628301 0.740075627
vn 0.295380688 0.600845034 0.742788997
vn 0.364496964 0.561625669 0.742777605
vn 0.352936603 0.571312135 0.740971119
vn 0.061642050 0.670188416 0.739626761
vn 0.132714699 0.659516306 0.739881782
vn 0.145298174 0.655632838 0.740968301
vn 0.222106167 0.631598985 0.742799820
vn -0.010905299 0.672682205 0.739851151
vn 0.059628024 0.668866484 0.740987264
vn 0.139762736 0.654994207 0.742596099
vn -0.098212556 0.665338353 0.740053491
vn -0.033174636 0.670771430 0.740921812
vn 0.061727413 0.666260889 0.743159575
vn -0.175972340 0.649629231 0.739605028
vn -0.107810945 0.662840044 0.740958754
vn -0.012141323 0.669371740 0.742828420
vn -0.251916237 0.623596169 0.740044612
vn -0.183307169 0.646034149 0.740971228
vn -0.091363803 0.663208720 0.742837027
vn -0.330604626 0.585944791 0.739844093
vn -0.260486766 0.618972693 0.740958467
vn -0.169297548 0.647703876 0.742844552
vn -0.391502695 0.547479680 0.739588832
vn -0.325687362 0.587254728 0.740985578
vn -0.244843469 0.623075174 0.742851939
vn -0.453499148 0.496675750 0.740034946
vn -0.391482030 0.545600726 0.740986955
vn -0.316939343 0.589669952 0.742858534
vn -0.514163182 0.433918190 0.739831891
vn -0.453264176 0.495469180 0.740987097
vn -0.389614113 0.544690458 0.742639312
vn -0.557872267 0.376568397 0.739577431
vn -0.509788800 0.437098432 0.740986060
vn -0.450742675 0.494433947 0.743213370
vn -0.594845576 0.314362093 0.739821069
vn -0.556962256 0.375142123 0.740986797
vn -0.502696782 0.442079263 0.742874062
vn -0.630391263 0.234450395 0.740026937
vn -0.599642033 0.302292319 0.740978263
vn -0.555091689 0.374625569 0.742649918
vn -0.655677648 0.150832974 0.739821759
vn -0.632522226 0.225600089 0.740958996
vn -0.594913184 0.306095094 0.743225469
vn -0.668338862 0.079741670 0.739570438
vn -0.653129196 0.156083158 0.740986033
vn -0.625311377 0.238973481 0.742884485
vn -0.666806198 0.079422997 0.740986830
vn -0.649218652 0.163200372 0.742886788
vn -0.664957384 0.079327011 0.742656652
vn -0.667125610 -0.087239537 0.739819359
vn -0.652098140 -0.165635935 0.739819405
vn -0.666604948 -0.081104904 0.740985720
vn -0.627891091 -0.241700687 0.739819949
vn -0.652333129 -0.159377010 0.740986139
vn -0.665367380 -0.073493207 0.742889627
vn -0.594845576 -0.314362093 0.739821069
vn -0.628904136 -0.235412226 0.740986283
vn -0.651973704 -0.151809471 0.742889073
vn -0.553426157 -0.382599074 0.739822571
vn -0.596647460 -0.308142376 0.740985887
vn -0.629394999 -0.227988976 0.742888256
vn -0.504215901 -0.445450105 0.739824661
vn -0.556015259 -0.376546401 0.740985722
vn -0.597949893 -0.300957239 0.742886711
vn -0.447909917 -0.502028548 0.739827036
vn -0.507576354 -0.439665710 0.740986038
vn -0.558082654 -0.369684516 0.742884318
vn -0.385298036 -0.551540810 0.739829817
vn -0.452013393 -0.496612123 0.740986027
vn -0.510352669 -0.433206016 0.742881351
vn -0.317263672 -0.593288406 0.739832839
vn -0.397269463 -0.541426880 0.740968223
vn -0.455432177 -0.490625694 0.742878160
vn -0.244762636 -0.626683859 0.739836869
vn -0.328472024 -0.585711203 0.740978081
vn -0.389614113 -0.544690458 0.742639312
vn -0.168817853 -0.651256803 0.739841272
vn -0.250805375 -0.622926038 0.740985705
vn -0.321712181 -0.586644940 0.743201848
vn -0.097770616 -0.665894601 0.739611579
vn -0.175369445 -0.648217083 0.740985945
vn -0.255708323 -0.618680769 0.742864294
vn -0.018738709 -0.672281559 0.740058353
vn -0.092679173 -0.665110533 0.740971356
vn -0.180606250 -0.644626375 0.742858142
vn 0.068839061 -0.669232953 0.739857039
vn -0.011139890 -0.671458265 0.740958637
vn -0.102957599 -0.661491419 0.742851826
vn 0.140604583 -0.658156820 0.739635012
vn 0.052519413 -0.669482892 0.740968534
vn -0.023856818 -0.669038780 0.742844508
vn 0.216777471 -0.636628301 0.740075627
vn 0.138318901 -0.657119419 0.740987146
vn 0.061189217 -0.666930009 0.742603691
vn 0.291497297 -0.606582513 0.739653285
vn 0.223360115 -0.633317063 0.740958674
vn 0.140260273 -0.654259778 0.743149513
vn 0.360394285 -0.567789512 0.740088528
vn 0.294694301 -0.603420856 0.740971348
vn 0.211008214 -0.635369708 0.742819539
vn 0.431353963 -0.516229912 0.739892179
vn 0.365868676 -0.563134883 0.740958309
vn 0.284806806 -0.605903048 0.742809921
vn 0.489451313 -0.461502441 0.739900607
vn 0.424430810 -0.520383201 0.740985703
vn 0.354596317 -0.567899410 0.742799914
vn 0.540656216 -0.400281285 0.739909284
vn 0.476838065 -0.472854877 0.740968100
vn 0.419391448 -0.521896021 0.742788905
vn 0.584248392 -0.333427303 0.739918948
vn 0.525653504 -0.417999607 0.740921536
vn 0.482296157 -0.464770463 0.742548877
vn 0.619615889 -0.261880967 0.739928719
vn 0.575720085 -0.345685033 0.740977896
vn 0.537533062 -0.399244750 0.742739414
vn 0.646259828 -0.186650018 0.739939190
vn 0.615220530 -0.269154455 0.740985545
vn 0.578084444 -0.337176651 0.743054696
vn 0.663805498 -0.108795234 0.739949902
vn 0.640141866 -0.202941778 0.740967628
vn 0.611708559 -0.272307026 0.742739202
vn 0.671751295 -0.031679610 0.740099047
vn 0.658522440 -0.131847593 0.740921323
vn 0.641498642 -0.192798479 0.742501339
vn 0.671133385 0.044612947 0.739993016
vn 0.670043005 -0.044650027 0.740978237
vn 0.660684691 -0.109190625 0.742679707
vn 0.661139645 0.123786793 0.739980540
vn 0.670745464 0.032656831 0.740968322
vn 0.668374728 -0.035342965 0.742984588
vn 0.644498383 0.193425428 0.739735384
vn 0.661785082 0.113982850 0.740978012
vn 0.668966255 0.039733781 0.742230003
vn 0.616249894 0.269157155 0.740128701
vn 0.640318851 0.202370735 0.740970887
vn 0.659454769 0.114305212 0.743003180
vn 0.576525932 0.346551066 0.739946085
vn 0.610982063 0.278714619 0.740958217
vn 0.643076754 0.186696201 0.742695643
vn 0.531434980 0.412398694 0.739935253
vn 0.577345359 0.342947214 0.740985522
vn 0.616410908 0.261568785 0.742710821
vn 0.484724439 0.466806587 0.739684953
vn 0.532731586 0.408824217 0.740985706
vn 0.581063510 0.332752590 0.742725327
vn 0.425084592 0.521115130 0.740096015
vn 0.477256074 0.472428412 0.740971009
vn 0.537533062 0.399244750 0.742739414
vn 0.361301542 0.567767537 0.739662910
vn 0.416294917 0.526952970 0.740958237
vn 0.486431742 0.460111178 0.742752896
vn 0.297843108 0.603217879 0.739876796
vn 0.428480533 0.514493816 0.742765472
vn -0.550546918 -0.000682161 -0.834803944
vn -0.591141791 -0.000366030 -0.806567573
vn -0.633262588 -0.000513723 -0.773936839
vn -0.665695143 -0.000539623 -0.746223616
vn -0.695107773 -0.000732889 -0.718905172
vn -0.721985482 -0.000590558 -0.691907953
vn -0.746452784 -0.000608547 -0.665438104
vn -0.768866441 -0.000625592 -0.639409105
vn -0.789448458 -0.000706850 -0.613816448
vn -0.808410956 -0.000758806 -0.588618001
vn -0.825911180 -0.000777325 -0.563799716
vn -0.843602907 -0.000789521 -0.536966956
vn -0.861637063 -0.000733847 -0.507524416
vn -0.880436448 -0.000719604 -0.474163625
vn -0.898171672 -0.000732169 -0.439644301
vn -0.913918542 -0.000744272 -0.405896962
vn -0.927856693 -0.000831949 -0.372936006
vn -0.940139741 -0.000882653 -0.340788039
vn -0.950884480 -0.000893634 -0.309544676
vn -0.961129795 -0.000896399 -0.276095480
vn -0.970533367 -0.000822857 -0.240965363
vn -0.979264266 -0.000797204 -0.202585444
vn -0.985322953 -0.000947256 -0.170697925
vn -0.989895162 -0.000699521 -0.141799435
vn -0.999997718 -0.000002861 -0.002136124
vn -0.995677580 -0.058542728 -0.072103440
vn -0.996966273 -0.051534954 -0.058330091
vn -0.997413004 -0.052859962 -0.048714728
vn -0.997044794 -0.059279854 -0.048862851
vn -0.995551147 -0.073964148 -0.058371380
vn -0.998421682 -0.047069615 -0.030636527
vn -0.998059243 -0.054046533 -0.030930876
vn -0.997533038 -0.062834469 -0.031299635
vn -0.550607638 0.000299126 -0.834764122
vn -0.590902038 0.000639048 -0.806743065
vn -0.621758983 0.000455308 -0.783208504
vn -0.655296583 0.000479255 -0.755371537
vn -0.685693007 0.000500885 -0.727890685
vn -0.713341126 0.000520495 -0.700816786
vn -0.738563749 0.000538318 -0.674183431
vn -0.761641086 0.000554585 -0.647998881
vn -0.782822433 0.000569476 -0.622244899
vn -0.802303745 0.000583133 -0.596915706
vn -0.820257000 0.000595700 -0.571994842
vn -0.836835169 0.000607283 -0.547454593
vn -0.854356307 0.000560374 -0.519687394
vn -0.872539350 0.000555325 -0.488543524
vn -0.890529827 0.000619628 -0.454924436
vn -0.907140801 0.000656669 -0.420826730
vn -0.921872036 0.000666705 -0.387493878
vn -0.934874692 0.000675563 -0.354977257
vn -0.946281319 0.000683334 -0.323343778
vn -0.956212661 0.000690110 -0.292671949
vn -0.966019783 0.000630343 -0.258467371
vn -0.975074490 0.000619480 -0.221876894
vn -0.982580592 0.000681820 -0.185835723
vn -0.988101618 0.000931179 -0.153799627
vn -0.999948659 0.000004112 -0.010133045
vn 0.543550349 -0.000457933 -0.839376440
vn 0.584720782 -0.000488125 -0.811234472
vn 0.621810313 -0.000515976 -0.783167714
vn 0.655328042 -0.000541754 -0.755344202
vn 0.685711072 -0.000735454 -0.727873468
vn 0.713399616 -0.000592369 -0.700757188
vn 0.738606286 -0.000610154 -0.674136768
vn 0.761669841 -0.000626984 -0.647965015
vn 0.782838478 -0.000708142 -0.622224570
vn 0.802327495 -0.000759912 -0.596883585
vn 0.820295189 -0.000778191 -0.571939855
vn 0.840888923 -0.000608917 -0.541207399
vn 0.861637063 -0.000733847 -0.507524416
vn 0.880436448 -0.000719604 -0.474163625
vn 0.898171672 -0.000732169 -0.439644301
vn 0.913918542 -0.000744272 -0.405896962
vn 0.927856693 -0.000831949 -0.372936006
vn 0.940139741 -0.000882653 -0.340788039
vn 0.950884480 -0.000893634 -0.309544676
vn 0.961129795 -0.000896399 -0.276095480
vn 0.970533367 -0.000822857 -0.240965363
vn 0.979264266 -0.000797204 -0.202585444
vn 0.985322953 -0.000947256 -0.170697925
vn 0.989893781 -0.000663227 -0.141809249
vn 0.999997724 -0.000001161 -0.002133760
vn 0.996678934 -0.072863920 -0.036358659
vn 0.997366312 -0.062954069 -0.036017011
vn 0.997824834 -0.055382941 -0.035753741
vn 0.994655236 -0.081173447 -0.063810909
vn 0.998566986 -0.041960390 -0.033215976
vn 0.997750260 -0.050739273 -0.043817186
vn 0.997949345 -0.046763673 -0.043706566
vn 0.993431745 -0.075330659 -0.086131637
vn 0.996454540 -0.057028496 -0.061855473
vn 0.993280487 -0.071845057 -0.090731257
vn 0.999482206 -0.020397372 -0.024885063
vn -0.499580160 0.099269741 -0.860560969
vn -0.541917086 0.107857815 -0.833482191
vn -0.580579189 0.115695232 -0.805941945
vn -0.615924086 0.122854020 -0.778167340
vn -0.648298540 0.129406748 -0.750308535
vn -0.677998836 0.135411873 -0.722482666
vn -0.705293348 0.140925529 -0.694767075
vn -0.730421153 0.145996710 -0.667210536
vn -0.753583625 0.150665419 -0.639852836
vn -0.774958731 0.154968920 -0.612718205
vn -0.794703753 0.158939577 -0.585819218
vn -0.812948196 0.162603314 -0.559173849
vn -0.831454269 0.161733378 -0.531531856
vn -0.850135584 0.163748907 -0.500455577
vn -0.866597645 0.171425213 -0.468638366
vn -0.883932886 0.176709997 -0.432939059
vn -0.900492425 0.180073285 -0.395837094
vn -0.914959926 0.183003983 -0.359663560
vn -0.927494981 0.185536763 -0.324544556
vn -0.938247888 0.187703269 -0.290617245
vn -0.948688154 0.184507642 -0.256802876
vn -0.957841710 0.184459049 -0.220259205
vn -0.963514949 0.193253538 -0.185181029
vn -0.970927158 0.189715966 -0.145973650
vn -0.967001272 0.227726934 -0.114232146
vn -0.963426731 0.254752295 -0.083127630
vn -0.960144364 0.272650746 -0.061517243
vn -0.995917221 0.074199845 -0.051412769
vn -0.998412479 0.044603665 -0.034395265
vn -0.998250890 0.045088533 -0.038238532
vn -0.994653858 0.074342890 -0.071671741
vn -0.996573240 0.058554469 -0.058422184
vn -0.996745411 0.050434323 -0.062888518
vn -0.996721392 0.053093490 -0.061053657
vn -0.992811657 0.070568565 -0.096670017
vn 0.557556419 0.000397021 -0.830138953
vn 0.597342242 0.000426654 -0.801986324
vn 0.633223054 0.000453318 -0.773969223
vn 0.665674040 0.000477369 -0.746242484
vn 0.695122628 0.000499132 -0.718891009
vn 0.721936080 0.000518902 -0.691959556
vn 0.746418346 0.000536900 -0.665476794
vn 0.768844931 0.000553353 -0.639435037
vn 0.789444371 0.000568435 -0.613821849
vn 0.808400849 0.000582282 -0.588632082
vn 0.825885814 0.000595036 -0.563837094
vn 0.839400871 0.000907177 -0.543512056
vn 0.854356307 0.000560374 -0.519687394
vn 0.872539350 0.000555325 -0.488543524
vn 0.890529827 0.000619628 -0.454924436
vn 0.907140801 0.000656669 -0.420826730
vn 0.921872036 0.000666705 -0.387493878
vn 0.934874692 0.000675563 -0.354977257
vn 0.946281319 0.000683334 -0.323343778
vn 0.956212661 0.000690110 -0.292671949
vn 0.966019783 0.000630343 -0.258467371
vn 0.975074490 0.000619480 -0.221876894
vn 0.982580592 0.000681820 -0.185835723
vn 0.988106410 0.001030910 -0.153768199
vn 0.999948687 0.000008816 -0.010130357
vn -0.456780557 0.189439658 -0.869174401
vn -0.497535263 0.206364594 -0.842539208
vn -0.535077286 0.221952188 -0.815125465
vn -0.569669924 0.236313883 -0.787167026
vn -0.601551521 0.249548019 -0.758855424
vn -0.630955309 0.261751075 -0.730329907
vn -0.658088485 0.273010973 -0.701701186
vn -0.683138639 0.283404023 -0.673055540
vn -0.706273241 0.293000723 -0.644459995
vn -0.727643232 0.301863970 -0.615965478
vn -0.747377664 0.310047015 -0.587620180
vn -0.765594454 0.317599105 -0.559460402
vn -0.782394105 0.324562660 -0.531524735
vn -0.800448368 0.332061497 -0.499016605
vn -0.818369100 0.339544341 -0.463661144
vn -0.835982432 0.346875475 -0.425218506
vn -0.852067664 0.353536783 -0.385995387
vn -0.865959780 0.359287508 -0.347888124
vn -0.877835882 0.364200301 -0.311066399
vn -0.887864692 0.368346465 -0.275712115
vn -0.896214186 0.371794763 -0.242009892
vn -0.904097559 0.375045849 -0.204812635
vn -0.910670354 0.377854667 -0.167048968
vn -0.915866164 0.380039277 -0.129457786
vn -0.917588869 0.387032981 -0.090753173
vn -0.921338799 0.385326458 -0.051559069
vn -0.915897973 0.401409807 -0.001034330
vn -0.921671003 0.387436109 0.020391743
vn -0.922085682 0.382099265 0.061303731
vn -0.919607599 0.374352275 0.119089205
vn -0.910172336 0.374101764 0.177860028
vn -0.899439117 0.369852322 0.232848736
vn -0.884527285 0.365114634 0.290349420
vn -0.869498042 0.357296384 0.341046110
vn -0.849756035 0.350264682 0.393991541
vn -0.828632193 0.342109241 0.443091363
vn -0.804439125 0.332515017 0.492251417
vn -0.776992820 0.321060838 0.541481390
vn -0.749440978 0.298941027 0.590738930
vn -0.710549928 0.294015991 0.639275681
vn -0.676476712 0.279888785 0.681205935
vn -0.640631739 0.265054091 0.720650612
vn -0.601922557 0.249032464 0.758730563
vn -0.558504510 0.244069680 0.792781624
vn -0.525027160 0.216669224 0.823043698
vn -0.480178496 0.198130937 0.854501459
vn -0.445913811 0.179360346 0.876921171
vn -0.407452560 0.169101658 0.897433586
vn -0.251239665 0.095047956 0.963246862
vn -0.010668596 0.001793958 0.999941480
vn -0.957448354 0.285774631 0.040317609
vn -0.967676957 0.238696622 0.081395514
vn -0.973707915 0.189273811 0.126760883
vn -0.963806824 0.192873240 0.184055207
vn -0.952796220 0.188875487 0.237708675
vn -0.938481214 0.187743298 0.289836963
vn -0.922654417 0.181648852 0.340165433
vn -0.903320274 0.179144848 0.389768657
vn -0.881469539 0.175241781 0.438522257
vn -0.856718630 0.169121278 0.487269106
vn -0.828728779 0.165177848 0.534719450
vn -0.805820448 0.144030723 0.574376668
vn -0.771952373 0.154259530 0.616679439
vn -0.737792372 0.146036063 0.659041640
vn -0.700291154 0.139992978 0.699995904
vn -0.660095602 0.133182163 0.739280939
vn -0.610697764 0.131781576 0.780821271
vn -0.564210002 0.113345822 0.817814036
vn -0.516452685 0.103640963 0.850020691
vn -0.480481089 0.092024719 0.872163617
vn -0.441197103 0.089145624 0.892971542
vn -0.990767902 0.135270105 0.008997956
vn -0.995445184 0.095304315 0.002443871
vn -0.991594523 0.129384300 0.000071021
vn -0.992255936 0.124023379 -0.006808791
vn -0.975649155 0.217650382 -0.027148438
vn -0.966496494 0.253597139 -0.039661283
vn 0.499580160 0.099269741 -0.860560969
vn 0.541917086 0.107857815 -0.833482191
vn 0.580579189 0.115695232 -0.805941945
vn 0.615924086 0.122854020 -0.778167340
vn 0.648298540 0.129406748 -0.750308535
vn 0.677998836 0.135411873 -0.722482666
vn 0.705293348 0.140925529 -0.694767075
vn 0.730421153 0.145996710 -0.667210536
vn 0.753583625 0.150665419 -0.639852836
vn 0.774958731 0.154968920 -0.612718205
vn 0.794703753 0.158939577 -0.585819218
vn 0.812948196 0.162603314 -0.559173849
vn 0.831454269 0.161733378 -0.531531856
vn 0.850135584 0.163748907 -0.500455577
vn 0.866597645 0.171425213 -0.468638366
vn 0.883932886 0.176709997 -0.432939059
vn 0.900492425 0.180073285 -0.395837094
vn 0.914959926 0.183003983 -0.359663560
vn 0.927494981 0.185536763 -0.324544556
vn 0.938247888 0.187703269 -0.290617245
vn 0.948688154 0.184507642 -0.256802876
vn 0.957841710 0.184459049 -0.220259205
vn 0.963514949 0.193253538 -0.185181029
vn 0.969919423 0.193855469 -0.147228970
vn 0.968935310 0.219247254 -0.114433418
vn 0.963379275 0.254937968 -0.083108392
vn 0.959275977 0.276473277 -0.057897555
vn 0.992701201 0.072862610 -0.096100806
vn 0.997742577 0.046635625 -0.048320476
vn 0.997351202 0.052352899 -0.050495093
vn 0.997765848 0.051443452 -0.042624927
vn 0.997436265 0.057171211 -0.043038941
vn 0.996968024 0.064473697 -0.043564913
vn -0.391009473 0.261264413 -0.882526202
vn -0.429622163 0.287064397 -0.856165188
vn -0.465379091 0.310956537 -0.828690735
vn -0.498453220 0.333055725 -0.800386327
vn -0.529021525 0.353480748 -0.771484016
vn -0.557253802 0.372344601 -0.742177673
vn -0.583326616 0.389766095 -0.712609606
vn -0.607387165 0.405843348 -0.682914350
vn -0.629584760 0.420675003 -0.653188772
vn -0.650052609 0.434351103 -0.623514815
vn -0.668908918 0.446950890 -0.593966128
vn -0.686261527 0.458545707 -0.564606899
vn -0.702211901 0.469202553 -0.535488011
vn -0.718663923 0.480195366 -0.502926015
vn -0.734485937 0.490767999 -0.468697321
vn -0.750839906 0.501695639 -0.429582263
vn -0.766013670 0.511834433 -0.388906892
vn -0.779031203 0.520532478 -0.349508689
vn -0.790080489 0.527915381 -0.311573701
vn -0.799346651 0.534106252 -0.275273398
vn -0.807004331 0.539223246 -0.240795142
vn -0.813932045 0.543852496 -0.204301465
vn -0.819587709 0.547630470 -0.168454312
vn -0.824325396 0.550795604 -0.130812249
vn -0.827944051 0.553214572 -0.091990682
vn -0.830242221 0.554749964 -0.054316963
vn -0.831452344 0.555558281 -0.006480384
vn -0.831399119 0.555522898 0.013031337
vn -0.830484766 0.554912432 0.048654359
vn -0.826619126 0.552329360 0.107856846
vn -0.819995985 0.547904081 0.165552717
vn -0.810980435 0.541880292 0.220627476
vn -0.798534575 0.533563650 0.278661736
vn -0.784830673 0.524407247 0.330208803
vn -0.767716964 0.512972538 0.384018019
vn -0.749744146 0.500963475 0.432341662
vn -0.728616522 0.486845909 0.481766567
vn -0.704450405 0.470698876 0.531217653
vn -0.678402040 0.453294160 0.578182563
vn -0.649867560 0.434227702 0.623793602
vn -0.619910907 0.414211446 0.666437803
vn -0.588804382 0.393426149 0.706063215
vn -0.555062238 0.370880450 0.744549262
vn -0.518913838 0.346727073 0.781350603
vn -0.480684510 0.321183058 0.815955786
vn -0.440778717 0.294518544 0.847922727
vn -0.406441092 0.271574935 0.872383341
vn -0.368040417 0.253285789 0.894646612
vn -0.013722640 0.008531510 0.999869443
vn 0.456780557 0.189439658 -0.869174401
vn 0.497535263 0.206364594 -0.842539208
vn 0.535077286 0.221952188 -0.815125465
vn 0.569669924 0.236313883 -0.787167026
vn 0.601551521 0.249548019 -0.758855424
vn 0.630955309 0.261751075 -0.730329907
vn 0.658088485 0.273010973 -0.701701186
vn 0.683138639 0.283404023 -0.673055540
vn 0.706273241 0.293000723 -0.644459995
vn 0.727643232 0.301863970 -0.615965478
vn 0.747377664 0.310047015 -0.587620180
vn 0.765594454 0.317599105 -0.559460402
vn 0.782394105 0.324562660 -0.531524735
vn 0.800448368 0.332061497 -0.499016605
vn 0.818369100 0.339544341 -0.463661144
vn 0.835982432 0.346875475 -0.425218506
vn 0.852067664 0.353536783 -0.385995387
vn 0.865959780 0.359287508 -0.347888124
vn 0.877835882 0.364200301 -0.311066399
vn 0.887864692 0.368346465 -0.275712115
vn 0.896214186 0.371794763 -0.242009892
vn 0.904097559 0.375045849 -0.204812635
vn 0.910670354 0.377854667 -0.167048968
vn 0.915866164 0.380039277 -0.129457786
vn 0.917588869 0.387032981 -0.090753173
vn 0.920681221 0.386863031 -0.051798497
vn 0.912921598 0.408130740 -0.001858635
vn 0.923930988 0.382065280 0.019433272
vn 0.922085682 0.382099265 0.061303731
vn 0.919607599 0.374352275 0.119089205
vn 0.910172336 0.374101764 0.177860028
vn 0.899439117 0.369852322 0.232848736
vn 0.884527285 0.365114634 0.290349420
vn 0.869498042 0.357296384 0.341046110
vn 0.849756035 0.350264682 0.393991541
vn 0.828632193 0.342109241 0.443091363
vn 0.804439125 0.332515017 0.492251417
vn 0.776992820 0.321060838 0.541481390
vn 0.749440978 0.298941027 0.590738930
vn 0.710549928 0.294015991 0.639275681
vn 0.676476712 0.279888785 0.681205935
vn 0.640631739 0.265054091 0.720650612
vn 0.601922557 0.249032464 0.758730563
vn 0.558504510 0.244069680 0.792781624
vn 0.525027160 0.216669224 0.823043698
vn 0.480178496 0.198130937 0.854501459
vn 0.445913811 0.179360346 0.876921171
vn 0.407452560 0.169101658 0.897433586
vn 0.116643679 0.044128157 0.992193004
vn 0.967471704 0.250602717 -0.034594521
vn 0.993114508 0.116729202 -0.009892786
vn 0.990893199 0.134546845 -0.005274066
vn 0.980088676 0.198530950 0.003413051
vn 0.998657066 0.051770703 0.001964331
vn 0.990915939 0.134101687 0.010116321
vn 0.955790401 0.291098634 0.041548703
vn 0.966983964 0.241548891 0.081216665
vn 0.974117088 0.187385394 0.126422359
vn 0.963806824 0.192873240 0.184055207
vn 0.952796220 0.188875487 0.237708675
vn 0.938481214 0.187743298 0.289836963
vn 0.922654417 0.181648852 0.340165433
vn 0.903320274 0.179144848 0.389768657
vn 0.881469539 0.175241781 0.438522257
vn 0.856718630 0.169121278 0.487269106
vn 0.828728779 0.165177848 0.534719450
vn 0.805820448 0.144030723 0.574376668
vn 0.771952373 0.154259530 0.616679439
vn 0.737792372 0.146036063 0.659041640
vn 0.700291154 0.139992978 0.699995904
vn 0.660095602 0.133182163 0.739280939
vn 0.610697764 0.131781576 0.780821271
vn 0.564210002 0.113345822 0.817814036
vn 0.516452685 0.103640963 0.850020691
vn 0.480481089 0.092024719 0.872163617
vn 0.441197103 0.089145624 0.892971542
vn 0.012732778 0.002141057 0.999916643
vn -0.342557616 0.341493117 -0.875235243
vn -0.375953085 0.374968088 -0.847383155
vn -0.406867114 0.405959720 -0.818325032
vn -0.435421770 0.434587799 -0.788378924
vn -0.461744801 0.460981097 -0.757818030
vn -0.485979062 0.485281998 -0.726860188
vn -0.508261018 0.507627441 -0.695690390
vn -0.528720532 0.528146829 -0.664466347
vn -0.547487522 0.546969994 -0.633309750
vn -0.564682998 0.564218244 -0.602321247
vn -0.580414682 0.579999874 -0.571593337
vn -0.594784172 0.594415130 -0.541204621
vn -0.607890186 0.607564088 -0.511209742
vn -0.624339104 0.618190463 -0.477536632
vn -0.635953391 0.633169287 -0.441202831
vn -0.647844725 0.647560158 -0.401202010
vn -0.659660514 0.659438822 -0.360539104
vn -0.669645564 0.669478016 -0.321518279
vn -0.677990903 0.677869291 -0.284291329
vn -0.684876720 0.684792938 -0.249003033
vn -0.690473576 0.690419000 -0.215795841
vn -0.698764698 0.692207063 -0.180491772
vn -0.700951378 0.698232823 -0.145389443
vn -0.702804880 0.702801499 -0.110160580
vn -0.708459313 0.701837680 -0.074224477
vn -0.711211562 0.701878074 -0.039310080
vn -0.720639944 0.693308519 0.001169734
vn -0.698578417 0.715332982 0.016938709
vn -0.697408891 0.714770140 0.052196600
vn -0.698130645 0.707414200 0.110357380
vn -0.694879922 0.699499631 0.166859700
vn -0.686349937 0.693329249 0.219586695
vn -0.678457178 0.680722666 0.276247189
vn -0.665284745 0.672100476 0.325080234
vn -0.654224643 0.655114595 0.377908698
vn -0.638896726 0.641100504 0.425207146
vn -0.621674378 0.623852685 0.473633609
vn -0.602452271 0.603092585 0.522810286
vn -0.580168330 0.582835681 0.568952791
vn -0.556885369 0.559450170 0.613917089
vn -0.532842151 0.533484469 0.656866473
vn -0.506714590 0.507392088 0.696988947
vn -0.478228299 0.478939430 0.736148570
vn -0.447555424 0.448297979 0.773771972
vn -0.414948910 0.415720670 0.809316827
vn -0.380740132 0.381538459 0.842297665
vn -0.350910683 0.357919308 0.865306571
vn -0.317602485 0.339164181 0.885492134
vn -0.025859425 0.024215432 0.999372254
vn 0.230456003 0.143276921 0.962476885
vn 0.391009473 0.261264413 -0.882526202
vn 0.429622163 0.287064397 -0.856165188
vn 0.465379091 0.310956537 -0.828690735
vn 0.498453220 0.333055725 -0.800386327
vn 0.529021525 0.353480748 -0.771484016
vn 0.557253802 0.372344601 -0.742177673
vn 0.583326616 0.389766095 -0.712609606
vn 0.607387165 0.405843348 -0.682914350
vn 0.629584760 0.420675003 -0.653188772
vn 0.650052609 0.434351103 -0.623514815
vn 0.668908918 0.446950890 -0.593966128
vn 0.686261527 0.458545707 -0.564606899
vn 0.702211901 0.469202553 -0.535488011
vn 0.718663923 0.480195366 -0.502926015
vn 0.734485937 0.490767999 -0.468697321
vn 0.750839906 0.501695639 -0.429582263
vn 0.766013670 0.511834433 -0.388906892
vn 0.779031203 0.520532478 -0.349508689
vn 0.790080489 0.527915381 -0.311573701
vn 0.799346651 0.534106252 -0.275273398
vn 0.807004331 0.539223246 -0.240795142
vn 0.813932045 0.543852496 -0.204301465
vn 0.819587709 0.547630470 -0.168454312
vn 0.824325396 0.550795604 -0.130812249
vn 0.827944051 0.553214572 -0.091990682
vn 0.830242221 0.554749964 -0.054316963
vn 0.831452344 0.555558281 -0.006480384
vn 0.831399119 0.555522898 0.013031337
vn 0.830484766 0.554912432 0.048654359
vn 0.826619126 0.552329360 0.107856846
vn 0.819995985 0.547904081 0.165552717
vn 0.810980435 0.541880292 0.220627476
vn 0.798534575 0.533563650 0.278661736
vn 0.784830673 0.524407247 0.330208803
vn 0.767716964 0.512972538 0.384018019
vn 0.749744146 0.500963475 0.432341662
vn 0.728616522 0.486845909 0.481766567
vn 0.704450405 0.470698876 0.531217653
vn 0.678402040 0.453294160 0.578182563
vn 0.649867560 0.434227702 0.623793602
vn 0.619910907 0.414211446 0.666437803
vn 0.588804382 0.393426149 0.706063215
vn 0.555062238 0.370880450 0.744549262
vn 0.518913838 0.346727073 0.781350603
vn 0.480684510 0.321183058 0.815955786
vn 0.440778717 0.294518544 0.847922727
vn 0.406441092 0.271574935 0.872383341
vn 0.368040417 0.253285789 0.894646612
vn -0.284910327 0.426398294 -0.858493215
vn -0.311845327 0.466709599 -0.827607783
vn -0.336608140 0.503769416 -0.795557248
vn -0.366710876 0.525576061 -0.767654179
vn -0.371684593 0.573065986 -0.730373835
vn -0.407711925 0.584482923 -0.701534531
vn -0.413770714 0.618417102 -0.668097361
vn -0.429610679 0.642203187 -0.634830474
vn -0.443976398 0.663778147 -0.601899933
vn -0.456986578 0.683320048 -0.569418105
vn -0.460550771 0.710436347 -0.532140191
vn -0.492849120 0.706824252 -0.507443812
vn -0.488925764 0.731305248 -0.475546245
vn -0.502077337 0.743420771 -0.441864125
vn -0.509573647 0.759019986 -0.405244815
vn -0.517301821 0.773828140 -0.365498066
vn -0.525401350 0.786032548 -0.325739550
vn -0.532123734 0.796163650 -0.288041272
vn -0.537642643 0.804482273 -0.252484972
vn -0.542115340 0.811224242 -0.219148779
vn -0.545685933 0.816606025 -0.188099607
vn -0.552666906 0.818741618 -0.155632432
vn -0.552927075 0.824042784 -0.123390194
vn -0.553241837 0.827980084 -0.091501098
vn -0.558472516 0.827377005 -0.059630026
vn -0.560809942 0.827428111 -0.029239208
vn -0.571532531 0.820572862 0.003277872
vn -0.545609572 0.837887846 0.015942171
vn -0.544712116 0.837322249 0.046692209
vn -0.547285776 0.830900308 0.100413931
vn -0.546319251 0.823517658 0.152819969
vn -0.540024309 0.817122032 0.201706049
vn -0.535900906 0.804933762 0.254738805
vn -0.516433580 0.801418947 0.301701886
vn -0.533615036 0.766065700 0.358327138
vn -0.508926018 0.764507341 0.395629667
vn -0.496983075 0.746610295 0.442245284
vn -0.483849446 0.724964148 0.490221071
vn -0.467578910 0.703267316 0.535523150
vn -0.442070787 0.683893298 0.580399326
vn -0.442928566 0.635824858 0.632092584
vn -0.414444379 0.621158358 0.665130176
vn -0.385054268 0.594681109 0.705753207
vn -0.376079348 0.539989347 0.752977974
vn -0.344584824 0.516747603 0.783730320
vn -0.317776170 0.476666457 0.819638576
vn -0.288709060 0.450505530 0.844802845
vn -0.266740991 0.416425405 0.869160012
vn -0.168561854 0.235181004 0.957223483
vn 0.019400853 0.019400841 0.999623536
vn 0.342557616 0.341493117 -0.875235243
vn 0.375953085 0.374968088 -0.847383155
vn 0.406867114 0.405959720 -0.818325032
vn 0.435421770 0.434587799 -0.788378924
vn 0.461744801 0.460981097 -0.757818030
vn 0.485979062 0.485281998 -0.726860188
vn 0.508261018 0.507627441 -0.695690390
vn 0.528720532 0.528146829 -0.664466347
vn 0.547487522 0.546969994 -0.633309750
vn 0.564682998 0.564218244 -0.602321247
vn 0.580414682 0.579999874 -0.571593337
vn 0.594784172 0.594415130 -0.541204621
vn 0.607890186 0.607564088 -0.511209742
vn 0.624339104 0.618190463 -0.477536632
vn 0.635953391 0.633169287 -0.441202831
vn 0.647844725 0.647560158 -0.401202010
vn 0.659660514 0.659438822 -0.360539104
vn 0.669645564 0.669478016 -0.321518279
vn 0.677990903 0.677869291 -0.284291329
vn 0.684876720 0.684792938 -0.249003033
vn 0.690473576 0.690419000 -0.215795841
vn 0.698764698 0.692207063 -0.180491772
vn 0.700951378 0.698232823 -0.145389443
vn 0.702804880 0.702801499 -0.110160580
vn 0.708459313 0.701837680 -0.074224477
vn 0.711211562 0.701878074 -0.039310080
vn 0.720639944 0.693308519 0.001169734
vn 0.698578417 0.715332982 0.016938709
vn 0.697408891 0.714770140 0.052196600
vn 0.698130645 0.707414200 0.110357380
vn 0.694879922 0.699499631 0.166859700
vn 0.686349937 0.693329249 0.219586695
vn 0.678457178 0.680722666 0.276247189
vn 0.665284745 0.672100476 0.325080234
vn 0.654224643 0.655114595 0.377908698
vn 0.638896726 0.641100504 0.425207146
vn 0.621674378 0.623852685 0.473633609
vn 0.602452271 0.603092585 0.522810286
vn 0.580168330 0.582835681 0.568952791
vn 0.556885369 0.559450170 0.613917089
vn 0.532842151 0.533484469 0.656866473
vn 0.506714590 0.507392088 0.696988947
vn 0.478228299 0.478939430 0.736148570
vn 0.447555424 0.448297979 0.773771972
vn 0.414948910 0.415720670 0.809316827
vn 0.380740132 0.381538459 0.842297665
vn 0.350910683 0.357919308 0.865306571
vn 0.322695132 0.335896632 0.884896211
vn -0.206712923 0.501253662 -0.840246710
vn -0.226372582 0.548546001 -0.804892998
vn -0.244204638 0.591428953 -0.768489355
vn -0.269166359 0.625618283 -0.732223487
vn -0.265067578 0.678152627 -0.685454735
vn -0.297334231 0.690866445 -0.659011313
vn -0.301644189 0.728234601 -0.615373991
vn -0.311758081 0.752650539 -0.579934535
vn -0.320764407 0.774394356 -0.545365544
vn -0.328773300 0.793730170 -0.511762185
vn -0.320546448 0.819549945 -0.474960907
vn -0.352140780 0.817763226 -0.455258364
vn -0.347771086 0.839594122 -0.417297235
vn -0.353522378 0.853477930 -0.382880334
vn -0.358918529 0.866505926 -0.346907726
vn -0.363927207 0.878597943 -0.309229111
vn -0.368228347 0.888981814 -0.272248450
vn -0.371711580 0.897390784 -0.237739947
vn -0.374501815 0.904126408 -0.205678949
vn -0.376706792 0.909449988 -0.176047470
vn -0.378421968 0.913591088 -0.148822505
vn -0.379925780 0.917221004 -0.119841692
vn -0.381064853 0.919970968 -0.091885772
vn -0.381866282 0.921906091 -0.065324585
vn -0.382392884 0.923177696 -0.038969527
vn -0.382642749 0.923780684 -0.014621037
vn -0.382674982 0.923860053 0.006516131
vn -0.382628409 0.923748312 0.016868827
vn -0.382269196 0.922879420 0.046517078
vn -0.380988816 0.919788310 0.094005254
vn -0.378897742 0.914740011 0.140311126
vn -0.376154856 0.908118098 0.183926739
vn -0.372361517 0.898960168 0.230689222
vn -0.353650792 0.897055132 0.264996616
vn -0.375692073 0.871290448 0.315766404
vn -0.357257771 0.862496228 0.358423133
vn -0.350432578 0.846018460 0.401808129
vn -0.342325848 0.826447654 0.446986900
vn -0.333379375 0.804848959 0.490995259
vn -0.311033411 0.792214657 0.525027766
vn -0.323148655 0.749512871 0.577758948
vn -0.300457868 0.725370096 0.619324869
vn -0.276462100 0.705736568 0.652307140
vn -0.281156277 0.651916010 0.704241907
vn -0.255018856 0.615671216 0.745596631
vn -0.236802739 0.571692704 0.785551981
vn -0.217428163 0.547463149 0.808089781
vn -0.209583774 0.504943024 0.837321434
vn -0.026253167 0.057927589 0.997975534
vn 0.053241614 0.079681634 0.995397492
vn 0.280823785 0.418869769 -0.863531191
vn 0.308087413 0.459779182 -0.832877692
vn 0.333166650 0.497416152 -0.800985115
vn 0.356157531 0.531922568 -0.768251388
vn 0.377170236 0.563465262 -0.735016674
vn 0.396332472 0.592233727 -0.701555261
vn 0.413770714 0.618417102 -0.668097361
vn 0.429610679 0.642203187 -0.634830474
vn 0.443976398 0.663778147 -0.601899933
vn 0.456986578 0.683320048 -0.569418105
vn 0.468748006 0.700988132 -0.537485764
vn 0.479362246 0.716934521 -0.506178555
vn 0.488925764 0.731305248 -0.475546245
vn 0.502077337 0.743420771 -0.441864125
vn 0.509573647 0.759019986 -0.405244815
vn 0.517301821 0.773828140 -0.365498066
vn 0.525401350 0.786032548 -0.325739550
vn 0.532123734 0.796163650 -0.288041272
vn 0.537642643 0.804482273 -0.252484972
vn 0.542115340 0.811224242 -0.219148779
vn 0.545685933 0.816606025 -0.188099607
vn 0.552666906 0.818741618 -0.155632432
vn 0.552927075 0.824042784 -0.123390194
vn 0.553241837 0.827980084 -0.091501098
vn 0.558472516 0.827377005 -0.059630026
vn 0.560809942 0.827428111 -0.029239208
vn 0.571532531 0.820572862 0.003277872
vn 0.545609572 0.837887846 0.015942171
vn 0.544712116 0.837322249 0.046692209
vn 0.547285776 0.830900308 0.100413931
vn 0.546319251 0.823517658 0.152819969
vn 0.540024309 0.817122032 0.201706049
vn 0.535900906 0.804933762 0.254738805
vn 0.525870914 0.795769818 0.300350094
vn 0.519778288 0.779048251 0.350591434
vn 0.508926018 0.764507341 0.395629667
vn 0.496983075 0.746610295 0.442245284
vn 0.483849446 0.724964148 0.490221071
vn 0.467578910 0.703267316 0.535523150
vn 0.450866776 0.678138470 0.580385533
vn 0.433754578 0.650007046 0.623977408
vn 0.414444379 0.621158358 0.665130176
vn 0.393092174 0.589252246 0.705875579
vn 0.369760584 0.554381218 0.745612886
vn 0.337472971 0.521301334 0.783809233
vn 0.322175075 0.462696386 0.825902703
vn 0.293140511 0.448247079 0.844478062
vn 0.268500570 0.414666569 0.869459074
vn -0.125829106 0.575402024 -0.808133372
vn -0.126051517 0.633702909 -0.763237603
vn -0.135317092 0.680285153 -0.720348107
vn -0.143456342 0.721204585 -0.677705116
vn -0.150574270 0.756989116 -0.635841857
vn -0.156779119 0.788180310 -0.595140409
vn -0.162175478 0.815308588 -0.555851618
vn -0.166861234 0.838868297 -0.518128661
vn -0.170926587 0.859307002 -0.482053502
vn -0.174451227 0.877024106 -0.447655545
vn -0.177504188 0.892374048 -0.414922669
vn -0.180147224 0.905662897 -0.383825082
vn -0.182434505 0.917158408 -0.354313570
vn -0.184645881 0.928277046 -0.322812058
vn -0.186630586 0.938256736 -0.291278769
vn -0.188534188 0.947827090 -0.257057713
vn -0.190160028 0.956000154 -0.223389500
vn -0.191440653 0.962438604 -0.192515999
vn -0.192439327 0.967458979 -0.164287031
vn -0.193207914 0.971322630 -0.138575072
vn -0.193789575 0.974247448 -0.115271467
vn -0.194266412 0.976644338 -0.091795414
vn -0.194612942 0.978386189 -0.069901839
vn -0.194863932 0.979648003 -0.048143938
vn -0.195017458 0.980419829 -0.027297422
vn -0.195081928 0.980743944 -0.009184601
vn -0.195087088 0.980769884 0.005609217
vn -0.195079995 0.980732033 0.010415086
vn -0.195024368 0.980453613 0.026003993
vn -0.194690401 0.978773649 0.064013988
vn -0.194080832 0.975710376 0.101596719
vn -0.193227507 0.971421462 0.137853087
vn -0.192019314 0.965347131 0.176730022
vn -0.179503819 0.960676045 0.211848805
vn -0.207410575 0.943587342 0.258115827
vn -0.186965497 0.939940729 0.285578936
vn -0.184611474 0.928105671 0.323324089
vn -0.169304714 0.917172493 0.360736097
vn -0.196111722 0.888959565 0.413873270
vn -0.174828895 0.878923116 0.443766846
vn -0.170640383 0.857866805 0.484712702
vn -0.165988736 0.834479867 0.525443708
vn -0.149883056 0.811484755 0.564825249
vn -0.167772997 0.762998230 0.624248285
vn -0.147079042 0.739414148 0.656988944
vn -0.138891468 0.698252123 0.702248626
vn -0.131267491 0.659925600 0.739774998
vn -0.115611783 0.625966763 0.771232473
vn -0.076774065 0.329126962 0.941159490
vn 0.127547673 0.281433826 0.951066030
vn 0.210918033 0.509201563 -0.834402392
vn 0.230212340 0.555782594 -0.798816616
vn 0.247692429 0.597982182 -0.762276702
vn 0.263456696 0.636040272 -0.725288454
vn 0.277619068 0.670231994 -0.688270824
vn 0.290306026 0.700861919 -0.651548142
vn 0.301644189 0.728234601 -0.615373991
vn 0.311758081 0.752650539 -0.579934535
vn 0.320764407 0.774394356 -0.545365544
vn 0.328773300 0.793730170 -0.511762185
vn 0.335884596 0.810897098 -0.479194569
vn 0.342189836 0.826119680 -0.447696761
vn 0.347771086 0.839594122 -0.417297235
vn 0.353522378 0.853477930 -0.382880334
vn 0.358918529 0.866505926 -0.346907726
vn 0.363927207 0.878597943 -0.309229111
vn 0.368228347 0.888981814 -0.272248450
vn 0.371711580 0.897390784 -0.237739947
vn 0.374501815 0.904126408 -0.205678949
vn 0.376706792 0.909449988 -0.176047470
vn 0.378421968 0.913591088 -0.148822505
vn 0.379925780 0.917221004 -0.119841692
vn 0.381064853 0.919970968 -0.091885772
vn 0.381866282 0.921906091 -0.065324585
vn 0.382392884 0.923177696 -0.038969527
vn 0.382642749 0.923780684 -0.014621037
vn 0.382674982 0.923860053 0.006516131
vn 0.382628409 0.923748312 0.016868827
vn 0.382269196 0.922879420 0.046517078
vn 0.380988816 0.919788310 0.094005254
vn 0.378897742 0.914740011 0.140311126
vn 0.376154856 0.908118098 0.183926739
vn 0.372361517 0.898960168 0.230689222
vn 0.368248301 0.889029988 0.272064091
vn 0.363007487 0.876377544 0.316524824
vn 0.357257771 0.862496228 0.358423133
vn 0.350432578 0.846018460 0.401808129
vn 0.342325848 0.826447654 0.446986900
vn 0.333379375 0.804848959 0.490995259
vn 0.323447090 0.780870058 0.534437960
vn 0.312478711 0.754390141 0.577280322
vn 0.300457868 0.725370096 0.619324869
vn 0.286890300 0.692614954 0.661799427
vn 0.271739887 0.656039649 0.704108950
vn 0.246630919 0.629418849 0.736888799
vn 0.245207514 0.568392836 0.785367977
vn 0.222284891 0.536643104 0.814004672
vn 0.200705148 0.512362013 0.834986594
vn -0.003826085 0.686178397 -0.727423239
vn -0.002532361 0.740007984 -0.672593318
vn -0.003303805 0.782512683 -0.622625879
vn -0.003436835 0.816108225 -0.577888877
vn -0.002837923 0.846850447 -0.531823529
vn -0.003613319 0.872823338 -0.488022915
vn -0.003393455 0.893012529 -0.450019008
vn -0.003308446 0.910853679 -0.412716161
vn -0.003341445 0.926127332 -0.377196235
vn -0.003366191 0.938882221 -0.344222084
vn -0.003029488 0.950184544 -0.311673154
vn -0.005066226 0.958365984 -0.285497764
vn -0.002904673 0.964680468 -0.263406831
vn -0.003251910 0.972906899 -0.231174374
vn -0.003031777 0.980045829 -0.198748538
vn -0.005102745 0.984415036 -0.175786801
vn -0.002902409 0.988810200 -0.149150812
vn -0.002893650 0.992840488 -0.119412694
vn -0.005078926 0.994689617 -0.102794802
vn -0.002491174 0.996771195 -0.080255710
vn -0.005056927 0.997789250 -0.066264926
vn -0.005251896 0.998788394 -0.048930174
vn -0.002411928 0.999349631 -0.035979127
vn -0.005039471 0.999815132 -0.018555495
vn -0.005106396 0.999974210 -0.005050192
vn -0.004859436 0.999972507 0.005601079
vn -0.002048272 0.999973564 0.006976841
vn -0.004396580 0.999946683 0.009343486
vn -0.004453166 0.999769613 0.020997378
vn -0.002076472 0.998919819 0.046420715
vn -0.004867918 0.996858839 0.079049093
vn -0.002385684 0.994775304 0.102060781
vn -0.004930210 0.990674110 0.136163511
vn -0.001604299 0.987650627 0.156664181
vn -0.006551740 0.981242276 0.192667251
vn -0.002486538 0.976875747 0.213793337
vn -0.002778920 0.967119149 0.254308532
vn -0.003354489 0.959611397 0.281308931
vn -0.003990823 0.949906588 0.312508477
vn -0.002705173 0.935829263 0.352443291
vn -0.004777957 0.922952014 0.384885374
vn -0.002822567 0.908918280 0.416964740
vn -0.002031390 0.888128129 0.459591448
vn -0.004125445 0.863401203 0.504501083
vn -0.002932883 0.835448439 0.549561011
vn -0.002998038 0.802306170 0.596905203
vn -0.002554625 0.771465265 0.636266311
vn -0.001624806 0.737238323 0.675630828
vn -0.000012860 0.001827722 0.999998330
vn 0.002200958 0.009435408 0.999953063
vn 0.115567474 0.580997981 -0.805658429
vn 0.126051517 0.633702909 -0.763237603
vn 0.135317092 0.680285153 -0.720348107
vn 0.143456342 0.721204585 -0.677705116
vn 0.150574270 0.756989116 -0.635841857
vn 0.156779119 0.788180310 -0.595140409
vn 0.162175478 0.815308588 -0.555851618
vn 0.166861234 0.838868297 -0.518128661
vn 0.170926587 0.859307002 -0.482053502
vn 0.174451227 0.877024106 -0.447655545
vn 0.177504188 0.892374048 -0.414922669
vn 0.180147224 0.905662897 -0.383825082
vn 0.182434505 0.917158408 -0.354313570
vn 0.184645881 0.928277046 -0.322812058
vn 0.186630586 0.938256736 -0.291278769
vn 0.188534188 0.947827090 -0.257057713
vn 0.190160028 0.956000154 -0.223389500
vn 0.191440653 0.962438604 -0.192515999
vn 0.192439327 0.967458979 -0.164287031
vn 0.193207914 0.971322630 -0.138575072
vn 0.193789575 0.974247448 -0.115271467
vn 0.194266412 0.976644338 -0.091795414
vn 0.194612942 0.978386189 -0.069901839
vn 0.194863932 0.979648003 -0.048143938
vn 0.195017458 0.980419829 -0.027297422
vn 0.195081928 0.980743944 -0.009184601
vn 0.195087088 0.980769884 0.005609217
vn 0.195079995 0.980732033 0.010415086
vn 0.195024368 0.980453613 0.026003993
vn 0.194690401 0.978773649 0.064013988
vn 0.194080832 0.975710376 0.101596719
vn 0.193227507 0.971421462 0.137853087
vn 0.192019314 0.965347131 0.176730022
vn 0.190651132 0.958469377 0.212105160
vn 0.188887109 0.949601344 0.250157847
vn 0.186965497 0.939940729 0.285578936
vn 0.184611474 0.928105671 0.323324089
vn 0.181785297 0.913897772 0.362966896
vn 0.178568867 0.897727943 0.402737757
vn 0.174828895 0.878923116 0.443766846
vn 0.170640383 0.857866805 0.484712702
vn 0.165988736 0.834479867 0.525443708
vn 0.160564418 0.807209259 0.568007289
vn 0.154285144 0.775641564 0.612026354
vn 0.147079042 0.739414148 0.656988944
vn 0.138891468 0.698252123 0.702248626
vn 0.131267491 0.659925600 0.739774998
vn 0.115611783 0.625966763 0.771232473
vn -0.006688992 0.666914023 -0.745104653
vn -0.007020352 0.712240887 -0.701900016
vn -0.012268626 0.744317395 -0.667713334
vn -0.007633979 0.769795646 -0.638244770
vn -0.007839747 0.801690806 -0.597687536
vn -0.008018818 0.829215794 -0.558871063
vn -0.013738809 0.846170904 -0.532734499
vn -0.008374863 0.863811446 -0.503745618
vn -0.009432054 0.884216476 -0.466982076
vn -0.009969690 0.902038488 -0.431540463
vn -0.010102619 0.918409971 -0.395501027
vn -0.010218022 0.932674934 -0.360573236
vn -0.011294890 0.945775971 -0.324623225
vn -0.009374634 0.958324645 -0.285527568
vn -0.011642830 0.968665236 -0.248096968
vn -0.010825389 0.977582681 -0.210273426
vn -0.009111894 0.985254943 -0.170849849
vn -0.011673169 0.991211231 -0.131772654
vn -0.010421637 0.995395536 -0.095284398
vn -0.009051642 0.998472338 -0.054507410
vn -0.007125544 0.999974612 -0.000033345
vn -0.010802279 0.999863872 0.012471904
vn -0.010327298 0.997773346 0.065891548
vn -0.010825318 0.992175152 0.124383602
vn -0.010606539 0.983760376 0.179173169
vn -0.012334266 0.973160469 0.229796794
vn -0.009333462 0.960074108 0.279590046
vn -0.010823784 0.943248949 0.331910026
vn -0.008831441 0.924649648 0.380716474
vn -0.010575001 0.901049839 0.433586620
vn -0.009777625 0.877489081 0.479496936
vn -0.008956900 0.850015503 0.526681516
vn -0.008643346 0.820922082 0.570974806
vn -0.008108093 0.786847264 0.617094516
vn -0.008722729 0.752440266 0.658602734
vn -0.000109462 0.009094228 0.999958641
vn 0.000013042 0.001853491 0.999998282
vn 0.002967159 0.687277349 -0.726389043
vn 0.002532361 0.740007984 -0.672593318
vn 0.003303805 0.782512683 -0.622625879
vn 0.003436835 0.816108225 -0.577888877
vn 0.002837923 0.846850447 -0.531823529
vn 0.003613319 0.872823338 -0.488022915
vn 0.003393455 0.893012529 -0.450019008
vn 0.003308446 0.910853679 -0.412716161
vn 0.003341445 0.926127332 -0.377196235
vn 0.003366191 0.938882221 -0.344222084
vn 0.003029488 0.950184544 -0.311673154
vn 0.005066226 0.958365984 -0.285497764
vn 0.002904673 0.964680468 -0.263406831
vn 0.003251910 0.972906899 -0.231174374
vn 0.003031777 0.980045829 -0.198748538
vn 0.005102745 0.984415036 -0.175786801
vn 0.002902409 0.988810200 -0.149150812
vn 0.002893650 0.992840488 -0.119412694
vn 0.005078926 0.994689617 -0.102794802
vn 0.002491174 0.996771195 -0.080255710
vn 0.005056927 0.997789250 -0.066264926
vn 0.005251896 0.998788394 -0.048930174
vn 0.002411928 0.999349631 -0.035979127
vn 0.005039471 0.999815132 -0.018555495
vn 0.005106396 0.999974210 -0.005050192
vn 0.004859436 0.999972507 0.005601079
vn 0.002048272 0.999973564 0.006976841
vn 0.004396580 0.999946683 0.009343486
vn 0.004453166 0.999769613 0.020997378
vn 0.002076472 0.998919819 0.046420715
vn 0.004867918 0.996858839 0.079049093
vn 0.002385684 0.994775304 0.102060781
vn 0.004930210 0.990674110 0.136163511
vn 0.002295334 0.987587154 0.157055227
vn 0.004963136 0.981311709 0.192360851
vn 0.002486538 0.976875747 0.213793337
vn 0.002778920 0.967119149 0.254308532
vn 0.004918654 0.959261906 0.282475490
vn 0.002956739 0.950044024 0.312101924
vn 0.002705173 0.935829263 0.352443291
vn 0.004777957 0.922952014 0.384885374
vn 0.002822567 0.908918280 0.416964740
vn 0.002987096 0.887588269 0.460627986
vn 0.003110009 0.863713620 0.503973324
vn 0.002932883 0.835448439 0.549561011
vn 0.002998038 0.802306170 0.596905203
vn 0.002554625 0.771465265 0.636266311
vn 0.001624806 0.737238323 0.675630828
vn -0.243698820 0.644068525 -0.725111454
vn -0.258044783 0.678827449 -0.687463588
vn -0.270922080 0.709481261 -0.650567112
vn -0.282457321 0.736432085 -0.614724040
vn -0.292773583 0.760063404 -0.580161401
vn -0.301999144 0.780760046 -0.547001159
vn -0.310250107 0.798866692 -0.515322112
vn -0.317635852 0.814705457 -0.485141715
vn -0.328353116 0.829427535 -0.451922776
vn -0.333962984 0.844740136 -0.418189943
vn -0.339795977 0.859101451 -0.382731486
vn -0.346208462 0.871175449 -0.348127905
vn -0.355899901 0.881154206 -0.311291704
vn -0.359776055 0.891540400 -0.275167051
vn -0.363663795 0.900500220 -0.238428183
vn -0.368133460 0.907163485 -0.203794422
vn -0.372218084 0.912743804 -0.168381849
vn -0.375602772 0.917064778 -0.133845999
vn -0.382288880 0.918979263 -0.096603966
vn -0.382411024 0.921848714 -0.062902760
vn -0.378159934 0.925737196 0.002389198
vn -0.377110797 0.926051830 0.014678414
vn -0.378689280 0.922143119 0.079034782
vn -0.375285335 0.917977514 0.128367442
vn -0.370381032 0.910717639 0.182787507
vn -0.364713083 0.901367837 0.233496015
vn -0.358331132 0.889801767 0.282580281
vn -0.350718866 0.875119660 0.333409445
vn -0.342297439 0.858402882 0.382069308
vn -0.332890800 0.838828927 0.430754856
vn -0.322810052 0.817060141 0.477709531
vn -0.311468833 0.791887542 0.525263065
vn -0.299803558 0.765643451 0.569129100
vn -0.287894449 0.737320826 0.611125835
vn -0.274428221 0.705807069 0.653089223
vn -0.007687692 0.019851903 0.999773375
vn 0.000109462 0.009094228 0.999958641
vn 0.006688992 0.666914023 -0.745104653
vn 0.007020352 0.712240887 -0.701900016
vn 0.012268626 0.744317395 -0.667713334
vn 0.007633979 0.769795646 -0.638244770
vn 0.007839747 0.801690806 -0.597687536
vn 0.008018818 0.829215794 -0.558871063
vn 0.013738809 0.846170904 -0.532734499
vn 0.008374863 0.863811446 -0.503745618
vn 0.009432054 0.884216476 -0.466982076
vn 0.009969690 0.902038488 -0.431540463
vn 0.010102619 0.918409971 -0.395501027
vn 0.010218022 0.932674934 -0.360573236
vn 0.011294890 0.945775971 -0.324623225
vn 0.009374634 0.958324645 -0.285527568
vn 0.011642830 0.968665236 -0.248096968
vn 0.010825389 0.977582681 -0.210273426
vn 0.009111894 0.985254943 -0.170849849
vn 0.011673169 0.991211231 -0.131772654
vn 0.010421637 0.995395536 -0.095284398
vn 0.009051642 0.998472338 -0.054507410
vn 0.007125544 0.999974612 -0.000033345
vn 0.010802279 0.999863872 0.012471904
vn 0.010327298 0.997773346 0.065891548
vn 0.010825318 0.992175152 0.124383602
vn 0.010606539 0.983760376 0.179173169
vn 0.012334266 0.973160469 0.229796794
vn 0.009333462 0.960074108 0.279590046
vn 0.010823784 0.943248949 0.331910026
vn 0.008831441 0.924649648 0.380716474
vn 0.010575001 0.901049839 0.433586620
vn 0.009777625 0.877489081 0.479496936
vn 0.008956900 0.850015503 0.526681516
vn 0.008643346 0.820922082 0.570974806
vn 0.008108093 0.786847264 0.617094516
vn 0.008722729 0.752440266 0.658602734
vn -0.304521964 0.614133194 -0.728084332
vn -0.322685113 0.646954769 -0.690886275
vn -0.339047494 0.675873487 -0.654401884
vn -0.353761293 0.701269931 -0.618929262
vn -0.366977845 0.723514125 -0.584683309
vn -0.378845661 0.742959712 -0.551803254
vn -0.389509109 0.759941707 -0.520356855
vn -0.399098536 0.774761174 -0.490372799
vn -0.410116372 0.788565557 -0.458223661
vn -0.419060381 0.802752935 -0.424235928
vn -0.428006734 0.815982048 -0.388565995
vn -0.436579706 0.827079716 -0.354030090
vn -0.444765447 0.837109026 -0.318484183
vn -0.452318060 0.845614612 -0.283450701
vn -0.459671455 0.853151231 -0.246647787
vn -0.466096150 0.859057420 -0.211600396
vn -0.473476601 0.862956264 -0.176426738
vn -0.477815697 0.866892541 -0.142089696
vn -0.482042367 0.869810396 -0.105190453
vn -0.485716825 0.871214012 -0.071171005
vn -0.493086065 0.869975285 -0.003022421
vn -0.491129249 0.871027790 0.010131664
vn -0.481828534 0.873504300 0.069508997
vn -0.477414484 0.870763155 0.117673019
vn -0.471807846 0.865048289 0.170554432
vn -0.463897233 0.857524105 0.222377533
vn -0.455723583 0.847704264 0.271502294
vn -0.447773254 0.833604080 0.323424413
vn -0.436640368 0.819869598 0.370349877
vn -0.424104513 0.801516044 0.421553547
vn -0.410799015 0.782110327 0.468559074
vn -0.397331872 0.757876297 0.517446521
vn -0.382244767 0.733945083 0.561438824
vn -0.365309252 0.705801265 0.606954467
vn -0.348223590 0.678530135 0.646789909
vn -0.014502712 0.028421585 0.999490813
vn 0.007687692 0.019851903 0.999773375
vn 0.243698820 0.644068525 -0.725111454
vn 0.258044783 0.678827449 -0.687463588
vn 0.270922080 0.709481261 -0.650567112
vn 0.282457321 0.736432085 -0.614724040
vn 0.292773583 0.760063404 -0.580161401
vn 0.301999144 0.780760046 -0.547001159
vn 0.310250107 0.798866692 -0.515322112
vn 0.317635852 0.814705457 -0.485141715
vn 0.328353116 0.829427535 -0.451922776
vn 0.333962984 0.844740136 -0.418189943
vn 0.339795977 0.859101451 -0.382731486
vn 0.346208462 0.871175449 -0.348127905
vn 0.355899901 0.881154206 -0.311291704
vn 0.359776055 0.891540400 -0.275167051
vn 0.363663795 0.900500220 -0.238428183
vn 0.368133460 0.907163485 -0.203794422
vn 0.372218084 0.912743804 -0.168381849
vn 0.375602772 0.917064778 -0.133845999
vn 0.382288880 0.918979263 -0.096603966
vn 0.382411024 0.921848714 -0.062902760
vn 0.378159934 0.925737196 0.002389198
vn 0.377110797 0.926051830 0.014678414
vn 0.378689280 0.922143119 0.079034782
vn 0.375285335 0.917977514 0.128367442
vn 0.370381032 0.910717639 0.182787507
vn 0.364713083 0.901367837 0.233496015
vn 0.358331132 0.889801767 0.282580281
vn 0.350718866 0.875119660 0.333409445
vn 0.342297439 0.858402882 0.382069308
vn 0.332890800 0.838828927 0.430754856
vn 0.322810052 0.817060141 0.477709531
vn 0.311468833 0.791887542 0.525263065
vn 0.299803558 0.765643451 0.569129100
vn 0.287894449 0.737320826 0.611125835
vn 0.274428221 0.705807069 0.653089223
vn -0.327038236 0.581972715 -0.744549361
vn -0.347138536 0.613866523 -0.708987115
vn -0.365384172 0.642164235 -0.673883894
vn -0.381907080 0.667174963 -0.639550272
vn -0.396854768 0.689224374 -0.606198033
vn -0.410363262 0.708610509 -0.573997509
vn -0.422578196 0.725637123 -0.543027103
vn -0.433627182 0.740571359 -0.513343480
vn -0.444691052 0.755168912 -0.481632415
vn -0.455429853 0.768666701 -0.449149364
vn -0.466461160 0.781836044 -0.413698425
vn -0.476682849 0.793382390 -0.378573432
vn -0.485582593 0.802821734 -0.345957813
vn -0.493605415 0.812267591 -0.310765272
vn -0.502219314 0.819274292 -0.276704526
vn -0.510375811 0.825358839 -0.241452515
vn -0.517770439 0.830881340 -0.203838100
vn -0.524269176 0.834809343 -0.168033307
vn -0.530183099 0.837593155 -0.131695057
vn -0.534416292 0.839974686 -0.094030602
vn -0.538782373 0.840477697 -0.057539510
vn -0.542334326 0.840162220 0.000960064
vn -0.548761923 0.835852702 0.014512525
vn -0.535617341 0.842272432 0.060755370
vn -0.530752042 0.839856362 0.113769776
vn -0.525414343 0.833703930 0.169933882
vn -0.514694460 0.827372458 0.224820881
vn -0.505411997 0.817608661 0.275816588
vn -0.494794145 0.805145318 0.326985887
vn -0.482853228 0.792418032 0.372728350
vn -0.468898392 0.773798110 0.425876487
vn -0.454397202 0.754112578 0.474170225
vn -0.437711872 0.730529989 0.524150982
vn -0.420465072 0.707193504 0.568406959
vn -0.401323543 0.678819736 0.614933476
vn -0.383155019 0.651399639 0.654882235
vn -0.365351910 0.627976457 0.687141580
vn -0.016535947 0.027973391 0.999471886
vn 0.014502712 0.028421585 0.999490813
vn 0.304521964 0.614133194 -0.728084332
vn 0.322685113 0.646954769 -0.690886275
vn 0.339047494 0.675873487 -0.654401884
vn 0.353761293 0.701269931 -0.618929262
vn 0.366977845 0.723514125 -0.584683309
vn 0.378845661 0.742959712 -0.551803254
vn 0.389509109 0.759941707 -0.520356855
vn 0.399098536 0.774761174 -0.490372799
vn 0.410116372 0.788565557 -0.458223661
vn 0.419060381 0.802752935 -0.424235928
vn 0.428006734 0.815982048 -0.388565995
vn 0.436579706 0.827079716 -0.354030090
vn 0.444765447 0.837109026 -0.318484183
vn 0.452318060 0.845614612 -0.283450701
vn 0.459671455 0.853151231 -0.246647787
vn 0.466096150 0.859057420 -0.211600396
vn 0.473476601 0.862956264 -0.176426738
vn 0.477815697 0.866892541 -0.142089696
vn 0.482042367 0.869810396 -0.105190453
vn 0.485716825 0.871214012 -0.071171005
vn 0.493086065 0.869975285 -0.003022421
vn 0.491129249 0.871027790 0.010131664
vn 0.481828534 0.873504300 0.069508997
vn 0.477414484 0.870763155 0.117673019
vn 0.471807846 0.865048289 0.170554432
vn 0.463897233 0.857524105 0.222377533
vn 0.455723583 0.847704264 0.271502294
vn 0.447773254 0.833604080 0.323424413
vn 0.436640368 0.819869598 0.370349877
vn 0.424104513 0.801516044 0.421553547
vn 0.410799015 0.782110327 0.468559074
vn 0.397331872 0.757876297 0.517446521
vn 0.382244767 0.733945083 0.561438824
vn 0.365309252 0.705801265 0.606954467
vn 0.348223590 0.678530135 0.646789909
vn -0.333735550 0.547838206 -0.767133549
vn -0.355023997 0.579069716 -0.733918405
vn -0.374533381 0.607074714 -0.700845944
vn -0.392364829 0.632087860 -0.668217613
vn -0.408637122 0.654364436 -0.636256935
vn -0.423467258 0.674149342 -0.605143079
vn -0.436979973 0.691692680 -0.574986730
vn -0.449293999 0.707228556 -0.545859573
vn -0.460517238 0.720966626 -0.517813670
vn -0.472329337 0.734924156 -0.486612251
vn -0.484260874 0.748350874 -0.453279577
vn -0.495882745 0.760846286 -0.418584797
vn -0.506456515 0.771661626 -0.384759838
vn -0.515734090 0.780596842 -0.353110350
vn -0.525133121 0.789068418 -0.318757331
vn -0.534212364 0.796417448 -0.283436764
vn -0.542621891 0.802614226 -0.247733503
vn -0.550213983 0.808539145 -0.208636103
vn -0.557633910 0.812105013 -0.171842575
vn -0.564050883 0.814633869 -0.134975037
vn -0.568756005 0.816850541 -0.096290189
vn -0.572769883 0.817709441 -0.057323050
vn -0.580720361 0.813873739 -0.019323518
vn -0.573865738 0.818894812 0.009455278
vn -0.574896055 0.818030417 0.017909849
vn -0.566870998 0.822199106 0.051438331
vn -0.567009385 0.818377922 0.093583836
vn -0.560016511 0.810753147 0.170472408
vn -0.541102319 0.815769499 0.204275316
vn -0.531407743 0.817485022 0.222090182
vn -0.525633458 0.806169630 0.271661548
vn -0.516384097 0.793175638 0.322831027
vn -0.503661271 0.780477932 0.370377539
vn -0.493468388 0.762321873 0.418753283
vn -0.476798324 0.740308034 0.473927604
vn -0.459216832 0.715053722 0.527084506
vn -0.439826835 0.691724045 0.572774127
vn -0.420169947 0.668602603 0.613537102
vn -0.399981404 0.637677337 0.658317925
vn -0.381466472 0.613387489 0.691548349
vn -0.364447377 0.591042408 0.719615856
vn -0.039697060 0.061818903 0.997297632
vn 0.016535947 0.027973391 0.999471886
vn 0.327038236 0.581972715 -0.744549361
vn 0.347138536 0.613866523 -0.708987115
vn 0.365384172 0.642164235 -0.673883894
vn 0.381907080 0.667174963 -0.639550272
vn 0.396854768 0.689224374 -0.606198033
vn 0.410363262 0.708610509 -0.573997509
vn 0.422578196 0.725637123 -0.543027103
vn 0.433627182 0.740571359 -0.513343480
vn 0.444691052 0.755168912 -0.481632415
vn 0.455429853 0.768666701 -0.449149364
vn 0.466461160 0.781836044 -0.413698425
vn 0.476682849 0.793382390 -0.378573432
vn 0.485582593 0.802821734 -0.345957813
vn 0.493605415 0.812267591 -0.310765272
vn 0.502219314 0.819274292 -0.276704526
vn 0.510375811 0.825358839 -0.241452515
vn 0.517770439 0.830881340 -0.203838100
vn 0.524269176 0.834809343 -0.168033307
vn 0.530183099 0.837593155 -0.131695057
vn 0.534416292 0.839974686 -0.094030602
vn 0.538782373 0.840477697 -0.057539510
vn 0.542334326 0.840162220 0.000960064
vn 0.548761923 0.835852702 0.014512525
vn 0.535617341 0.842272432 0.060755370
vn 0.530752042 0.839856362 0.113769776
vn 0.525414343 0.833703930 0.169933882
vn 0.514694460 0.827372458 0.224820881
vn 0.505411997 0.817608661 0.275816588
vn 0.494794145 0.805145318 0.326985887
vn 0.482853228 0.792418032 0.372728350
vn 0.468898392 0.773798110 0.425876487
vn 0.454397202 0.754112578 0.474170225
vn 0.437711872 0.730529989 0.524150982
vn 0.420465072 0.707193504 0.568406959
vn 0.401323543 0.678819736 0.614933476
vn 0.383155019 0.651399639 0.654882235
vn 0.365351910 0.627976457 0.687141580
vn -0.333568016 0.513306212 -0.790726951
vn -0.355584154 0.543754654 -0.760191283
vn -0.375954968 0.571368264 -0.729517765
vn -0.394755831 0.596322422 -0.698975967
vn -0.412072128 0.618802837 -0.668789661
vn -0.427998080 0.639003441 -0.639133981
vn -0.442629594 0.657114833 -0.610146817
vn -0.456072105 0.673335816 -0.581908166
vn -0.468413401 0.687834602 -0.554501980
vn -0.481264284 0.701583161 -0.525514754
vn -0.494132604 0.716259385 -0.492752943
vn -0.507104153 0.730313103 -0.457698754
vn -0.519179366 0.742481895 -0.423288815
vn -0.529847037 0.752691372 -0.390791268
vn -0.540197497 0.762199796 -0.356704548
vn -0.550044129 0.770559238 -0.322009186
vn -0.559837502 0.778166601 -0.284672993
vn -0.568546507 0.784311099 -0.248215569
vn -0.576232891 0.789951671 -0.209599647
vn -0.583576854 0.793468695 -0.172758460
vn -0.589950767 0.795981444 -0.135542000
vn -0.594733601 0.798146446 -0.096198727
vn -0.598522940 0.798868961 -0.059822018
vn -0.605534925 0.795524535 -0.021637193
vn -0.602617841 0.798010277 0.005597812
vn -0.598062216 0.801215042 0.019391813
vn -0.592982005 0.804347650 0.037379137
vn -0.586807047 0.797618876 0.139504907
vn -0.569072207 0.796044637 0.206081922
vn -0.586165951 0.777395256 0.228179961
vn -0.563883180 0.775504475 0.283951699
vn -0.540971476 0.768749747 0.341135879
vn -0.526980730 0.750796052 0.398241883
vn -0.517699205 0.719481969 0.462961369
vn -0.495447455 0.726143763 0.476704369
vn -0.484729252 0.700592646 0.523648256
vn -0.469800705 0.672967365 0.571316220
vn -0.453877019 0.646998765 0.612689358
vn -0.439137898 0.622716677 0.647596978
vn -0.425571356 0.596947679 0.680104763
vn -0.068388108 0.099804900 0.992654043
vn -0.165280087 0.334109924 0.927929443
vn 0.897801988 -0.088765327 0.431360994
vn 0.480424524 0.282183994 0.830400187
vn -0.165260029 0.272925130 0.947734666
vn -0.502150428 0.740436568 0.446764632
vn -0.473522946 0.702815564 0.530873152
vn -0.456389313 0.677201620 0.577154019
vn -0.468120379 0.688797266 0.553553645
vn -0.450496057 0.670156254 0.589867695
vn -0.427480895 0.646124173 0.632284459
vn -0.429065701 0.640840115 0.636574089
vn -0.431982912 0.647296427 0.628011226
vn -0.388439074 0.591438658 0.706622530
vn -0.502490658 0.730514646 0.462440797
vn -0.493250698 0.693943179 0.524544195
vn -0.469203267 0.689518220 0.551736276
vn -0.433882147 0.643101124 0.631004934
vn -0.532705859 0.778763949 0.331287155
vn -0.556252461 0.787304850 0.265959155
vn -0.454831413 0.683389909 0.571057457
vn -0.467017197 0.684160751 0.560195506
vn -0.505842709 0.736232732 0.449538116
vn -0.510362738 0.735390371 0.445792415
vn -0.406746953 0.612981794 0.677355325
vn 0.039697060 0.061818903 0.997297632
vn 0.333735550 0.547838206 -0.767133549
vn 0.355023997 0.579069716 -0.733918405
vn 0.374533381 0.607074714 -0.700845944
vn 0.392364829 0.632087860 -0.668217613
vn 0.408637122 0.654364436 -0.636256935
vn 0.423467258 0.674149342 -0.605143079
vn 0.436979973 0.691692680 -0.574986730
vn 0.449293999 0.707228556 -0.545859573
vn 0.460517238 0.720966626 -0.517813670
vn 0.472329337 0.734924156 -0.486612251
vn 0.484260874 0.748350874 -0.453279577
vn 0.495882745 0.760846286 -0.418584797
vn 0.506456515 0.771661626 -0.384759838
vn 0.515734090 0.780596842 -0.353110350
vn 0.525133121 0.789068418 -0.318757331
vn 0.534212364 0.796417448 -0.283436764
vn 0.542621891 0.802614226 -0.247733503
vn 0.550213983 0.808539145 -0.208636103
vn 0.557633910 0.812105013 -0.171842575
vn 0.564050883 0.814633869 -0.134975037
vn 0.568756005 0.816850541 -0.096290189
vn 0.572769883 0.817709441 -0.057323050
vn 0.580720361 0.813873739 -0.019323518
vn 0.573865738 0.818894812 0.009455278
vn 0.574896055 0.818030417 0.017909849
vn 0.566870998 0.822199106 0.051438331
vn 0.567009385 0.818377922 0.093583836
vn 0.560016511 0.810753147 0.170472408
vn 0.541102319 0.815769499 0.204275316
vn 0.531407743 0.817485022 0.222090182
vn 0.525633458 0.806169630 0.271661548
vn 0.516384097 0.793175638 0.322831027
vn 0.503661271 0.780477932 0.370377539
vn 0.493468388 0.762321873 0.418753283
vn 0.476798324 0.740308034 0.473927604
vn 0.459047001 0.714749480 0.527644797
vn 0.439716877 0.692019887 0.572501130
vn 0.420169947 0.668602603 0.613537102
vn 0.399981404 0.637677337 0.658317925
vn 0.381466472 0.613387489 0.691548349
vn 0.364447377 0.591042408 0.719615856
vn -0.331675676 0.479797597 -0.812271821
vn -0.354054404 0.509107282 -0.784509563
vn -0.374951504 0.535986588 -0.756392588
vn -0.394406668 0.560543538 -0.728171905
vn -0.412487668 0.582921887 -0.700039997
vn -0.429264198 0.603265260 -0.672163131
vn -0.444806081 0.621713334 -0.644686033
vn -0.459198413 0.638422174 -0.617700530
vn -0.472517229 0.653531857 -0.591289759
vn -0.486439091 0.668043420 -0.563111889
vn -0.500546976 0.683691630 -0.531054121
vn -0.514902865 0.698918426 -0.496374932
vn -0.528371087 0.712337246 -0.461951992
vn -0.540361958 0.723782151 -0.429125101
vn -0.551040231 0.733525630 -0.397862808
vn -0.562019493 0.743053308 -0.363326123
vn -0.572736398 0.751670225 -0.327054875
vn -0.582801766 0.759241962 -0.289644170
vn -0.591562327 0.765369587 -0.253502285
vn -0.599384195 0.771112361 -0.214765718
vn -0.606819660 0.774778041 -0.177451084
vn -0.613214628 0.777512785 -0.139433458
vn -0.618013577 0.779930597 -0.098830577
vn -0.621936443 0.780533770 -0.062945169
vn -0.626496095 0.778859417 -0.029675786
vn -0.624845821 0.780748111 -0.000294941
vn -0.626036739 0.779487846 0.021833442
vn -0.622373718 0.782032891 0.032795007
vn -0.608751494 0.779413787 0.148107284
vn -0.602666889 0.778403144 0.175730383
vn -0.593128604 0.770500567 0.233510888
vn -0.582271163 0.760616143 0.287094716
vn -0.564224562 0.747298319 0.350992687
vn -0.554693327 0.735630582 0.388796810
vn -0.544947918 0.718518687 0.432160460
vn -0.533406211 0.699103589 0.476163823
vn -0.653108710 0.700535970 0.287573239
vn -0.126046444 0.154229884 0.979961957
vn -0.607951396 0.686203858 0.399398755
vn -0.586229574 0.704527703 0.399969501
vn -0.540398041 0.741496015 0.397685324
vn -0.506903804 0.698983313 0.504451049
vn -0.520570572 0.712859788 0.469933190
vn -0.547437787 0.736156588 0.397976566
vn -0.511848576 0.694923848 0.505066214
vn -0.465714726 0.658406236 0.591279141
vn -0.465240282 0.652393518 0.598276005
vn -0.431600769 0.634743769 0.640953293
vn -0.557302419 0.747148971 0.362191149
vn -0.529347678 0.694806056 0.486863000
vn -0.571543958 0.779014530 0.257825264
vn -0.589739749 0.776086321 0.223376475
vn -0.497008209 0.701490988 0.510777089
vn -0.543620160 0.739144618 0.397671164
vn -0.470038141 0.635656082 0.612376920
vn 0.333568016 0.513306212 -0.790726951
vn 0.355584154 0.543754654 -0.760191283
vn 0.375954968 0.571368264 -0.729517765
vn 0.394755831 0.596322422 -0.698975967
vn 0.412072128 0.618802837 -0.668789661
vn 0.427998080 0.639003441 -0.639133981
vn 0.442629594 0.657114833 -0.610146817
vn 0.456072105 0.673335816 -0.581908166
vn 0.468413401 0.687834602 -0.554501980
vn 0.481264284 0.701583161 -0.525514754
vn 0.494132604 0.716259385 -0.492752943
vn 0.507104153 0.730313103 -0.457698754
vn 0.519179366 0.742481895 -0.423288815
vn 0.529847037 0.752691372 -0.390791268
vn 0.540197497 0.762199796 -0.356704548
vn 0.550044129 0.770559238 -0.322009186
vn 0.559837502 0.778166601 -0.284672993
vn 0.568546507 0.784311099 -0.248215569
vn 0.576232891 0.789951671 -0.209599647
vn 0.583576854 0.793468695 -0.172758460
vn 0.589950767 0.795981444 -0.135542000
vn 0.594733601 0.798146446 -0.096198727
vn 0.598522940 0.798868961 -0.059822018
vn 0.605534925 0.795524535 -0.021637193
vn 0.602617841 0.798010277 0.005597812
vn 0.598062216 0.801215042 0.019391813
vn 0.592982005 0.804347650 0.037379137
vn 0.586807047 0.797618876 0.139504907
vn 0.569072207 0.796044637 0.206081922
vn 0.586165951 0.777395256 0.228179961
vn 0.563883180 0.775504475 0.283951699
vn 0.540971476 0.768749747 0.341135879
vn 0.526980730 0.750796052 0.398241883
vn 0.517699205 0.719481969 0.462961369
vn 0.495447455 0.726143763 0.476704369
vn 0.484729252 0.700592646 0.523648256
vn 0.469800705 0.672967365 0.571316220
vn 0.453877019 0.646998765 0.612689358
vn 0.439137898 0.622716677 0.647596978
vn 0.425571356 0.596947679 0.680104763
vn 0.068388108 0.099804900 0.992654043
vn 0.150840438 0.264998398 0.952377557
vn -0.200078824 0.425005749 0.882801550
vn -0.494088655 0.347371779 0.797000156
vn 0.173806434 0.316308670 0.932598600
vn 0.502490658 0.730514646 0.462440797
vn 0.493250698 0.693943179 0.524544195
vn 0.469203267 0.689518220 0.551736276
vn 0.433882147 0.643101124 0.631004934
vn 0.502150428 0.740436568 0.446764632
vn 0.473034293 0.701974913 0.532418800
vn 0.450412028 0.668526455 0.591778155
vn 0.435844383 0.657405047 0.614701779
vn 0.469320120 0.688134922 0.553361504
vn 0.456453169 0.677310924 0.576975230
vn 0.423452031 0.649621338 0.631411510
vn 0.431523607 0.646712787 0.628927616
vn 0.387573596 0.590736022 0.707684718
vn 0.556252461 0.787304850 0.265959155
vn 0.467017197 0.684160751 0.560195506
vn 0.453498741 0.680153347 0.575960342
vn 0.532705859 0.778763949 0.331287155
vn 0.408907160 0.619607047 0.669986599
vn 0.510362738 0.735390371 0.445792415
vn 0.505842709 0.736232732 0.449538116
vn -0.332202632 0.448145936 -0.829943752
vn -0.354803550 0.476003336 -0.804695759
vn -0.376060060 0.501789165 -0.778964996
vn -0.395990333 0.525569266 -0.752973175
vn -0.414648336 0.547453330 -0.726884867
vn -0.432086947 0.567548413 -0.700849248
vn -0.448360056 0.585959454 -0.674999836
vn -0.463531355 0.602801422 -0.649437548
vn -0.477668196 0.618191117 -0.624237806
vn -0.492685323 0.633196455 -0.596928322
vn -0.507769438 0.649453338 -0.566021696
vn -0.523285484 0.665517820 -0.532220193
vn -0.538023409 0.679920237 -0.498236172
vn -0.551247948 0.692398718 -0.465520907
vn -0.563108284 0.703189751 -0.434088970
vn -0.574762584 0.713482824 -0.400737110
vn -0.586079258 0.722986458 -0.365789127
vn -0.597454559 0.731983590 -0.327487517
vn -0.607681765 0.739574741 -0.289399506
vn -0.616269429 0.745514235 -0.253811970
vn -0.623848182 0.751238588 -0.215531969
vn -0.631183157 0.754937936 -0.177979027
vn -0.637454791 0.757747859 -0.139533410
vn -0.642016344 0.760344780 -0.098442011
vn -0.647325928 0.759834964 -0.060166197
vn -0.647860260 0.761461755 -0.021285650
vn -0.648055785 0.761548203 0.008248283
vn -0.650178364 0.759473304 0.021642476
vn -0.645880892 0.763005953 0.025686344
vn -0.643662814 0.764561682 0.033817397
vn -0.643141321 0.762097682 0.074675058
vn -0.633517494 0.761365864 0.137759233
vn -0.645172277 0.743490550 0.175995840
vn -0.632337658 0.741732387 0.223566885
vn -0.620221231 0.734561171 0.275219023
vn -0.609415023 0.723598435 0.324065789
vn -0.599570077 0.709956743 0.369428134
vn -0.588274720 0.692773559 0.417130255
vn -0.612485268 0.763564590 -0.204526072
vn -0.659062687 0.723486156 0.205436502
vn -0.590853529 0.730740174 0.341922367
vn -0.593385133 0.760443456 0.263855709
vn -0.610098806 0.754828271 0.240860391
vn 0.331675676 0.479797597 -0.812271821
vn 0.354054404 0.509107282 -0.784509563
vn 0.374951504 0.535986588 -0.756392588
vn 0.394406668 0.560543538 -0.728171905
vn 0.412487668 0.582921887 -0.700039997
vn 0.429264198 0.603265260 -0.672163131
vn 0.444806081 0.621713334 -0.644686033
vn 0.459198413 0.638422174 -0.617700530
vn 0.472517229 0.653531857 -0.591289759
vn 0.486439091 0.668043420 -0.563111889
vn 0.500546976 0.683691630 -0.531054121
vn 0.514902865 0.698918426 -0.496374932
vn 0.528371087 0.712337246 -0.461951992
vn 0.540361958 0.723782151 -0.429125101
vn 0.551040231 0.733525630 -0.397862808
vn 0.562019493 0.743053308 -0.363326123
vn 0.572736398 0.751670225 -0.327054875
vn 0.582801766 0.759241962 -0.289644170
vn 0.591562327 0.765369587 -0.253502285
vn 0.599384195 0.771112361 -0.214765718
vn 0.606819660 0.774778041 -0.177451084
vn 0.613214628 0.777512785 -0.139433458
vn 0.618013577 0.779930597 -0.098830577
vn 0.621936443 0.780533770 -0.062945169
vn 0.626496095 0.778859417 -0.029675786
vn 0.624845821 0.780748111 -0.000294941
vn 0.626036739 0.779487846 0.021833442
vn 0.622373718 0.782032891 0.032795007
vn 0.608751494 0.779413787 0.148107284
vn 0.602666889 0.778403144 0.175730383
vn 0.593128604 0.770500567 0.233510888
vn 0.582271163 0.760616143 0.287094716
vn 0.564224562 0.747298319 0.350992687
vn 0.554693327 0.735630582 0.388796810
vn 0.544947918 0.718518687 0.432160460
vn 0.533406211 0.699103589 0.476163823
vn 0.653108710 0.700535970 0.287573239
vn 0.126046444 0.154229884 0.979961957
vn 0.586229574 0.704527703 0.399969501
vn 0.607951396 0.686203858 0.399398755
vn 0.557302419 0.747148971 0.362191149
vn 0.529347678 0.694806056 0.486863000
vn 0.540398041 0.741496015 0.397685324
vn 0.520570572 0.712859788 0.469933190
vn 0.547437787 0.736156588 0.397976566
vn 0.506903804 0.698983313 0.504451049
vn 0.465240282 0.652393518 0.598276005
vn 0.511848576 0.694923848 0.505066214
vn 0.465714726 0.658406236 0.591279141
vn 0.431600769 0.634743769 0.640953293
vn 0.589739749 0.776086321 0.223376475
vn 0.571543958 0.779014530 0.257825264
vn 0.497008209 0.701490988 0.510777089
vn 0.543620160 0.739144618 0.397671164
vn 0.470038141 0.635656082 0.612376920
vn -0.339839774 0.417791072 -0.842590973
vn -0.362908171 0.444040792 -0.819222457
vn -0.384683731 0.468487817 -0.795322320
vn -0.405187491 0.491189280 -0.771074697
vn -0.424457164 0.512221393 -0.746636029
vn -0.442548612 0.531679081 -0.722127469
vn -0.459505441 0.549641482 -0.697673986
vn -0.475385523 0.566202683 -0.673367008
vn -0.490246031 0.581454450 -0.649283876
vn -0.506452206 0.596465382 -0.622683877
vn -0.522234663 0.612834853 -0.593046709
vn -0.538649992 0.629227032 -0.560294144
vn -0.554471084 0.644114143 -0.526952358
vn -0.568749131 0.657181550 -0.494607760
vn -0.581623419 0.668631655 -0.463298942
vn -0.593221942 0.678647403 -0.433042064
vn -0.605321451 0.688763089 -0.398987906
vn -0.617153760 0.698222780 -0.362775669
vn -0.628413775 0.706849798 -0.324745272
vn -0.638352311 0.714118713 -0.287299130
vn -0.646694296 0.719893179 -0.252072009
vn -0.653843957 0.725674704 -0.214206217
vn -0.661095732 0.729284874 -0.176340598
vn -0.667169529 0.732105026 -0.137502908
vn -0.670934858 0.734833562 -0.099328006
vn -0.678242090 0.731742720 -0.067381437
vn -0.676313452 0.735705283 -0.036576647
vn -0.677240454 0.735746553 -0.004730383
vn -0.676293024 0.736398436 0.018576570
vn -0.677920602 0.734533851 0.029726740
vn -0.671449376 0.739963160 0.040128011
vn -0.667244464 0.736442492 0.111522559
vn -0.661384173 0.733274951 0.157730219
vn -0.653743510 0.727807820 0.207159843
vn -0.645013146 0.720509940 0.254604531
vn -0.632824614 0.710780764 0.307121659
vn -0.618794216 0.698862668 0.358726482
vn -0.604524448 0.683625057 0.408909491
vn -0.479324219 0.543105339 -0.689409084
vn 0.332202632 0.448145936 -0.829943752
vn 0.354803550 0.476003336 -0.804695759
vn 0.376060060 0.501789165 -0.778964996
vn 0.395990333 0.525569266 -0.752973175
vn 0.414648336 0.547453330 -0.726884867
vn 0.432086947 0.567548413 -0.700849248
vn 0.448360056 0.585959454 -0.674999836
vn 0.463531355 0.602801422 -0.649437548
vn 0.477668196 0.618191117 -0.624237806
vn 0.492685323 0.633196455 -0.596928322
vn 0.507769438 0.649453338 -0.566021696
vn 0.523285484 0.665517820 -0.532220193
vn 0.538023409 0.679920237 -0.498236172
vn 0.551247948 0.692398718 -0.465520907
vn 0.563108284 0.703189751 -0.434088970
vn 0.574762584 0.713482824 -0.400737110
vn 0.586079258 0.722986458 -0.365789127
vn 0.597454559 0.731983590 -0.327487517
vn 0.607681765 0.739574741 -0.289399506
vn 0.616269429 0.745514235 -0.253811970
vn 0.623848182 0.751238588 -0.215531969
vn 0.631183157 0.754937936 -0.177979027
vn 0.637454791 0.757747859 -0.139533410
vn 0.642016344 0.760344780 -0.098442011
vn 0.647325928 0.759834964 -0.060166197
vn 0.647860260 0.761461755 -0.021285650
vn 0.648055785 0.761548203 0.008248283
vn 0.650178364 0.759473304 0.021642476
vn 0.645880892 0.763005953 0.025686344
vn 0.643662814 0.764561682 0.033817397
vn 0.643141321 0.762097682 0.074675058
vn 0.633517494 0.761365864 0.137759233
vn 0.645172277 0.743490550 0.175995840
vn 0.632337658 0.741732387 0.223566885
vn 0.620221231 0.734561171 0.275219023
vn 0.609415023 0.723598435 0.324065789
vn 0.599570077 0.709956743 0.369428134
vn 0.588274720 0.692773559 0.417130255
vn 0.612485268 0.763564590 -0.204526072
vn 0.590853529 0.730740174 0.341922367
vn 0.659062687 0.723486156 0.205436502
vn 0.610098806 0.754828271 0.240860391
vn 0.593385133 0.760443456 0.263855709
vn -0.359763696 0.380462435 -0.851949775
vn -0.384721489 0.405320880 -0.829279422
vn -0.408208669 0.428508045 -0.806068569
vn -0.430278982 0.450098639 -0.782477611
vn -0.450978211 0.470159166 -0.758662647
vn -0.470374333 0.488777140 -0.734741379
vn -0.481838721 0.510126283 -0.712462366
vn -0.502357371 0.519291478 -0.691356227
vn -0.518494050 0.534241403 -0.667645148
vn -0.535059023 0.549607589 -0.641594374
vn -0.550568927 0.565845351 -0.613753123
vn -0.571199788 0.578916732 -0.581881620
vn -0.586725977 0.596523811 -0.547642193
vn -0.602641225 0.609255692 -0.515394079
vn -0.609787425 0.626520728 -0.485418452
vn -0.626934412 0.629732350 -0.458683345
vn -0.639669761 0.640218117 -0.425374375
vn -0.650712086 0.651146241 -0.390617913
vn -0.667127865 0.656826505 -0.351453204
vn -0.669601923 0.674133638 -0.311732422
vn -0.683954659 0.673931384 -0.279325105
vn -0.692011962 0.679458149 -0.243836152
vn -0.698388420 0.685461731 -0.205902476
vn -0.704817146 0.689300116 -0.167624999
vn -0.709855301 0.692459166 -0.128863316
vn -0.713775261 0.694626060 -0.089551736
vn -0.718534602 0.693511796 -0.052434851
vn -0.718676371 0.695176820 -0.015279494
vn -0.720687535 0.693133001 0.013271017
vn -0.717966827 0.695497770 0.028398732
vn -0.715620921 0.697534676 0.036497571
vn -0.714344161 0.695737154 0.075247811
vn -0.709037603 0.692491996 0.133118415
vn -0.703358440 0.684681647 0.191044358
vn -0.688891266 0.681933768 0.245754267
vn -0.676941487 0.672191500 0.299847980
vn -0.663744810 0.660536778 0.350904533
vn -0.648444974 0.648764716 0.398275608
vn -0.632722377 0.634902936 0.443351615
vn -0.135154229 0.135391342 -0.981530702
vn 0.339839774 0.417791072 -0.842590973
vn 0.362908171 0.444040792 -0.819222457
vn 0.384683731 0.468487817 -0.795322320
vn 0.405187491 0.491189280 -0.771074697
vn 0.424457164 0.512221393 -0.746636029
vn 0.442548612 0.531679081 -0.722127469
vn 0.459505441 0.549641482 -0.697673986
vn 0.475385523 0.566202683 -0.673367008
vn 0.490246031 0.581454450 -0.649283876
vn 0.506452206 0.596465382 -0.622683877
vn 0.522234663 0.612834853 -0.593046709
vn 0.538649992 0.629227032 -0.560294144
vn 0.554471084 0.644114143 -0.526952358
vn 0.568749131 0.657181550 -0.494607760
vn 0.581623419 0.668631655 -0.463298942
vn 0.593221942 0.678647403 -0.433042064
vn 0.605321451 0.688763089 -0.398987906
vn 0.617153760 0.698222780 -0.362775669
vn 0.628413775 0.706849798 -0.324745272
vn 0.638352311 0.714118713 -0.287299130
vn 0.646694296 0.719893179 -0.252072009
vn 0.653843957 0.725674704 -0.214206217
vn 0.661095732 0.729284874 -0.176340598
vn 0.667169529 0.732105026 -0.137502908
vn 0.670934858 0.734833562 -0.099328006
vn 0.678242090 0.731742720 -0.067381437
vn 0.676313452 0.735705283 -0.036576647
vn 0.677240454 0.735746553 -0.004730383
vn 0.676293024 0.736398436 0.018576570
vn 0.677920602 0.734533851 0.029726740
vn 0.671449376 0.739963160 0.040128011
vn 0.667244464 0.736442492 0.111522559
vn 0.661384173 0.733274951 0.157730219
vn 0.653743510 0.727807820 0.207159843
vn 0.645013146 0.720509940 0.254604531
vn 0.632824614 0.710780764 0.307121659
vn 0.618794216 0.698862668 0.358726482
vn 0.604524448 0.683625057 0.408909491
vn 0.479324219 0.543105339 -0.689409084
vn -0.004315922 0.597780092 -0.801648511
vn -0.004634785 0.643707060 -0.765257956
vn -0.004927058 0.685765273 -0.727806096
vn -0.005192847 0.723975554 -0.689806082
vn -0.005432716 0.758426338 -0.651736124
vn -0.007348497 0.788797962 -0.614608635
vn -0.005893760 0.816899456 -0.576749983
vn -0.006058844 0.841320395 -0.540502806
vn -0.006826896 0.862753784 -0.505578186
vn -0.007304862 0.881712812 -0.471729961
vn -0.004547106 0.898997968 -0.437929193
vn -0.006784082 0.915544689 -0.402159047
vn -0.010144486 0.928154023 -0.372058057
vn -0.006612877 0.943557379 -0.331143085
vn -0.006874643 0.958097986 -0.286358146
vn -0.011415298 0.965976754 -0.258376861
vn -0.008064176 0.973291566 -0.229430812
vn -0.003717887 0.982145504 -0.188086112
vn -0.009209819 0.988548796 -0.150620241
vn -0.007089929 0.993155618 -0.116583241
vn -0.011650741 0.995021464 -0.098977501
vn -0.005005339 0.996926743 -0.078179386
vn -0.001199225 0.999990733 -0.004134615
vn -0.733732056 0.661610747 -0.154623702
vn -0.730368434 0.673339684 -0.114785109
vn -0.724453886 0.684911396 -0.077864930
vn -0.692230936 0.719958251 -0.049763931
vn -0.706149051 0.707373547 -0.031243920
vn -0.655997260 0.754700641 -0.009723069
vn -0.004687579 0.999961735 0.007386160
vn -0.004902321 0.999941986 0.009591287
vn -0.010048264 0.999874581 -0.012241547
vn -0.003827249 0.999974376 -0.006049831
vn -0.744248745 0.665338824 0.058464123
vn -0.005567053 0.999722036 0.022909810
vn -0.008205717 0.997683310 0.067532797
vn -0.007479952 0.994394492 0.105468689
vn -0.005681891 0.989979570 0.141096304
vn -0.007787197 0.981664383 0.190458392
vn -0.007811848 0.972390835 0.233227442
vn -0.007860362 0.962627045 0.270716431
vn -0.007137931 0.950789973 0.309753897
vn -0.010690638 0.728601545 -0.684854363
vn 0.359763696 0.380462435 -0.851949775
vn 0.384721489 0.405320880 -0.829279422
vn 0.408208669 0.428508045 -0.806068569
vn 0.430278982 0.450098639 -0.782477611
vn 0.450978211 0.470159166 -0.758662647
vn 0.470374333 0.488777140 -0.734741379
vn 0.481838721 0.510126283 -0.712462366
vn 0.502357371 0.519291478 -0.691356227
vn 0.518494050 0.534241403 -0.667645148
vn 0.535059023 0.549607589 -0.641594374
vn 0.550568927 0.565845351 -0.613753123
vn 0.571199788 0.578916732 -0.581881620
vn 0.586725977 0.596523811 -0.547642193
vn 0.602641225 0.609255692 -0.515394079
vn 0.609787425 0.626520728 -0.485418452
vn 0.626934412 0.629732350 -0.458683345
vn 0.639669761 0.640218117 -0.425374375
vn 0.650712086 0.651146241 -0.390617913
vn 0.667127865 0.656826505 -0.351453204
vn 0.669601923 0.674133638 -0.311732422
vn 0.683954659 0.673931384 -0.279325105
vn 0.692011962 0.679458149 -0.243836152
vn 0.698388420 0.685461731 -0.205902476
vn 0.705259373 0.688864283 -0.167556607
vn 0.710137406 0.692253974 -0.128410668
vn 0.714625959 0.693865137 -0.088661771
vn 0.715803060 0.696316380 -0.052625830
vn 0.719492564 0.694312997 -0.016121810
vn 0.720687535 0.693133001 0.013271017
vn 0.717966827 0.695497770 0.028398732
vn 0.715620928 0.697534670 0.036497568
vn 0.714344164 0.695737148 0.075247831
vn 0.709037603 0.692491996 0.133118415
vn 0.703358440 0.684681647 0.191044358
vn 0.688891266 0.681933768 0.245754267
vn 0.676941487 0.672191500 0.299847980
vn 0.663744810 0.660536778 0.350904533
vn 0.648444974 0.648764716 0.398275608
vn 0.632722377 0.634902936 0.443351615
vn 0.135154229 0.135391342 -0.981530702
vn 0.004308388 0.581726217 -0.813373252
vn 0.004630877 0.628926683 -0.777450823
vn 0.004926770 0.672267476 -0.740291947
vn 0.005196031 0.711746071 -0.702417633
vn 0.005439109 0.747429001 -0.664319430
vn 0.007360352 0.778968397 -0.627019985
vn 0.005905514 0.808147102 -0.588951090
vn 0.006072571 0.833566406 -0.552385889
vn 0.006843676 0.855914071 -0.517072787
vn 0.007323751 0.875699161 -0.482801555
vn 0.004559291 0.893722416 -0.448597208
vn 0.007479543 0.910229741 -0.414036078
vn 0.005102231 0.929033002 -0.369961685
vn 0.013127977 0.942582558 -0.333715114
vn 0.006899762 0.954343042 -0.298633139
vn 0.005742022 0.966571198 -0.256334054
vn 0.008039251 0.975677844 -0.219061898
vn 0.007409667 0.981890241 -0.189305708
vn 0.009606929 0.986652855 -0.162554150
vn 0.007110771 0.991804589 -0.127566041
vn 0.005859097 0.995211986 -0.097564205
vn 0.005000140 0.997266330 -0.073721545
vn 0.001906768 0.999988773 -0.004338037
vn 0.007382131 0.999923767 0.009897733
vn 0.004299864 0.999948883 0.009151119
vn 0.006530082 0.998415565 0.055890233
vn 0.003753262 0.994484659 0.104814958
vn 0.011303643 0.989772750 0.142204541
vn 0.007271172 0.984236916 0.176705472
vn 0.007483185 0.975613864 0.219366339
vn 0.006951766 0.966058904 0.258228322
vn 0.007093851 0.954458669 0.298258824
vn 0.744248745 0.665338824 0.058464123
vn 0.003755547 0.999920138 -0.012067051
vn 0.002855575 0.999968863 0.007356502
vn 0.009759657 0.999905165 0.009716500
vn 0.010145317 0.999925093 -0.006847023
vn 0.694791912 0.718598504 -0.029671355
vn 0.719835684 0.690364894 -0.072338795
vn 0.728106939 0.676615975 -0.109777537
vn 0.733540128 0.663766559 -0.146057642
vn 0.732709391 0.657445989 -0.175788852
vn 0.000261523 0.980213241 -0.197944268
vn -0.000785357 0.749693360 -0.661784897
vn -0.227167705 0.973854775 -0.001308229
vn -0.409773318 0.904164663 0.120714915
vn -0.579961190 0.809174319 0.094244041
vn -0.720772980 0.674951029 0.157884198
vn -0.827490557 0.514458743 -0.224925720
vn -0.924689911 0.347929621 0.154575380
vn -0.972815665 0.160518985 0.166923146
vn -0.921557901 0.000423793 -0.388240718
vn -0.322427488 -0.000479246 -0.946594045
vn -0.973258402 -0.227027901 0.035020200
vn -0.909407929 -0.412150301 0.055761526
vn -0.804099349 -0.576324086 0.145858783
vn -0.674810446 -0.720622947 0.159164786
vn -0.521388483 -0.838635456 0.157621768
vn -0.351641801 -0.934555897 0.054344450
vn -0.160139023 -0.970516103 -0.180149901
vn -0.002244407 -0.994790031 -0.101920346
vn -0.001970218 -0.091162591 -0.995834073
vn -0.054915127 -0.166720652 -0.984473744
vn -0.069862889 -0.173514103 -0.982350260
vn -0.074884480 -0.167708365 -0.982988412
vn -0.082626216 -0.171757091 -0.981668177
vn -0.087956401 -0.170953779 -0.981345238
vn -0.094024949 -0.170025020 -0.980943832
vn -0.102145109 -0.168807092 -0.980342054
vn -0.115099970 -0.166959119 -0.979222472
vn -0.001022858 -0.001180053 -0.999998781
vn -0.003931050 -0.999926721 0.011449847
vn 0.015392429 -0.999773243 0.014715142
vn 0.002533226 -0.003239130 -0.999991545
vn 0.114736304 -0.175812413 -0.977714465
vn 0.103162676 -0.176659861 -0.978850732
vn 0.093461315 -0.173521220 -0.980385316
vn 0.085976869 -0.170856563 -0.981537576
vn 0.079128926 -0.168110691 -0.982587100
vn 0.071628639 -0.164718377 -0.983736344
vn 0.061533038 -0.159660327 -0.985252386
vn 0.039802889 -0.136481121 -0.989842732
vn 0.000987491 -0.161225877 -0.986917039
vn 0.007740903 -0.963458823 -0.267744608
vn 0.225531370 -0.966842839 0.119793683
vn 0.411872668 -0.908795333 0.066722924
vn 0.575953693 -0.803582570 0.150107947
vn 0.718582522 -0.672899738 0.175627734
vn 0.848492242 -0.527516550 0.042275341
vn 0.933790461 -0.351353793 -0.067719177
vn 0.971978211 -0.160380277 0.171861931
vn 0.576192251 -0.000218391 -0.817314164
vn 0.714941217 0.001286226 -0.699183382
vn 0.959875817 0.223906882 0.168831647
vn 0.899919187 0.407849241 0.154286919
vn 0.799305694 0.572888030 -0.181410345
vn 0.682332852 0.728655950 0.059011741
vn 0.523111820 0.841408757 0.135592502
vn 0.351439634 0.934018445 0.064029112
vn 0.162220898 0.983130007 0.084497153
vn -0.997265117 0.067729351 0.029580766
vn -0.997900674 0.057885320 0.029043672
vn -0.998315565 0.050457609 0.028636742
vn -0.998592387 0.044841537 0.028328110
vn -0.998784068 0.040513622 0.028089710
vn -0.998930613 0.036875965 0.027888956
vn -0.994394303 0.077617294 0.071801990
vn -0.997321957 0.054825486 0.048405371
vn -0.997564358 0.050432003 0.048186772
vn -0.993544336 0.069845999 0.089393451
vn 0.997332732 0.051876281 0.051344644
vn 0.996938271 0.058686182 0.051672206
vn 0.994457909 0.077480495 0.071065047
vn 0.998603852 0.042952643 0.030747642
vn 0.998391608 0.047475103 0.030988898
vn 0.998101999 0.053043745 0.031285161
vn 0.997732704 0.059409217 0.031622729
vn 0.997265281 0.066616317 0.032003527
vn 0.996774661 0.073436662 0.032362517
vn 0.996149083 0.081318854 0.032775732
vn -0.857784696 0.468666345 0.211085936
vn -0.917764520 0.329915081 0.221052763
vn -0.886532751 0.169734042 0.430406827
vn -0.627341043 0.025009964 0.778342930
vn -0.847561386 -0.047041047 0.528608397
vn -0.957616355 -0.183343587 0.222162206
vn -0.919208419 -0.330432935 0.214172732
vn -0.853065297 -0.466087815 0.234609778
vn -0.769282542 -0.582608996 0.262242499
vn -0.637824758 -0.667111074 0.384892704
vn -0.552962205 -0.810416747 0.193539389
vn -0.324358116 -0.685979836 0.651324402
vn -0.275703537 -0.942436300 0.189212526
vn -0.125474976 -0.978609990 0.163029194
vn -0.000072090 -0.506834267 0.862043514
vn -0.000013270 -0.020967471 0.999780158
vn -0.005337501 -0.029302416 0.999556341
vn -0.013677789 -0.039006616 0.999145336
vn -0.020915266 -0.038805828 0.999027857
vn -0.029383401 -0.038538958 0.998824992
vn -0.031984561 -0.035625566 0.998853246
vn -0.032965180 0.037479513 0.998753515
vn -0.026667502 0.038546502 0.998900902
vn -0.018665107 0.038823857 0.999071730
vn -0.011690742 0.039024833 0.999169850
vn -0.007913186 0.058707538 0.998243861
vn -0.000014346 0.041352630 0.999144614
vn -0.000228448 0.730501877 0.682910650
vn -0.182439817 0.966134983 0.182479883
vn -0.331608142 0.926474882 0.177989698
vn -0.461061358 0.842375539 0.278972893
vn -0.599488581 0.775830975 0.196722494
vn -0.654383722 0.644021128 0.396255890
vn -0.691908588 0.524010162 0.496664732
vn -0.856248466 0.467826997 0.219035304
vn -0.919208054 0.330433998 0.214172657
vn -0.885737039 0.169581697 0.432101777
vn -0.627341043 0.025009964 0.778342930
vn -0.852519312 -0.047316220 0.520549707
vn -0.959022224 -0.183612753 0.215783992
vn -0.903672863 -0.324848283 0.279014245
vn -0.853065361 -0.466087849 0.234609478
vn -0.779834970 -0.590601266 0.207479069
vn -0.674814564 -0.705799301 0.215575163
vn -0.483367532 -0.708419380 0.514293507
vn -0.420141357 -0.888550292 0.184281357
vn -0.221713462 -0.757882242 0.613561446
vn -0.125474976 -0.978609990 0.163029194
vn -0.000072115 -0.507006538 0.861942205
vn -0.000013241 -0.020921383 0.999781124
vn -0.010613582 -0.058267642 0.998244576
vn -0.010203923 -0.029099769 0.999524429
vn -0.020915266 -0.038805828 0.999027857
vn -0.043080818 -0.056504345 0.997472457
vn -0.018344941 -0.020433262 0.999622901
vn -0.060487386 0.068770678 0.995797103
vn -0.020391406 0.029474728 0.999357509
vn -0.018665107 0.038823857 0.999071730
vn -0.017588638 0.058712584 0.998119969
vn -0.003979089 0.029520664 0.999556250
vn -0.000014409 0.041533623 0.999137107
vn -0.000228448 0.730501877 0.682910650
vn -0.182439817 0.966134983 0.182479883
vn -0.331608142 0.926474882 0.177989698
vn -0.461061358 0.842375539 0.278972893
vn -0.599488581 0.775830975 0.196722494
vn -0.654383722 0.644021128 0.396255890
vn -0.691908298 0.524010790 0.496664473
vn -0.856248317 0.467827349 0.219035139
vn -0.919208054 0.330433998 0.214172657
vn -0.885737039 0.169581697 0.432101777
vn -0.520029700 0.028862501 0.853660394
vn -0.893799327 -0.035632754 0.447049292
vn -0.959022224 -0.183612753 0.215783992
vn -0.903672879 -0.324848186 0.279014308
vn -0.853065361 -0.466087849 0.234609478
vn -0.779835449 -0.590600559 0.207479283
vn -0.674814564 -0.705799301 0.215575163
vn -0.483367532 -0.708419380 0.514293507
vn -0.420141357 -0.888550292 0.184281357
vn -0.221713462 -0.757882242 0.613561446
vn -0.125474976 -0.978609990 0.163029194
vn -0.000072115 -0.507006538 0.861942205
vn -0.000026266 -0.041502862 0.999138385
vn -0.010613582 -0.058267642 0.998244576
vn -0.010203923 -0.029099769 0.999524429
vn -0.020915266 -0.038805828 0.999027857
vn -0.043080818 -0.056504345 0.997472457
vn -0.018344941 -0.020433262 0.999622901
vn -0.060487386 0.068770678 0.995797103
vn -0.020391406 0.029474728 0.999357509
vn -0.018665107 0.038823857 0.999071730
vn -0.017588638 0.058712584 0.998119969
vn -0.003979089 0.029520664 0.999556250
vn -0.000007248 0.020891231 0.999781754
vn -0.000228459 0.730535507 0.682874675
vn -0.181529545 0.961314516 0.207174866
vn -0.330644087 0.923781426 0.193138202
vn -0.471571403 0.861577765 0.187894031
vn -0.572354155 0.740714830 0.351784396
vn -0.697502857 0.686457443 0.205586827
vn -0.678755491 0.514049349 0.524446613
vn -0.857784725 0.468666271 0.211085980
vn -0.917764520 0.329915081 0.221052763
vn -0.886532751 0.169734042 0.430406827
vn -0.520029700 0.028862501 0.853660394
vn -0.893228069 -0.035609980 0.448191416
vn -0.959022224 -0.183612753 0.215783992
vn -0.914794082 -0.328845985 0.234546597
vn -0.857784696 -0.468666345 0.211085936
vn -0.766859662 -0.580773218 0.273182592
vn -0.567892682 -0.593968001 0.569824460
vn -0.552962205 -0.810416747 0.193539389
vn -0.416126686 -0.880059729 0.228765066
vn -0.276490861 -0.945127607 0.174030488
vn -0.097566086 -0.760941738 0.641442538
vn -0.000072145 -0.507220796 0.861816140
vn -0.000036038 -0.056942933 0.998377434
vn -0.030207721 -0.165837759 0.985690282
vn -0.057235755 -0.163226173 0.984927045
vn -0.086552863 -0.160588705 0.983219136
vn -0.120265658 -0.157739164 0.980129852
vn -0.103266409 -0.115021879 0.987980777
vn -0.151362418 0.084071461 0.984896648
vn -0.056943223 0.044483459 0.997385929
vn -0.253918699 0.230985119 0.939239676
vn -0.191852400 0.179722259 0.964827739
vn 0.897177835 -0.181277035 0.402753733
vn 0.000019683 -0.056737624 0.998389123
vn -0.904115351 -0.186692178 0.384345498
vn 0.191852400 0.179722259 0.964827739
vn 0.252923851 0.230080784 0.939729939
vn 0.056943223 0.044483459 0.997385929
vn 0.151362418 0.084071461 0.984896648
vn 0.166464559 -0.189260628 0.967713783
vn 0.112912169 -0.163208731 0.980109051
vn 0.079086744 -0.164502265 0.983201043
vn 0.049664811 -0.165785969 0.984910361
vn 0.022530294 -0.167151151 0.985673819
vn 0.000158854 -0.507964075 0.861378240
vn 0.100983733 0.787596805 0.607859818
vn 0.000103982 0.731052960 0.682320716
vn 0.147027198 -0.778602619 0.610049969
vn 0.331608142 -0.926474882 0.177989698
vn 0.470130579 -0.858945329 0.202953593
vn 0.485728583 -0.628607937 0.607387690
vn 0.694124723 -0.683132805 0.226981143
vn 0.779835420 -0.590600599 0.207479277
vn 0.853065361 -0.466087849 0.234609478
vn 0.903672930 -0.324849481 0.279012635
vn 0.959022224 -0.183612753 0.215783992
vn 0.854181271 -0.047408462 0.517809612
vn 0.583015515 0.023242855 0.812128487
vn 0.959022224 0.183612753 0.215783992
vn 0.903672863 0.324848283 0.279014245
vn 0.853065387 0.466087775 0.234609532
vn 0.779835449 0.590600559 0.207479283
vn 0.674814564 0.705799301 0.215575163
vn 0.448471211 0.657275627 0.605691607
vn 0.418880342 0.885883391 0.199373712
vn 0.276490861 0.945127607 0.174030488
vn 0.000013241 0.020921383 0.999781124
vn 0.003979089 -0.029520664 0.999556250
vn 0.000014409 -0.041533623 0.999137107
vn 0.010613582 0.058267642 0.998244576
vn 0.010203923 0.029099769 0.999524429
vn 0.030853596 0.057245235 0.997883279
vn 0.021728490 0.028498858 0.999357638
vn 0.036344751 0.040482104 0.998519033
vn 0.030706775 -0.034911836 0.998918544
vn 0.040433533 -0.058444591 0.997471483
vn 0.014194071 -0.029523998 0.999463287
vn 0.017588638 -0.058712584 0.998119969
vn 0.000158645 -0.507294520 0.861772734
vn 0.125474976 0.978609990 0.163029194
vn 0.000103862 0.730209553 0.683223242
vn 0.182942009 -0.968794412 0.167241169
vn 0.328530046 -0.917875039 0.222650898
vn 0.471571403 -0.861577765 0.187894031
vn 0.523595875 -0.677614071 0.516417013
vn 0.697502857 -0.686457443 0.205586827
vn 0.773654714 -0.585920734 0.241154054
vn 0.857784696 -0.468666345 0.211085936
vn 0.823119327 -0.295892327 0.484687841
vn 0.959022224 -0.183612753 0.215783992
vn 0.906160752 -0.050293408 0.419932453
vn 0.582144887 0.023208146 0.812753784
vn 0.959022224 0.183612753 0.215783992
vn 0.914794066 0.328846083 0.234546519
vn 0.857784545 0.468666696 0.211085768
vn 0.754249573 0.571223557 0.323745626
vn 0.676871505 0.707950688 0.201620406
vn 0.414817580 0.607953148 0.676992869
vn 0.420141357 0.888550292 0.184281357
vn 0.273972172 0.936517982 0.218799724
vn 0.000013241 0.020921383 0.999781124
vn 0.003979089 -0.029520664 0.999556250
vn 0.000014409 -0.041533623 0.999137107
vn 0.010613582 0.058267642 0.998244576
vn 0.013478560 0.038438450 0.999170063
vn 0.015540835 0.028834199 0.999463392
vn 0.043080818 0.056504345 0.997472457
vn 0.019701804 0.021944585 0.999565042
vn 0.053311273 -0.060611851 0.996736731
vn 0.020391406 -0.029474728 0.999357509
vn 0.028182531 -0.058620320 0.997882460
vn 0.011863568 -0.039601744 0.999145113
vn 0.000158734 -0.507578725 0.861605369
vn 0.125474976 0.978609990 0.163029194
vn 0.000103759 0.729484173 0.683997683
vn 0.182942009 -0.968794412 0.167241169
vn 0.328530046 -0.917875039 0.222650898
vn 0.471571403 -0.861577765 0.187894031
vn 0.523595875 -0.677614071 0.516417013
vn 0.697502857 -0.686457443 0.205586827
vn 0.773655132 -0.585920104 0.241154242
vn 0.857784696 -0.468666345 0.211085936
vn 0.823119327 -0.295892327 0.484687841
vn 0.959022224 -0.183612753 0.215783992
vn 0.504444513 -0.027997498 0.862990077
vn 0.906605602 0.036143297 0.420428287
vn 0.959022224 0.183612753 0.215783992
vn 0.914794066 0.328846083 0.234546519
vn 0.857784696 0.468666345 0.211085936
vn 0.632959332 0.479366272 0.607923072
vn 0.676871505 0.707950688 0.201620406
vn 0.529100189 0.775444777 0.344584371
vn 0.420141357 0.888550292 0.184281357
vn 0.273972172 0.936517982 0.218799724
vn 0.000013241 0.020921383 0.999781124
vn 0.005277168 -0.039151055 0.999219369
vn 0.000014409 -0.041533623 0.999137107
vn 0.007128992 0.039137547 0.999208402
vn 0.020277051 0.057826535 0.998120701
vn 0.020435466 0.037915615 0.999071968
vn 0.028415292 0.037269196 0.998901185
vn 0.019701804 0.021944585 0.999565042
vn 0.053311273 -0.060611851 0.996736731
vn 0.027576179 -0.039859949 0.998824679
vn 0.019103399 -0.039735513 0.999027602
vn 0.008850174 -0.029542742 0.999524337
vn 0.000158854 -0.507964075 0.861378240
vn 0.137756987 -0.729510950 0.669952824
vn 0.330644087 -0.923781426 0.193138202
vn 0.471571403 -0.861577765 0.187894031
vn 0.573360924 -0.742017745 0.347371439
vn 0.694124723 -0.683132805 0.226981143
vn 0.779835650 -0.590600273 0.207479340
vn 0.781209663 -0.426828175 0.455553698
vn 0.917764567 -0.329915098 0.221052545
vn 0.959022224 -0.183612753 0.215783992
vn 0.870701534 -0.048325363 0.489431811
vn 0.600669449 0.023946658 0.799138768
vn 0.959022224 0.183612753 0.215783992
vn 0.848971761 0.305184575 0.431403898
vn 0.857784696 0.468666345 0.211085936
vn 0.427906950 0.261346008 0.865213214
vn 0.236975937 0.192604971 0.952231973
vn 0.126985429 0.111839512 0.985579334
vn -0.675839066 0.001079097 0.737048433
vn -0.280179515 0.000839076 0.959947257
vn -0.288488059 0.053145357 0.956007433
vn -0.180724386 0.063777906 0.981463741
vn -0.133062346 0.072060611 0.988484537
vn -0.104543745 0.080039669 0.991294233
vn -0.083696397 0.088006686 0.992597469
vn -0.065964950 0.095757473 0.993216558
vn -0.049175588 0.102812330 0.993484467
vn -0.032275182 0.108527793 0.993569339
vn -0.014901044 0.112245914 0.993568726
vn -0.000033326 0.112351104 0.993668571
vn 0.000130199 0.114508214 0.993422293
vn 0.020517157 0.111372940 0.993566865
vn 0.037684068 0.106783534 0.993567908
vn 0.054276350 0.100223111 0.993483470
vn 0.070689274 0.092330736 0.993216020
vn 0.088006686 0.083696397 0.992597469
vn 0.108423198 0.074690055 0.991295015
vn 0.136496616 0.065286929 0.988486869
vn 0.183662711 0.054619626 0.981470685
vn 0.290686845 0.038589711 0.956039744
vn 0.275750155 0.000434394 0.961229246
vn 0.675839066 0.001079097 0.737048433
vn -0.196035952 0.170785583 0.965609750
vn -0.229395227 0.174436016 0.957575013
vn -0.425112767 0.212498815 0.879842820
vn -0.022875514 0.077054306 0.996764438
vn -0.010370375 0.078402252 0.996867866
vn -0.000039464 0.037047259 0.999313514
vn -0.015165323 0.180827793 0.983397845
vn -0.007967090 0.000003506 0.999968262
vn -0.011966262 0.001600798 0.999927120
vn -0.000040058 0.000011957 0.999999999
vn -0.008868334 0.004252645 0.999951633
vn -0.008266980 0.005707127 0.999949542
vn -0.007624365 0.007265557 0.999944539
vn -0.006898725 0.009029530 0.999935436
vn -0.006026558 0.011154719 0.999919623
vn -0.004895421 0.013916444 0.999891178
vn -0.003275114 0.017878960 0.999834795
vn -0.000840001 0.020957630 0.999780012
vn 0.000000827 0.000044402 0.999999999
vn 0.002410134 0.018016314 0.999834788
vn 0.004219349 0.014136069 0.999891178
vn 0.005482147 0.011432058 0.999919624
vn 0.006455696 0.009351208 0.999935437
vn 0.007265342 0.007624272 0.999944541
vn 0.007982274 0.006098542 0.999949544
vn 0.008652859 0.004674786 0.999951636
vn 0.000039436 0.000013873 0.999999999
vn 0.011874642 0.002175241 0.999927128
vn 0.008006365 0.000006602 0.999967949
vn 0.015165323 0.180827793 0.983397845
vn 0.000077456 0.037526117 0.999295644
vn 0.014360570 0.077746779 0.996869707
vn 0.026778497 0.075766655 0.996765933
vn 0.040057819 0.073884408 0.996461974
vn 0.055171828 0.071991945 0.995878120
vn 0.073625402 0.069953022 0.994829571
vn 0.098151284 0.067545540 0.992876591
vn 0.134606808 0.064304818 0.988810345
vn 0.198563745 0.058948655 0.978313598
vn 0.348330692 0.046074186 0.936238697
vn 0.021904079 0.001169207 0.999759393
vn 0.584239575 -0.037036113 0.810735743
vn 0.052465891 -0.009690949 0.998575694
vn 0.339807678 -0.120099521 0.932795180
vn 0.235192956 -0.127514276 0.963547810
vn 0.178100948 -0.136489644 0.974500195
vn 0.139242404 -0.146552322 0.979353853
vn 0.108024318 -0.156971511 0.981677488
vn 0.079688630 -0.166809151 0.982763669
vn 0.051932784 -0.174931355 0.983210052
vn 0.023829331 -0.180154836 0.983349581
vn 0.000052624 -0.099080514 0.995079418
vn -0.000181556 -0.347694747 0.937607770
vn -0.032985835 -0.178582221 0.983371916
vn -0.060776104 -0.171958944 0.983227536
vn -0.088080479 -0.162459522 0.982776034
vn -0.115886035 -0.151215961 0.981684348
vn -0.146552322 -0.139242404 0.979353853
vn -0.184885590 -0.127234169 0.974488987
vn -0.241525976 -0.115382603 0.963510279
vn -0.345837669 -0.102670633 0.932660200
vn -0.052903187 -0.006997578 0.998575128
vn -0.021710531 -0.001158875 0.999763627
vn -0.658413412 0.041738141 0.751498308
vn -0.345096842 0.063742669 0.936400044
vn -0.195176734 0.068982056 0.978339163
vn -0.131105645 0.071081386 0.988816842
vn -0.094558894 0.072466261 0.992878269
vn -0.069953022 0.073625402 0.994829571
vn -0.051424037 0.074724922 0.995877379
vn -0.036234368 0.075848012 0.996460812
vn -0.815853227 0.453417646 0.358881527
vn -0.798688967 0.444193791 0.405940649
vn -0.779499661 0.433830166 0.451853590
vn -0.747946050 0.440215628 0.496776517
vn -0.738788053 0.411240828 0.533922461
vn -0.714884091 0.398207884 0.574779277
vn -0.699738280 0.380771701 0.604466088
vn -0.674332011 0.376195792 0.635415663
vn 0.815853227 0.453417646 0.358881527
vn 0.798688967 0.444193791 0.405940649
vn 0.793791472 0.414893421 0.444700514
vn 0.762952450 0.425243884 0.486899577
vn 0.740611056 0.413096430 0.529949623
vn 0.716825223 0.400125806 0.571017460
vn 0.691801902 0.395275330 0.604290941
vn 0.675610106 0.377415637 0.633331210
vn -0.164398766 -0.001639893 -0.986392598
vn -0.166375539 -0.011634774 -0.985993819
vn -0.168513465 -0.021972150 -0.985454432
vn -0.170842132 -0.032766278 -0.984753440
vn -0.173391854 -0.044151251 -0.983862761
vn -0.176207181 -0.056284139 -0.982742655
vn -0.179336943 -0.069355522 -0.981339937
vn -0.182844730 -0.083603649 -0.979580642
vn -0.186811896 -0.099329720 -0.977361203
vn -0.191345283 -0.116929972 -0.974532895
vn -0.196580681 -0.136919169 -0.970880619
vn -0.202701903 -0.160002167 -0.966080351
vn -0.209958780 -0.187162063 -0.959628925
vn -0.218692796 -0.219788036 -0.950719033
vn -0.229379395 -0.259918454 -0.937991200
vn -0.242679062 -0.310616169 -0.919034531
vn -0.186647237 -0.265152004 -0.945968934
vn -0.343175373 -0.555334248 -0.757518671
vn -0.239244449 -0.444589336 -0.863193151
vn -0.000202767 -0.000437686 -0.999999884
vn -0.006799159 -0.017845306 -0.999817642
vn -0.005644124 -0.017979333 -0.999822428
vn -0.004515656 -0.018111557 -0.999825775
vn -0.003404654 -0.018243134 -0.999827783
vn -0.001657348 -0.012234658 -0.999923780
vn -0.001847764 -0.024655911 -0.999694289
vn -0.000092875 -0.018643696 -0.999826187
vn 0.001031354 -0.018782513 -0.999823061
vn 0.000023684 -0.000205577 -0.999999979
vn 0.003115741 -0.017669615 -0.999839025
vn 0.004195467 -0.017571895 -0.999836800
vn 0.005294689 -0.017473584 -0.999833306
vn 0.006422072 -0.017374248 -0.999828432
vn 0.001617128 -0.003681415 -0.999991916
vn 0.008747788 -0.017063229 -0.999816144
vn 0.001447034 -0.002449576 -0.999995953
vn 0.000856300 -0.001297244 -0.999998792
vn 0.016269723 -0.021702974 -0.999632071
vn 0.001367157 -0.001580677 -0.999997816
vn 0.001389087 -0.001424139 -0.999998021
vn 0.001479723 -0.001345772 -0.999998000
vn 0.001095299 -0.000900614 -0.999998995
vn 0.002612806 -0.001898293 -0.999994785
vn 0.002587536 -0.001616868 -0.999995345
vn 0.000015197 -0.000008473 -1.000000000
vn 0.010358389 -0.004988310 -0.999933908
vn 0.007805833 -0.003108575 -0.999964702
vn 0.007804933 -0.002579032 -0.999966215
vn 0.007803474 -0.002070071 -0.999967410
vn 0.007801473 -0.001577103 -0.999968324
vn 0.005191572 -0.000782512 -0.999986218
vn 0.010384641 -0.000934614 -0.999945641
vn 0.007791718 -0.000155410 -0.999969632
vn 0.007787105 0.000310820 -0.999969632
vn 0.005192532 0.000467326 -0.999986410
vn 0.010382714 0.001564960 -0.999944874
vn 0.007768432 0.001732427 -0.999968325
vn 0.005188135 0.001431825 -0.999985516
vn 0.010370960 0.003542103 -0.999939947
vn 0.007742243 0.003263659 -0.999964702
vn 0.005179451 0.002494279 -0.999983476
vn 0.007806569 0.004251211 -0.999960492
vn 0.010342378 0.006606936 -0.999924689
vn 0.005166875 0.003753911 -0.999979606
vn 0.010323014 0.008488142 -0.999910689
vn 0.007662942 0.007253712 -0.999944330
vn 0.005150793 0.005387290 -0.999972223
vn 0.007807602 0.009026974 -0.999928775
vn 0.010275687 0.013707238 -0.999853250
vn 0.007580933 0.011737666 -0.999902374
vn 0.000256218 0.000454189 -0.999999864
vn 0.391019273 0.781826852 -0.485644625
vn 0.346722597 0.811201575 -0.470887933
vn 0.181257518 0.505831907 -0.843374054
vn 0.195343447 0.668642124 -0.717466827
vn 0.108305615 0.497337554 -0.860770150
vn 0.068890787 0.442083897 -0.894324263
vn 0.037784183 0.397605914 -0.916777995
vn 0.012613444 0.361220486 -0.932395121
vn -0.008252691 0.330923250 -0.943621585
vn -0.025941232 0.305249289 -0.951919074
vn -0.041235835 0.283145110 -0.958190197
vn -0.054705316 0.263825608 -0.963017849
vn -0.066764158 0.246705457 -0.966787963
vn -0.077726436 0.231338819 -0.969763348
vn -0.087829555 0.217383534 -0.972126724
vn -0.097260191 0.204567760 -0.974008463
vn -0.106174187 0.192671454 -0.975502308
vn -0.114690790 0.181521672 -0.976675947
vn -0.122917064 0.170967116 -0.977579480
vn -0.130946844 0.160882290 -0.978248339
vn -0.138858642 0.151157749 -0.978708134
vn -0.146730254 0.141695896 -0.978975232
vn -0.154634957 0.132403512 -0.979059416
vn -0.162644804 0.123197461 -0.978963254
vn -0.170833080 0.113993185 -0.978683612
vn -0.179280260 0.104702117 -0.978210639
vn -0.188072693 0.095237224 -0.977526743
vn -0.197305109 0.085498275 -0.976606747
vn -0.207092054 0.075375202 -0.975413482
vn -0.217565595 0.064740759 -0.973896219
vn -0.006822468 0.001592972 -0.999975458
vn -0.159224478 0.027256861 -0.986866064
vn -0.160842121 0.017716474 -0.986821128
vn -0.162560642 0.008112454 -0.986665205
vn -0.007789535 -0.000077701 -0.999969658
vn -0.007784483 -0.000544375 -0.999969552
vn -0.007778667 -0.001014246 -0.999969231
vn -0.007772103 -0.001490633 -0.999968686
vn -0.007764656 -0.001977136 -0.999967900
vn -0.007756342 -0.002477532 -0.999966850
vn -0.007747208 -0.002996101 -0.999965501
vn -0.007737144 -0.003537720 -0.999963810
vn -0.000013409 -0.000007129 -1.000000000
vn -0.002612424 -0.001596437 -0.999995313
vn -0.018992230 -0.013228158 -0.999732120
vn -0.001896988 -0.001497382 -0.999997080
vn -0.001585005 -0.001412910 -0.999997746
vn -0.001408653 -0.001415708 -0.999998006
vn -0.001314528 -0.001489542 -0.999998027
vn -0.001284892 -0.001644593 -0.999997822
vn -0.000895958 -0.001272802 -0.999998789
vn -0.001997315 -0.003232101 -0.999992782
vn -0.006134088 -0.011399011 -0.999916214
vn -0.010622825 -0.022930078 -0.999680633
vn -0.001429094 -0.003750849 -0.999991944
vn -0.005505419 -0.017537488 -0.999831049
vn -0.004391596 -0.017613973 -0.999835217
vn -0.003301450 -0.017690141 -0.999838067
vn -0.000018516 -0.000136683 -0.999999990
vn -0.001885042 -0.025153337 -0.999681827
vn -0.000093246 -0.018718188 -0.999824795
vn 0.001019080 -0.018558984 -0.999827248
vn 0.002120097 -0.018402802 -0.999828406
vn 0.003217800 -0.018248395 -0.999828306
vn 0.004320319 -0.018094814 -0.999826941
vn 0.005436210 -0.017940632 -0.999824275
vn 0.006573906 -0.017785018 -0.999820222
vn 0.007742744 -0.017626470 -0.999814662
vn 0.000165819 -0.000323442 -0.999999934
vn 0.303536497 -0.513834195 -0.802396420
vn 0.196379017 -0.297502608 -0.934305881
vn 0.317219590 -0.423154613 -0.848711909
vn 0.241265970 -0.278946279 -0.929505086
vn 0.228474758 -0.234240206 -0.944950163
vn 0.218114990 -0.198370216 -0.955549637
vn 0.141459508 -0.116315680 -0.983086909
vn 0.261756535 -0.190175049 -0.946211904
vn 0.196350867 -0.122693372 -0.972827155
vn 0.128405746 -0.071596013 -0.989133952
vn 0.243553823 -0.117288708 -0.962769388
vn 0.182525378 -0.072688447 -0.980510518
vn 0.178944223 -0.059129647 -0.982080776
vn 0.175728473 -0.046616477 -0.983334332
vn 0.172818584 -0.034936052 -0.984333891
vn 0.114212510 -0.017214958 -0.993307177
vn 0.221011381 -0.019890947 -0.975068367
vn 0.165466725 -0.003300327 -0.986209851
vn 0.163366596 0.006520738 -0.986543884
vn 0.108490888 0.009764142 -0.994049490
vn 0.210911140 0.031790093 -0.976988168
vn 0.006815792 0.001519980 -0.999975617
vn 0.150575964 0.041556055 -0.987724644
vn 0.276694716 0.094502463 -0.956299806
vn 0.200475601 0.084508313 -0.976047068
vn 0.129442781 0.062336022 -0.989625579
vn 0.183627533 0.099997762 -0.977896404
vn 0.228134667 0.145737399 -0.962660472
vn 0.111647837 0.081115961 -0.990431705
vn 0.206469955 0.169770795 -0.963611973
vn 0.147910915 0.140011915 -0.979039848
vn 0.095327817 0.099704753 -0.990440089
vn 0.134911870 0.155982064 -0.978503134
vn 0.164282249 0.219144068 -0.961762559
vn 0.115295991 0.178514419 -0.977158860
vn 0.106720928 0.189180724 -0.976125656
vn 0.067461310 0.134886098 -0.988561942
vn 0.118260948 0.276686516 -0.953655556
vn 0.054626037 0.152443843 -0.986801333
vn 0.091122338 0.311903134 -0.945734188
vn 0.055789634 0.256185056 -0.965016442
vn 0.042711027 0.274083925 -0.960756874
vn 0.027978756 0.294422632 -0.955265672
vn 0.011099571 0.317866570 -0.948070484
vn -0.008611433 0.345308357 -0.938449776
vn -0.032121859 0.377976438 -0.925257801
vn -0.060810359 0.417553217 -0.906615360
vn -0.096695448 0.466330097 -0.879310088
vn -0.142697167 0.527291448 -0.837616408
vn -0.202808786 0.603624034 -0.771042555
vn -0.281240572 0.696087657 -0.660579832
vn -0.377536640 0.794074370 -0.476352791
vn -0.000121492 0.000220468 -0.999999968
vn -0.007816248 0.012370814 -0.999892929
vn -0.007811464 0.010865078 -0.999910462
vn -0.007808566 0.009593664 -0.999923491
vn -0.007806983 0.008498470 -0.999933411
vn -0.007806215 0.007538382 -0.999941116
vn -0.007806090 0.006683830 -0.999947194
vn -0.007806176 0.005912891 -0.999952050
vn -0.007806345 0.005209004 -0.999955963
vn -0.007806531 0.004559121 -0.999959135
vn -0.007806481 0.003953086 -0.999961715
vn -0.007806176 0.003382652 -0.999963810
vn -0.007805412 0.002840932 -0.999965502
vn -0.007804227 0.002322295 -0.999966850
vn -0.007802599 0.001821822 -0.999967900
vn -0.007800241 0.001335285 -0.999968686
vn -0.007797392 0.000858869 -0.999969231
vn -0.007793781 0.000388942 -0.999969552
vn 0.915111471 -0.055441984 0.399370983
vn 0.535944933 -0.066527094 0.841627694
vn -0.595033966 0.667409713 0.447770985
vn 0.112621367 0.863470734 0.491665251
vn 0.000012539 0.045117642 0.998981681
vn -0.000013386 0.011780677 0.999930605
vn -0.171991533 0.921792823 0.347443383
vn -0.323395166 0.909761745 0.260286638
vn -0.417708364 0.767120942 0.486872861
vn -0.489752515 0.636671268 0.595644333
vn -0.510281239 0.483073461 0.711514644
vn -0.495424296 0.339619212 0.799508323
vn -0.312759626 0.148717066 0.938117610
vn -0.925848174 0.273038384 0.261256962
vn -0.286902627 0.037420337 0.957228604
vn -0.202251722 0.000150039 0.979333558
vn -0.223393928 -0.000338982 0.974728187
vn -0.530583328 -0.065270979 0.845115987
vn 0.166049603 0.171194108 0.971143711
vn 0.446147551 0.452098668 0.772372421
vn 0.685336537 0.690275400 0.232020912
vn -0.084095058 -0.808480440 0.582483820
vn -0.000011943 -0.043567883 0.999050469
vn 0.000006374 -0.011530011 0.999933527
vn 0.084217822 -0.770449221 0.631914042
vn -0.684988127 0.692943959 0.224988745
vn -0.446147551 0.452098668 0.772372421
vn -0.166049603 0.171194108 0.971143711
vn 0.223394030 -0.000338991 0.974728163
vn 0.202919583 0.000308139 0.979195357
vn 0.948336774 0.176944202 0.263340297
vn 0.208759436 0.074208212 0.975147496
vn 0.848486999 0.462013350 0.258095868
vn 0.744982462 0.573069734 0.341456016
vn 0.261274540 0.275990107 0.924967608
vn 0.433054320 0.631724072 0.642953071
vn 0.403337537 0.848239554 0.343232415
vn 0.273038384 0.925848174 0.261256962
vn -0.678431962 0.711815547 0.181793016
vn -0.657743203 0.714846505 0.237420202
vn -0.915111471 -0.055441984 0.399370983
vn 0.595392932 0.667473152 0.447198890
vn -0.635876594 0.653528472 -0.410562412
vn -0.678559694 0.718759258 0.151465741
vn -0.686577334 0.698294148 0.202476782
vn -0.692534763 0.675389476 0.253465300
vn 0.635876594 0.653528472 -0.410562412
vn 0.589715969 0.587501207 -0.554145656
vn 0.498534306 0.473445784 -0.726162954
vn 0.009887525 0.818829403 -0.573951780
vn -0.003021046 0.992389479 -0.123101562
vn -0.568112227 0.530779548 -0.628905056
vn -0.589715969 0.587501207 -0.554145656
vn 0.678431962 0.711815547 0.181793016
vn 0.657743203 0.714846505 0.237420202
vn 0.678559694 0.718759258 0.151465741
vn 0.686577334 0.698294148 0.202476782
vn 0.692534763 0.675389476 0.253465300
vn -0.681669362 0.615606186 0.395418644
vn -0.671812737 0.614584289 0.413465595
vn -0.658203158 0.589172540 0.468662268
vn -0.640911752 0.571949381 0.511962920
vn -0.620915890 0.552820954 0.555744951
vn -0.600991978 0.533367149 0.595254673
vn -0.589205579 0.517975439 0.620111466
vn -0.571186538 0.500072933 0.650901683
vn 0.339872494 0.586967821 0.734816620
vn -0.233442441 0.698605705 0.676353972
vn -0.263529454 0.680051425 0.684165394
vn 0.007949020 0.606487267 0.795053462
vn 0.160354386 0.563221030 0.810597645
vn 0.320757424 0.509150332 0.798674285
vn -0.737637220 0.576612431 0.351296792
vn -0.715721073 0.567882088 0.406513566
vn -0.700016314 0.548305135 0.457535395
vn -0.679943045 0.533106723 0.503462688
vn -0.658372838 0.516703965 0.547322774
vn -0.635559360 0.499291763 0.588873531
vn -0.618640640 0.482581256 0.619999266
vn -0.596972028 0.469790266 0.650324153
vn 0.737637220 0.576612431 0.351296792
vn 0.721610859 0.564642347 0.400570578
vn 0.706056734 0.545255626 0.451863022
vn 0.680790652 0.534098385 0.501261412
vn 0.659286403 0.517746670 0.545233734
vn 0.636527704 0.500376880 0.586903280
vn 0.615181944 0.487776185 0.619375144
vn 0.597604776 0.470484669 0.649240101
vn 0.690944576 0.622061645 0.368286440
vn 0.668185358 0.600818424 0.438800124
vn 0.648955237 0.583106924 0.488716090
vn 0.640175797 0.572515320 0.512251069
vn 0.616167171 0.548958443 0.564785486
vn 0.595667017 0.529010274 0.604424466
vn 0.583205944 0.514779144 0.628389417
vn 0.567155426 0.496765234 0.656931523
vn -0.320757424 0.509150332 0.798674285
vn -0.005055578 0.609102633 0.793075295
vn 0.006680236 0.623767108 0.781581710
vn 0.301892234 0.703247773 0.643664236
vn -0.345878335 0.585036465 0.733553346
vn -0.165160187 0.887594524 0.429997761
vn -0.312505381 0.880492996 0.356472259
vn -0.466122037 0.857032103 0.219604693
vn -0.586139274 0.762746228 0.273237888
vn -0.239544253 0.226994863 0.943976633
vn -0.793370452 0.544436345 0.272309369
vn -0.881238593 0.419558658 0.217690320
vn -0.838056787 0.247594043 0.486166650
vn -0.971432094 0.127187491 0.200357254
vn -0.203727958 0.010741620 0.978968609
vn -0.055661378 -0.004379897 0.998440097
vn -0.962442585 -0.179087628 0.204038945
vn -0.880492953 -0.312505366 0.356472377
vn -0.857032103 -0.466122037 0.219604693
vn -0.694210778 -0.533472585 0.483196024
vn -0.236281620 -0.249344427 0.939147673
vn -0.551651131 -0.803884073 0.222376768
vn -0.414166331 -0.869912580 0.267802825
vn -0.266578829 -0.902316527 0.338763358
vn -0.117383277 -0.896549510 0.427106710
vn -0.000053932 -0.105091886 0.994462514
vn 0.000190827 -0.365448923 0.930831375
vn 0.179087628 -0.962442585 0.204038945
vn 0.322665914 -0.909120594 0.263413085
vn 0.160672348 -0.295419117 0.941760024
vn 0.593934678 -0.772890429 0.223342749
vn 0.675444134 -0.640058557 0.366197032
vn 0.803884073 -0.551651131 0.222376768
vn 0.588432775 -0.280153488 0.758459552
vn 0.937574807 -0.276995474 0.210302137
vn 0.959767730 -0.125660301 0.251108329
vn 0.040542532 -0.002137618 0.999175527
vn 0.266016524 0.020932379 0.963741171
vn 0.950712336 0.176904908 0.254658021
vn 0.920750879 0.326793746 0.213128286
vn 0.764405571 0.415744382 0.492788730
vn 0.772890429 0.593934678 0.223342749
vn 0.230941560 0.243709142 0.941951087
vn 0.544436345 0.793370452 0.272309369
vn 0.419558658 0.881238593 0.217690320
vn 0.247594043 0.838056787 0.486166650
vn 0.127187491 0.971432094 0.200357254
vn 0.000053275 0.143906762 0.989591249
vn -0.000201273 0.269267876 0.963065299
vn -0.181052664 0.812170594 0.554615956
vn 0.027028730 0.957619224 0.286766229
vn 0.622432191 0.000121127 0.782673721
vn 0.976485928 0.126303276 0.174707512
vn 0.938529918 0.275687591 0.207744902
vn 0.791920129 0.375522281 0.481503402
vn 0.795426614 0.544024925 0.267083100
vn 0.710027501 0.670730945 0.214431683
vn 0.592711190 0.768822954 0.240009815
vn 0.296742498 0.543574625 0.785156364
vn 0.327418528 0.917978281 0.223859293
vn 0.178946844 0.953418597 0.242839466
vn 0.009131914 0.202968010 0.979142786
vn -0.011953078 0.706696898 0.707415449
vn -0.124467131 0.962296363 0.241854592
vn -0.274696688 0.935156564 0.223660300
vn -0.294534294 0.621128621 0.726256694
vn -0.487999030 0.713496787 0.502771600
vn -0.670400363 0.709683773 0.216592465
vn -0.770662086 0.594133819 0.230401723
vn -0.805689471 0.439824412 0.396760587
vn -0.920511036 0.328321895 0.211811628
vn -0.966908155 0.181478695 0.179315650
vn -0.396811937 0.000164232 0.917899918
vn -0.705194951 0.689269696 0.166154647
vn -0.691055494 0.684150691 0.233195488
vn -0.692878809 0.674238521 0.255580463
vn -0.670958275 0.665916677 0.326144098
vn -0.657914150 0.651651348 0.377491049
vn -0.650836008 0.638215938 0.411209081
vn -0.625960448 0.622003910 0.470409027
vn -0.613178114 0.604686973 0.508297418
vn -0.589508005 0.585289328 0.556701640
vn -0.557658549 0.552270166 0.619689120
vn -0.510140484 0.578362991 0.636594798
vn -0.084530348 -0.930168636 0.357268708
vn -0.183973103 -0.862017027 0.472314030
vn -0.280665456 -0.737857442 0.613834910
vn -0.515999134 -0.373235106 0.770999643
vn -0.683262987 0.008517374 0.730122692
vn -0.729771104 0.112266969 0.674411049
vn -0.369854259 -0.717524845 0.590225316
vn -0.693666186 0.632305048 0.344989202
vn -0.682518266 0.599423679 0.418162731
vn -0.703969676 0.649027978 0.288425691
vn 0.316459786 -0.705730284 0.633875359
vn -0.001497469 -0.738605800 0.674135913
vn 0.002994514 -0.734285438 0.678834242
vn 0.084534459 -0.930167955 0.357269508
vn 0.183973103 -0.862017027 0.472314030
vn 0.688365262 0.597504088 0.411268927
vn 0.626576253 -0.331095874 0.705533643
vn 0.677926095 -0.043084656 0.733866420
vn 0.641326888 -0.074736742 0.763619173
vn 0.459148498 -0.467875282 0.755165795
vn 0.213921609 -0.785337523 0.580932457
vn 0.701964236 0.643351716 0.305523780
vn 0.695493239 0.632921032 0.340147206
vn 0.702775862 0.689590830 0.174844431
vn 0.697682110 0.683011785 0.216181807
vn 0.687239512 0.676174234 0.265500017
vn 0.671537307 0.665899517 0.324985353
vn 0.658625293 0.652250308 0.375209622
vn 0.644010592 0.636849240 0.423878995
vn 0.633287404 0.621868068 0.460681203
vn 0.609489850 0.605031303 0.512307764
vn 0.590085966 0.585178363 0.556205751
vn 0.557658575 0.552270228 0.619689042
vn 0.510139943 0.578363462 0.636594803
vn -0.719932305 0.673193780 0.168841969
vn -0.711785377 0.666097420 0.222880697
vn -0.701302245 0.656799198 0.277110040
vn -0.688489563 0.645299792 0.331014047
vn -0.673426892 0.631669424 0.384044216
vn -0.656252958 0.616032769 0.435701368
vn -0.637170333 0.598576500 0.485510186
vn -0.616429086 0.579529754 0.533067018
vn -0.594314742 0.559158587 0.578041229
vn -0.563869559 0.532654030 0.631134538
vn -0.551063632 0.509834872 0.660603721
vn -0.000863778 0.000812307 0.999999297
vn -0.006074614 0.993600103 0.112791555
vn -0.006037644 0.987391610 0.158181403
vn -0.005987063 0.978854796 0.204468688
vn -0.005922158 0.967873921 0.251366269
vn -0.005842433 0.954380856 0.298534834
vn -0.005747748 0.938349711 0.345639672
vn -0.005638219 0.919819831 0.392300508
vn -0.005514421 0.898885776 0.438148322
vn -0.005377158 0.875694139 0.482836268
vn -0.005227554 0.850438035 0.526049257
vn -0.005067026 0.823370384 0.567481749
vn -0.002155715 0.177496115 0.984119140
vn 0.005998452 0.995149227 0.098193862
vn 0.005964302 0.989671845 0.143227324
vn 0.005916967 0.981911011 0.189250510
vn 0.005855666 0.971740649 0.235978435
vn 0.005779906 0.959074064 0.283096332
vn 0.005689372 0.943874698 0.330254729
vn 0.005584164 0.926154360 0.377103326
vn 0.005464692 0.905995264 0.423252547
vn 0.005331674 0.883524281 0.468355012
vn 0.005186128 0.858921858 0.512080409
vn 0.005029425 0.832417449 0.554126245
vn 0.000537466 0.175764713 0.984432058
vn 0.720944214 0.673930931 0.161420384
vn 0.713118475 0.667134654 0.215391260
vn 0.702960280 0.658141140 0.269623969
vn 0.690467963 0.646943451 0.323601858
vn 0.675709374 0.633600768 0.376784963
vn 0.658818574 0.618232982 0.428656117
vn 0.639985217 0.601015099 0.478748130
vn 0.619458254 0.582174765 0.526634612
vn 0.597516229 0.561971216 0.571981389
vn 0.566491321 0.534973675 0.626809980
vn 0.555479202 0.513719889 0.653861401
vn 0.001146546 0.001057511 0.999998784
f 24//24 1//1 2//2
f 24//24 23//23 1//1
f 25//25 2//2 3//3
f 25//25 24//24 2//2
f 26//26 3//3 4//4
f 26//26 25//25 3//3
f 27//27 4//4 5//5
f 27//27 26//26 4//4
f 28//28 5//5 6//6
f 28//28 27//27 5//5
f 29//29 6//6 7//7
f 29//29 28//28 6//6
f 30//30 7//7 8//8
f 30//30 29//29 7//7
f 31//31 8//8 9//9
f 31//31 30//30 8//8
f 32//32 9//9 10//10
f 32//32 31//31 9//9
f 33//33 10//10 11//11
f 33//33 32//32 10//10
f 34//34 11//11 12//12
f 34//34 33//33 11//11
f 35//35 12//12 13//13
f 35//35 34//34 12//12
f 36//36 13//13 14//14
f 36//36 35//35 13//13
f 37//37 14//14 15//15
f 37//37 36//36 14//14
f 38//38 15//15 16//16
f 38//38 37//37 15//15
f 39//39 16//16 17//17
f 39//39 38//38 16//16
f 40//40 17//17 18//18
f 40//40 39//39 17//17
f 120//120 21//21 22//22
f 41//41 40//40 18//18
f 41//41 18//18 19//19
f 42//42 41//41 19//19
f 42//42 19//19 20//20
f 43//43 21//21 120//120
f 43//43 42//42 20//20
f 43//43 120//120 119//119
f 43//43 20//20 21//21
f 44//44 118//118 117//117
f 44//44 119//119 118//118
f 44//44 43//43 119//119
f 45//45 44//44 117//117
f 45//45 116//116 115//115
f 45//45 117//117 116//116
f 46//46 114//114 113//113
f 46//46 115//115 114//114
f 46//46 45//45 115//115
f 47//47 112//112 111//111
f 47//47 113//113 112//112
f 47//47 46//46 113//113
f 48//48 110//110 109//109
f 48//48 111//111 110//110
f 48//48 47//47 111//111
f 49//49 109//109 108//108
f 49//49 48//48 109//109
f 50//50 108//108 107//107
f 50//50 49//49 108//108
f 106//106 50//50 107//107
f 51//51 106//106 105//105
f 51//51 50//50 106//106
f 104//104 51//51 105//105
f 103//103 51//51 104//104
f 52//52 102//102 101//101
f 52//52 103//103 102//102
f 52//52 51//51 103//103
f 52//52 97//97 96//96
f 52//52 98//98 97//97
f 52//52 99//99 98//98
f 52//52 100//100 99//99
f 52//52 101//101 100//100
f 53//53 52//52 96//96
f 53//53 95//95 94//94
f 53//53 96//96 95//95
f 54//54 75//75 76//76
f 54//54 53//53 94//94
f 54//54 94//94 75//75
f 55//55 54//54 76//76
f 56//56 76//76 77//77
f 56//56 55//55 76//76
f 57//57 56//56 77//77
f 57//57 77//77 78//78
f 58//58 57//57 78//78
f 58//58 78//78 79//79
f 59//59 58//58 79//79
f 59//59 79//79 80//80
f 60//60 59//59 80//80
f 60//60 80//80 81//81
f 61//61 60//60 81//81
f 61//61 81//81 82//82
f 62//62 61//61 82//82
f 62//62 82//82 83//83
f 63//63 62//62 83//83
f 63//63 83//83 84//84
f 63//63 84//84 85//85
f 64//64 63//63 85//85
f 65//65 64//64 85//85
f 65//65 85//85 86//86
f 66//66 65//65 86//86
f 66//66 86//86 87//87
f 67//67 66//66 87//87
f 67//67 87//87 88//88
f 68//68 67//67 88//88
f 68//68 88//88 89//89
f 69//69 89//89 90//90
f 69//69 68//68 89//89
f 70//70 69//69 90//90
f 70//70 90//90 91//91
f 70//70 91//91 92//92
f 71//71 70//70 92//92
f 71//71 92//92 93//93
f 72//72 71//71 93//93
f 72//72 93//93 74//74
f 73//73 72//72 74//74
f 1//1 121//121 122//122
f 2//2 122//122 123//123
f 2//2 1//1 122//122
f 3//3 123//123 124//124
f 3//3 2//2 123//123
f 4//4 124//124 125//125
f 4//4 3//3 124//124
f 5//5 125//125 126//126
f 5//5 4//4 125//125
f 6//6 126//126 127//127
f 6//6 5//5 126//126
f 7//7 127//127 128//128
f 7//7 6//6 127//127
f 8//8 7//7 128//128
f 8//8 128//128 129//129
f 9//9 129//129 130//130
f 9//9 8//8 129//129
f 10//10 9//9 130//130
f 11//11 10//10 130//130
f 11//11 130//130 131//131
f 11//11 131//131 132//132
f 12//12 132//132 133//133
f 12//12 11//11 132//132
f 13//13 12//12 133//133
f 13//13 133//133 134//134
f 14//14 13//13 134//134
f 14//14 134//134 135//135
f 15//15 135//135 136//136
f 15//15 14//14 135//135
f 16//16 136//136 137//137
f 16//16 15//15 136//136
f 17//17 137//137 138//138
f 17//17 16//16 137//137
f 18//18 138//138 139//139
f 18//18 17//17 138//138
f 19//19 139//139 140//140
f 19//19 18//18 139//139
f 20//20 140//140 141//141
f 20//20 19//19 140//140
f 21//21 20//20 141//141
f 22//22 141//141 142//142
f 22//22 21//21 141//141
f 116//116 117//117 118//118
f 115//115 118//118 119//119
f 115//115 119//119 120//120
f 115//115 116//116 118//118
f 114//114 120//120 22//22
f 114//114 115//115 120//120
f 113//113 114//114 22//22
f 112//112 113//113 22//22
f 111//111 112//112 22//22
f 110//110 111//111 22//22
f 109//109 110//110 22//22
f 108//108 109//109 22//22
f 107//107 108//108 22//22
f 106//106 107//107 22//22
f 75//75 94//94 95//95
f 75//75 95//95 96//96
f 75//75 96//96 97//97
f 75//75 97//97 98//98
f 75//75 98//98 99//99
f 75//75 99//99 100//100
f 75//75 100//100 101//101
f 75//75 101//101 102//102
f 75//75 102//102 103//103
f 75//75 103//103 104//104
f 75//75 104//104 105//105
f 75//75 105//105 106//106
f 75//75 106//106 22//22
f 149//149 146//146 147//147
f 149//149 147//147 148//148
f 150//150 145//145 146//146
f 150//150 146//146 149//149
f 151//151 144//144 145//145
f 151//151 145//145 150//150
f 152//152 142//142 144//144
f 152//152 144//144 151//151
f 153//153 142//142 152//152
f 154//154 142//142 153//153
f 155//155 142//142 154//154
f 156//156 142//142 155//155
f 157//157 142//142 156//156
f 158//158 142//142 157//157
f 159//159 142//142 158//158
f 160//160 142//142 159//159
f 161//161 142//142 160//160
f 162//162 142//142 161//161
f 163//163 142//142 162//162
f 143//143 75//75 22//22
f 143//143 163//163 164//164
f 143//143 164//164 165//165
f 143//143 165//165 166//166
f 143//143 166//166 167//167
f 143//143 167//167 168//168
f 143//143 168//168 169//169
f 143//143 169//169 170//170
f 143//143 170//170 171//171
f 143//143 171//171 172//172
f 143//143 172//172 173//173
f 143//143 173//173 174//174
f 143//143 174//174 175//175
f 143//143 22//22 142//142
f 143//143 142//142 163//163
f 76//76 143//143 176//176
f 76//76 176//176 177//177
f 76//76 75//75 143//143
f 77//77 76//76 177//177
f 78//78 177//177 178//178
f 78//78 77//77 177//177
f 79//79 178//178 179//179
f 79//79 78//78 178//178
f 80//80 179//179 180//180
f 80//80 180//180 181//181
f 80//80 79//79 179//179
f 81//81 181//181 182//182
f 81//81 80//80 181//181
f 82//82 81//81 182//182
f 83//83 182//182 183//183
f 83//83 82//82 182//182
f 84//84 183//183 184//184
f 84//84 83//83 183//183
f 85//85 184//184 185//185
f 85//85 84//84 184//184
f 86//86 85//85 185//185
f 86//86 185//185 186//186
f 87//87 186//186 187//187
f 87//87 86//86 186//186
f 88//88 87//87 187//187
f 88//88 187//187 188//188
f 89//89 188//188 189//189
f 89//89 88//88 188//188
f 90//90 89//89 189//189
f 90//90 189//189 190//190
f 91//91 190//190 191//191
f 91//91 90//90 190//190
f 92//92 91//91 191//191
f 92//92 191//191 192//192
f 92//92 192//192 193//193
f 93//93 92//92 193//193
f 74//74 193//193 194//194
f 74//74 93//93 193//193
f 74//74 239//239 73//73
f 237//237 238//238 239//239
f 237//237 239//239 74//74
f 233//233 234//234 235//235
f 233//233 235//235 236//236
f 233//233 236//236 237//237
f 233//233 237//237 74//74
f 218//218 219//219 74//74
f 220//220 74//74 219//219
f 221//221 74//74 220//220
f 419//419 74//74 420//420
f 421//421 420//420 74//74
f 418//418 74//74 419//419
f 422//422 421//421 74//74
f 417//417 74//74 418//418
f 423//423 422//422 74//74
f 416//416 74//74 417//417
f 424//424 423//423 74//74
f 415//415 74//74 416//416
f 425//425 74//74 221//221
f 425//425 424//424 74//74
f 414//414 74//74 415//415
f 426//426 425//425 221//221
f 426//426 221//221 222//222
f 413//413 74//74 414//414
f 427//427 426//426 222//222
f 412//412 74//74 413//413
f 428//428 427//427 222//222
f 411//411 74//74 412//412
f 429//429 428//428 222//222
f 410//410 74//74 411//411
f 430//430 429//429 222//222
f 430//430 222//222 223//223
f 409//409 74//74 410//410
f 431//431 430//430 223//223
f 408//408 74//74 409//409
f 432//432 431//431 223//223
f 407//407 74//74 408//408
f 433//433 432//432 223//223
f 406//406 74//74 407//407
f 434//434 223//223 224//224
f 434//434 433//433 223//223
f 405//405 74//74 406//406
f 435//435 434//434 224//224
f 404//404 74//74 405//405
f 436//436 435//435 224//224
f 403//403 74//74 404//404
f 437//437 436//436 224//224
f 402//402 74//74 403//403
f 402//402 233//233 74//74
f 438//438 437//437 224//224
f 401//401 233//233 402//402
f 439//439 438//438 224//224
f 400//400 233//233 401//401
f 440//440 439//439 224//224
f 399//399 233//233 400//400
f 441//441 440//440 224//224
f 398//398 233//233 399//399
f 442//442 441//441 224//224
f 397//397 233//233 398//398
f 443//443 442//442 224//224
f 396//396 233//233 397//397
f 444//444 443//443 224//224
f 395//395 233//233 396//396
f 445//445 444//444 224//224
f 394//394 233//233 395//395
f 446//446 445//445 224//224
f 393//393 233//233 394//394
f 447//447 446//446 224//224
f 392//392 233//233 393//393
f 448//448 447//447 224//224
f 391//391 233//233 392//392
f 449//449 448//448 224//224
f 390//390 233//233 391//391
f 345//345 449//449 224//224
f 389//389 233//233 390//390
f 346//346 345//345 224//224
f 388//388 233//233 389//389
f 347//347 346//346 224//224
f 387//387 233//233 388//388
f 348//348 347//347 224//224
f 349//349 348//348 224//224
f 350//350 349//349 224//224
f 351//351 350//350 224//224
f 352//352 351//351 224//224
f 353//353 352//352 224//224
f 232//232 233//233 387//387
f 232//232 374//374 373//373
f 232//232 375//375 374//374
f 232//232 376//376 375//375
f 232//232 377//377 376//376
f 232//232 378//378 377//377
f 232//232 379//379 378//378
f 232//232 380//380 379//379
f 232//232 381//381 380//380
f 232//232 382//382 381//381
f 232//232 383//383 382//382
f 232//232 384//384 383//383
f 232//232 385//385 384//384
f 232//232 386//386 385//385
f 232//232 387//387 386//386
f 231//231 359//359 358//358
f 231//231 360//360 359//359
f 231//231 361//361 360//360
f 231//231 362//362 361//361
f 231//231 363//363 362//362
f 231//231 232//232 373//373
f 231//231 364//364 363//363
f 231//231 365//365 364//364
f 231//231 366//366 365//365
f 231//231 367//367 366//366
f 231//231 368//368 367//367
f 231//231 369//369 368//368
f 231//231 370//370 369//369
f 231//231 371//371 370//370
f 231//231 372//372 371//371
f 231//231 373//373 372//372
f 230//230 357//357 356//356
f 230//230 358//358 357//357
f 230//230 231//231 358//358
f 229//229 355//355 354//354
f 229//229 356//356 355//355
f 229//229 230//230 356//356
f 228//228 229//229 354//354
f 228//228 353//353 224//224
f 228//228 354//354 353//353
f 227//227 228//228 224//224
f 226//226 227//227 224//224
f 194//194 214//214 215//215
f 194//194 215//215 216//216
f 194//194 216//216 217//217
f 197//197 195//195 196//196
f 314//314 213//213 315//315
f 316//316 315//315 213//213
f 316//316 213//213 214//214
f 313//313 213//213 314//314
f 317//317 316//316 214//214
f 312//312 212//212 213//213
f 312//312 213//213 313//313
f 318//318 214//214 194//194
f 318//318 317//317 214//214
f 311//311 212//212 312//312
f 319//319 318//318 194//194
f 310//310 212//212 311//311
f 320//320 319//319 194//194
f 309//309 212//212 310//310
f 321//321 320//320 194//194
f 308//308 211//211 212//212
f 308//308 212//212 309//309
f 199//199 194//194 195//195
f 199//199 197//197 198//198
f 199//199 195//195 197//197
f 322//322 321//321 194//194
f 307//307 211//211 308//308
f 323//323 322//322 194//194
f 306//306 211//211 307//307
f 324//324 323//323 194//194
f 305//305 211//211 306//306
f 325//325 324//324 194//194
f 304//304 211//211 305//305
f 326//326 325//325 194//194
f 303//303 211//211 304//304
f 327//327 326//326 194//194
f 302//302 211//211 303//303
f 328//328 327//327 194//194
f 301//301 211//211 302//302
f 329//329 328//328 194//194
f 200//200 194//194 199//199
f 300//300 211//211 301//301
f 330//330 329//329 194//194
f 299//299 211//211 300//300
f 331//331 330//330 194//194
f 298//298 211//211 299//299
f 332//332 331//331 194//194
f 297//297 211//211 298//298
f 333//333 332//332 194//194
f 296//296 211//211 297//297
f 334//334 333//333 194//194
f 201//201 194//194 200//200
f 295//295 211//211 296//296
f 335//335 334//334 194//194
f 294//294 211//211 295//295
f 336//336 335//335 194//194
f 293//293 211//211 294//294
f 337//337 336//336 194//194
f 292//292 211//211 293//293
f 338//338 337//337 194//194
f 291//291 211//211 292//292
f 339//339 338//338 194//194
f 202//202 194//194 201//201
f 290//290 211//211 291//291
f 340//340 339//339 194//194
f 340//340 194//194 202//202
f 289//289 211//211 290//290
f 341//341 340//340 202//202
f 288//288 211//211 289//289
f 342//342 341//341 202//202
f 287//287 211//211 288//288
f 343//343 342//342 202//202
f 286//286 211//211 287//287
f 344//344 343//343 202//202
f 285//285 211//211 286//286
f 240//240 344//344 202//202
f 241//241 240//240 202//202
f 242//242 241//241 202//202
f 243//243 242//242 202//202
f 244//244 243//243 202//202
f 245//245 244//244 202//202
f 246//246 245//245 202//202
f 247//247 246//246 202//202
f 248//248 247//247 202//202
f 249//249 248//248 202//202
f 250//250 249//249 202//202
f 251//251 250//250 202//202
f 206//206 282//282 281//281
f 206//206 283//283 282//282
f 206//206 284//284 283//283
f 205//205 206//206 281//281
f 205//205 280//280 279//279
f 205//205 281//281 280//280
f 207//207 284//284 206//206
f 207//207 211//211 285//285
f 207//207 285//285 284//284
f 204//204 205//205 279//279
f 204//204 265//265 264//264
f 204//204 266//266 265//265
f 204//204 267//267 266//266
f 204//204 268//268 267//267
f 204//204 269//269 268//268
f 204//204 270//270 269//269
f 204//204 271//271 270//270
f 204//204 272//272 271//271
f 204//204 273//273 272//272
f 204//204 274//274 273//273
f 204//204 275//275 274//274
f 204//204 276//276 275//275
f 204//204 277//277 276//276
f 204//204 278//278 277//277
f 204//204 279//279 278//278
f 208//208 211//211 207//207
f 209//209 211//211 208//208
f 203//203 204//204 264//264
f 203//203 251//251 202//202
f 203//203 252//252 251//251
f 203//203 253//253 252//252
f 203//203 254//254 253//253
f 203//203 255//255 254//254
f 203//203 256//256 255//255
f 203//203 257//257 256//256
f 203//203 258//258 257//257
f 203//203 259//259 258//258
f 203//203 260//260 259//259
f 203//203 261//261 260//260
f 203//203 262//262 261//261
f 203//203 263//263 262//262
f 203//203 264//264 263//263
f 74//74 194//194 217//217
f 74//74 217//217 218//218
f 210//210 211//211 209//209
f 224//224 225//225 226//226
f 451//451 450//450 23//23
f 451//451 23//23 24//24
f 452//452 451//451 24//24
f 452//452 24//24 25//25
f 453//453 452//452 25//25
f 453//453 25//25 26//26
f 454//454 453//453 26//26
f 454//454 26//26 27//27
f 455//455 454//454 27//27
f 455//455 27//27 28//28
f 456//456 455//455 28//28
f 456//456 28//28 29//29
f 457//457 456//456 29//29
f 457//457 29//29 30//30
f 458//458 457//457 30//30
f 458//458 30//30 31//31
f 459//459 458//458 31//31
f 459//459 31//31 32//32
f 460//460 459//459 32//32
f 460//460 32//32 33//33
f 461//461 460//460 33//33
f 461//461 33//33 34//34
f 462//462 461//461 34//34
f 462//462 34//34 35//35
f 463//463 462//462 35//35
f 463//463 35//35 36//36
f 464//464 463//463 36//36
f 464//464 36//36 37//37
f 465//465 37//37 38//38
f 465//465 464//464 37//37
f 466//466 38//38 39//39
f 466//466 465//465 38//38
f 467//467 39//39 40//40
f 467//467 466//466 39//39
f 468//468 467//467 40//40
f 468//468 40//40 41//41
f 469//469 41//41 42//42
f 469//469 468//468 41//41
f 470//470 42//42 43//43
f 470//470 469//469 42//42
f 471//471 43//43 44//44
f 471//471 470//470 43//43
f 472//472 44//44 45//45
f 472//472 471//471 44//44
f 473//473 45//45 46//46
f 473//473 472//472 45//45
f 474//474 473//473 46//46
f 474//474 46//46 47//47
f 475//475 474//474 47//47
f 475//475 47//47 48//48
f 476//476 475//475 48//48
f 476//476 48//48 49//49
f 477//477 476//476 49//49
f 477//477 49//49 50//50
f 478//478 477//477 50//50
f 478//478 50//50 51//51
f 479//479 478//478 51//51
f 479//479 51//51 52//52
f 480//480 479//479 52//52
f 480//480 52//52 53//53
f 481//481 480//480 53//53
f 481//481 53//53 54//54
f 482//482 481//481 54//54
f 482//482 54//54 55//55
f 483//483 482//482 55//55
f 483//483 55//55 56//56
f 484//484 483//483 56//56
f 484//484 56//56 57//57
f 485//485 484//484 57//57
f 485//485 57//57 58//58
f 486//486 485//485 58//58
f 486//486 58//58 59//59
f 487//487 486//486 59//59
f 487//487 59//59 60//60
f 488//488 487//487 60//60
f 488//488 60//60 61//61
f 489//489 488//488 61//61
f 489//489 61//61 62//62
f 490//490 489//489 62//62
f 490//490 62//62 63//63
f 491//491 490//490 63//63
f 491//491 63//63 64//64
f 492//492 491//491 64//64
f 492//492 64//64 65//65
f 493//493 492//492 65//65
f 493//493 65//65 66//66
f 494//494 493//493 66//66
f 494//494 66//66 67//67
f 495//495 494//494 67//67
f 495//495 67//67 68//68
f 496//496 495//495 68//68
f 496//496 68//68 69//69
f 497//497 496//496 69//69
f 497//497 69//69 70//70
f 498//498 497//497 70//70
f 498//498 70//70 71//71
f 499//499 71//71 72//72
f 499//499 498//498 71//71
f 239//239 72//72 73//73
f 239//239 499//499 72//72
f 557//557 556//556 1//1
f 555//555 1//1 556//556
f 558//558 1//1 23//23
f 558//558 557//557 1//1
f 559//559 558//558 23//23
f 559//559 553//553 552//552
f 559//559 450//450 553//553
f 559//559 23//23 450//450
f 560//560 559//559 552//552
f 560//560 551//551 550//550
f 560//560 552//552 551//551
f 561//561 560//560 550//550
f 561//561 549//549 548//548
f 561//561 550//550 549//549
f 562//562 561//561 548//548
f 563//563 562//562 548//548
f 121//121 1//1 555//555
f 554//554 121//121 555//555
f 611//611 121//121 554//554
f 610//610 121//121 611//611
f 609//609 500//500 121//121
f 609//609 121//121 610//610
f 608//608 501//501 500//500
f 608//608 502//502 501//501
f 608//608 503//503 502//502
f 608//608 500//500 609//609
f 607//607 504//504 503//503
f 607//607 505//505 504//504
f 607//607 503//503 608//608
f 606//606 506//506 505//505
f 606//606 505//505 607//607
f 507//507 506//506 606//606
f 605//605 507//507 606//606
f 604//604 507//507 605//605
f 564//564 563//563 548//548
f 547//547 564//564 548//548
f 547//547 565//565 564//564
f 547//547 566//566 565//565
f 567//567 566//566 547//547
f 546//546 567//567 547//547
f 545//545 567//567 546//546
f 544//544 567//567 545//545
f 543//543 567//567 544//544
f 543//543 568//568 567//567
f 542//542 568//568 543//543
f 541//541 568//568 542//542
f 540//540 568//568 541//541
f 540//540 569//569 568//568
f 539//539 569//569 540//540
f 539//539 570//570 569//569
f 539//539 571//571 570//570
f 539//539 572//572 571//571
f 538//538 572//572 539//539
f 538//538 573//573 572//572
f 538//538 574//574 573//573
f 537//537 574//574 538//538
f 537//537 575//575 574//574
f 536//536 575//575 537//537
f 536//536 576//576 575//575
f 535//535 576//576 536//536
f 535//535 577//577 576//576
f 534//534 577//577 535//535
f 534//534 578//578 577//577
f 533//533 578//578 534//534
f 533//533 579//579 578//578
f 532//532 579//579 533//533
f 531//531 579//579 532//532
f 531//531 580//580 579//579
f 530//530 580//580 531//531
f 530//530 581//581 580//580
f 529//529 581//581 530//530
f 529//529 582//582 581//581
f 529//529 583//583 582//582
f 528//528 583//583 529//529
f 603//603 507//507 604//604
f 517//517 594//594 593//593
f 518//518 593//593 592//592
f 518//518 517//517 593//593
f 519//519 592//592 591//591
f 519//519 518//518 592//592
f 520//520 519//519 591//591
f 520//520 591//591 590//590
f 595//595 594//594 517//517
f 521//521 520//520 590//590
f 521//521 590//590 589//589
f 508//508 601//601 600//600
f 508//508 602//602 601//601
f 508//508 603//603 602//602
f 508//508 507//507 603//603
f 522//522 521//521 589//589
f 522//522 589//589 588//588
f 509//509 508//508 600//600
f 523//523 522//522 588//588
f 510//510 509//509 600//600
f 524//524 523//523 588//588
f 524//524 588//588 587//587
f 511//511 510//510 600//600
f 512//512 600//600 599//599
f 512//512 511//511 600//600
f 525//525 524//524 587//587
f 525//525 587//587 586//586
f 513//513 512//512 599//599
f 516//516 597//597 596//596
f 516//516 598//598 597//597
f 516//516 595//595 517//517
f 516//516 596//596 595//595
f 514//514 513//513 599//599
f 515//515 599//599 598//598
f 515//515 598//598 516//516
f 515//515 514//514 599//599
f 526//526 525//525 586//586
f 526//526 585//585 584//584
f 526//526 586//586 585//585
f 527//527 526//526 584//584
f 527//527 583//583 528//528
f 527//527 584//584 583//583
f 121//121 500//500 612//612
f 122//122 612//612 613//613
f 122//122 121//121 612//612
f 123//123 613//613 614//614
f 123//123 122//122 613//613
f 124//124 614//614 615//615
f 124//124 123//123 614//614
f 125//125 615//615 616//616
f 125//125 124//124 615//615
f 126//126 616//616 617//617
f 126//126 125//125 616//616
f 127//127 617//617 618//618
f 127//127 126//126 617//617
f 128//128 618//618 619//619
f 128//128 127//127 618//618
f 129//129 619//619 620//620
f 129//129 128//128 619//619
f 130//130 620//620 621//621
f 130//130 129//129 620//620
f 131//131 621//621 622//622
f 131//131 130//130 621//621
f 132//132 622//622 623//623
f 132//132 131//131 622//622
f 133//133 623//623 624//624
f 133//133 132//132 623//623
f 134//134 624//624 625//625
f 134//134 133//133 624//624
f 135//135 625//625 626//626
f 135//135 134//134 625//625
f 136//136 626//626 627//627
f 136//136 135//135 626//626
f 137//137 627//627 628//628
f 137//137 136//136 627//627
f 138//138 137//137 628//628
f 138//138 628//628 629//629
f 139//139 629//629 630//630
f 139//139 138//138 629//629
f 140//140 139//139 630//630
f 140//140 630//630 631//631
f 141//141 140//140 631//631
f 144//144 141//141 631//631
f 144//144 631//631 632//632
f 144//144 142//142 141//141
f 145//145 144//144 632//632
f 146//146 145//145 632//632
f 147//147 146//146 632//632
f 148//148 632//632 633//633
f 148//148 147//147 632//632
f 149//149 148//148 633//633
f 150//150 149//149 633//633
f 151//151 633//633 634//634
f 151//151 150//150 633//633
f 152//152 151//151 634//634
f 153//153 152//152 634//634
f 154//154 634//634 635//635
f 154//154 153//153 634//634
f 155//155 154//154 635//635
f 156//156 155//155 635//635
f 157//157 635//635 636//636
f 157//157 156//156 635//635
f 158//158 157//157 636//636
f 159//159 158//158 636//636
f 160//160 636//636 637//637
f 160//160 159//159 636//636
f 161//161 637//637 638//638
f 161//161 160//160 637//637
f 162//162 161//161 638//638
f 163//163 162//162 638//638
f 639//639 163//163 638//638
f 164//164 163//163 639//639
f 165//165 164//164 639//639
f 166//166 165//165 639//639
f 640//640 166//166 639//639
f 167//167 166//166 640//640
f 168//168 167//167 640//640
f 169//169 168//168 640//640
f 170//170 169//169 640//640
f 171//171 170//170 640//640
f 172//172 640//640 641//641
f 172//172 171//171 640//640
f 173//173 172//172 641//641
f 174//174 173//173 641//641
f 175//175 641//641 642//642
f 175//175 174//174 641//641
f 143//143 175//175 642//642
f 176//176 642//642 643//643
f 176//176 643//643 644//644
f 176//176 143//143 642//642
f 177//177 176//176 644//644
f 177//177 644//644 645//645
f 178//178 177//177 645//645
f 178//178 645//645 646//646
f 179//179 178//178 646//646
f 179//179 646//646 647//647
f 180//180 179//179 647//647
f 180//180 647//647 648//648
f 181//181 180//180 648//648
f 181//181 648//648 649//649
f 182//182 181//181 649//649
f 182//182 649//649 650//650
f 183//183 182//182 650//650
f 183//183 650//650 651//651
f 184//184 183//183 651//651
f 185//185 651//651 652//652
f 185//185 652//652 653//653
f 185//185 184//184 651//651
f 186//186 653//653 654//654
f 186//186 185//185 653//653
f 187//187 654//654 655//655
f 187//187 186//186 654//654
f 188//188 655//655 656//656
f 188//188 187//187 655//655
f 189//189 656//656 657//657
f 189//189 188//188 656//656
f 190//190 657//657 658//658
f 190//190 189//189 657//657
f 191//191 190//190 658//658
f 192//192 658//658 659//659
f 192//192 191//191 658//658
f 193//193 659//659 660//660
f 193//193 192//192 659//659
f 194//194 660//660 195//195
f 194//194 193//193 660//660
f 661//661 553//553 450//450
f 661//661 450//450 451//451
f 661//661 451//451 452//452
f 662//662 661//661 452//452
f 662//662 452//452 453//453
f 663//663 662//662 453//453
f 663//663 453//453 454//454
f 664//664 663//663 454//454
f 664//664 454//454 455//455
f 665//665 664//664 455//455
f 665//665 455//455 456//456
f 666//666 665//665 456//456
f 666//666 456//456 457//457
f 667//667 666//666 457//457
f 667//667 457//457 458//458
f 668//668 667//667 458//458
f 668//668 458//458 459//459
f 669//669 668//668 459//459
f 669//669 459//459 460//460
f 670//670 669//669 460//460
f 670//670 460//460 461//461
f 671//671 670//670 461//461
f 671//671 461//461 462//462
f 672//672 671//671 462//462
f 672//672 462//462 463//463
f 673//673 672//672 463//463
f 673//673 463//463 464//464
f 674//674 673//673 464//464
f 674//674 464//464 465//465
f 675//675 465//465 466//466
f 675//675 674//674 465//465
f 676//676 466//466 467//467
f 676//676 675//675 466//466
f 677//677 467//467 468//468
f 677//677 676//676 467//467
f 678//678 468//468 469//469
f 678//678 677//677 468//468
f 679//679 469//469 470//470
f 679//679 678//678 469//469
f 680//680 470//470 471//471
f 680//680 679//679 470//470
f 681//681 471//471 472//472
f 681//681 680//680 471//471
f 682//682 472//472 473//473
f 682//682 681//681 472//472
f 683//683 473//473 474//474
f 683//683 682//682 473//473
f 684//684 683//683 474//474
f 684//684 474//474 475//475
f 685//685 684//684 475//475
f 685//685 475//475 476//476
f 686//686 685//685 476//476
f 686//686 476//476 477//477
f 687//687 686//686 477//477
f 478//478 687//687 477//477
f 688//688 687//687 478//478
f 479//479 688//688 478//478
f 689//689 688//688 479//479
f 689//689 479//479 480//480
f 690//690 689//689 480//480
f 690//690 480//480 481//481
f 691//691 690//690 481//481
f 691//691 481//481 482//482
f 692//692 691//691 482//482
f 692//692 482//482 483//483
f 693//693 692//692 483//483
f 693//693 483//483 484//484
f 694//694 693//693 484//484
f 694//694 484//484 485//485
f 695//695 694//694 485//485
f 695//695 485//485 486//486
f 696//696 695//695 486//486
f 697//697 696//696 486//486
f 697//697 486//486 487//487
f 697//697 487//487 488//488
f 698//698 697//697 488//488
f 698//698 488//488 489//489
f 699//699 698//698 489//489
f 699//699 489//489 490//490
f 700//700 699//699 490//490
f 701//701 700//700 490//490
f 701//701 490//490 491//491
f 701//701 491//491 492//492
f 702//702 701//701 492//492
f 702//702 492//492 493//493
f 703//703 702//702 493//493
f 703//703 493//493 494//494
f 704//704 703//703 494//494
f 705//705 704//704 494//494
f 705//705 494//494 495//495
f 705//705 495//495 496//496
f 706//706 705//705 496//496
f 707//707 706//706 496//496
f 707//707 496//496 497//497
f 707//707 497//497 498//498
f 708//708 707//707 498//498
f 709//709 498//498 499//499
f 709//709 708//708 498//498
f 238//238 499//499 239//239
f 238//238 709//709 499//499
f 612//612 500//500 501//501
f 612//612 501//501 710//710
f 612//612 710//710 711//711
f 613//613 612//612 711//711
f 613//613 711//711 712//712
f 614//614 613//613 712//712
f 614//614 712//712 713//713
f 615//615 614//614 713//713
f 615//615 713//713 714//714
f 616//616 615//615 714//714
f 616//616 714//714 715//715
f 617//617 616//616 715//715
f 617//617 715//715 716//716
f 618//618 617//617 716//716
f 618//618 716//716 717//717
f 619//619 618//618 717//717
f 619//619 717//717 718//718
f 620//620 619//619 718//718
f 620//620 718//718 719//719
f 621//621 620//620 719//719
f 621//621 719//719 720//720
f 622//622 621//621 720//720
f 622//622 720//720 721//721
f 623//623 622//622 721//721
f 623//623 721//721 722//722
f 624//624 623//623 722//722
f 624//624 722//722 723//723
f 625//625 624//624 723//723
f 625//625 723//723 724//724
f 626//626 724//724 725//725
f 626//626 625//625 724//724
f 627//627 725//725 726//726
f 627//627 626//626 725//725
f 628//628 726//726 727//727
f 628//628 627//627 726//726
f 629//629 727//727 728//728
f 629//629 628//628 727//727
f 630//630 728//728 729//729
f 630//630 629//629 728//728
f 631//631 729//729 730//730
f 631//631 630//630 729//729
f 632//632 730//730 731//731
f 632//632 631//631 730//730
f 633//633 731//731 732//732
f 633//633 632//632 731//731
f 634//634 732//732 733//733
f 634//634 633//633 732//732
f 635//635 634//634 733//733
f 635//635 733//733 734//734
f 636//636 635//635 734//734
f 636//636 734//734 735//735
f 637//637 636//636 735//735
f 637//637 735//735 736//736
f 638//638 637//637 736//736
f 737//737 638//638 736//736
f 639//639 638//638 737//737
f 738//738 639//639 737//737
f 640//640 639//639 738//738
f 640//640 738//738 739//739
f 641//641 640//640 739//739
f 641//641 739//739 740//740
f 642//642 641//641 740//740
f 642//642 740//740 741//741
f 643//643 642//642 741//741
f 643//643 741//741 742//742
f 644//644 643//643 742//742
f 644//644 742//742 743//743
f 645//645 644//644 743//743
f 645//645 743//743 744//744
f 646//646 645//645 744//744
f 646//646 744//744 745//745
f 647//647 646//646 745//745
f 647//647 745//745 746//746
f 648//648 647//647 746//746
f 648//648 746//746 747//747
f 649//649 648//648 747//747
f 650//650 649//649 747//747
f 650//650 747//747 748//748
f 650//650 748//748 749//749
f 651//651 650//650 749//749
f 651//651 749//749 750//750
f 652//652 651//651 750//750
f 652//652 750//750 751//751
f 653//653 652//652 751//751
f 654//654 653//653 751//751
f 654//654 751//751 752//752
f 654//654 752//752 753//753
f 655//655 654//654 753//753
f 656//656 655//655 753//753
f 656//656 753//753 754//754
f 656//656 754//754 755//755
f 657//657 656//656 755//755
f 658//658 657//657 755//755
f 658//658 755//755 756//756
f 658//658 756//756 757//757
f 659//659 658//658 757//757
f 660//660 757//757 758//758
f 660//660 758//758 196//196
f 660//660 659//659 757//757
f 195//195 660//660 196//196
f 552//552 553//553 661//661
f 759//759 552//552 661//661
f 759//759 661//661 662//662
f 760//760 759//759 662//662
f 760//760 662//662 663//663
f 761//761 760//760 663//663
f 761//761 663//663 664//664
f 762//762 761//761 664//664
f 762//762 664//664 665//665
f 763//763 762//762 665//665
f 763//763 665//665 666//666
f 764//764 763//763 666//666
f 764//764 666//666 667//667
f 765//765 764//764 667//667
f 765//765 667//667 668//668
f 766//766 765//765 668//668
f 766//766 668//668 669//669
f 767//767 766//766 669//669
f 767//767 669//669 670//670
f 768//768 767//767 670//670
f 768//768 670//670 671//671
f 769//769 768//768 671//671
f 769//769 671//671 672//672
f 770//770 769//769 672//672
f 770//770 672//672 673//673
f 771//771 770//770 673//673
f 771//771 673//673 674//674
f 772//772 771//771 674//674
f 772//772 674//674 675//675
f 773//773 675//675 676//676
f 773//773 772//772 675//675
f 774//774 676//676 677//677
f 774//774 773//773 676//676
f 775//775 677//677 678//678
f 775//775 774//774 677//677
f 776//776 678//678 679//679
f 776//776 775//775 678//678
f 777//777 679//679 680//680
f 777//777 776//776 679//679
f 778//778 680//680 681//681
f 778//778 777//777 680//680
f 779//779 681//681 682//682
f 779//779 778//778 681//681
f 780//780 682//682 683//683
f 780//780 779//779 682//682
f 781//781 683//683 684//684
f 781//781 780//780 683//683
f 782//782 781//781 684//684
f 782//782 684//684 685//685
f 783//783 782//782 685//685
f 783//783 685//685 686//686
f 784//784 783//783 686//686
f 784//784 686//686 687//687
f 785//785 784//784 687//687
f 688//688 785//785 687//687
f 786//786 785//785 688//688
f 689//689 786//786 688//688
f 787//787 786//786 689//689
f 787//787 689//689 690//690
f 788//788 787//787 690//690
f 788//788 690//690 691//691
f 789//789 788//788 691//691
f 789//789 691//691 692//692
f 790//790 789//789 692//692
f 790//790 692//692 693//693
f 791//791 790//790 693//693
f 791//791 693//693 694//694
f 792//792 791//791 694//694
f 792//792 694//694 695//695
f 793//793 792//792 695//695
f 793//793 695//695 696//696
f 794//794 793//793 696//696
f 794//794 696//696 697//697
f 795//795 794//794 697//697
f 795//795 697//697 698//698
f 796//796 795//795 698//698
f 796//796 698//698 699//699
f 797//797 796//796 699//699
f 797//797 699//699 700//700
f 798//798 797//797 700//700
f 798//798 700//700 701//701
f 799//799 798//798 701//701
f 799//799 701//701 702//702
f 800//800 799//799 702//702
f 800//800 702//702 703//703
f 801//801 800//800 703//703
f 801//801 703//703 704//704
f 802//802 801//801 704//704
f 802//802 704//704 705//705
f 803//803 802//802 705//705
f 803//803 705//705 706//706
f 804//804 803//803 706//706
f 804//804 706//706 707//707
f 805//805 804//804 707//707
f 805//805 707//707 708//708
f 806//806 708//708 709//709
f 806//806 805//805 708//708
f 807//807 806//806 709//709
f 807//807 709//709 238//238
f 237//237 807//807 238//238
f 710//710 501//501 502//502
f 710//710 502//502 808//808
f 711//711 710//710 808//808
f 711//711 808//808 809//809
f 712//712 711//711 809//809
f 712//712 809//809 810//810
f 713//713 712//712 810//810
f 713//713 810//810 811//811
f 714//714 713//713 811//811
f 714//714 811//811 812//812
f 715//715 714//714 812//812
f 715//715 812//812 813//813
f 716//716 715//715 813//813
f 716//716 813//813 814//814
f 717//717 716//716 814//814
f 717//717 814//814 815//815
f 718//718 717//717 815//815
f 718//718 815//815 816//816
f 719//719 718//718 816//816
f 719//719 816//816 817//817
f 720//720 719//719 817//817
f 720//720 817//817 818//818
f 721//721 720//720 818//818
f 721//721 818//818 819//819
f 722//722 721//721 819//819
f 722//722 819//819 820//820
f 723//723 722//722 820//820
f 723//723 820//820 821//821
f 724//724 821//821 822//822
f 724//724 723//723 821//821
f 725//725 822//822 823//823
f 725//725 724//724 822//822
f 726//726 823//823 824//824
f 726//726 725//725 823//823
f 727//727 726//726 824//824
f 727//727 824//824 825//825
f 728//728 825//825 826//826
f 728//728 727//727 825//825
f 729//729 826//826 827//827
f 729//729 728//728 826//826
f 730//730 827//827 828//828
f 730//730 729//729 827//827
f 731//731 828//828 829//829
f 731//731 730//730 828//828
f 732//732 829//829 830//830
f 732//732 731//731 829//829
f 733//733 732//732 830//830
f 733//733 830//830 831//831
f 734//734 733//733 831//831
f 734//734 831//831 832//832
f 735//735 734//734 832//832
f 735//735 832//832 833//833
f 736//736 735//735 833//833
f 736//736 833//833 834//834
f 737//737 736//736 834//834
f 737//737 834//834 835//835
f 738//738 737//737 835//835
f 738//738 835//835 836//836
f 739//739 738//738 836//836
f 739//739 836//836 837//837
f 740//740 739//739 837//837
f 740//740 837//837 838//838
f 741//741 740//740 838//838
f 741//741 838//838 839//839
f 742//742 741//741 839//839
f 742//742 839//839 840//840
f 743//743 742//742 840//840
f 743//743 840//840 841//841
f 744//744 743//743 841//841
f 744//744 841//841 842//842
f 745//745 744//744 842//842
f 745//745 842//842 843//843
f 746//746 745//745 843//843
f 746//746 843//843 844//844
f 747//747 746//746 844//844
f 747//747 844//844 845//845
f 748//748 747//747 845//845
f 748//748 845//845 846//846
f 749//749 748//748 846//846
f 749//749 846//846 847//847
f 750//750 749//749 847//847
f 750//750 847//847 848//848
f 751//751 750//750 848//848
f 751//751 848//848 849//849
f 752//752 751//751 849//849
f 752//752 849//849 850//850
f 753//753 752//752 850//850
f 753//753 850//850 851//851
f 754//754 753//753 851//851
f 754//754 851//851 852//852
f 755//755 754//754 852//852
f 755//755 852//852 853//853
f 756//756 755//755 853//853
f 756//756 853//853 854//854
f 757//757 756//756 854//854
f 757//757 854//854 855//855
f 758//758 855//855 856//856
f 758//758 757//757 855//855
f 196//196 856//856 197//197
f 196//196 758//758 856//856
f 857//857 551//551 552//552
f 857//857 552//552 759//759
f 858//858 857//857 759//759
f 858//858 759//759 760//760
f 859//859 858//858 760//760
f 859//859 760//760 761//761
f 860//860 859//859 761//761
f 860//860 761//761 762//762
f 861//861 860//860 762//762
f 861//861 762//762 763//763
f 862//862 861//861 763//763
f 862//862 763//763 764//764
f 863//863 862//862 764//764
f 863//863 764//764 765//765
f 864//864 863//863 765//765
f 864//864 765//765 766//766
f 865//865 864//864 766//766
f 865//865 766//766 767//767
f 866//866 865//865 767//767
f 866//866 767//767 768//768
f 867//867 866//866 768//768
f 867//867 768//768 769//769
f 868//868 867//867 769//769
f 868//868 769//769 770//770
f 869//869 868//868 770//770
f 869//869 770//770 771//771
f 870//870 869//869 771//771
f 870//870 771//771 772//772
f 871//871 772//772 773//773
f 871//871 870//870 772//772
f 872//872 773//773 774//774
f 872//872 871//871 773//773
f 873//873 774//774 775//775
f 873//873 872//872 774//774
f 874//874 873//873 775//775
f 874//874 775//775 776//776
f 875//875 776//776 777//777
f 875//875 874//874 776//776
f 876//876 777//777 778//778
f 876//876 875//875 777//777
f 877//877 778//778 779//779
f 877//877 876//876 778//778
f 878//878 779//779 780//780
f 878//878 877//877 779//779
f 879//879 780//780 781//781
f 879//879 878//878 780//780
f 880//880 879//879 781//781
f 880//880 781//781 782//782
f 881//881 880//880 782//782
f 881//881 782//782 783//783
f 882//882 881//881 783//783
f 882//882 783//783 784//784
f 883//883 882//882 784//784
f 883//883 784//784 785//785
f 786//786 883//883 785//785
f 884//884 883//883 786//786
f 787//787 884//884 786//786
f 885//885 884//884 787//787
f 886//886 885//885 787//787
f 886//886 787//787 788//788
f 887//887 886//886 788//788
f 887//887 788//788 789//789
f 888//888 887//887 789//789
f 888//888 789//789 790//790
f 889//889 888//888 790//790
f 889//889 790//790 791//791
f 890//890 889//889 791//791
f 890//890 791//791 792//792
f 891//891 890//890 792//792
f 891//891 792//792 793//793
f 892//892 891//891 793//793
f 892//892 793//793 794//794
f 893//893 892//892 794//794
f 893//893 794//794 795//795
f 894//894 893//893 795//795
f 894//894 795//795 796//796
f 895//895 894//894 796//796
f 895//895 796//796 797//797
f 896//896 895//895 797//797
f 896//896 797//797 798//798
f 897//897 896//896 798//798
f 897//897 798//798 799//799
f 898//898 897//897 799//799
f 898//898 799//799 800//800
f 899//899 898//898 800//800
f 899//899 800//800 801//801
f 900//900 899//899 801//801
f 900//900 801//801 802//802
f 901//901 900//900 802//802
f 901//901 802//802 803//803
f 902//902 901//901 803//803
f 902//902 803//803 804//804
f 903//903 902//902 804//804
f 903//903 804//804 805//805
f 904//904 903//903 805//805
f 904//904 805//805 806//806
f 905//905 806//806 807//807
f 905//905 904//904 806//806
f 236//236 807//807 237//237
f 236//236 905//905 807//807
f 808//808 502//502 503//503
f 808//808 503//503 906//906
f 809//809 808//808 906//906
f 809//809 906//906 907//907
f 810//810 809//809 907//907
f 810//810 907//907 908//908
f 811//811 810//810 908//908
f 811//811 908//908 909//909
f 812//812 811//811 909//909
f 812//812 909//909 910//910
f 813//813 812//812 910//910
f 813//813 910//910 911//911
f 814//814 813//813 911//911
f 814//814 911//911 912//912
f 815//815 814//814 912//912
f 815//815 912//912 913//913
f 816//816 815//815 913//913
f 816//816 913//913 914//914
f 817//817 816//816 914//914
f 817//817 914//914 915//915
f 818//818 817//817 915//915
f 818//818 915//915 916//916
f 819//819 818//818 916//916
f 819//819 916//916 917//917
f 820//820 819//819 917//917
f 820//820 917//917 918//918
f 821//821 820//820 918//918
f 821//821 918//918 919//919
f 822//822 919//919 920//920
f 822//822 821//821 919//919
f 823//823 920//920 921//921
f 823//823 822//822 920//920
f 824//824 921//921 922//922
f 824//824 823//823 921//921
f 825//825 824//824 922//922
f 825//825 922//922 923//923
f 826//826 923//923 924//924
f 826//826 825//825 923//923
f 827//827 924//924 925//925
f 827//827 826//826 924//924
f 828//828 925//925 926//926
f 828//828 827//827 925//925
f 829//829 926//926 927//927
f 829//829 828//828 926//926
f 830//830 927//927 928//928
f 830//830 829//829 927//927
f 831//831 830//830 928//928
f 831//831 928//928 929//929
f 832//832 831//831 929//929
f 832//832 929//929 930//930
f 833//833 832//832 930//930
f 833//833 930//930 931//931
f 834//834 833//833 931//931
f 834//834 931//931 932//932
f 835//835 834//834 932//932
f 835//835 932//932 933//933
f 836//836 835//835 933//933
f 836//836 933//933 934//934
f 837//837 836//836 934//934
f 837//837 934//934 935//935
f 838//838 837//837 935//935
f 838//838 935//935 936//936
f 839//839 838//838 936//936
f 839//839 936//936 937//937
f 840//840 839//839 937//937
f 840//840 937//937 938//938
f 841//841 840//840 938//938
f 841//841 938//938 939//939
f 842//842 841//841 939//939
f 842//842 939//939 940//940
f 843//843 842//842 940//940
f 843//843 940//940 941//941
f 844//844 843//843 941//941
f 844//844 941//941 942//942
f 845//845 844//844 942//942
f 845//845 942//942 943//943
f 846//846 845//845 943//943
f 846//846 943//943 944//944
f 847//847 846//846 944//944
f 847//847 944//944 945//945
f 848//848 847//847 945//945
f 848//848 945//945 946//946
f 849//849 848//848 946//946
f 849//849 946//946 947//947
f 850//850 849//849 947//947
f 850//850 947//947 948//948
f 851//851 850//850 948//948
f 851//851 948//948 949//949
f 852//852 851//851 949//949
f 852//852 949//949 950//950
f 853//853 852//852 950//950
f 853//853 950//950 951//951
f 854//854 853//853 951//951
f 854//854 951//951 952//952
f 855//855 854//854 952//952
f 855//855 952//952 953//953
f 856//856 953//953 954//954
f 856//856 855//855 953//953
f 197//197 954//954 198//198
f 197//197 856//856 954//954
f 955//955 550//550 551//551
f 955//955 551//551 857//857
f 956//956 955//955 857//857
f 956//956 857//857 858//858
f 956//956 858//858 859//859
f 957//957 956//956 859//859
f 957//957 859//859 860//860
f 958//958 957//957 860//860
f 958//958 860//860 861//861
f 959//959 958//958 861//861
f 959//959 861//861 862//862
f 960//960 959//959 862//862
f 960//960 862//862 863//863
f 961//961 960//960 863//863
f 961//961 863//863 864//864
f 962//962 961//961 864//864
f 962//962 864//864 865//865
f 963//963 962//962 865//865
f 963//963 865//865 866//866
f 964//964 963//963 866//866
f 964//964 866//866 867//867
f 965//965 964//964 867//867
f 965//965 867//867 868//868
f 966//966 965//965 868//868
f 966//966 868//868 869//869
f 967//967 966//966 869//869
f 967//967 869//869 870//870
f 968//968 967//967 870//870
f 968//968 870//870 871//871
f 969//969 871//871 872//872
f 969//969 968//968 871//871
f 970//970 872//872 873//873
f 970//970 969//969 872//872
f 971//971 873//873 874//874
f 971//971 970//970 873//873
f 972//972 874//874 875//875
f 972//972 971//971 874//874
f 973//973 875//875 876//876
f 973//973 972//972 875//875
f 974//974 876//876 877//877
f 974//974 973//973 876//876
f 975//975 877//877 878//878
f 975//975 974//974 877//877
f 976//976 878//878 879//879
f 976//976 975//975 878//878
f 977//977 879//879 880//880
f 977//977 976//976 879//879
f 978//978 977//977 880//880
f 978//978 880//880 881//881
f 979//979 978//978 881//881
f 979//979 881//881 882//882
f 980//980 979//979 882//882
f 980//980 882//882 883//883
f 981//981 980//980 883//883
f 982//982 981//981 883//883
f 982//982 883//883 884//884
f 983//983 982//982 884//884
f 983//983 884//884 885//885
f 983//983 885//885 886//886
f 984//984 983//983 886//886
f 984//984 886//886 887//887
f 985//985 984//984 887//887
f 985//985 887//887 888//888
f 986//986 985//985 888//888
f 986//986 888//888 889//889
f 987//987 986//986 889//889
f 987//987 889//889 890//890
f 988//988 987//987 890//890
f 988//988 890//890 891//891
f 989//989 988//988 891//891
f 989//989 891//891 892//892
f 990//990 989//989 892//892
f 990//990 892//892 893//893
f 991//991 990//990 893//893
f 991//991 893//893 894//894
f 992//992 991//991 894//894
f 992//992 894//894 895//895
f 993//993 992//992 895//895
f 993//993 895//895 896//896
f 994//994 993//993 896//896
f 994//994 896//896 897//897
f 995//995 994//994 897//897
f 995//995 897//897 898//898
f 996//996 995//995 898//898
f 996//996 898//898 899//899
f 997//997 996//996 899//899
f 997//997 899//899 900//900
f 998//998 997//997 900//900
f 998//998 900//900 901//901
f 999//999 998//998 901//901
f 999//999 901//901 902//902
f 1000//1000 999//999 902//902
f 1000//1000 902//902 903//903
f 1001//1001 1000//1000 903//903
f 1001//1001 903//903 904//904
f 1002//1002 904//904 905//905
f 1002//1002 1001//1001 904//904
f 1003//1003 1002//1002 905//905
f 1003//1003 905//905 236//236
f 235//235 1003//1003 236//236
f 503//503 504//504 1004//1004
f 906//906 503//503 1004//1004
f 906//906 1004//1004 1005//1005
f 907//907 906//906 1005//1005
f 907//907 1005//1005 1006//1006
f 908//908 907//907 1006//1006
f 908//908 1006//1006 1007//1007
f 909//909 908//908 1007//1007
f 909//909 1007//1007 1008//1008
f 910//910 909//909 1008//1008
f 910//910 1008//1008 1009//1009
f 911//911 910//910 1009//1009
f 911//911 1009//1009 1010//1010
f 912//912 911//911 1010//1010
f 912//912 1010//1010 1011//1011
f 913//913 912//912 1011//1011
f 913//913 1011//1011 1012//1012
f 914//914 913//913 1012//1012
f 914//914 1012//1012 1013//1013
f 915//915 914//914 1013//1013
f 915//915 1013//1013 1014//1014
f 916//916 915//915 1014//1014
f 916//916 1014//1014 1015//1015
f 917//917 916//916 1015//1015
f 917//917 1015//1015 1016//1016
f 918//918 917//917 1016//1016
f 918//918 1016//1016 1017//1017
f 919//919 918//918 1017//1017
f 919//919 1017//1017 1018//1018
f 920//920 1018//1018 1019//1019
f 920//920 919//919 1018//1018
f 921//921 1019//1019 1020//1020
f 921//921 920//920 1019//1019
f 922//922 1020//1020 1021//1021
f 922//922 921//921 1020//1020
f 923//923 1021//1021 1022//1022
f 923//923 922//922 1021//1021
f 924//924 1022//1022 1023//1023
f 924//924 923//923 1022//1022
f 925//925 1023//1023 1024//1024
f 925//925 924//924 1023//1023
f 926//926 1024//1024 1025//1025
f 926//926 925//925 1024//1024
f 927//927 1025//1025 1026//1026
f 927//927 926//926 1025//1025
f 928//928 1026//1026 1027//1027
f 928//928 927//927 1026//1026
f 929//929 928//928 1027//1027
f 929//929 1027//1027 1028//1028
f 930//930 929//929 1028//1028
f 930//930 1028//1028 1029//1029
f 931//931 930//930 1029//1029
f 931//931 1029//1029 1030//1030
f 932//932 931//931 1030//1030
f 933//933 932//932 1030//1030
f 933//933 1030//1030 1031//1031
f 934//934 933//933 1031//1031
f 934//934 1031//1031 1032//1032
f 934//934 1032//1032 1033//1033
f 935//935 934//934 1033//1033
f 935//935 1033//1033 1034//1034
f 936//936 935//935 1034//1034
f 936//936 1034//1034 1035//1035
f 937//937 936//936 1035//1035
f 937//937 1035//1035 1036//1036
f 938//938 937//937 1036//1036
f 938//938 1036//1036 1037//1037
f 939//939 938//938 1037//1037
f 939//939 1037//1037 1038//1038
f 940//940 939//939 1038//1038
f 940//940 1038//1038 1039//1039
f 941//941 940//940 1039//1039
f 941//941 1039//1039 1040//1040
f 942//942 941//941 1040//1040
f 942//942 1040//1040 1041//1041
f 943//943 942//942 1041//1041
f 943//943 1041//1041 1042//1042
f 944//944 943//943 1042//1042
f 944//944 1042//1042 1043//1043
f 945//945 944//944 1043//1043
f 945//945 1043//1043 1044//1044
f 946//946 945//945 1044//1044
f 946//946 1044//1044 1045//1045
f 947//947 946//946 1045//1045
f 947//947 1045//1045 1046//1046
f 948//948 947//947 1046//1046
f 948//948 1046//1046 1047//1047
f 949//949 948//948 1047//1047
f 949//949 1047//1047 1048//1048
f 950//950 949//949 1048//1048
f 950//950 1048//1048 1049//1049
f 951//951 950//950 1049//1049
f 951//951 1049//1049 1050//1050
f 952//952 951//951 1050//1050
f 952//952 1050//1050 1051//1051
f 953//953 1051//1051 1052//1052
f 953//953 952//952 1051//1051
f 954//954 953//953 1052//1052
f 954//954 1052//1052 199//199
f 198//198 954//954 199//199
f 1053//1053 550//550 955//955
f 1053//1053 549//549 550//550
f 1054//1054 955//955 956//956
f 1054//1054 1053//1053 955//955
f 1055//1055 956//956 957//957
f 1055//1055 1054//1054 956//956
f 1056//1056 957//957 958//958
f 1056//1056 1055//1055 957//957
f 1057//1057 958//958 959//959
f 1057//1057 1056//1056 958//958
f 1058//1058 959//959 960//960
f 1058//1058 1057//1057 959//959
f 1059//1059 960//960 961//961
f 1059//1059 1058//1058 960//960
f 1060//1060 1059//1059 961//961
f 1061//1061 961//961 962//962
f 1061//1061 1060//1060 961//961
f 1062//1062 962//962 963//963
f 1062//1062 1061//1061 962//962
f 1063//1063 963//963 964//964
f 1063//1063 964//964 965//965
f 1063//1063 1062//1062 963//963
f 1064//1064 965//965 966//966
f 1064//1064 1063//1063 965//965
f 1065//1065 966//966 967//967
f 1065//1065 1064//1064 966//966
f 1066//1066 967//967 968//968
f 1066//1066 1065//1065 967//967
f 1067//1067 968//968 969//969
f 1067//1067 1066//1066 968//968
f 1068//1068 969//969 970//970
f 1068//1068 1067//1067 969//969
f 1069//1069 1068//1068 970//970
f 1070//1070 970//970 971//971
f 1070//1070 1069//1069 970//970
f 1071//1071 971//971 972//972
f 1071//1071 972//972 973//973
f 1071//1071 1070//1070 971//971
f 1072//1072 973//973 974//974
f 1072//1072 1071//1071 973//973
f 1073//1073 974//974 975//975
f 1073//1073 1072//1072 974//974
f 1074//1074 975//975 976//976
f 1074//1074 1073//1073 975//975
f 1075//1075 976//976 977//977
f 1075//1075 1074//1074 976//976
f 1076//1076 1075//1075 977//977
f 1076//1076 977//977 978//978
f 1077//1077 1076//1076 978//978
f 1077//1077 978//978 979//979
f 1078//1078 1077//1077 979//979
f 1078//1078 979//979 980//980
f 1079//1079 1078//1078 980//980
f 1080//1080 1079//1079 980//980
f 1080//1080 980//980 981//981
f 1081//1081 1080//1080 981//981
f 1082//1082 1081//1081 981//981
f 982//982 1082//1082 981//981
f 1083//1083 1082//1082 982//982
f 1084//1084 1083//1083 982//982
f 983//983 1084//1084 982//982
f 1085//1085 983//983 984//984
f 1085//1085 1084//1084 983//983
f 1086//1086 984//984 985//985
f 1086//1086 985//985 986//986
f 1086//1086 1085//1085 984//984
f 1087//1087 986//986 987//987
f 1087//1087 1086//1086 986//986
f 1088//1088 987//987 988//988
f 1088//1088 1087//1087 987//987
f 1089//1089 988//988 989//989
f 1089//1089 1088//1088 988//988
f 1090//1090 989//989 990//990
f 1090//1090 1089//1089 989//989
f 1091//1091 990//990 991//991
f 1091//1091 1090//1090 990//990
f 1092//1092 991//991 992//992
f 1092//1092 1091//1091 991//991
f 1093//1093 992//992 993//993
f 1093//1093 1092//1092 992//992
f 1094//1094 993//993 994//994
f 1094//1094 1093//1093 993//993
f 1095//1095 994//994 995//995
f 1095//1095 1094//1094 994//994
f 1096//1096 995//995 996//996
f 1096//1096 1095//1095 995//995
f 1097//1097 996//996 997//997
f 1097//1097 1096//1096 996//996
f 1098//1098 997//997 998//998
f 1098//1098 1097//1097 997//997
f 1099//1099 998//998 999//999
f 1099//1099 1098//1098 998//998
f 1100//1100 1099//1099 999//999
f 1100//1100 999//999 1000//1000
f 1101//1101 1000//1000 1001//1001
f 1101//1101 1100//1100 1000//1000
f 1102//1102 1101//1101 1001//1001
f 1102//1102 1001//1001 1002//1002
f 1103//1103 1102//1102 1002//1002
f 1103//1103 1002//1002 1003//1003
f 1104//1104 1103//1103 1003//1003
f 1104//1104 1003//1003 235//235
f 234//234 1104//1104 235//235
f 1004//1004 504//504 505//505
f 1004//1004 505//505 1105//1105
f 1005//1005 1004//1004 1105//1105
f 1005//1005 1105//1105 1106//1106
f 1006//1006 1005//1005 1106//1106
f 1006//1006 1106//1106 1107//1107
f 1007//1007 1006//1006 1107//1107
f 1007//1007 1107//1107 1108//1108
f 1008//1008 1007//1007 1108//1108
f 1008//1008 1108//1108 1109//1109
f 1009//1009 1008//1008 1109//1109
f 1009//1009 1109//1109 1110//1110
f 1010//1010 1009//1009 1110//1110
f 1010//1010 1110//1110 1111//1111
f 1011//1011 1010//1010 1111//1111
f 1011//1011 1111//1111 1112//1112
f 1012//1012 1011//1011 1112//1112
f 1012//1012 1112//1112 1113//1113
f 1013//1013 1012//1012 1113//1113
f 1013//1013 1113//1113 1114//1114
f 1014//1014 1013//1013 1114//1114
f 1014//1014 1114//1114 1115//1115
f 1015//1015 1014//1014 1115//1115
f 1015//1015 1115//1115 1116//1116
f 1016//1016 1015//1015 1116//1116
f 1016//1016 1116//1116 1117//1117
f 1017//1017 1016//1016 1117//1117
f 1017//1017 1117//1117 1118//1118
f 1018//1018 1118//1118 1119//1119
f 1018//1018 1017//1017 1118//1118
f 1019//1019 1119//1119 1120//1120
f 1019//1019 1018//1018 1119//1119
f 1020//1020 1120//1120 1121//1121
f 1020//1020 1019//1019 1120//1120
f 1021//1021 1020//1020 1121//1121
f 1021//1021 1121//1121 1122//1122
f 1022//1022 1122//1122 1123//1123
f 1022//1022 1021//1021 1122//1122
f 1023//1023 1123//1123 1124//1124
f 1023//1023 1022//1022 1123//1123
f 1024//1024 1124//1124 1125//1125
f 1024//1024 1023//1023 1124//1124
f 1025//1025 1125//1125 1126//1126
f 1025//1025 1024//1024 1125//1125
f 1026//1026 1126//1126 1127//1127
f 1026//1026 1025//1025 1126//1126
f 1027//1027 1026//1026 1127//1127
f 1027//1027 1127//1127 1128//1128
f 1028//1028 1027//1027 1128//1128
f 1028//1028 1128//1128 1129//1129
f 1029//1029 1028//1028 1129//1129
f 1029//1029 1129//1129 1130//1130
f 1030//1030 1029//1029 1130//1130
f 1030//1030 1130//1130 1131//1131
f 1132//1132 1030//1030 1131//1131
f 1031//1031 1030//1030 1132//1132
f 1133//1133 1031//1031 1132//1132
f 1032//1032 1031//1031 1133//1133
f 1033//1033 1032//1032 1133//1133
f 1033//1033 1133//1133 1134//1134
f 1034//1034 1033//1033 1134//1134
f 1034//1034 1134//1134 1135//1135
f 1035//1035 1034//1034 1135//1135
f 1035//1035 1135//1135 1136//1136
f 1036//1036 1035//1035 1136//1136
f 1036//1036 1136//1136 1137//1137
f 1037//1037 1036//1036 1137//1137
f 1037//1037 1137//1137 1138//1138
f 1038//1038 1037//1037 1138//1138
f 1038//1038 1138//1138 1139//1139
f 1039//1039 1038//1038 1139//1139
f 1039//1039 1139//1139 1140//1140
f 1040//1040 1039//1039 1140//1140
f 1040//1040 1140//1140 1141//1141
f 1041//1041 1040//1040 1141//1141
f 1041//1041 1141//1141 1142//1142
f 1042//1042 1041//1041 1142//1142
f 1042//1042 1142//1142 1143//1143
f 1043//1043 1042//1042 1143//1143
f 1043//1043 1143//1143 1144//1144
f 1044//1044 1043//1043 1144//1144
f 1044//1044 1144//1144 1145//1145
f 1045//1045 1044//1044 1145//1145
f 1045//1045 1145//1145 1146//1146
f 1046//1046 1045//1045 1146//1146
f 1046//1046 1146//1146 1147//1147
f 1047//1047 1046//1046 1147//1147
f 1047//1047 1147//1147 1148//1148
f 1048//1048 1047//1047 1148//1148
f 1048//1048 1148//1148 1149//1149
f 1049//1049 1048//1048 1149//1149
f 1049//1049 1149//1149 1150//1150
f 1050//1050 1049//1049 1150//1150
f 1050//1050 1150//1150 1151//1151
f 1051//1051 1050//1050 1151//1151
f 1051//1051 1151//1151 1152//1152
f 1052//1052 1152//1152 1153//1153
f 1052//1052 1051//1051 1152//1152
f 199//199 1153//1153 200//200
f 199//199 1052//1052 1153//1153
f 1085//1085 1161//1161 1162//1162
f 1085//1085 1162//1162 1163//1163
f 1085//1085 1163//1163 1164//1164
f 1085//1085 1164//1164 1165//1165
f 1085//1085 1165//1165 1084//1084
f 1160//1160 1161//1161 1085//1085
f 1159//1159 1160//1160 1085//1085
f 1158//1158 1159//1159 1085//1085
f 1157//1157 1085//1085 1086//1086
f 1157//1157 1158//1158 1085//1085
f 1156//1156 1157//1157 1086//1086
f 1155//1155 1156//1156 1086//1086
f 1166//1166 1086//1086 1087//1087
f 1166//1166 1154//1154 1155//1155
f 1166//1166 1155//1155 1086//1086
f 1167//1167 1087//1087 1088//1088
f 1167//1167 1166//1166 1087//1087
f 1168//1168 1088//1088 1089//1089
f 1168//1168 1167//1167 1088//1088
f 1169//1169 1089//1089 1090//1090
f 1169//1169 1168//1168 1089//1089
f 1170//1170 1090//1090 1091//1091
f 1170//1170 1169//1169 1090//1090
f 1171//1171 1091//1091 1092//1092
f 1171//1171 1170//1170 1091//1091
f 1172//1172 1092//1092 1093//1093
f 1172//1172 1171//1171 1092//1092
f 1173//1173 1093//1093 1094//1094
f 1173//1173 1172//1172 1093//1093
f 1174//1174 1094//1094 1095//1095
f 1174//1174 1173//1173 1094//1094
f 1175//1175 1095//1095 1096//1096
f 1175//1175 1174//1174 1095//1095
f 1176//1176 1096//1096 1097//1097
f 1176//1176 1175//1175 1096//1096
f 1177//1177 1097//1097 1098//1098
f 1177//1177 1176//1176 1097//1097
f 1178//1178 1098//1098 1099//1099
f 1178//1178 1177//1177 1098//1098
f 1179//1179 1099//1099 1100//1100
f 1179//1179 1178//1178 1099//1099
f 1180//1180 1100//1100 1101//1101
f 1180//1180 1179//1179 1100//1100
f 1181//1181 1101//1101 1102//1102
f 1181//1181 1180//1180 1101//1101
f 1182//1182 1102//1102 1103//1103
f 1182//1182 1181//1181 1102//1102
f 1183//1183 1103//1103 1104//1104
f 1183//1183 1182//1182 1103//1103
f 233//233 1104//1104 234//234
f 233//233 1183//1183 1104//1104
f 505//505 506//506 1184//1184
f 1105//1105 1184//1184 1185//1185
f 1105//1105 505//505 1184//1184
f 1106//1106 1185//1185 1186//1186
f 1106//1106 1105//1105 1185//1185
f 1107//1107 1186//1186 1187//1187
f 1107//1107 1106//1106 1186//1186
f 1108//1108 1187//1187 1188//1188
f 1108//1108 1107//1107 1187//1187
f 1109//1109 1188//1188 1189//1189
f 1109//1109 1108//1108 1188//1188
f 1110//1110 1189//1189 1190//1190
f 1110//1110 1109//1109 1189//1189
f 1111//1111 1190//1190 1191//1191
f 1111//1111 1191//1191 1192//1192
f 1111//1111 1110//1110 1190//1190
f 1112//1112 1192//1192 1193//1193
f 1112//1112 1111//1111 1192//1192
f 1113//1113 1193//1193 1194//1194
f 1113//1113 1112//1112 1193//1193
f 1114//1114 1113//1113 1194//1194
f 1115//1115 1194//1194 1195//1195
f 1115//1115 1114//1114 1194//1194
f 1116//1116 1195//1195 1196//1196
f 1116//1116 1115//1115 1195//1195
f 1117//1117 1196//1196 1197//1197
f 1117//1117 1116//1116 1196//1196
f 1118//1118 1197//1197 1198//1198
f 1118//1118 1117//1117 1197//1197
f 1119//1119 1198//1198 1199//1199
f 1119//1119 1118//1118 1198//1198
f 1120//1120 1199//1199 1200//1200
f 1120//1120 1200//1200 1201//1201
f 1120//1120 1119//1119 1199//1199
f 1121//1121 1201//1201 1202//1202
f 1121//1121 1120//1120 1201//1201
f 1122//1122 1121//1121 1202//1202
f 1123//1123 1122//1122 1202//1202
f 1123//1123 1202//1202 1203//1203
f 1124//1124 1203//1203 1204//1204
f 1124//1124 1123//1123 1203//1203
f 1125//1125 1204//1204 1205//1205
f 1125//1125 1124//1124 1204//1204
f 1126//1126 1205//1205 1206//1206
f 1126//1126 1125//1125 1205//1205
f 1127//1127 1126//1126 1206//1206
f 1127//1127 1206//1206 1207//1207
f 1128//1128 1127//1127 1207//1207
f 1128//1128 1207//1207 1208//1208
f 1129//1129 1128//1128 1208//1208
f 1129//1129 1208//1208 1209//1209
f 1130//1130 1129//1129 1209//1209
f 1130//1130 1209//1209 1210//1210
f 1130//1130 1210//1210 1211//1211
f 1131//1131 1236//1236 1235//1235
f 1131//1131 1211//1211 1236//1236
f 1131//1131 1130//1130 1211//1211
f 1234//1234 1131//1131 1235//1235
f 1132//1132 1233//1233 1212//1212
f 1132//1132 1234//1234 1233//1233
f 1132//1132 1131//1131 1234//1234
f 1133//1133 1132//1132 1212//1212
f 1133//1133 1212//1212 1213//1213
f 1134//1134 1133//1133 1213//1213
f 1134//1134 1213//1213 1214//1214
f 1135//1135 1134//1134 1214//1214
f 1136//1136 1135//1135 1214//1214
f 1136//1136 1214//1214 1215//1215
f 1137//1137 1136//1136 1215//1215
f 1137//1137 1215//1215 1216//1216
f 1138//1138 1137//1137 1216//1216
f 1138//1138 1216//1216 1217//1217
f 1139//1139 1138//1138 1217//1217
f 1139//1139 1217//1217 1218//1218
f 1140//1140 1139//1139 1218//1218
f 1140//1140 1218//1218 1219//1219
f 1141//1141 1140//1140 1219//1219
f 1141//1141 1219//1219 1220//1220
f 1142//1142 1141//1141 1220//1220
f 1142//1142 1220//1220 1221//1221
f 1143//1143 1142//1142 1221//1221
f 1143//1143 1221//1221 1222//1222
f 1144//1144 1143//1143 1222//1222
f 1144//1144 1222//1222 1223//1223
f 1145//1145 1144//1144 1223//1223
f 1145//1145 1223//1223 1224//1224
f 1146//1146 1224//1224 1225//1225
f 1146//1146 1145//1145 1224//1224
f 1147//1147 1225//1225 1226//1226
f 1147//1147 1146//1146 1225//1225
f 1148//1148 1147//1147 1226//1226
f 1148//1148 1226//1226 1227//1227
f 1149//1149 1148//1148 1227//1227
f 1149//1149 1227//1227 1228//1228
f 1150//1150 1149//1149 1228//1228
f 1150//1150 1228//1228 1229//1229
f 1151//1151 1150//1150 1229//1229
f 1151//1151 1229//1229 1230//1230
f 1152//1152 1151//1151 1230//1230
f 1152//1152 1230//1230 1231//1231
f 1153//1153 1152//1152 1231//1231
f 1153//1153 1231//1231 1232//1232
f 200//200 1232//1232 201//201
f 200//200 1153//1153 1232//1232
f 1361//1361 1363//1363 1362//1362
f 1364//1364 233//233 232//232
f 1365//1365 1237//1237 1154//1154
f 1365//1365 1154//1154 1361//1361
f 1366//1366 1324//1324 1323//1323
f 1366//1366 1325//1325 1324//1324
f 1366//1366 1326//1326 1325//1325
f 1366//1366 1327//1327 1326//1326
f 1366//1366 1328//1328 1327//1327
f 1366//1366 1329//1329 1328//1328
f 1366//1366 1330//1330 1329//1329
f 1367//1367 1331//1331 1330//1330
f 1367//1367 1330//1330 1366//1366
f 1368//1368 1332//1332 1331//1331
f 1368//1368 1331//1331 1367//1367
f 1369//1369 1333//1333 1332//1332
f 1369//1369 1332//1332 1368//1368
f 1370//1370 1334//1334 1333//1333
f 1370//1370 1369//1369 1371//1371
f 1370//1370 1333//1333 1369//1369
f 1372//1372 1370//1370 1373//1373
f 1372//1372 1335//1335 1334//1334
f 1372//1372 1334//1334 1370//1370
f 1374//1374 1372//1372 1375//1375
f 1374//1374 1335//1335 1372//1372
f 1376//1376 1336//1336 1335//1335
f 1376//1376 1374//1374 1377//1377
f 1376//1376 1335//1335 1374//1374
f 1378//1378 1310//1310 1309//1309
f 1379//1379 1237//1237 1365//1365
f 1380//1380 1237//1237 1379//1379
f 1381//1381 1284//1284 1283//1283
f 1382//1382 1237//1237 1380//1380
f 1383//1383 1237//1237 1382//1382
f 1384//1384 1238//1238 1237//1237
f 1384//1384 1239//1239 1238//1238
f 1384//1384 1240//1240 1239//1239
f 1384//1384 1237//1237 1385//1385
f 1386//1386 1384//1384 1385//1385
f 1386//1386 1240//1240 1384//1384
f 1386//1386 1241//1241 1240//1240
f 1387//1387 1386//1386 1385//1385
f 1387//1387 1241//1241 1386//1386
f 1387//1387 1242//1242 1241//1241
f 1388//1388 1387//1387 1389//1389
f 1388//1388 1243//1243 1242//1242
f 1388//1388 1242//1242 1387//1387
f 1388//1388 1389//1389 1390//1390
f 1391//1391 1388//1388 1390//1390
f 1392//1392 1388//1388 1391//1391
f 1393//1393 1243//1243 1388//1388
f 1393//1393 1388//1388 1392//1392
f 1393//1393 1244//1244 1243//1243
f 1394//1394 1393//1393 1392//1392
f 1394//1394 1392//1392 1391//1391
f 1395//1395 1393//1393 1394//1394
f 1396//1396 1393//1393 1395//1395
f 1396//1396 1245//1245 1244//1244
f 1396//1396 1244//1244 1393//1393
f 1397//1397 1395//1395 1394//1394
f 1397//1397 1396//1396 1395//1395
f 1398//1398 1396//1396 1397//1397
f 1399//1399 1396//1396 1398//1398
f 1399//1399 1246//1246 1245//1245
f 1399//1399 1245//1245 1396//1396
f 1400//1400 1398//1398 1397//1397
f 1400//1400 1399//1399 1398//1398
f 1401//1401 1399//1399 1400//1400
f 1402//1402 1247//1247 1246//1246
f 1402//1402 1399//1399 1401//1401
f 1402//1402 1246//1246 1399//1399
f 1403//1403 1401//1401 1400//1400
f 1403//1403 1402//1402 1401//1401
f 1404//1404 1402//1402 1403//1403
f 1405//1405 1402//1402 1404//1404
f 1405//1405 1248//1248 1247//1247
f 1405//1405 1249//1249 1248//1248
f 1405//1405 1250//1250 1249//1249
f 1405//1405 1251//1251 1250//1250
f 1405//1405 1247//1247 1402//1402
f 1406//1406 1251//1251 1405//1405
f 1406//1406 1252//1252 1251//1251
f 1406//1406 1405//1405 1404//1404
f 1406//1406 1404//1404 1403//1403
f 1407//1407 1252//1252 1406//1406
f 1407//1407 1406//1406 1403//1403
f 1408//1408 1253//1253 1252//1252
f 1408//1408 1252//1252 1407//1407
f 1409//1409 1253//1253 1408//1408
f 1410//1410 1254//1254 1253//1253
f 1410//1410 1255//1255 1254//1254
f 1410//1410 1256//1256 1255//1255
f 1410//1410 1257//1257 1256//1256
f 1410//1410 1258//1258 1257//1257
f 1410//1410 1253//1253 1409//1409
f 1411//1411 1363//1363 1361//1361
f 1411//1411 1361//1361 1154//1154
f 1412//1412 1414//1414 1413//1413
f 1412//1412 1416//1416 1415//1415
f 1412//1412 1413//1413 1417//1417
f 1412//1412 1419//1419 1418//1418
f 1412//1412 1418//1418 1416//1416
f 1412//1412 1417//1417 1419//1419
f 1420//1420 1415//1415 1421//1421
f 1420//1420 1412//1412 1415//1415
f 1422//1422 1420//1420 1421//1421
f 1422//1422 1421//1421 1423//1423
f 1424//1424 1423//1423 1425//1425
f 1424//1424 1422//1422 1423//1423
f 1426//1426 1424//1424 1425//1425
f 1426//1426 1425//1425 1427//1427
f 1428//1428 1426//1426 1427//1427
f 1429//1429 1428//1428 1427//1427
f 1430//1430 1429//1429 1427//1427
f 1431//1431 1430//1430 1427//1427
f 1432//1432 1431//1431 1427//1427
f 1433//1433 1427//1427 1434//1434
f 1433//1433 1432//1432 1427//1427
f 1435//1435 1433//1433 1434//1434
f 1436//1436 1435//1435 1434//1434
f 1437//1437 1349//1349 1348//1348
f 1437//1437 1439//1439 1438//1438
f 1437//1437 1365//1365 1439//1439
f 1437//1437 1438//1438 1440//1440
f 1437//1437 1440//1440 1441//1441
f 1442//1442 1437//1437 1348//1348
f 1442//1442 1365//1365 1437//1437
f 1443//1443 1365//1365 1442//1442
f 1443//1443 1379//1379 1365//1365
f 1444//1444 1323//1323 1322//1322
f 1444//1444 1443//1443 1323//1323
f 1444//1444 1379//1379 1443//1443
f 1445//1445 1447//1447 1446//1446
f 1445//1445 1446//1446 1448//1448
f 1449//1449 1447//1447 1445//1445
f 1449//1449 1451//1451 1450//1450
f 1449//1449 1450//1450 1447//1447
f 1452//1452 1379//1379 1444//1444
f 1453//1453 1379//1379 1452//1452
f 1454//1454 1297//1297 1296//1296
f 1454//1454 1379//1379 1453//1453
f 1455//1455 1379//1379 1454//1454
f 1456//1456 1455//1455 1454//1454
f 1457//1457 1456//1456 1454//1454
f 1458//1458 1457//1457 1454//1454
f 1459//1459 1458//1458 1454//1454
f 1460//1460 1462//1462 1461//1461
f 1460//1460 1461//1461 1463//1463
f 1460//1460 1465//1465 1464//1464
f 1460//1460 1464//1464 1462//1462
f 1460//1460 1463//1463 1466//1466
f 1467//1467 1382//1382 1380//1380
f 1468//1468 1470//1470 1469//1469
f 1468//1468 1471//1471 1470//1470
f 1468//1468 1472//1472 1471//1471
f 1468//1468 1473//1473 1472//1472
f 1468//1468 1474//1474 1473//1473
f 1475//1475 1477//1477 1476//1476
f 1478//1478 1479//1479 1476//1476
f 1478//1478 1475//1475 1480//1480
f 1478//1478 1476//1476 1477//1477
f 1478//1478 1477//1477 1475//1475
f 1478//1478 1482//1482 1481//1481
f 1478//1478 1481//1481 1483//1483
f 1478//1478 1483//1483 1484//1484
f 1478//1478 1485//1485 1479//1479
f 1478//1478 1486//1486 1485//1485
f 1478//1478 1480//1480 1482//1482
f 1478//1478 1484//1484 1487//1487
f 1488//1488 1490//1490 1489//1489
f 1491//1491 1488//1488 1489//1489
f 1492//1492 1494//1494 1493//1493
f 1492//1492 1394//1394 1494//1494
f 1495//1495 1397//1397 1394//1394
f 1495//1495 1394//1394 1492//1492
f 1496//1496 1495//1495 1497//1497
f 1496//1496 1397//1397 1495//1495
f 1498//1498 1397//1397 1496//1496
f 1498//1498 1400//1400 1397//1397
f 1499//1499 1498//1498 1500//1500
f 1499//1499 1400//1400 1498//1498
f 1501//1501 1403//1403 1400//1400
f 1501//1501 1400//1400 1499//1499
f 1502//1502 1403//1403 1501//1501
f 1502//1502 1407//1407 1403//1403
f 1502//1502 1409//1409 1408//1408
f 1502//1502 1408//1408 1407//1407
f 1502//1502 1258//1258 1410//1410
f 1502//1502 1410//1410 1409//1409
f 1503//1503 1363//1363 1411//1411
f 1504//1504 1362//1362 1505//1505
f 1504//1504 1505//1505 1414//1414
f 1504//1504 1414//1414 1412//1412
f 1504//1504 1361//1361 1362//1362
f 1506//1506 1361//1361 1504//1504
f 1506//1506 1504//1504 1412//1412
f 1507//1507 1506//1506 1412//1412
f 1508//1508 1412//1412 1420//1420
f 1508//1508 1420//1420 1422//1422
f 1508//1508 1422//1422 1424//1424
f 1508//1508 1424//1424 1426//1426
f 1508//1508 1507//1507 1412//1412
f 1509//1509 1436//1436 1434//1434
f 1509//1509 1511//1511 1510//1510
f 1509//1509 1434//1434 1511//1511
f 1512//1512 1510//1510 1513//1513
f 1512//1512 1509//1509 1510//1510
f 1514//1514 1512//1512 1513//1513
f 1515//1515 1514//1514 1513//1513
f 1516//1516 1513//1513 1517//1517
f 1516//1516 1515//1515 1513//1513
f 1518//1518 1516//1516 1517//1517
f 1519//1519 1521//1521 1520//1520
f 1519//1519 1517//1517 1521//1521
f 1519//1519 1518//1518 1517//1517
f 1522//1522 1361//1361 1523//1523
f 1522//1522 1523//1523 1524//1524
f 1522//1522 1365//1365 1361//1361
f 1525//1525 1438//1438 1439//1439
f 1525//1525 1439//1439 1365//1365
f 1525//1525 1440//1440 1438//1438
f 1525//1525 1441//1441 1440//1440
f 1525//1525 1526//1526 1441//1441
f 1527//1527 1526//1526 1525//1525
f 1528//1528 1526//1526 1527//1527
f 1529//1529 1349//1349 1437//1437
f 1530//1530 1350//1350 1349//1349
f 1530//1530 1349//1349 1529//1529
f 1531//1531 1350//1350 1530//1530
f 1532//1532 1442//1442 1348//1348
f 1533//1533 1323//1323 1443//1443
f 1533//1533 1366//1366 1323//1323
f 1534//1534 1536//1536 1535//1535
f 1537//1537 1538//1538 1536//1536
f 1537//1537 1536//1536 1534//1534
f 1539//1539 1538//1538 1537//1537
f 1540//1540 1538//1538 1539//1539
f 1540//1540 1541//1541 1538//1538
f 1542//1542 1541//1541 1540//1540
f 1543//1543 1545//1545 1544//1544
f 1543//1543 1541//1541 1542//1542
f 1543//1543 1544//1544 1541//1541
f 1543//1543 1378//1378 1545//1545
f 1543//1543 1310//1310 1378//1378
f 1546//1546 1444//1444 1322//1322
f 1546//1546 1322//1322 1547//1547
f 1548//1548 1444//1444 1546//1546
f 1549//1549 1548//1548 1550//1550
f 1551//1551 1549//1549 1550//1550
f 1552//1552 1551//1551 1550//1550
f 1553//1553 1552//1552 1550//1550
f 1554//1554 1553//1553 1550//1550
f 1555//1555 1554//1554 1550//1550
f 1556//1556 1555//1555 1550//1550
f 1556//1556 1550//1550 1557//1557
f 1558//1558 1549//1549 1551//1551
f 1558//1558 1551//1551 1552//1552
f 1558//1558 1552//1552 1553//1553
f 1558//1558 1555//1555 1556//1556
f 1558//1558 1553//1553 1554//1554
f 1558//1558 1554//1554 1555//1555
f 1558//1558 1444//1444 1548//1548
f 1558//1558 1548//1548 1549//1549
f 1559//1559 1558//1558 1556//1556
f 1560//1560 1559//1559 1556//1556
f 1561//1561 1560//1560 1556//1556
f 1562//1562 1561//1561 1556//1556
f 1563//1563 1562//1562 1556//1556
f 1564//1564 1563//1563 1556//1556
f 1565//1565 1564//1564 1556//1556
f 1566//1566 1453//1453 1452//1452
f 1567//1567 1453//1453 1566//1566
f 1567//1567 1566//1566 1568//1568
f 1569//1569 1297//1297 1454//1454
f 1569//1569 1454//1454 1453//1453
f 1570//1570 1571//1571 1378//1378
f 1570//1570 1378//1378 1309//1309
f 1572//1572 1291//1291 1290//1290
f 1572//1572 1292//1292 1291//1291
f 1572//1572 1293//1293 1292//1292
f 1572//1572 1294//1294 1293//1293
f 1573//1573 1572//1572 1290//1290
f 1574//1574 1576//1576 1575//1575
f 1574//1574 1456//1456 1457//1457
f 1574//1574 1457//1457 1458//1458
f 1574//1574 1458//1458 1459//1459
f 1574//1574 1459//1459 1576//1576
f 1574//1574 1455//1455 1456//1456
f 1574//1574 1465//1465 1460//1460
f 1574//1574 1379//1379 1455//1455
f 1574//1574 1575//1575 1465//1465
f 1577//1577 1290//1290 1289//1289
f 1577//1577 1573//1573 1290//1290
f 1578//1578 1577//1577 1289//1289
f 1579//1579 1578//1578 1289//1289
f 1580//1580 1380//1380 1379//1379
f 1580//1580 1379//1379 1574//1574
f 1581//1581 1577//1577 1578//1578
f 1581//1581 1578//1578 1579//1579
f 1581//1581 1579//1579 1582//1582
f 1583//1583 1467//1467 1380//1380
f 1584//1584 1586//1586 1585//1585
f 1584//1584 1583//1583 1586//1586
f 1587//1587 1589//1589 1588//1588
f 1587//1587 1590//1590 1589//1589
f 1587//1587 1588//1588 1469//1469
f 1591//1591 1587//1587 1469//1469
f 1592//1592 1591//1591 1469//1469
f 1592//1592 1469//1469 1470//1470
f 1593//1593 1592//1592 1470//1470
f 1594//1594 1592//1592 1593//1593
f 1594//1594 1587//1587 1591//1591
f 1594//1594 1591//1591 1592//1592
f 1594//1594 1593//1593 1595//1595
f 1594//1594 1595//1595 1596//1596
f 1594//1594 1596//1596 1597//1597
f 1594//1594 1597//1597 1598//1598
f 1594//1594 1478//1478 1487//1487
f 1599//1599 1600//1600 1486//1486
f 1599//1599 1486//1486 1478//1478
f 1599//1599 1602//1602 1601//1601
f 1599//1599 1601//1601 1600//1600
f 1603//1603 1383//1383 1382//1382
f 1603//1603 1382//1382 1599//1599
f 1603//1603 1599//1599 1478//1478
f 1604//1604 1478//1478 1594//1594
f 1605//1605 1606//1606 1383//1383
f 1607//1607 1489//1489 1490//1490
f 1607//1607 1490//1490 1385//1385
f 1607//1607 1385//1385 1237//1237
f 1607//1607 1237//1237 1383//1383
f 1607//1607 1383//1383 1606//1606
f 1608//1608 1610//1610 1609//1609
f 1608//1608 1491//1491 1489//1489
f 1608//1608 1611//1611 1610//1610
f 1608//1608 1268//1268 1267//1267
f 1608//1608 1269//1269 1268//1268
f 1608//1608 1270//1270 1269//1269
f 1608//1608 1489//1489 1270//1270
f 1608//1608 1609//1609 1491//1491
f 1612//1612 1611//1611 1608//1608
f 1612//1612 1608//1608 1267//1267
f 1612//1612 1265//1265 1264//1264
f 1612//1612 1266//1266 1265//1265
f 1612//1612 1267//1267 1266//1266
f 1612//1612 1613//1613 1611//1611
f 1614//1614 1609//1609 1610//1610
f 1614//1614 1389//1389 1387//1387
f 1614//1614 1387//1387 1385//1385
f 1614//1614 1394//1394 1391//1391
f 1614//1614 1610//1610 1611//1611
f 1614//1614 1385//1385 1490//1490
f 1614//1614 1391//1391 1390//1390
f 1614//1614 1490//1490 1488//1488
f 1614//1614 1494//1494 1394//1394
f 1614//1614 1390//1390 1389//1389
f 1614//1614 1611//1611 1613//1613
f 1614//1614 1488//1488 1491//1491
f 1614//1614 1491//1491 1609//1609
f 1614//1614 1613//1613 1494//1494
f 1615//1615 1612//1612 1264//1264
f 1615//1615 1493//1493 1494//1494
f 1615//1615 1492//1492 1493//1493
f 1615//1615 1497//1497 1495//1495
f 1615//1615 1613//1613 1612//1612
f 1615//1615 1262//1262 1261//1261
f 1615//1615 1263//1263 1262//1262
f 1615//1615 1264//1264 1263//1263
f 1615//1615 1495//1495 1492//1492
f 1615//1615 1494//1494 1613//1613
f 1616//1616 1498//1498 1496//1496
f 1616//1616 1496//1496 1497//1497
f 1616//1616 1500//1500 1498//1498
f 1616//1616 1615//1615 1261//1261
f 1616//1616 1260//1260 1259//1259
f 1616//1616 1261//1261 1260//1260
f 1616//1616 1497//1497 1615//1615
f 1617//1617 1500//1500 1616//1616
f 1617//1617 1501//1501 1499//1499
f 1617//1617 1499//1499 1500//1500
f 1617//1617 1616//1616 1259//1259
f 1617//1617 1502//1502 1501//1501
f 1617//1617 1258//1258 1502//1502
f 1617//1617 1259//1259 1258//1258
f 1618//1618 1154//1154 1166//1166
f 1618//1618 1411//1411 1154//1154
f 1619//1619 1621//1621 1620//1620
f 1619//1619 1620//1620 1622//1622
f 1619//1619 1623//1623 1411//1411
f 1619//1619 1411//1411 1618//1618
f 1619//1619 1618//1618 1624//1624
f 1619//1619 1622//1622 1623//1623
f 1625//1625 1503//1503 1411//1411
f 1626//1626 1503//1503 1625//1625
f 1627//1627 1503//1503 1626//1626
f 1628//1628 1630//1630 1629//1629
f 1628//1628 1629//1629 1503//1503
f 1628//1628 1631//1631 1630//1630
f 1628//1628 1632//1632 1631//1631
f 1628//1628 1633//1633 1632//1632
f 1628//1628 1503//1503 1627//1627
f 1634//1634 1636//1636 1635//1635
f 1634//1634 1635//1635 1364//1364
f 1637//1637 1639//1639 1638//1638
f 1637//1637 1641//1641 1640//1640
f 1637//1637 1520//1520 1641//1641
f 1637//1637 1519//1519 1520//1520
f 1637//1637 1640//1640 1639//1639
f 1637//1637 1642//1642 1364//1364
f 1637//1637 1638//1638 1642//1642
f 1643//1643 1506//1506 1507//1507
f 1643//1643 1507//1507 1508//1508
f 1643//1643 1523//1523 1361//1361
f 1643//1643 1361//1361 1506//1506
f 1644//1644 1637//1637 1364//1364
f 1644//1644 1646//1646 1645//1645
f 1644//1644 1364//1364 1646//1646
f 1647//1647 1524//1524 1523//1523
f 1647//1647 1645//1645 1524//1524
f 1648//1648 1645//1645 1646//1646
f 1648//1648 1524//1524 1645//1645
f 1649//1649 1646//1646 1364//1364
f 1649//1649 1364//1364 232//232
f 1650//1650 1441//1441 1526//1526
f 1650//1650 1526//1526 1651//1651
f 1650//1650 1651//1651 1652//1652
f 1650//1650 1437//1437 1441//1441
f 1650//1650 1652//1652 1653//1653
f 1650//1650 1531//1531 1530//1530
f 1650//1650 1529//1529 1437//1437
f 1650//1650 1654//1654 1531//1531
f 1650//1650 1655//1655 1654//1654
f 1650//1650 1530//1530 1529//1529
f 1650//1650 1656//1656 1655//1655
f 1657//1657 1659//1659 1658//1658
f 1657//1657 1661//1661 1660//1660
f 1657//1657 1653//1653 1662//1662
f 1657//1657 1662//1662 1663//1663
f 1657//1657 1656//1656 1650//1650
f 1657//1657 1663//1663 1664//1664
f 1657//1657 1664//1664 1665//1665
f 1657//1657 1665//1665 1666//1666
f 1657//1657 1660//1660 1659//1659
f 1657//1657 1650//1650 1653//1653
f 1657//1657 1667//1667 1656//1656
f 1657//1657 1658//1658 1667//1667
f 1668//1668 1351//1351 1350//1350
f 1668//1668 1352//1352 1351//1351
f 1668//1668 1353//1353 1352//1352
f 1668//1668 1354//1354 1353//1353
f 1668//1668 1355//1355 1354//1354
f 1668//1668 1350//1350 1531//1531
f 1668//1668 1531//1531 1654//1654
f 1668//1668 1654//1654 1655//1655
f 1669//1669 1660//1660 1661//1661
f 1669//1669 1649//1649 232//232
f 1669//1669 1359//1359 1358//1358
f 1669//1669 1360//1360 1359//1359
f 1669//1669 232//232 1360//1360
f 1670//1670 1671//1671 1341//1341
f 1672//1672 1337//1337 1336//1336
f 1672//1672 1338//1338 1337//1337
f 1672//1672 1339//1339 1338//1338
f 1672//1672 1340//1340 1339//1339
f 1672//1672 1341//1341 1340//1340
f 1672//1672 1670//1670 1341//1341
f 1673//1673 1442//1442 1532//1532
f 1674//1674 1673//1673 1532//1532
f 1675//1675 1532//1532 1676//1676
f 1675//1675 1674//1674 1532//1532
f 1677//1677 1675//1675 1676//1676
f 1677//1677 1676//1676 1678//1678
f 1677//1677 1680//1680 1679//1679
f 1677//1677 1682//1682 1681//1681
f 1677//1677 1681//1681 1683//1683
f 1677//1677 1683//1683 1680//1680
f 1677//1677 1678//1678 1684//1684
f 1677//1677 1685//1685 1682//1682
f 1677//1677 1684//1684 1685//1685
f 1686//1686 1336//1336 1376//1376
f 1686//1686 1679//1679 1672//1672
f 1686//1686 1672//1672 1336//1336
f 1687//1687 1443//1443 1442//1442
f 1688//1688 1443//1443 1687//1687
f 1688//1688 1687//1687 1689//1689
f 1690//1690 1533//1533 1443//1443
f 1691//1691 1693//1693 1692//1692
f 1691//1691 1695//1695 1694//1694
f 1691//1691 1692//1692 1695//1695
f 1691//1691 1696//1696 1693//1693
f 1691//1691 1694//1694 1533//1533
f 1691//1691 1533//1533 1690//1690
f 1697//1697 1686//1686 1376//1376
f 1697//1697 1689//1689 1686//1686
f 1698//1698 1367//1367 1366//1366
f 1698//1698 1369//1369 1368//1368
f 1698//1698 1368//1368 1367//1367
f 1699//1699 1369//1369 1698//1698
f 1700//1700 1371//1371 1369//1369
f 1700//1700 1369//1369 1699//1699
f 1701//1701 1371//1371 1700//1700
f 1702//1702 1373//1373 1370//1370
f 1702//1702 1375//1375 1372//1372
f 1702//1702 1377//1377 1374//1374
f 1702//1702 1376//1376 1377//1377
f 1702//1702 1703//1703 1697//1697
f 1702//1702 1374//1374 1375//1375
f 1702//1702 1697//1697 1376//1376
f 1702//1702 1370//1370 1371//1371
f 1702//1702 1372//1372 1373//1373
f 1702//1702 1371//1371 1701//1701
f 1704//1704 1543//1543 1542//1542
f 1704//1704 1534//1534 1535//1535
f 1704//1704 1537//1537 1534//1534
f 1704//1704 1539//1539 1537//1537
f 1704//1704 1540//1540 1539//1539
f 1704//1704 1542//1542 1540//1540
f 1705//1705 1535//1535 1536//1536
f 1705//1705 1547//1547 1704//1704
f 1705//1705 1704//1704 1535//1535
f 1705//1705 1536//1536 1547//1547
f 1706//1706 1547//1547 1536//1536
f 1706//1706 1546//1546 1547//1547
f 1707//1707 1706//1706 1536//1536
f 1707//1707 1546//1546 1706//1706
f 1708//1708 1707//1707 1536//1536
f 1708//1708 1546//1546 1707//1707
f 1709//1709 1544//1544 1545//1545
f 1709//1709 1541//1541 1544//1544
f 1709//1709 1708//1708 1536//1536
f 1709//1709 1536//1536 1538//1538
f 1709//1709 1546//1546 1708//1708
f 1709//1709 1538//1538 1541//1541
f 1710//1710 1548//1548 1546//1546
f 1710//1710 1550//1550 1548//1548
f 1711//1711 1565//1565 1556//1556
f 1711//1711 1557//1557 1712//1712
f 1711//1711 1556//1556 1557//1557
f 1711//1711 1713//1713 1448//1448
f 1711//1711 1712//1712 1713//1713
f 1711//1711 1448//1448 1446//1446
f 1711//1711 1446//1446 1447//1447
f 1714//1714 1711//1711 1447//1447
f 1714//1714 1565//1565 1711//1711
f 1714//1714 1447//1447 1450//1450
f 1715//1715 1452//1452 1444//1444
f 1715//1715 1444//1444 1558//1558
f 1716//1716 1565//1565 1714//1714
f 1716//1716 1714//1714 1450//1450
f 1717//1717 1715//1715 1558//1558
f 1718//1718 1561//1561 1562//1562
f 1718//1718 1558//1558 1559//1559
f 1718//1718 1717//1717 1558//1558
f 1718//1718 1559//1559 1560//1560
f 1718//1718 1560//1560 1561//1561
f 1718//1718 1562//1562 1563//1563
f 1718//1718 1563//1563 1564//1564
f 1719//1719 1716//1716 1450//1450
f 1719//1719 1565//1565 1716//1716
f 1720//1720 1451//1451 1721//1721
f 1720//1720 1450//1450 1451//1451
f 1720//1720 1722//1722 1378//1378
f 1720//1720 1565//1565 1719//1719
f 1720//1720 1721//1721 1723//1723
f 1720//1720 1723//1723 1724//1724
f 1720//1720 1724//1724 1725//1725
f 1720//1720 1725//1725 1722//1722
f 1720//1720 1719//1719 1450//1450
f 1726//1726 1565//1565 1720//1720
f 1726//1726 1378//1378 1571//1571
f 1726//1726 1720//1720 1378//1378
f 1727//1727 1728//1728 1568//1568
f 1727//1727 1571//1571 1728//1728
f 1727//1727 1566//1566 1729//1729
f 1727//1727 1568//1568 1566//1566
f 1727//1727 1729//1729 1730//1730
f 1727//1727 1726//1726 1571//1571
f 1731//1731 1568//1568 1728//1728
f 1731//1731 1728//1728 1571//1571
f 1731//1731 1567//1567 1568//1568
f 1731//1731 1732//1732 1567//1567
f 1733//1733 1731//1731 1571//1571
f 1733//1733 1571//1571 1570//1570
f 1733//1733 1732//1732 1731//1731
f 1734//1734 1736//1736 1735//1735
f 1734//1734 1735//1735 1737//1737
f 1734//1734 1738//1738 1569//1569
f 1734//1734 1739//1739 1736//1736
f 1734//1734 1740//1740 1738//1738
f 1734//1734 1737//1737 1740//1740
f 1734//1734 1569//1569 1741//1741
f 1734//1734 1742//1742 1739//1739
f 1734//1734 1744//1744 1743//1743
f 1734//1734 1743//1743 1742//1742
f 1745//1745 1744//1744 1734//1734
f 1746//1746 1744//1744 1745//1745
f 1747//1747 1744//1744 1746//1746
f 1748//1748 1744//1744 1747//1747
f 1749//1749 1744//1744 1748//1748
f 1750//1750 1749//1749 1570//1570
f 1750//1750 1744//1744 1749//1749
f 1751//1751 1750//1750 1570//1570
f 1751//1751 1744//1744 1750//1750
f 1752//1752 1751//1751 1570//1570
f 1752//1752 1744//1744 1751//1751
f 1753//1753 1744//1744 1752//1752
f 1753//1753 1570//1570 1309//1309
f 1753//1753 1305//1305 1304//1304
f 1753//1753 1306//1306 1305//1305
f 1753//1753 1307//1307 1306//1306
f 1753//1753 1308//1308 1307//1307
f 1753//1753 1309//1309 1308//1308
f 1753//1753 1752//1752 1570//1570
f 1754//1754 1575//1575 1576//1576
f 1754//1754 1454//1454 1296//1296
f 1754//1754 1459//1459 1454//1454
f 1754//1754 1576//1576 1459//1459
f 1754//1754 1461//1461 1462//1462
f 1754//1754 1463//1463 1461//1461
f 1754//1754 1465//1465 1575//1575
f 1754//1754 1464//1464 1465//1465
f 1754//1754 1462//1462 1464//1464
f 1754//1754 1466//1466 1463//1463
f 1754//1754 1295//1295 1294//1294
f 1754//1754 1296//1296 1295//1295
f 1754//1754 1294//1294 1572//1572
f 1755//1755 1754//1754 1572//1572
f 1755//1755 1577//1577 1581//1581
f 1755//1755 1572//1572 1573//1573
f 1755//1755 1466//1466 1754//1754
f 1755//1755 1573//1573 1577//1577
f 1756//1756 1579//1579 1289//1289
f 1756//1756 1582//1582 1579//1579
f 1756//1756 1285//1285 1284//1284
f 1756//1756 1286//1286 1285//1285
f 1756//1756 1287//1287 1286//1286
f 1756//1756 1288//1288 1287//1287
f 1756//1756 1289//1289 1288//1288
f 1757//1757 1466//1466 1755//1755
f 1757//1757 1755//1755 1581//1581
f 1757//1757 1460//1460 1466//1466
f 1758//1758 1581//1581 1582//1582
f 1758//1758 1582//1582 1756//1756
f 1758//1758 1756//1756 1284//1284
f 1759//1759 1583//1583 1380//1380
f 1759//1759 1380//1380 1580//1580
f 1760//1760 1759//1759 1580//1580
f 1761//1761 1381//1381 1762//1762
f 1761//1761 1758//1758 1284//1284
f 1761//1761 1284//1284 1381//1381
f 1763//1763 1585//1585 1586//1586
f 1763//1763 1583//1583 1759//1759
f 1763//1763 1584//1584 1585//1585
f 1763//1763 1586//1586 1583//1583
f 1764//1764 1763//1763 1765//1765
f 1764//1764 1765//1765 1766//1766
f 1767//1767 1769//1769 1768//1768
f 1767//1767 1762//1762 1769//1769
f 1770//1770 1769//1769 1771//1771
f 1770//1770 1773//1773 1772//1772
f 1770//1770 1771//1771 1773//1773
f 1770//1770 1768//1768 1769//1769
f 1770//1770 1467//1467 1774//1774
f 1770//1770 1774//1774 1775//1775
f 1770//1770 1775//1775 1776//1776
f 1770//1770 1772//1772 1777//1777
f 1770//1770 1776//1776 1778//1778
f 1770//1770 1778//1778 1768//1768
f 1779//1779 1770//1770 1777//1777
f 1780//1780 1381//1381 1781//1781
f 1780//1780 1762//1762 1381//1381
f 1780//1780 1771//1771 1769//1769
f 1780//1780 1772//1772 1773//1773
f 1780//1780 1773//1773 1771//1771
f 1780//1780 1782//1782 1474//1474
f 1780//1780 1474//1474 1468//1468
f 1780//1780 1783//1783 1782//1782
f 1780//1780 1784//1784 1783//1783
f 1780//1780 1769//1769 1762//1762
f 1780//1780 1781//1781 1784//1784
f 1785//1785 1476//1476 1479//1479
f 1785//1785 1486//1486 1600//1600
f 1785//1785 1475//1475 1476//1476
f 1785//1785 1480//1480 1475//1475
f 1785//1785 1481//1481 1482//1482
f 1785//1785 1479//1479 1485//1485
f 1785//1785 1485//1485 1486//1486
f 1785//1785 1482//1482 1480//1480
f 1785//1785 1600//1600 1601//1601
f 1786//1786 1483//1483 1481//1481
f 1786//1786 1484//1484 1483//1483
f 1786//1786 1587//1587 1594//1594
f 1786//1786 1594//1594 1487//1487
f 1786//1786 1487//1487 1484//1484
f 1786//1786 1481//1481 1785//1785
f 1787//1787 1781//1781 1381//1381
f 1787//1787 1593//1593 1470//1470
f 1787//1787 1595//1595 1593//1593
f 1787//1787 1596//1596 1595//1595
f 1787//1787 1597//1597 1596//1596
f 1787//1787 1470//1470 1471//1471
f 1787//1787 1471//1471 1472//1472
f 1787//1787 1474//1474 1782//1782
f 1787//1787 1472//1472 1473//1473
f 1787//1787 1473//1473 1474//1474
f 1787//1787 1782//1782 1783//1783
f 1787//1787 1783//1783 1784//1784
f 1787//1787 1784//1784 1781//1781
f 1788//1788 1597//1597 1787//1787
f 1788//1788 1787//1787 1381//1381
f 1788//1788 1594//1594 1598//1598
f 1788//1788 1598//1598 1597//1597
f 1788//1788 1604//1604 1594//1594
f 1788//1788 1381//1381 1604//1604
f 1789//1789 1478//1478 1604//1604
f 1789//1789 1603//1603 1478//1478
f 1790//1790 1383//1383 1603//1603
f 1790//1790 1603//1603 1789//1789
f 1791//1791 1793//1793 1792//1792
f 1791//1791 1794//1794 1793//1793
f 1791//1791 1792//1792 1605//1605
f 1791//1791 1795//1795 1794//1794
f 1796//1796 1795//1795 1791//1791
f 1797//1797 1795//1795 1796//1796
f 1798//1798 1795//1795 1797//1797
f 1799//1799 1795//1795 1798//1798
f 1800//1800 1802//1802 1801//1801
f 1800//1800 1801//1801 1803//1803
f 1800//1800 1805//1805 1804//1804
f 1800//1800 1807//1807 1806//1806
f 1800//1800 1808//1808 1807//1807
f 1800//1800 1606//1606 1805//1805
f 1800//1800 1804//1804 1808//1808
f 1800//1800 1806//1806 1802//1802
f 1800//1800 1809//1809 1271//1271
f 1800//1800 1803//1803 1810//1810
f 1800//1800 1810//1810 1811//1811
f 1800//1800 1811//1811 1812//1812
f 1800//1800 1812//1812 1813//1813
f 1814//1814 1800//1800 1813//1813
f 1814//1814 1809//1809 1800//1800
f 1815//1815 1814//1814 1813//1813
f 1815//1815 1809//1809 1814//1814
f 1816//1816 1815//1815 1813//1813
f 1816//1816 1809//1809 1815//1815
f 1817//1817 1809//1809 1816//1816
f 1817//1817 1816//1816 1813//1813
f 1818//1818 1809//1809 1817//1817
f 1818//1818 1817//1817 1813//1813
f 1819//1819 1809//1809 1818//1818
f 1820//1820 1604//1604 1381//1381
f 1820//1820 1381//1381 1283//1283
f 1821//1821 1822//1822 1809//1809
f 1821//1821 1824//1824 1823//1823
f 1821//1821 1823//1823 1822//1822
f 1821//1821 1809//1809 1819//1819
f 1821//1821 1826//1826 1825//1825
f 1821//1821 1825//1825 1824//1824
f 1827//1827 1607//1607 1606//1606
f 1827//1827 1271//1271 1270//1270
f 1827//1827 1606//1606 1800//1800
f 1827//1827 1800//1800 1271//1271
f 1828//1828 1820//1820 1283//1283
f 1828//1828 1826//1826 1820//1820
f 1828//1828 1282//1282 1281//1281
f 1828//1828 1283//1283 1282//1282
f 1829//1829 1489//1489 1607//1607
f 1829//1829 1827//1827 1270//1270
f 1829//1829 1607//1607 1827//1827
f 1829//1829 1270//1270 1489//1489
f 1830//1830 1173//1173 1174//1174
f 1830//1830 1174//1174 1175//1175
f 1831//1831 1179//1179 1180//1180
f 1831//1831 1180//1180 1181//1181
f 1831//1831 1181//1181 1182//1182
f 1831//1831 1182//1182 1183//1183
f 1831//1831 1183//1183 233//233
f 1832//1832 1833//1833 1624//1624
f 1832//1832 1834//1834 1833//1833
f 1832//1832 1835//1835 1834//1834
f 1832//1832 1836//1836 1835//1835
f 1832//1832 1837//1837 1836//1836
f 1832//1832 1838//1838 1837//1837
f 1832//1832 1839//1839 1838//1838
f 1832//1832 1840//1840 1839//1839
f 1832//1832 1841//1841 1840//1840
f 1842//1842 1841//1841 1832//1832
f 1843//1843 1841//1841 1842//1842
f 1843//1843 1844//1844 1841//1841
f 1845//1845 1844//1844 1843//1843
f 1846//1846 1847//1847 1844//1844
f 1846//1846 1844//1844 1845//1845
f 1848//1848 1850//1850 1849//1849
f 1848//1848 1849//1849 1851//1851
f 1848//1848 1851//1851 1852//1852
f 1848//1848 1846//1846 1850//1850
f 1848//1848 1852//1852 1853//1853
f 1848//1848 1847//1847 1846//1846
f 1848//1848 1853//1853 1854//1854
f 1855//1855 1831//1831 233//233
f 1855//1855 1854//1854 1831//1831
f 1855//1855 1364//1364 1635//1635
f 1855//1855 1848//1848 1854//1854
f 1855//1855 233//233 1364//1364
f 1856//1856 1626//1626 1625//1625
f 1856//1856 1628//1628 1627//1627
f 1856//1856 1627//1627 1626//1626
f 1857//1857 1859//1859 1858//1858
f 1857//1857 1860//1860 1859//1859
f 1857//1857 1862//1862 1861//1861
f 1857//1857 1861//1861 1863//1863
f 1857//1857 1635//1635 1636//1636
f 1857//1857 1636//1636 1862//1862
f 1857//1857 1863//1863 1860//1860
f 1857//1857 1633//1633 1628//1628
f 1857//1857 1858//1858 1633//1633
f 1864//1864 1858//1858 1859//1859
f 1864//1864 1859//1859 1860//1860
f 1864//1864 1629//1629 1630//1630
f 1864//1864 1860//1860 1863//1863
f 1864//1864 1503//1503 1629//1629
f 1864//1864 1630//1630 1631//1631
f 1864//1864 1631//1631 1632//1632
f 1864//1864 1632//1632 1633//1633
f 1864//1864 1633//1633 1858//1858
f 1865//1865 1863//1863 1861//1861
f 1865//1865 1864//1864 1863//1863
f 1865//1865 1866//1866 1864//1864
f 1867//1867 1869//1869 1868//1868
f 1867//1867 1634//1634 1870//1870
f 1867//1867 1868//1868 1866//1866
f 1867//1867 1861//1861 1862//1862
f 1867//1867 1862//1862 1636//1636
f 1867//1867 1866//1866 1865//1865
f 1867//1867 1872//1872 1871//1871
f 1867//1867 1636//1636 1634//1634
f 1867//1867 1870//1870 1872//1872
f 1867//1867 1871//1871 1869//1869
f 1867//1867 1865//1865 1861//1861
f 1873//1873 1413//1413 1414//1414
f 1873//1873 1415//1415 1416//1416
f 1873//1873 1425//1425 1423//1423
f 1873//1873 1505//1505 1362//1362
f 1873//1873 1503//1503 1864//1864
f 1873//1873 1417//1417 1413//1413
f 1873//1873 1421//1421 1415//1415
f 1873//1873 1418//1418 1419//1419
f 1873//1873 1427//1427 1425//1425
f 1873//1873 1362//1362 1363//1363
f 1873//1873 1416//1416 1418//1418
f 1873//1873 1363//1363 1503//1503
f 1873//1873 1414//1414 1505//1505
f 1873//1873 1419//1419 1417//1417
f 1873//1873 1423//1423 1421//1421
f 1874//1874 1427//1427 1873//1873
f 1875//1875 1427//1427 1874//1874
f 1876//1876 1427//1427 1875//1875
f 1877//1877 1509//1509 1512//1512
f 1877//1877 1637//1637 1644//1644
f 1877//1877 1512//1512 1514//1514
f 1877//1877 1514//1514 1515//1515
f 1877//1877 1516//1516 1518//1518
f 1877//1877 1515//1515 1516//1516
f 1877//1877 1436//1436 1509//1509
f 1877//1877 1518//1518 1519//1519
f 1877//1877 1519//1519 1637//1637
f 1878//1878 1877//1877 1644//1644
f 1878//1878 1879//1879 1877//1877
f 1880//1880 1647//1647 1523//1523
f 1880//1880 1645//1645 1647//1647
f 1880//1880 1523//1523 1643//1643
f 1880//1880 1643//1643 1879//1879
f 1881//1881 1524//1524 1648//1648
f 1881//1881 1882//1882 1522//1522
f 1881//1881 1648//1648 1882//1882
f 1881//1881 1522//1522 1524//1524
f 1883//1883 1522//1522 1882//1882
f 1883//1883 1365//1365 1522//1522
f 1884//1884 1882//1882 1648//1648
f 1884//1884 1648//1648 1646//1646
f 1885//1885 1887//1887 1886//1886
f 1885//1885 1886//1886 1883//1883
f 1885//1885 1646//1646 1887//1887
f 1888//1888 1365//1365 1883//1883
f 1888//1888 1883//1883 1886//1886
f 1888//1888 1886//1886 1887//1887
f 1888//1888 1527//1527 1525//1525
f 1888//1888 1528//1528 1527//1527
f 1888//1888 1889//1889 1528//1528
f 1888//1888 1890//1890 1889//1889
f 1888//1888 1525//1525 1365//1365
f 1891//1891 1646//1646 1649//1649
f 1891//1891 1887//1887 1646//1646
f 1892//1892 1666//1666 1665//1665
f 1893//1893 1666//1666 1892//1892
f 1894//1894 1661//1661 1657//1657
f 1894//1894 1649//1649 1669//1669
f 1894//1894 1669//1669 1661//1661
f 1894//1894 1893//1893 1649//1649
f 1895//1895 1658//1658 1659//1659
f 1895//1895 1660//1660 1669//1669
f 1895//1895 1356//1356 1355//1355
f 1895//1895 1357//1357 1356//1356
f 1895//1895 1358//1358 1357//1357
f 1895//1895 1355//1355 1668//1668
f 1895//1895 1669//1669 1358//1358
f 1895//1895 1659//1659 1660//1660
f 1895//1895 1667//1667 1658//1658
f 1896//1896 1342//1342 1341//1341
f 1896//1896 1343//1343 1342//1342
f 1896//1896 1344//1344 1343//1343
f 1896//1896 1345//1345 1344//1344
f 1896//1896 1346//1346 1345//1345
f 1896//1896 1347//1347 1346//1346
f 1896//1896 1348//1348 1347//1347
f 1896//1896 1341//1341 1671//1671
f 1896//1896 1671//1671 1897//1897
f 1898//1898 1896//1896 1897//1897
f 1898//1898 1532//1532 1348//1348
f 1898//1898 1678//1678 1676//1676
f 1898//1898 1681//1681 1682//1682
f 1898//1898 1683//1683 1681//1681
f 1898//1898 1680//1680 1683//1683
f 1898//1898 1676//1676 1532//1532
f 1898//1898 1348//1348 1896//1896
f 1898//1898 1684//1684 1678//1678
f 1898//1898 1682//1682 1685//1685
f 1898//1898 1685//1685 1684//1684
f 1899//1899 1679//1679 1680//1680
f 1899//1899 1680//1680 1898//1898
f 1899//1899 1898//1898 1897//1897
f 1900//1900 1672//1672 1679//1679
f 1900//1900 1679//1679 1899//1899
f 1900//1900 1897//1897 1671//1671
f 1900//1900 1671//1671 1670//1670
f 1900//1900 1670//1670 1672//1672
f 1900//1900 1899//1899 1897//1897
f 1901//1901 1677//1677 1679//1679
f 1901//1901 1679//1679 1686//1686
f 1902//1902 1686//1686 1689//1689
f 1902//1902 1689//1689 1687//1687
f 1903//1903 1688//1688 1689//1689
f 1903//1903 1689//1689 1697//1697
f 1904//1904 1691//1691 1690//1690
f 1905//1905 1697//1697 1703//1703
f 1905//1905 1696//1696 1691//1691
f 1905//1905 1906//1906 1696//1696
f 1905//1905 1691//1691 1904//1904
f 1905//1905 1907//1907 1906//1906
f 1905//1905 1703//1703 1907//1907
f 1908//1908 1692//1692 1693//1693
f 1908//1908 1694//1694 1695//1695
f 1908//1908 1695//1695 1692//1692
f 1908//1908 1696//1696 1906//1906
f 1908//1908 1693//1693 1696//1696
f 1908//1908 1533//1533 1694//1694
f 1908//1908 1698//1698 1366//1366
f 1908//1908 1906//1906 1907//1907
f 1908//1908 1366//1366 1533//1533
f 1909//1909 1701//1701 1700//1700
f 1909//1909 1703//1703 1702//1702
f 1909//1909 1702//1702 1701//1701
f 1909//1909 1908//1908 1907//1907
f 1909//1909 1907//1907 1703//1703
f 1909//1909 1699//1699 1698//1698
f 1909//1909 1698//1698 1908//1908
f 1909//1909 1700//1700 1699//1699
f 1910//1910 1318//1318 1317//1317
f 1910//1910 1319//1319 1318//1318
f 1910//1910 1320//1320 1319//1319
f 1910//1910 1321//1321 1320//1320
f 1910//1910 1322//1322 1321//1321
f 1910//1910 1704//1704 1547//1547
f 1910//1910 1547//1547 1322//1322
f 1911//1911 1314//1314 1313//1313
f 1911//1911 1315//1315 1314//1314
f 1912//1912 1911//1911 1313//1313
f 1912//1912 1704//1704 1911//1911
f 1913//1913 1543//1543 1704//1704
f 1913//1913 1912//1912 1313//1313
f 1913//1913 1310//1310 1543//1543
f 1913//1913 1704//1704 1912//1912
f 1913//1913 1311//1311 1310//1310
f 1913//1913 1312//1312 1311//1311
f 1913//1913 1313//1313 1312//1312
f 1914//1914 1709//1709 1545//1545
f 1914//1914 1915//1915 1710//1710
f 1914//1914 1917//1917 1916//1916
f 1914//1914 1545//1545 1378//1378
f 1914//1914 1918//1918 1915//1915
f 1914//1914 1916//1916 1918//1918
f 1919//1919 1550//1550 1710//1710
f 1919//1919 1914//1914 1378//1378
f 1919//1919 1557//1557 1550//1550
f 1919//1919 1712//1712 1557//1557
f 1919//1919 1449//1449 1445//1445
f 1919//1919 1721//1721 1451//1451
f 1919//1919 1917//1917 1914//1914
f 1919//1919 1710//1710 1915//1915
f 1919//1919 1916//1916 1917//1917
f 1919//1919 1448//1448 1713//1713
f 1919//1919 1915//1915 1918//1918
f 1919//1919 1378//1378 1722//1722
f 1919//1919 1723//1723 1721//1721
f 1919//1919 1713//1713 1712//1712
f 1919//1919 1724//1724 1723//1723
f 1919//1919 1451//1451 1449//1449
f 1919//1919 1445//1445 1448//1448
f 1919//1919 1725//1725 1724//1724
f 1919//1919 1918//1918 1916//1916
f 1919//1919 1722//1722 1725//1725
f 1920//1920 1715//1715 1717//1717
f 1920//1920 1452//1452 1715//1715
f 1920//1920 1717//1717 1718//1718
f 1921//1921 1564//1564 1565//1565
f 1921//1921 1565//1565 1726//1726
f 1921//1921 1718//1718 1564//1564
f 1921//1921 1920//1920 1718//1718
f 1922//1922 1729//1729 1566//1566
f 1922//1922 1730//1730 1729//1729
f 1923//1923 1730//1730 1922//1922
f 1923//1923 1727//1727 1730//1730
f 1923//1923 1726//1726 1727//1727
f 1924//1924 1732//1732 1733//1733
f 1924//1924 1567//1567 1732//1732
f 1924//1924 1733//1733 1741//1741
f 1924//1924 1453//1453 1567//1567
f 1925//1925 1453//1453 1924//1924
f 1925//1925 1924//1924 1741//1741
f 1925//1925 1569//1569 1453//1453
f 1925//1925 1741//1741 1569//1569
f 1926//1926 1733//1733 1570//1570
f 1926//1926 1741//1741 1733//1733
f 1926//1926 1734//1734 1741//1741
f 1926//1926 1745//1745 1734//1734
f 1926//1926 1746//1746 1745//1745
f 1926//1926 1747//1747 1746//1746
f 1926//1926 1748//1748 1747//1747
f 1926//1926 1570//1570 1749//1749
f 1926//1926 1749//1749 1748//1748
f 1927//1927 1735//1735 1736//1736
f 1927//1927 1297//1297 1569//1569
f 1927//1927 1737//1737 1735//1735
f 1927//1927 1569//1569 1738//1738
f 1927//1927 1736//1736 1739//1739
f 1927//1927 1738//1738 1740//1740
f 1927//1927 1740//1740 1737//1737
f 1927//1927 1739//1739 1742//1742
f 1927//1927 1742//1742 1743//1743
f 1928//1928 1927//1927 1743//1743
f 1928//1928 1929//1929 1927//1927
f 1928//1928 1743//1743 1744//1744
f 1930//1930 1928//1928 1744//1744
f 1930//1930 1929//1929 1928//1928
f 1931//1931 1932//1932 1929//1929
f 1931//1931 1744//1744 1753//1753
f 1931//1931 1933//1933 1932//1932
f 1931//1931 1753//1753 1933//1933
f 1931//1931 1930//1930 1744//1744
f 1931//1931 1929//1929 1930//1930
f 1934//1934 1927//1927 1929//1929
f 1934//1934 1297//1297 1927//1927
f 1934//1934 1298//1298 1297//1297
f 1934//1934 1299//1299 1298//1298
f 1934//1934 1300//1300 1299//1299
f 1935//1935 1929//1929 1932//1932
f 1935//1935 1932//1932 1933//1933
f 1935//1935 1753//1753 1304//1304
f 1935//1935 1933//1933 1753//1753
f 1935//1935 1300//1300 1934//1934
f 1935//1935 1934//1934 1929//1929
f 1935//1935 1301//1301 1300//1300
f 1935//1935 1302//1302 1301//1301
f 1935//1935 1303//1303 1302//1302
f 1935//1935 1304//1304 1303//1303
f 1936//1936 1460//1460 1757//1757
f 1937//1937 1936//1936 1757//1757
f 1937//1937 1758//1758 1761//1761
f 1937//1937 1761//1761 1936//1936
f 1937//1937 1757//1757 1581//1581
f 1937//1937 1581//1581 1758//1758
f 1938//1938 1761//1761 1762//1762
f 1938//1938 1936//1936 1761//1761
f 1939//1939 1938//1938 1762//1762
f 1939//1939 1759//1759 1760//1760
f 1939//1939 1763//1763 1759//1759
f 1939//1939 1760//1760 1938//1938
f 1940//1940 1939//1939 1762//1762
f 1940//1940 1765//1765 1763//1763
f 1940//1940 1763//1763 1939//1939
f 1940//1940 1766//1766 1765//1765
f 1940//1940 1764//1764 1766//1766
f 1941//1941 1940//1940 1762//1762
f 1942//1942 1941//1941 1762//1762
f 1943//1943 1767//1767 1764//1764
f 1943//1943 1762//1762 1767//1767
f 1943//1943 1764//1764 1940//1940
f 1943//1943 1940//1940 1941//1941
f 1943//1943 1942//1942 1762//1762
f 1943//1943 1941//1941 1942//1942
f 1944//1944 1583//1583 1584//1584
f 1944//1944 1764//1764 1767//1767
f 1944//1944 1584//1584 1763//1763
f 1944//1944 1763//1763 1764//1764
f 1945//1945 1467//1467 1583//1583
f 1945//1945 1583//1583 1944//1944
f 1945//1945 1774//1774 1467//1467
f 1945//1945 1944//1944 1767//1767
f 1946//1946 1774//1774 1945//1945
f 1946//1946 1945//1945 1767//1767
f 1946//1946 1775//1775 1774//1774
f 1946//1946 1776//1776 1775//1775
f 1946//1946 1767//1767 1768//1768
f 1946//1946 1778//1778 1776//1776
f 1946//1946 1768//1768 1778//1778
f 1947//1947 1468//1468 1469//1469
f 1947//1947 1780//1780 1468//1468
f 1947//1947 1588//1588 1589//1589
f 1947//1947 1948//1948 1779//1779
f 1947//1947 1779//1779 1777//1777
f 1947//1947 1590//1590 1948//1948
f 1947//1947 1589//1589 1590//1590
f 1947//1947 1469//1469 1588//1588
f 1947//1947 1772//1772 1780//1780
f 1947//1947 1777//1777 1772//1772
f 1949//1949 1467//1467 1770//1770
f 1949//1949 1599//1599 1382//1382
f 1949//1949 1770//1770 1779//1779
f 1949//1949 1785//1785 1601//1601
f 1949//1949 1601//1601 1602//1602
f 1949//1949 1602//1602 1599//1599
f 1949//1949 1382//1382 1467//1467
f 1950//1950 1383//1383 1790//1790
f 1950//1950 1605//1605 1383//1383
f 1950//1950 1791//1791 1605//1605
f 1951//1951 1790//1790 1789//1789
f 1951//1951 1789//1789 1604//1604
f 1951//1951 1950//1950 1790//1790
f 1951//1951 1796//1796 1791//1791
f 1951//1951 1797//1797 1796//1796
f 1951//1951 1791//1791 1950//1950
f 1951//1951 1798//1798 1797//1797
f 1951//1951 1604//1604 1799//1799
f 1951//1951 1799//1799 1798//1798
f 1952//1952 1604//1604 1820//1820
f 1952//1952 1799//1799 1604//1604
f 1953//1953 1819//1819 1818//1818
f 1953//1953 1818//1818 1813//1813
f 1954//1954 1821//1821 1819//1819
f 1954//1954 1826//1826 1821//1821
f 1954//1954 1820//1820 1826//1826
f 1954//1954 1819//1819 1953//1953
f 1954//1954 1953//1953 1820//1820
f 1955//1955 1809//1809 1822//1822
f 1955//1955 1823//1823 1824//1824
f 1955//1955 1822//1822 1823//1823
f 1955//1955 1826//1826 1828//1828
f 1955//1955 1825//1825 1826//1826
f 1955//1955 1824//1824 1825//1825
f 1956//1956 1809//1809 1955//1955
f 1956//1956 1272//1272 1271//1271
f 1956//1956 1273//1273 1272//1272
f 1956//1956 1274//1274 1273//1273
f 1956//1956 1275//1275 1274//1274
f 1956//1956 1271//1271 1809//1809
f 1957//1957 1276//1276 1275//1275
f 1957//1957 1275//1275 1956//1956
f 1958//1958 1276//1276 1957//1957
f 1959//1959 1276//1276 1958//1958
f 1959//1959 1277//1277 1276//1276
f 1960//1960 1277//1277 1959//1959
f 1960//1960 1828//1828 1281//1281
f 1960//1960 1278//1278 1277//1277
f 1960//1960 1279//1279 1278//1278
f 1960//1960 1280//1280 1279//1279
f 1960//1960 1281//1281 1280//1280
f 1961//1961 1167//1167 1168//1168
f 1961//1961 1168//1168 1169//1169
f 1961//1961 1169//1169 1170//1170
f 1961//1961 1170//1170 1171//1171
f 1961//1961 1171//1171 1172//1172
f 1961//1961 1172//1172 1173//1173
f 1961//1961 1173//1173 1830//1830
f 1962//1962 1166//1166 1167//1167
f 1962//1962 1961//1961 1830//1830
f 1962//1962 1618//1618 1166//1166
f 1962//1962 1963//1963 1618//1618
f 1962//1962 1167//1167 1961//1961
f 1964//1964 1175//1175 1176//1176
f 1964//1964 1176//1176 1177//1177
f 1964//1964 1177//1177 1178//1178
f 1964//1964 1178//1178 1179//1179
f 1964//1964 1850//1850 1830//1830
f 1964//1964 1831//1831 1854//1854
f 1964//1964 1849//1849 1850//1850
f 1964//1964 1851//1851 1849//1849
f 1964//1964 1179//1179 1831//1831
f 1964//1964 1852//1852 1851//1851
f 1964//1964 1853//1853 1852//1852
f 1964//1964 1854//1854 1853//1853
f 1964//1964 1830//1830 1175//1175
f 1965//1965 1618//1618 1963//1963
f 1965//1965 1832//1832 1624//1624
f 1965//1965 1624//1624 1618//1618
f 1966//1966 1963//1963 1962//1962
f 1966//1966 1832//1832 1965//1965
f 1966//1966 1965//1965 1963//1963
f 1966//1966 1830//1830 1850//1850
f 1966//1966 1845//1845 1843//1843
f 1966//1966 1842//1842 1832//1832
f 1966//1966 1843//1843 1842//1842
f 1966//1966 1962//1962 1830//1830
f 1966//1966 1846//1846 1845//1845
f 1966//1966 1850//1850 1846//1846
f 1967//1967 1968//1968 1847//1847
f 1969//1969 1967//1967 1847//1847
f 1970//1970 1969//1969 1847//1847
f 1971//1971 1970//1970 1847//1847
f 1971//1971 1847//1847 1848//1848
f 1971//1971 1848//1848 1855//1855
f 1972//1972 1855//1855 1635//1635
f 1972//1972 1635//1635 1973//1973
f 1974//1974 1973//1973 1856//1856
f 1975//1975 1620//1620 1621//1621
f 1975//1975 1622//1622 1620//1620
f 1975//1975 1411//1411 1623//1623
f 1975//1975 1856//1856 1625//1625
f 1975//1975 1623//1623 1622//1622
f 1975//1975 1625//1625 1411//1411
f 1975//1975 1621//1621 1976//1976
f 1977//1977 1856//1856 1975//1975
f 1977//1977 1974//1974 1856//1856
f 1977//1977 1975//1975 1976//1976
f 1977//1977 1976//1976 1974//1974
f 1978//1978 1973//1973 1635//1635
f 1978//1978 1856//1856 1973//1973
f 1978//1978 1857//1857 1628//1628
f 1978//1978 1628//1628 1856//1856
f 1978//1978 1635//1635 1857//1857
f 1979//1979 1981//1981 1980//1980
f 1979//1979 1982//1982 1981//1981
f 1979//1979 1868//1868 1869//1869
f 1979//1979 1984//1984 1983//1983
f 1979//1979 1870//1870 1634//1634
f 1979//1979 1866//1866 1868//1868
f 1979//1979 1985//1985 1982//1982
f 1979//1979 1874//1874 1873//1873
f 1979//1979 1875//1875 1874//1874
f 1979//1979 1986//1986 1876//1876
f 1979//1979 1876//1876 1875//1875
f 1979//1979 1864//1864 1866//1866
f 1979//1979 1980//1980 1987//1987
f 1979//1979 1873//1873 1864//1864
f 1979//1979 1871//1871 1872//1872
f 1979//1979 1987//1987 1986//1986
f 1979//1979 1988//1988 1985//1985
f 1979//1979 1872//1872 1870//1870
f 1979//1979 1983//1983 1988//1988
f 1979//1979 1869//1869 1871//1871
f 1989//1989 1980//1980 1981//1981
f 1989//1989 1981//1981 1982//1982
f 1989//1989 1983//1983 1984//1984
f 1989//1989 1427//1427 1876//1876
f 1989//1989 1982//1982 1985//1985
f 1989//1989 1434//1434 1427//1427
f 1989//1989 1510//1510 1511//1511
f 1989//1989 1876//1876 1986//1986
f 1989//1989 1511//1511 1434//1434
f 1989//1989 1987//1987 1980//1980
f 1989//1989 1986//1986 1987//1987
f 1989//1989 1985//1985 1988//1988
f 1989//1989 1988//1988 1983//1983
f 1990//1990 1989//1989 1984//1984
f 1990//1990 1513//1513 1510//1510
f 1990//1990 1510//1510 1989//1989
f 1991//1991 1990//1990 1984//1984
f 1991//1991 1513//1513 1990//1990
f 1992//1992 1513//1513 1991//1991
f 1992//1992 1991//1991 1984//1984
f 1993//1993 1517//1517 1513//1513
f 1993//1993 1513//1513 1992//1992
f 1993//1993 1992//1992 1984//1984
f 1994//1994 1993//1993 1984//1984
f 1994//1994 1517//1517 1993//1993
f 1995//1995 1517//1517 1994//1994
f 1995//1995 1994//1994 1984//1984
f 1995//1995 1984//1984 1979//1979
f 1995//1995 1979//1979 1634//1634
f 1996//1996 1435//1435 1436//1436
f 1996//1996 1428//1428 1429//1429
f 1996//1996 1430//1430 1431//1431
f 1996//1996 1432//1432 1433//1433
f 1996//1996 1429//1429 1430//1430
f 1996//1996 1508//1508 1426//1426
f 1996//1996 1433//1433 1435//1435
f 1996//1996 1643//1643 1508//1508
f 1996//1996 1436//1436 1877//1877
f 1996//1996 1877//1877 1879//1879
f 1996//1996 1879//1879 1643//1643
f 1996//1996 1426//1426 1428//1428
f 1996//1996 1431//1431 1432//1432
f 1997//1997 1645//1645 1880//1880
f 1997//1997 1878//1878 1644//1644
f 1997//1997 1880//1880 1879//1879
f 1997//1997 1644//1644 1645//1645
f 1997//1997 1879//1879 1878//1878
f 1998//1998 1883//1883 1882//1882
f 1998//1998 1882//1882 1884//1884
f 1998//1998 1885//1885 1883//1883
f 1999//1999 1887//1887 1891//1891
f 1999//1999 1890//1890 1888//1888
f 1999//1999 1888//1888 1887//1887
f 1999//1999 1891//1891 1892//1892
f 2000//2000 1890//1890 1999//1999
f 2000//2000 1999//1999 1892//1892
f 2000//2000 1892//1892 1665//1665
f 2000//2000 1651//1651 1526//1526
f 2000//2000 1526//1526 1528//1528
f 2000//2000 1528//1528 1889//1889
f 2000//2000 1652//1652 1651//1651
f 2000//2000 1889//1889 1890//1890
f 2000//2000 1653//1653 1652//1652
f 2000//2000 1662//1662 1653//1653
f 2000//2000 1663//1663 1662//1662
f 2000//2000 1664//1664 1663//1663
f 2000//2000 1665//1665 1664//1664
f 2001//2001 1891//1891 1649//1649
f 2001//2001 1893//1893 1892//1892
f 2001//2001 1649//1649 1893//1893
f 2001//2001 1892//1892 1891//1891
f 2002//2002 1666//1666 1893//1893
f 2002//2002 1893//1893 1894//1894
f 2002//2002 1657//1657 1666//1666
f 2002//2002 1894//1894 1657//1657
f 2003//2003 1668//1668 1655//1655
f 2003//2003 1895//1895 1668//1668
f 2003//2003 1667//1667 1895//1895
f 2003//2003 1655//1655 1656//1656
f 2003//2003 1656//1656 1667//1667
f 2004//2004 1675//1675 1677//1677
f 2004//2004 1673//1673 1674//1674
f 2004//2004 1442//1442 1673//1673
f 2004//2004 1674//1674 1675//1675
f 2004//2004 1901//1901 2005//2005
f 2004//2004 2005//2005 1442//1442
f 2004//2004 1677//1677 1901//1901
f 2006//2006 1687//1687 1442//1442
f 2006//2006 1442//1442 2005//2005
f 2006//2006 1902//1902 1687//1687
f 2007//2007 2006//2006 2005//2005
f 2007//2007 1902//1902 2006//2006
f 2007//2007 1901//1901 1686//1686
f 2007//2007 2005//2005 1901//1901
f 2007//2007 1686//1686 1902//1902
f 2008//2008 1690//1690 1443//1443
f 2008//2008 1904//1904 1690//1690
f 2008//2008 1443//1443 1688//1688
f 2008//2008 1903//1903 1904//1904
f 2008//2008 1688//1688 1903//1903
f 2009//2009 1697//1697 1905//1905
f 2009//2009 1903//1903 1697//1697
f 2009//2009 1904//1904 1903//1903
f 2009//2009 1905//1905 1904//1904
f 2010//2010 1704//1704 1910//1910
f 2010//2010 1910//1910 1317//1317
f 2010//2010 1315//1315 1911//1911
f 2010//2010 1911//1911 1704//1704
f 2010//2010 1316//1316 1315//1315
f 2010//2010 1317//1317 1316//1316
f 2011//2011 1546//1546 1709//1709
f 2011//2011 1710//1710 1546//1546
f 2011//2011 1709//1709 1914//1914
f 2011//2011 1914//1914 1710//1710
f 2012//2012 1566//1566 1452//1452
f 2012//2012 1922//1922 1566//1566
f 2012//2012 1452//1452 1920//1920
f 2013//2013 1580//1580 1574//1574
f 2013//2013 1460//1460 1936//1936
f 2013//2013 1574//1574 1460//1460
f 2014//2014 2013//2013 1936//1936
f 2014//2014 1580//1580 2013//2013
f 2014//2014 1938//1938 1760//1760
f 2014//2014 1936//1936 1938//1938
f 2014//2014 1760//1760 1580//1580
f 2015//2015 1590//1590 1587//1587
f 2015//2015 1785//1785 1949//1949
f 2015//2015 1786//1786 1785//1785
f 2015//2015 1779//1779 1948//1948
f 2015//2015 1948//1948 1590//1590
f 2015//2015 1587//1587 1786//1786
f 2015//2015 1949//1949 1779//1779
f 2016//2016 1795//1795 1799//1799
f 2016//2016 1799//1799 1952//1952
f 2016//2016 1952//1952 2017//2017
f 2018//2018 1804//1804 1805//1805
f 2018//2018 1806//1806 1807//1807
f 2018//2018 2016//2016 2017//2017
f 2018//2018 1807//1807 1808//1808
f 2018//2018 1805//1805 1606//1606
f 2018//2018 1808//1808 1804//1804
f 2018//2018 1802//1802 1806//1806
f 2018//2018 1792//1792 1793//1793
f 2018//2018 1606//1606 1605//1605
f 2018//2018 1793//1793 1794//1794
f 2018//2018 1605//1605 1792//1792
f 2018//2018 1795//1795 2016//2016
f 2018//2018 1794//1794 1795//1795
f 2019//2019 1801//1801 1802//1802
f 2019//2019 1803//1803 1801//1801
f 2019//2019 2018//2018 2017//2017
f 2019//2019 1802//1802 2018//2018
f 2020//2020 1952//1952 1820//1820
f 2020//2020 2017//2017 1952//1952
f 2020//2020 1953//1953 1813//1813
f 2020//2020 1820//1820 1953//1953
f 2021//2021 1957//1957 1956//1956
f 2021//2021 1958//1958 1957//1957
f 2021//2021 1956//1956 1955//1955
f 2021//2021 1955//1955 1828//1828
f 2021//2021 1959//1959 1958//1958
f 2021//2021 1960//1960 1959//1959
f 2021//2021 1828//1828 1960//1960
f 2022//2022 1835//1835 1836//1836
f 2022//2022 1836//1836 1837//1837
f 2022//2022 1837//1837 1838//1838
f 2022//2022 1838//1838 1839//1839
f 2022//2022 1839//1839 1840//1840
f 2022//2022 1840//1840 1841//1841
f 2022//2022 1841//1841 1844//1844
f 2023//2023 2022//2022 1844//1844
f 2023//2023 1847//1847 1968//1968
f 2023//2023 1844//1844 1847//1847
f 2024//2024 1624//1624 1833//1833
f 2024//2024 1619//1619 1624//1624
f 2024//2024 1833//1833 1834//1834
f 2024//2024 1834//1834 1835//1835
f 2024//2024 1835//1835 2022//2022
f 2025//2025 2022//2022 2023//2023
f 2025//2025 2023//2023 1968//1968
f 2025//2025 2024//2024 2022//2022
f 2026//2026 2028//2028 2027//2027
f 2026//2026 2029//2029 1619//1619
f 2026//2026 2030//2030 2029//2029
f 2026//2026 1619//1619 2024//2024
f 2026//2026 2027//2027 2030//2030
f 2031//2031 2026//2026 2032//2032
f 2033//2033 2031//2031 2032//2032
f 2034//2034 2033//2033 2032//2032
f 2035//2035 1972//1972 2032//2032
f 2035//2035 1855//1855 1972//1972
f 2036//2036 2027//2027 2028//2028
f 2036//2036 2032//2032 1972//1972
f 2036//2036 2029//2029 2030//2030
f 2036//2036 2028//2028 2026//2026
f 2036//2036 2030//2030 2027//2027
f 2036//2036 2026//2026 2031//2031
f 2036//2036 2031//2031 2033//2033
f 2036//2036 2034//2034 2032//2032
f 2036//2036 2033//2033 2034//2034
f 2037//2037 1972//1972 1973//1973
f 2037//2037 1619//1619 2029//2029
f 2037//2037 2029//2029 2036//2036
f 2037//2037 2036//2036 1972//1972
f 2038//2038 1517//1517 1995//1995
f 2038//2038 1638//1638 1639//1639
f 2038//2038 1634//1634 1364//1364
f 2038//2038 1520//1520 1521//1521
f 2038//2038 1521//1521 1517//1517
f 2038//2038 1640//1640 1641//1641
f 2038//2038 1641//1641 1520//1520
f 2038//2038 1639//1639 1640//1640
f 2038//2038 1364//1364 1642//1642
f 2038//2038 1642//1642 1638//1638
f 2038//2038 1995//1995 1634//1634
f 2039//2039 1885//1885 1998//1998
f 2039//2039 1884//1884 1646//1646
f 2039//2039 1646//1646 1885//1885
f 2039//2039 1998//1998 1884//1884
f 2040//2040 1920//1920 1921//1921
f 2040//2040 1726//1726 1923//1923
f 2040//2040 1923//1923 1922//1922
f 2040//2040 1922//1922 2012//2012
f 2040//2040 2012//2012 1920//1920
f 2040//2040 1921//1921 1726//1726
f 2041//2041 2019//2019 2017//2017
f 2041//2041 2020//2020 1813//1813
f 2041//2041 1810//1810 1803//1803
f 2041//2041 1811//1811 1810//1810
f 2041//2041 1812//1812 1811//1811
f 2041//2041 1803//1803 2019//2019
f 2041//2041 1813//1813 1812//1812
f 2041//2041 2017//2017 2020//2020
f 2042//2042 2032//2032 2026//2026
f 2042//2042 2025//2025 1968//1968
f 2042//2042 2024//2024 2025//2025
f 2042//2042 2026//2026 2024//2024
f 2042//2042 2035//2035 2032//2032
f 2043//2043 1619//1619 2037//2037
f 2043//2043 2037//2037 1973//1973
f 2043//2043 1973//1973 1974//1974
f 2043//2043 1621//1621 1619//1619
f 2043//2043 1974//1974 1976//1976
f 2043//2043 1976//1976 1621//1621
f 2044//2044 1968//1968 1967//1967
f 2044//2044 2035//2035 2042//2042
f 2044//2044 1967//1967 1969//1969
f 2044//2044 1969//1969 1970//1970
f 2044//2044 1855//1855 2035//2035
f 2044//2044 1970//1970 1971//1971
f 2044//2044 1971//1971 1855//1855
f 2044//2044 2042//2042 1968//1968
f 2046//2046 2074//2074 2075//2075
f 2046//2046 2075//2075 2045//2045
f 1213//1213 1212//1212 2064//2064
f 1213//1213 2064//2064 2065//2065
f 1213//1213 2065//2065 2066//2066
f 1213//1213 2066//2066 2067//2067
f 1213//1213 2067//2067 2068//2068
f 1213//1213 2068//2068 2069//2069
f 1213//1213 2069//2069 2070//2070
f 1213//1213 2070//2070 2071//2071
f 1213//1213 2071//2071 2072//2072
f 1214//1214 2072//2072 2073//2073
f 1214//1214 2073//2073 2074//2074
f 1214//1214 1213//1213 2072//2072
f 1214//1214 2074//2074 2046//2046
f 1215//1215 2046//2046 2047//2047
f 1215//1215 1214//1214 2046//2046
f 1216//1216 2047//2047 2048//2048
f 1216//1216 1215//1215 2047//2047
f 1217//1217 2048//2048 2049//2049
f 1217//1217 1216//1216 2048//2048
f 1218//1218 2049//2049 2050//2050
f 1218//1218 1217//1217 2049//2049
f 1219//1219 2050//2050 2051//2051
f 1219//1219 1218//1218 2050//2050
f 1220//1220 2051//2051 2052//2052
f 1220//1220 1219//1219 2051//2051
f 1221//1221 2052//2052 2053//2053
f 1221//1221 1220//1220 2052//2052
f 1222//1222 2053//2053 2054//2054
f 1222//1222 1221//1221 2053//2053
f 1223//1223 2054//2054 2055//2055
f 1223//1223 1222//1222 2054//2054
f 1224//1224 2055//2055 2056//2056
f 1224//1224 1223//1223 2055//2055
f 1225//1225 2056//2056 2057//2057
f 1225//1225 1224//1224 2056//2056
f 1226//1226 2057//2057 2058//2058
f 1226//1226 1225//1225 2057//2057
f 1227//1227 2058//2058 2059//2059
f 1227//1227 1226//1226 2058//2058
f 1228//1228 2059//2059 2060//2060
f 1228//1228 1227//1227 2059//2059
f 1229//1229 2060//2060 2061//2061
f 1229//1229 1228//1228 2060//2060
f 1230//1230 2061//2061 2062//2062
f 1230//1230 1229//1229 2061//2061
f 1231//1231 2062//2062 2063//2063
f 1231//1231 1230//1230 2062//2062
f 1232//1232 2063//2063 202//202
f 1232//1232 1231//1231 2063//2063
f 201//201 1232//1232 202//202
f 1358//1358 1356//1356 1357//1357
f 1359//1359 1355//1355 1356//1356
f 1359//1359 1356//1356 1358//1358
f 1360//1360 1354//1354 1355//1355
f 1360//1360 1355//1355 1359//1359
f 232//232 1349//1349 1350//1350
f 232//232 1350//1350 1351//1351
f 232//232 1351//1351 1352//1352
f 232//232 1352//1352 1353//1353
f 232//232 1353//1353 1354//1354
f 232//232 1354//1354 1360//1360
f 2076//2076 1349//1349 232//232
f 231//231 2076//2076 232//232
f 2201//2201 2077//2077 2078//2078
f 2201//2201 2078//2078 2079//2079
f 2201//2201 2079//2079 2080//2080
f 2202//2202 2080//2080 2081//2081
f 2202//2202 2201//2201 2080//2080
f 2203//2203 2081//2081 2082//2082
f 2203//2203 2202//2202 2081//2081
f 2204//2204 2201//2201 2202//2202
f 2204//2204 2202//2202 2203//2203
f 2204//2204 2077//2077 2201//2201
f 2205//2205 2082//2082 2083//2083
f 2205//2205 2203//2203 2082//2082
f 2205//2205 2207//2207 2206//2206
f 2205//2205 2206//2206 2203//2203
f 2208//2208 2207//2207 2205//2205
f 2209//2209 2208//2208 2205//2205
f 2210//2210 2205//2205 2083//2083
f 2210//2210 2083//2083 2084//2084
f 2210//2210 2209//2209 2205//2205
f 2211//2211 2208//2208 2209//2209
f 2211//2211 2209//2209 2210//2210
f 2212//2212 2211//2211 2210//2210
f 2213//2213 2084//2084 2085//2085
f 2213//2213 2210//2210 2084//2084
f 2213//2213 2212//2212 2210//2210
f 2214//2214 2211//2211 2212//2212
f 2214//2214 2212//2212 2213//2213
f 2215//2215 2214//2214 2213//2213
f 2216//2216 2085//2085 2086//2086
f 2216//2216 2215//2215 2213//2213
f 2216//2216 2213//2213 2085//2085
f 2217//2217 2215//2215 2216//2216
f 2217//2217 2214//2214 2215//2215
f 2218//2218 2217//2217 2216//2216
f 2219//2219 2086//2086 2087//2087
f 2219//2219 2218//2218 2216//2216
f 2219//2219 2216//2216 2086//2086
f 2220//2220 2217//2217 2218//2218
f 2220//2220 2218//2218 2219//2219
f 2221//2221 2220//2220 2219//2219
f 2222//2222 2087//2087 2088//2088
f 2222//2222 2088//2088 2089//2089
f 2222//2222 2089//2089 2090//2090
f 2222//2222 2090//2090 2091//2091
f 2222//2222 2219//2219 2087//2087
f 2222//2222 2221//2221 2219//2219
f 2223//2223 2091//2091 2092//2092
f 2223//2223 2221//2221 2222//2222
f 2223//2223 2222//2222 2091//2091
f 2223//2223 2220//2220 2221//2221
f 2224//2224 2223//2223 2092//2092
f 2224//2224 2220//2220 2223//2223
f 2225//2225 2092//2092 2093//2093
f 2225//2225 2224//2224 2092//2092
f 2226//2226 2225//2225 2093//2093
f 2227//2227 2093//2093 2094//2094
f 2227//2227 2094//2094 2095//2095
f 2227//2227 2095//2095 2096//2096
f 2227//2227 2096//2096 2097//2097
f 2227//2227 2226//2226 2093//2093
f 2227//2227 2097//2097 2200//2200
f 2228//2228 2077//2077 2229//2229
f 2230//2230 2175//2175 2174//2174
f 2231//2231 2077//2077 2228//2228
f 2232//2232 2077//2077 2231//2231
f 2233//2233 2149//2149 2148//2148
f 2234//2234 2129//2129 2128//2128
f 2234//2234 2130//2130 2129//2129
f 2234//2234 2131//2131 2130//2130
f 2234//2234 2132//2132 2131//2131
f 2234//2234 2133//2133 2132//2132
f 2234//2234 2134//2134 2133//2133
f 2234//2234 2135//2135 2134//2134
f 2235//2235 2234//2234 2128//2128
f 2235//2235 2128//2128 2127//2127
f 2236//2236 2127//2127 2126//2126
f 2236//2236 2235//2235 2127//2127
f 2237//2237 2126//2126 2125//2125
f 2237//2237 2236//2236 2126//2126
f 2238//2238 2239//2239 2237//2237
f 2238//2238 2125//2125 2124//2124
f 2238//2238 2237//2237 2125//2125
f 2240//2240 2124//2124 2123//2123
f 2240//2240 2238//2238 2124//2124
f 2240//2240 2241//2241 2238//2238
f 2242//2242 2240//2240 2123//2123
f 2242//2242 2243//2243 2240//2240
f 2244//2244 2123//2123 2122//2122
f 2244//2244 2242//2242 2123//2123
f 2244//2244 2245//2245 2242//2242
f 2246//2246 2045//2045 2077//2077
f 2246//2246 2077//2077 2232//2232
f 2247//2247 2045//2045 2246//2246
f 2248//2248 2249//2249 2247//2247
f 2250//2250 203//203 202//202
f 2251//2251 2253//2253 2252//2252
f 2251//2251 2252//2252 2211//2211
f 2254//2254 2211//2211 2214//2214
f 2254//2254 2251//2251 2211//2211
f 2255//2255 2254//2254 2214//2214
f 2255//2255 2256//2256 2254//2254
f 2257//2257 2255//2255 2214//2214
f 2257//2257 2214//2214 2217//2217
f 2258//2258 2259//2259 2257//2257
f 2258//2258 2257//2257 2217//2217
f 2260//2260 2262//2262 2261//2261
f 2260//2260 2261//2261 2263//2263
f 2264//2264 2258//2258 2217//2217
f 2264//2264 2217//2217 2220//2220
f 2265//2265 2225//2225 2226//2226
f 2265//2265 2227//2227 2200//2200
f 2265//2265 2226//2226 2227//2227
f 2265//2265 2220//2220 2224//2224
f 2265//2265 2264//2264 2220//2220
f 2265//2265 2224//2224 2225//2225
f 2266//2266 2268//2268 2267//2267
f 2269//2269 2266//2266 2267//2267
f 2270//2270 2269//2269 2267//2267
f 2271//2271 2270//2270 2267//2267
f 2272//2272 2270//2270 2271//2271
f 2272//2272 2271//2271 2267//2267
f 2273//2273 2272//2272 2267//2267
f 2274//2274 2273//2273 2267//2267
f 2275//2275 2274//2274 2267//2267
f 2276//2276 2275//2275 2267//2267
f 2277//2277 2276//2276 2267//2267
f 2278//2278 2277//2277 2267//2267
f 2279//2279 2281//2281 2280//2280
f 2279//2279 2280//2280 2282//2282
f 2279//2279 2284//2284 2283//2283
f 2279//2279 2285//2285 2284//2284
f 2279//2279 2282//2282 2285//2285
f 2286//2286 2231//2231 2228//2228
f 2287//2287 2289//2289 2288//2288
f 2290//2290 2287//2287 2288//2288
f 2291//2291 2290//2290 2288//2288
f 2292//2292 2291//2291 2288//2288
f 2293//2293 2292//2292 2288//2288
f 2294//2294 2162//2162 2161//2161
f 2294//2294 2232//2232 2295//2295
f 2294//2294 2295//2295 2296//2296
f 2294//2294 2296//2296 2297//2297
f 2294//2294 2297//2297 2298//2298
f 2294//2294 2298//2298 2299//2299
f 2300//2300 2232//2232 2294//2294
f 2301//2301 2232//2232 2300//2300
f 2302//2302 2232//2232 2301//2301
f 2302//2302 2136//2136 2135//2135
f 2303//2303 2305//2305 2304//2304
f 2303//2303 2304//2304 2306//2306
f 2307//2307 2306//2306 2308//2308
f 2307//2307 2308//2308 2309//2309
f 2307//2307 2303//2303 2306//2306
f 2310//2310 2246//2246 2232//2232
f 2310//2310 2232//2232 2302//2302
f 2310//2310 2302//2302 2135//2135
f 2311//2311 2246//2246 2310//2310
f 2312//2312 2311//2311 2110//2110
f 2312//2312 2110//2110 2109//2109
f 2312//2312 2246//2246 2311//2311
f 2313//2313 2246//2246 2312//2312
f 2314//2314 2313//2313 2312//2312
f 2315//2315 2314//2314 2312//2312
f 2316//2316 2315//2315 2312//2312
f 2317//2317 2319//2319 2318//2318
f 2317//2317 2321//2321 2320//2320
f 2317//2317 2318//2318 2321//2321
f 2317//2317 2323//2323 2322//2322
f 2317//2317 2324//2324 2319//2319
f 2317//2317 2322//2322 2324//2324
f 2325//2325 2323//2323 2317//2317
f 2325//2325 2326//2326 2323//2323
f 2327//2327 2328//2328 2326//2326
f 2327//2327 2326//2326 2325//2325
f 2329//2329 2330//2330 2328//2328
f 2329//2329 2328//2328 2327//2327
f 2331//2331 2330//2330 2329//2329
f 2331//2331 2332//2332 2330//2330
f 2333//2333 2332//2332 2331//2331
f 2334//2334 2332//2332 2333//2333
f 2335//2335 2332//2332 2334//2334
f 2336//2336 2332//2332 2335//2335
f 2337//2337 2332//2332 2336//2336
f 2338//2338 2332//2332 2337//2337
f 2338//2338 2339//2339 2332//2332
f 2340//2340 2339//2339 2338//2338
f 2341//2341 2339//2339 2340//2340
f 2342//2342 2045//2045 2247//2247
f 2342//2342 2247//2247 2249//2249
f 2343//2343 2345//2345 2344//2344
f 2343//2343 2208//2208 2211//2211
f 2343//2343 2262//2262 2204//2204
f 2343//2343 2252//2252 2346//2346
f 2343//2343 2261//2261 2262//2262
f 2343//2343 2263//2263 2261//2261
f 2343//2343 2344//2344 2263//2263
f 2343//2343 2204//2204 2203//2203
f 2343//2343 2206//2206 2207//2207
f 2343//2343 2211//2211 2252//2252
f 2343//2343 2207//2207 2208//2208
f 2343//2343 2347//2347 2345//2345
f 2343//2343 2203//2203 2206//2206
f 2343//2343 2346//2346 2347//2347
f 2348//2348 2204//2204 2262//2262
f 2348//2348 2077//2077 2204//2204
f 2348//2348 2349//2349 2229//2229
f 2348//2348 2229//2229 2077//2077
f 2348//2348 2262//2262 2260//2260
f 2350//2350 2344//2344 2345//2345
f 2350//2350 2189//2189 2188//2188
f 2350//2350 2188//2188 2260//2260
f 2350//2350 2190//2190 2189//2189
f 2350//2350 2191//2191 2190//2190
f 2350//2350 2260//2260 2263//2263
f 2350//2350 2263//2263 2344//2344
f 2350//2350 2345//2345 2347//2347
f 2351//2351 2192//2192 2191//2191
f 2351//2351 2193//2193 2192//2192
f 2351//2351 2194//2194 2193//2193
f 2351//2351 2350//2350 2347//2347
f 2351//2351 2191//2191 2350//2350
f 2351//2351 2347//2347 2346//2346
f 2352//2352 2252//2252 2253//2253
f 2352//2352 2194//2194 2351//2351
f 2352//2352 2251//2251 2254//2254
f 2352//2352 2346//2346 2252//2252
f 2352//2352 2195//2195 2194//2194
f 2352//2352 2196//2196 2195//2195
f 2352//2352 2197//2197 2196//2196
f 2352//2352 2351//2351 2346//2346
f 2352//2352 2253//2253 2251//2251
f 2352//2352 2254//2254 2256//2256
f 2353//2353 2256//2256 2255//2255
f 2353//2353 2352//2352 2256//2256
f 2353//2353 2255//2255 2257//2257
f 2353//2353 2257//2257 2259//2259
f 2353//2353 2198//2198 2197//2197
f 2353//2353 2199//2199 2198//2198
f 2353//2353 2197//2197 2352//2352
f 2354//2354 2265//2265 2200//2200
f 2354//2354 2259//2259 2258//2258
f 2354//2354 2353//2353 2259//2259
f 2354//2354 2258//2258 2264//2264
f 2354//2354 2200//2200 2199//2199
f 2354//2354 2264//2264 2265//2265
f 2354//2354 2199//2199 2353//2353
f 2355//2355 2229//2229 2349//2349
f 2356//2356 2228//2228 2229//2229
f 2357//2357 2356//2356 2267//2267
f 2357//2357 2359//2359 2358//2358
f 2357//2357 2360//2360 2359//2359
f 2357//2357 2267//2267 2268//2268
f 2357//2357 2268//2268 2360//2360
f 2357//2357 2228//2228 2356//2356
f 2361//2361 2363//2363 2362//2362
f 2361//2361 2364//2364 2363//2363
f 2361//2361 2281//2281 2364//2364
f 2365//2365 2278//2278 2267//2267
f 2365//2365 2267//2267 2366//2366
f 2367//2367 2361//2361 2365//2365
f 2367//2367 2281//2281 2361//2361
f 2368//2368 2367//2367 2365//2365
f 2368//2368 2280//2280 2281//2281
f 2368//2368 2281//2281 2367//2367
f 2369//2369 2280//2280 2368//2368
f 2369//2369 2368//2368 2365//2365
f 2370//2370 2369//2369 2365//2365
f 2371//2371 2370//2370 2365//2365
f 2372//2372 2371//2371 2365//2365
f 2373//2373 2372//2372 2365//2365
f 2374//2374 2231//2231 2286//2286
f 2375//2375 2376//2376 2374//2374
f 2375//2375 2377//2377 2376//2376
f 2378//2378 2232//2232 2231//2231
f 2379//2379 2295//2295 2232//2232
f 2379//2379 2296//2296 2295//2295
f 2379//2379 2297//2297 2296//2296
f 2379//2379 2298//2298 2297//2297
f 2379//2379 2232//2232 2378//2378
f 2379//2379 2299//2299 2298//2298
f 2379//2379 2380//2380 2299//2299
f 2379//2379 2381//2381 2380//2380
f 2379//2379 2289//2289 2381//2381
f 2379//2379 2288//2288 2289//2289
f 2382//2382 2165//2165 2164//2164
f 2382//2382 2166//2166 2165//2165
f 2382//2382 2167//2167 2166//2166
f 2382//2382 2168//2168 2167//2167
f 2383//2383 2168//2168 2382//2382
f 2384//2384 2169//2169 2168//2168
f 2384//2384 2168//2168 2383//2383
f 2385//2385 2384//2384 2386//2386
f 2385//2385 2169//2169 2384//2384
f 2387//2387 2169//2169 2385//2385
f 2387//2387 2385//2385 2386//2386
f 2388//2388 2387//2387 2386//2386
f 2389//2389 2300//2300 2294//2294
f 2389//2389 2294//2294 2161//2161
f 2390//2390 2233//2233 2391//2391
f 2390//2390 2149//2149 2233//2233
f 2392//2392 2301//2301 2300//2300
f 2392//2392 2300//2300 2393//2393
f 2392//2392 2393//2393 2394//2394
f 2395//2395 2302//2302 2396//2396
f 2397//2397 2395//2395 2396//2396
f 2397//2397 2398//2398 2395//2395
f 2399//2399 2397//2397 2396//2396
f 2399//2399 2398//2398 2397//2397
f 2400//2400 2399//2399 2396//2396
f 2400//2400 2398//2398 2399//2399
f 2401//2401 2400//2400 2396//2396
f 2401//2401 2398//2398 2400//2400
f 2402//2402 2401//2401 2396//2396
f 2402//2402 2398//2398 2401//2401
f 2403//2403 2402//2402 2396//2396
f 2403//2403 2398//2398 2402//2402
f 2404//2404 2406//2406 2405//2405
f 2404//2404 2408//2408 2407//2407
f 2404//2404 2410//2410 2409//2409
f 2404//2404 2411//2411 2410//2410
f 2404//2404 2409//2409 2408//2408
f 2404//2404 2407//2407 2406//2406
f 2404//2404 2396//2396 2411//2411
f 2404//2404 2403//2403 2396//2396
f 2404//2404 2398//2398 2403//2403
f 2404//2404 2412//2412 2398//2398
f 2413//2413 2136//2136 2302//2302
f 2413//2413 2302//2302 2395//2395
f 2414//2414 2136//2136 2413//2413
f 2415//2415 2417//2417 2416//2416
f 2418//2418 2416//2416 2419//2419
f 2418//2418 2415//2415 2416//2416
f 2420//2420 2418//2418 2419//2419
f 2421//2421 2419//2419 2422//2422
f 2421//2421 2420//2420 2419//2419
f 2423//2423 2421//2421 2422//2422
f 2424//2424 2423//2423 2422//2422
f 2424//2424 2422//2422 2425//2425
f 2424//2424 2425//2425 2426//2426
f 2424//2424 2426//2426 2233//2233
f 2424//2424 2233//2233 2148//2148
f 2427//2427 2135//2135 2234//2234
f 2427//2427 2310//2310 2135//2135
f 2428//2428 2110//2110 2311//2311
f 2429//2429 2312//2312 2109//2109
f 2430//2430 2429//2429 2109//2109
f 2430//2430 2109//2109 2108//2108
f 2431//2431 2430//2430 2108//2108
f 2432//2432 2246//2246 2313//2313
f 2432//2432 2315//2315 2316//2316
f 2432//2432 2313//2313 2314//2314
f 2432//2432 2314//2314 2315//2315
f 2432//2432 2316//2316 2433//2433
f 2434//2434 2432//2432 2433//2433
f 2435//2435 2434//2434 2433//2433
f 2436//2436 2247//2247 2246//2246
f 2437//2437 2436//2436 2438//2438
f 2437//2437 2247//2247 2436//2436
f 2439//2439 2440//2440 2248//2248
f 2439//2439 2248//2248 2247//2247
f 2439//2439 2320//2320 2440//2440
f 2439//2439 2317//2317 2320//2320
f 2441//2441 2439//2439 2247//2247
f 2441//2441 2317//2317 2439//2439
f 2442//2442 2317//2317 2441//2441
f 2443//2443 2325//2325 2317//2317
f 2443//2443 2317//2317 2442//2442
f 2443//2443 2331//2331 2329//2329
f 2443//2443 2327//2327 2325//2325
f 2443//2443 2329//2329 2327//2327
f 2444//2444 2339//2339 2341//2341
f 2444//2444 2445//2445 2339//2339
f 2444//2444 2446//2446 2445//2445
f 2447//2447 2446//2446 2444//2444
f 2447//2447 2448//2448 2446//2446
f 2449//2449 2448//2448 2447//2447
f 2450//2450 2448//2448 2449//2449
f 2451//2451 2452//2452 2448//2448
f 2451//2451 2448//2448 2450//2450
f 2453//2453 2452//2452 2451//2451
f 2454//2454 2452//2452 2453//2453
f 2454//2454 2456//2456 2455//2455
f 2454//2454 2455//2455 2452//2452
f 2457//2457 2342//2342 2249//2249
f 2458//2458 2260//2260 2188//2188
f 2458//2458 2348//2348 2260//2260
f 2459//2459 2188//2188 2187//2187
f 2459//2459 2458//2458 2188//2188
f 2459//2459 2348//2348 2458//2458
f 2459//2459 2349//2349 2348//2348
f 2460//2460 2176//2176 2175//2175
f 2460//2460 2177//2177 2176//2176
f 2461//2461 2462//2462 2349//2349
f 2461//2461 2349//2349 2459//2459
f 2461//2461 2463//2463 2462//2462
f 2461//2461 2187//2187 2464//2464
f 2461//2461 2465//2465 2463//2463
f 2461//2461 2467//2467 2466//2466
f 2461//2461 2468//2468 2467//2467
f 2461//2461 2469//2469 2468//2468
f 2461//2461 2470//2470 2469//2469
f 2461//2461 2471//2471 2470//2470
f 2461//2461 2473//2473 2472//2472
f 2461//2461 2474//2474 2471//2471
f 2461//2461 2472//2472 2474//2474
f 2461//2461 2466//2466 2465//2465
f 2461//2461 2459//2459 2187//2187
f 2475//2475 2473//2473 2461//2461
f 2475//2475 2461//2461 2464//2464
f 2476//2476 2475//2475 2464//2464
f 2476//2476 2473//2473 2475//2475
f 2477//2477 2473//2473 2476//2476
f 2477//2477 2476//2476 2464//2464
f 2478//2478 2477//2477 2464//2464
f 2478//2478 2473//2473 2477//2477
f 2479//2479 2473//2473 2478//2478
f 2479//2479 2478//2478 2464//2464
f 2480//2480 2479//2479 2464//2464
f 2481//2481 2480//2480 2464//2464
f 2481//2481 2464//2464 2482//2482
f 2481//2481 2484//2484 2483//2483
f 2481//2481 2482//2482 2485//2485
f 2481//2481 2485//2485 2484//2484
f 2481//2481 2483//2483 2486//2486
f 2487//2487 2486//2486 2460//2460
f 2487//2487 2175//2175 2230//2230
f 2487//2487 2460//2460 2175//2175
f 2487//2487 2230//2230 2366//2366
f 2488//2488 2490//2490 2489//2489
f 2488//2488 2355//2355 2490//2490
f 2488//2488 2489//2489 2491//2491
f 2488//2488 2491//2491 2492//2492
f 2493//2493 2488//2488 2492//2492
f 2494//2494 2493//2493 2492//2492
f 2495//2495 2494//2494 2492//2492
f 2496//2496 2495//2495 2492//2492
f 2497//2497 2356//2356 2229//2229
f 2498//2498 2366//2366 2267//2267
f 2498//2498 2267//2267 2356//2356
f 2498//2498 2356//2356 2497//2497
f 2499//2499 2268//2268 2266//2266
f 2499//2499 2266//2266 2269//2269
f 2499//2499 2272//2272 2273//2273
f 2499//2499 2269//2269 2270//2270
f 2499//2499 2270//2270 2272//2272
f 2499//2499 2359//2359 2360//2360
f 2499//2499 2274//2274 2275//2275
f 2499//2499 2360//2360 2268//2268
f 2499//2499 2273//2273 2274//2274
f 2500//2500 2275//2275 2276//2276
f 2500//2500 2365//2365 2361//2361
f 2500//2500 2277//2277 2278//2278
f 2500//2500 2278//2278 2365//2365
f 2500//2500 2499//2499 2275//2275
f 2500//2500 2276//2276 2277//2277
f 2501//2501 2365//2365 2366//2366
f 2501//2501 2372//2372 2373//2373
f 2501//2501 2373//2373 2365//2365
f 2501//2501 2366//2366 2230//2230
f 2502//2502 2370//2370 2371//2371
f 2502//2502 2501//2501 2230//2230
f 2502//2502 2371//2371 2372//2372
f 2502//2502 2372//2372 2501//2501
f 2502//2502 2504//2504 2503//2503
f 2502//2502 2230//2230 2505//2505
f 2502//2502 2506//2506 2283//2283
f 2502//2502 2282//2282 2280//2280
f 2502//2502 2505//2505 2504//2504
f 2502//2502 2369//2369 2370//2370
f 2502//2502 2283//2283 2284//2284
f 2502//2502 2284//2284 2285//2285
f 2502//2502 2280//2280 2369//2369
f 2502//2502 2503//2503 2506//2506
f 2502//2502 2285//2285 2282//2282
f 2507//2507 2503//2503 2504//2504
f 2507//2507 2509//2509 2508//2508
f 2507//2507 2510//2510 2509//2509
f 2507//2507 2508//2508 2511//2511
f 2507//2507 2283//2283 2506//2506
f 2507//2507 2505//2505 2230//2230
f 2507//2507 2512//2512 2510//2510
f 2507//2507 2504//2504 2505//2505
f 2507//2507 2230//2230 2512//2512
f 2507//2507 2506//2506 2503//2503
f 2507//2507 2279//2279 2283//2283
f 2513//2513 2515//2515 2514//2514
f 2513//2513 2508//2508 2509//2509
f 2513//2513 2516//2516 2286//2286
f 2513//2513 2518//2518 2517//2517
f 2513//2513 2509//2509 2510//2510
f 2513//2513 2517//2517 2519//2519
f 2513//2513 2511//2511 2508//2508
f 2513//2513 2520//2520 2518//2518
f 2513//2513 2510//2510 2520//2520
f 2513//2513 2514//2514 2511//2511
f 2513//2513 2519//2519 2516//2516
f 2521//2521 2520//2520 2510//2510
f 2521//2521 2510//2510 2512//2512
f 2522//2522 2374//2374 2376//2376
f 2522//2522 2376//2376 2377//2377
f 2522//2522 2377//2377 2375//2375
f 2523//2523 2524//2524 2522//2522
f 2523//2523 2525//2525 2524//2524
f 2526//2526 2231//2231 2374//2374
f 2526//2526 2374//2374 2522//2522
f 2526//2526 2378//2378 2231//2231
f 2527//2527 2378//2378 2526//2526
f 2528//2528 2230//2230 2174//2174
f 2528//2528 2512//2512 2230//2230
f 2529//2529 2293//2293 2288//2288
f 2530//2530 2163//2163 2162//2162
f 2530//2530 2164//2164 2163//2163
f 2530//2530 2162//2162 2294//2294
f 2530//2530 2299//2299 2380//2380
f 2530//2530 2380//2380 2381//2381
f 2530//2530 2381//2381 2289//2289
f 2530//2530 2289//2289 2287//2287
f 2530//2530 2287//2287 2290//2290
f 2530//2530 2382//2382 2164//2164
f 2530//2530 2290//2290 2291//2291
f 2530//2530 2291//2291 2292//2292
f 2530//2530 2292//2292 2293//2293
f 2530//2530 2294//2294 2299//2299
f 2531//2531 2293//2293 2529//2529
f 2531//2531 2530//2530 2293//2293
f 2531//2531 2382//2382 2530//2530
f 2531//2531 2529//2529 2386//2386
f 2531//2531 2383//2383 2382//2382
f 2531//2531 2384//2384 2383//2383
f 2531//2531 2386//2386 2384//2384
f 2532//2532 2528//2528 2174//2174
f 2532//2532 2388//2388 2386//2386
f 2533//2533 2170//2170 2169//2169
f 2533//2533 2171//2171 2170//2170
f 2533//2533 2172//2172 2171//2171
f 2533//2533 2173//2173 2172//2172
f 2533//2533 2174//2174 2173//2173
f 2533//2533 2388//2388 2532//2532
f 2533//2533 2169//2169 2387//2387
f 2533//2533 2532//2532 2174//2174
f 2533//2533 2387//2387 2388//2388
f 2534//2534 2149//2149 2390//2390
f 2534//2534 2150//2150 2149//2149
f 2534//2534 2151//2151 2150//2150
f 2534//2534 2152//2152 2151//2151
f 2534//2534 2153//2153 2152//2152
f 2534//2534 2154//2154 2153//2153
f 2535//2535 2537//2537 2536//2536
f 2535//2535 2539//2539 2538//2538
f 2535//2535 2538//2538 2540//2540
f 2535//2535 2536//2536 2539//2539
f 2535//2535 2389//2389 2541//2541
f 2535//2535 2543//2543 2542//2542
f 2535//2535 2542//2542 2544//2544
f 2535//2535 2544//2544 2537//2537
f 2535//2535 2541//2541 2543//2543
f 2545//2545 2535//2535 2540//2540
f 2546//2546 2545//2545 2540//2540
f 2547//2547 2546//2546 2540//2540
f 2548//2548 2547//2547 2540//2540
f 2549//2549 2548//2548 2540//2540
f 2550//2550 2549//2549 2540//2540
f 2550//2550 2390//2390 2549//2549
f 2551//2551 2550//2550 2540//2540
f 2551//2551 2390//2390 2550//2550
f 2552//2552 2540//2540 2534//2534
f 2552//2552 2534//2534 2390//2390
f 2552//2552 2551//2551 2540//2540
f 2552//2552 2390//2390 2551//2551
f 2553//2553 2389//2389 2535//2535
f 2554//2554 2390//2390 2391//2391
f 2555//2555 2556//2556 2394//2394
f 2555//2555 2554//2554 2391//2391
f 2555//2555 2393//2393 2557//2557
f 2555//2555 2391//2391 2556//2556
f 2555//2555 2394//2394 2393//2393
f 2555//2555 2557//2557 2554//2554
f 2558//2558 2394//2394 2556//2556
f 2558//2558 2559//2559 2392//2392
f 2558//2558 2560//2560 2559//2559
f 2558//2558 2392//2392 2394//2394
f 2558//2558 2556//2556 2391//2391
f 2561//2561 2396//2396 2302//2302
f 2561//2561 2302//2302 2301//2301
f 2562//2562 2396//2396 2561//2561
f 2563//2563 2407//2407 2408//2408
f 2563//2563 2409//2409 2410//2410
f 2563//2563 2410//2410 2411//2411
f 2563//2563 2408//2408 2409//2409
f 2563//2563 2406//2406 2407//2407
f 2563//2563 2396//2396 2562//2562
f 2563//2563 2411//2411 2396//2396
f 2564//2564 2391//2391 2233//2233
f 2564//2564 2558//2558 2391//2391
f 2565//2565 2566//2566 2412//2412
f 2565//2565 2412//2412 2404//2404
f 2565//2565 2304//2304 2305//2305
f 2565//2565 2306//2306 2304//2304
f 2565//2565 2305//2305 2567//2567
f 2565//2565 2404//2404 2405//2405
f 2565//2565 2567//2567 2566//2566
f 2568//2568 2308//2308 2306//2306
f 2568//2568 2306//2306 2565//2565
f 2568//2568 2565//2565 2405//2405
f 2569//2569 2568//2568 2405//2405
f 2569//2569 2308//2308 2568//2568
f 2570//2570 2308//2308 2569//2569
f 2570//2570 2569//2569 2405//2405
f 2571//2571 2405//2405 2564//2564
f 2571//2571 2570//2570 2405//2405
f 2571//2571 2572//2572 2309//2309
f 2571//2571 2574//2574 2573//2573
f 2571//2571 2309//2309 2308//2308
f 2571//2571 2575//2575 2572//2572
f 2571//2571 2564//2564 2233//2233
f 2571//2571 2573//2573 2576//2576
f 2571//2571 2308//2308 2570//2570
f 2571//2571 2233//2233 2574//2574
f 2571//2571 2576//2576 2575//2575
f 2577//2577 2413//2413 2395//2395
f 2577//2577 2395//2395 2398//2398
f 2578//2578 2416//2416 2414//2414
f 2578//2578 2414//2414 2413//2413
f 2579//2579 2416//2416 2578//2578
f 2579//2579 2578//2578 2413//2413
f 2580//2580 2416//2416 2579//2579
f 2580//2580 2579//2579 2413//2413
f 2581//2581 2419//2419 2416//2416
f 2581//2581 2422//2422 2419//2419
f 2581//2581 2425//2425 2422//2422
f 2581//2581 2426//2426 2425//2425
f 2581//2581 2416//2416 2580//2580
f 2581//2581 2580//2580 2413//2413
f 2582//2582 2414//2414 2416//2416
f 2582//2582 2416//2416 2417//2417
f 2583//2583 2421//2421 2423//2423
f 2583//2583 2420//2420 2421//2421
f 2583//2583 2423//2423 2424//2424
f 2583//2583 2582//2582 2417//2417
f 2583//2583 2414//2414 2582//2582
f 2583//2583 2417//2417 2415//2415
f 2583//2583 2415//2415 2418//2418
f 2583//2583 2418//2418 2420//2420
f 2584//2584 2236//2236 2237//2237
f 2584//2584 2234//2234 2235//2235
f 2584//2584 2235//2235 2236//2236
f 2585//2585 2584//2584 2237//2237
f 2586//2586 2585//2585 2237//2237
f 2586//2586 2237//2237 2239//2239
f 2587//2587 2586//2586 2239//2239
f 2588//2588 2587//2587 2239//2239
f 2588//2588 2239//2239 2238//2238
f 2588//2588 2241//2241 2240//2240
f 2588//2588 2238//2238 2241//2241
f 2588//2588 2240//2240 2243//2243
f 2588//2588 2243//2243 2242//2242
f 2588//2588 2245//2245 2244//2244
f 2588//2588 2242//2242 2245//2245
f 2589//2589 2310//2310 2427//2427
f 2590//2590 2427//2427 2591//2591
f 2590//2590 2593//2593 2592//2592
f 2590//2590 2595//2595 2594//2594
f 2590//2590 2591//2591 2595//2595
f 2590//2590 2594//2594 2593//2593
f 2590//2590 2589//2589 2427//2427
f 2596//2596 2597//2597 2588//2588
f 2596//2596 2588//2588 2244//2244
f 2598//2598 2311//2311 2310//2310
f 2598//2598 2310//2310 2599//2599
f 2598//2598 2599//2599 2600//2600
f 2601//2601 2600//2600 2596//2596
f 2601//2601 2596//2596 2244//2244
f 2601//2601 2244//2244 2122//2122
f 2602//2602 2428//2428 2311//2311
f 2603//2603 2428//2428 2602//2602
f 2604//2604 2605//2605 2428//2428
f 2604//2604 2428//2428 2603//2603
f 2606//2606 2608//2608 2607//2607
f 2606//2606 2609//2609 2608//2608
f 2606//2606 2610//2610 2609//2609
f 2606//2606 2611//2611 2610//2610
f 2606//2606 2605//2605 2604//2604
f 2606//2606 2612//2612 2611//2611
f 2606//2606 2613//2613 2612//2612
f 2606//2606 2614//2614 2613//2613
f 2606//2606 2607//2607 2605//2605
f 2615//2615 2117//2117 2616//2616
f 2617//2617 2614//2614 2601//2601
f 2617//2617 2118//2118 2117//2117
f 2617//2617 2119//2119 2118//2118
f 2617//2617 2120//2120 2119//2119
f 2617//2617 2121//2121 2120//2120
f 2617//2617 2122//2122 2121//2121
f 2617//2617 2117//2117 2615//2615
f 2617//2617 2601//2601 2122//2122
f 2618//2618 2431//2431 2108//2108
f 2618//2618 2104//2104 2103//2103
f 2618//2618 2105//2105 2104//2104
f 2618//2618 2106//2106 2105//2105
f 2618//2618 2107//2107 2106//2106
f 2618//2618 2108//2108 2107//2107
f 2618//2618 2619//2619 2431//2431
f 2618//2618 2620//2620 2619//2619
f 2621//2621 2312//2312 2429//2429
f 2621//2621 2316//2316 2312//2312
f 2621//2621 2433//2433 2316//2316
f 2621//2621 2622//2622 2433//2433
f 2621//2621 2623//2623 2622//2622
f 2621//2621 2620//2620 2624//2624
f 2621//2621 2625//2625 2623//2623
f 2621//2621 2429//2429 2430//2430
f 2621//2621 2430//2430 2431//2431
f 2621//2621 2431//2431 2619//2619
f 2621//2621 2619//2619 2620//2620
f 2626//2626 2098//2098 203//203
f 2626//2626 2099//2099 2098//2098
f 2626//2626 2100//2100 2099//2099
f 2626//2626 2628//2628 2627//2627
f 2629//2629 2621//2621 2624//2624
f 2629//2629 2630//2630 2625//2625
f 2629//2629 2625//2625 2621//2621
f 2629//2629 2631//2631 2630//2630
f 2629//2629 2627//2627 2628//2628
f 2629//2629 2632//2632 2631//2631
f 2629//2629 2633//2633 2632//2632
f 2629//2629 2634//2634 2633//2633
f 2629//2629 2624//2624 2635//2635
f 2629//2629 2635//2635 2636//2636
f 2629//2629 2636//2636 2637//2637
f 2629//2629 2637//2637 2627//2627
f 2638//2638 2250//2250 2639//2639
f 2638//2638 2626//2626 203//203
f 2638//2638 203//203 2250//2250
f 2640//2640 2641//2641 2438//2438
f 2640//2640 2639//2639 2641//2641
f 2642//2642 2438//2438 2641//2641
f 2642//2642 2437//2437 2438//2438
f 2643//2643 2441//2441 2247//2247
f 2643//2643 2443//2443 2442//2442
f 2643//2643 2442//2442 2441//2441
f 2643//2643 2247//2247 2437//2437
f 2644//2644 2639//2639 2250//2250
f 2644//2644 2641//2641 2639//2639
f 2645//2645 2456//2456 2454//2454
f 2645//2645 2644//2644 2250//2250
f 2645//2645 2646//2646 2456//2456
f 2645//2645 2647//2647 2646//2646
f 2645//2645 2648//2648 2647//2647
f 2645//2645 2649//2649 2648//2648
f 2645//2645 2650//2650 2649//2649
f 2645//2645 2250//2250 2650//2650
f 2651//2651 2342//2342 2457//2457
f 2652//2652 2651//2651 2457//2457
f 2653//2653 2652//2652 2457//2457
f 2654//2654 2656//2656 2655//2655
f 2654//2654 2655//2655 2657//2657
f 2654//2654 2657//2657 2658//2658
f 2654//2654 2457//2457 2659//2659
f 2654//2654 2659//2659 2656//2656
f 2654//2654 2653//2653 2457//2457
f 2660//2660 2662//2662 2661//2661
f 2660//2660 2661//2661 2250//2250
f 2663//2663 2342//2342 2664//2664
f 2663//2663 2664//2664 2665//2665
f 2663//2663 2667//2667 2666//2666
f 2663//2663 2665//2665 2667//2667
f 2668//2668 2342//2342 2663//2663
f 2668//2668 2046//2046 2045//2045
f 2668//2668 2045//2045 2342//2342
f 2668//2668 2663//2663 2669//2669
f 2670//2670 2184//2184 2183//2183
f 2670//2670 2185//2185 2184//2184
f 2670//2670 2186//2186 2185//2185
f 2670//2670 2187//2187 2186//2186
f 2670//2670 2464//2464 2187//2187
f 2671//2671 2183//2183 2182//2182
f 2671//2671 2670//2670 2183//2183
f 2672//2672 2671//2671 2182//2182
f 2673//2673 2182//2182 2181//2181
f 2673//2673 2672//2672 2182//2182
f 2674//2674 2178//2178 2177//2177
f 2674//2674 2179//2179 2178//2178
f 2674//2674 2180//2180 2179//2179
f 2674//2674 2181//2181 2180//2180
f 2674//2674 2177//2177 2460//2460
f 2674//2674 2673//2673 2181//2181
f 2675//2675 2464//2464 2670//2670
f 2675//2675 2460//2460 2486//2486
f 2675//2675 2482//2482 2464//2464
f 2675//2675 2483//2483 2484//2484
f 2675//2675 2485//2485 2482//2482
f 2675//2675 2484//2484 2485//2485
f 2675//2675 2486//2486 2483//2483
f 2676//2676 2486//2486 2487//2487
f 2676//2676 2481//2481 2486//2486
f 2676//2676 2480//2480 2481//2481
f 2677//2677 2676//2676 2487//2487
f 2677//2677 2473//2473 2479//2479
f 2677//2677 2479//2479 2480//2480
f 2677//2677 2480//2480 2676//2676
f 2678//2678 2487//2487 2366//2366
f 2678//2678 2366//2366 2496//2496
f 2679//2679 2229//2229 2355//2355
f 2679//2679 2497//2497 2229//2229
f 2679//2679 2355//2355 2488//2488
f 2680//2680 2497//2497 2679//2679
f 2680//2680 2679//2679 2488//2488
f 2680//2680 2488//2488 2493//2493
f 2680//2680 2493//2493 2494//2494
f 2680//2680 2496//2496 2366//2366
f 2680//2680 2494//2494 2495//2495
f 2680//2680 2495//2495 2496//2496
f 2680//2680 2366//2366 2498//2498
f 2680//2680 2498//2498 2497//2497
f 2681//2681 2515//2515 2513//2513
f 2681//2681 2286//2286 2228//2228
f 2681//2681 2513//2513 2286//2286
f 2681//2681 2358//2358 2359//2359
f 2681//2681 2228//2228 2357//2357
f 2681//2681 2359//2359 2499//2499
f 2681//2681 2357//2357 2358//2358
f 2682//2682 2279//2279 2507//2507
f 2682//2682 2514//2514 2515//2515
f 2682//2682 2683//2683 2362//2362
f 2682//2682 2507//2507 2511//2511
f 2682//2682 2281//2281 2279//2279
f 2682//2682 2362//2362 2363//2363
f 2682//2682 2363//2363 2364//2364
f 2682//2682 2511//2511 2514//2514
f 2682//2682 2515//2515 2683//2683
f 2682//2682 2364//2364 2281//2281
f 2684//2684 2286//2286 2516//2516
f 2684//2684 2374//2374 2286//2286
f 2685//2685 2520//2520 2521//2521
f 2685//2685 2517//2517 2518//2518
f 2685//2685 2519//2519 2517//2517
f 2685//2685 2684//2684 2516//2516
f 2685//2685 2518//2518 2520//2520
f 2685//2685 2521//2521 2684//2684
f 2685//2685 2516//2516 2519//2519
f 2686//2686 2523//2523 2522//2522
f 2686//2686 2522//2522 2375//2375
f 2686//2686 2375//2375 2374//2374
f 2686//2686 2521//2521 2523//2523
f 2686//2686 2684//2684 2521//2521
f 2686//2686 2374//2374 2684//2684
f 2687//2687 2522//2522 2524//2524
f 2687//2687 2524//2524 2525//2525
f 2687//2687 2525//2525 2523//2523
f 2688//2688 2512//2512 2687//2687
f 2689//2689 2512//2512 2688//2688
f 2690//2690 2521//2521 2512//2512
f 2690//2690 2523//2523 2521//2521
f 2690//2690 2687//2687 2523//2523
f 2690//2690 2512//2512 2689//2689
f 2690//2690 2688//2688 2687//2687
f 2690//2690 2689//2689 2688//2688
f 2691//2691 2522//2522 2687//2687
f 2691//2691 2526//2526 2522//2522
f 2691//2691 2687//2687 2512//2512
f 2691//2691 2527//2527 2526//2526
f 2692//2692 2512//2512 2528//2528
f 2692//2692 2527//2527 2691//2691
f 2692//2692 2691//2691 2512//2512
f 2693//2693 2529//2529 2288//2288
f 2693//2693 2692//2692 2528//2528
f 2694//2694 2529//2529 2693//2693
f 2694//2694 2528//2528 2532//2532
f 2694//2694 2532//2532 2386//2386
f 2694//2694 2386//2386 2529//2529
f 2694//2694 2693//2693 2528//2528
f 2695//2695 2159//2159 2158//2158
f 2695//2695 2160//2160 2159//2159
f 2695//2695 2161//2161 2160//2160
f 2696//2696 2157//2157 2156//2156
f 2696//2696 2158//2158 2157//2157
f 2696//2696 2695//2695 2158//2158
f 2696//2696 2698//2698 2697//2697
f 2696//2696 2154//2154 2534//2534
f 2696//2696 2534//2534 2699//2699
f 2696//2696 2697//2697 2695//2695
f 2696//2696 2699//2699 2698//2698
f 2696//2696 2155//2155 2154//2154
f 2696//2696 2156//2156 2155//2155
f 2700//2700 2536//2536 2537//2537
f 2700//2700 2538//2538 2539//2539
f 2700//2700 2161//2161 2695//2695
f 2700//2700 2389//2389 2161//2161
f 2700//2700 2695//2695 2697//2697
f 2700//2700 2539//2539 2536//2536
f 2700//2700 2541//2541 2389//2389
f 2700//2700 2542//2542 2543//2543
f 2700//2700 2544//2544 2542//2542
f 2700//2700 2537//2537 2544//2544
f 2700//2700 2543//2543 2541//2541
f 2701//2701 2700//2700 2697//2697
f 2701//2701 2540//2540 2538//2538
f 2701//2701 2538//2538 2700//2700
f 2702//2702 2540//2540 2701//2701
f 2702//2702 2701//2701 2697//2697
f 2703//2703 2702//2702 2697//2697
f 2703//2703 2540//2540 2702//2702
f 2703//2703 2697//2697 2698//2698
f 2703//2703 2699//2699 2534//2534
f 2703//2703 2534//2534 2540//2540
f 2703//2703 2698//2698 2699//2699
f 2704//2704 2300//2300 2389//2389
f 2704//2704 2389//2389 2553//2553
f 2705//2705 2390//2390 2554//2554
f 2705//2705 2535//2535 2545//2545
f 2705//2705 2545//2545 2546//2546
f 2705//2705 2546//2546 2547//2547
f 2705//2705 2547//2547 2548//2548
f 2705//2705 2549//2549 2390//2390
f 2705//2705 2548//2548 2549//2549
f 2705//2705 2553//2553 2535//2535
f 2705//2705 2554//2554 2553//2553
f 2706//2706 2393//2393 2300//2300
f 2706//2706 2704//2704 2553//2553
f 2706//2706 2557//2557 2393//2393
f 2706//2706 2300//2300 2704//2704
f 2706//2706 2553//2553 2554//2554
f 2706//2706 2554//2554 2557//2557
f 2707//2707 2392//2392 2559//2559
f 2707//2707 2559//2559 2560//2560
f 2708//2708 2560//2560 2558//2558
f 2708//2708 2707//2707 2560//2560
f 2708//2708 2558//2558 2564//2564
f 2709//2709 2563//2563 2562//2562
f 2709//2709 2562//2562 2561//2561
f 2709//2709 2561//2561 2301//2301
f 2710//2710 2405//2405 2406//2406
f 2710//2710 2563//2563 2709//2709
f 2710//2710 2406//2406 2563//2563
f 2710//2710 2564//2564 2405//2405
f 2711//2711 2307//2307 2309//2309
f 2711//2711 2712//2712 2577//2577
f 2711//2711 2412//2412 2566//2566
f 2711//2711 2577//2577 2398//2398
f 2711//2711 2309//2309 2572//2572
f 2711//2711 2713//2713 2712//2712
f 2711//2711 2715//2715 2714//2714
f 2711//2711 2714//2714 2713//2713
f 2711//2711 2567//2567 2305//2305
f 2711//2711 2573//2573 2574//2574
f 2711//2711 2305//2305 2303//2303
f 2711//2711 2572//2572 2575//2575
f 2711//2711 2576//2576 2573//2573
f 2711//2711 2574//2574 2233//2233
f 2711//2711 2575//2575 2576//2576
f 2711//2711 2566//2566 2567//2567
f 2711//2711 2303//2303 2307//2307
f 2711//2711 2398//2398 2412//2412
f 2716//2716 2577//2577 2712//2712
f 2716//2716 2712//2712 2713//2713
f 2716//2716 2714//2714 2715//2715
f 2716//2716 2713//2713 2714//2714
f 2716//2716 2233//2233 2426//2426
f 2716//2716 2711//2711 2233//2233
f 2716//2716 2426//2426 2581//2581
f 2716//2716 2715//2715 2711//2711
f 2717//2717 2136//2136 2414//2414
f 2717//2717 2137//2137 2136//2136
f 2717//2717 2138//2138 2137//2137
f 2717//2717 2139//2139 2138//2138
f 2717//2717 2140//2140 2139//2139
f 2717//2717 2141//2141 2140//2140
f 2717//2717 2414//2414 2583//2583
f 2718//2718 2144//2144 2143//2143
f 2718//2718 2145//2145 2144//2144
f 2719//2719 2718//2718 2583//2583
f 2719//2719 2145//2145 2718//2718
f 2720//2720 2719//2719 2583//2583
f 2720//2720 2145//2145 2719//2719
f 2720//2720 2424//2424 2148//2148
f 2720//2720 2583//2583 2424//2424
f 2720//2720 2146//2146 2145//2145
f 2720//2720 2147//2147 2146//2146
f 2720//2720 2148//2148 2147//2147
f 2721//2721 2591//2591 2427//2427
f 2721//2721 2592//2592 2593//2593
f 2721//2721 2594//2594 2595//2595
f 2721//2721 2595//2595 2591//2591
f 2721//2721 2722//2722 2592//2592
f 2721//2721 2593//2593 2594//2594
f 2721//2721 2723//2723 2722//2722
f 2721//2721 2234//2234 2584//2584
f 2721//2721 2427//2427 2234//2234
f 2724//2724 2723//2723 2721//2721
f 2724//2724 2721//2721 2584//2584
f 2724//2724 2597//2597 2723//2723
f 2724//2724 2586//2586 2587//2587
f 2724//2724 2584//2584 2585//2585
f 2724//2724 2585//2585 2586//2586
f 2724//2724 2588//2588 2597//2597
f 2724//2724 2587//2587 2588//2588
f 2725//2725 2592//2592 2722//2722
f 2725//2725 2722//2722 2723//2723
f 2725//2725 2723//2723 2597//2597
f 2725//2725 2597//2597 2596//2596
f 2725//2725 2590//2590 2592//2592
f 2726//2726 2590//2590 2725//2725
f 2726//2726 2589//2589 2590//2590
f 2727//2727 2596//2596 2600//2600
f 2727//2727 2600//2600 2599//2599
f 2728//2728 2598//2598 2600//2600
f 2728//2728 2600//2600 2601//2601
f 2729//2729 2601//2601 2614//2614
f 2729//2729 2614//2614 2606//2606
f 2730//2730 2428//2428 2605//2605
f 2730//2730 2607//2607 2608//2608
f 2730//2730 2608//2608 2609//2609
f 2730//2730 2609//2609 2610//2610
f 2730//2730 2610//2610 2611//2611
f 2730//2730 2611//2611 2612//2612
f 2730//2730 2612//2612 2613//2613
f 2730//2730 2110//2110 2428//2428
f 2730//2730 2605//2605 2607//2607
f 2731//2731 2732//2732 2730//2730
f 2731//2731 2613//2613 2614//2614
f 2731//2731 2730//2730 2613//2613
f 2733//2733 2616//2616 2732//2732
f 2733//2733 2615//2615 2616//2616
f 2733//2733 2617//2617 2615//2615
f 2733//2733 2614//2614 2617//2617
f 2733//2733 2732//2732 2731//2731
f 2733//2733 2731//2731 2614//2614
f 2734//2734 2732//2732 2616//2616
f 2734//2734 2616//2616 2117//2117
f 2734//2734 2111//2111 2110//2110
f 2734//2734 2112//2112 2111//2111
f 2734//2734 2113//2113 2112//2112
f 2734//2734 2114//2114 2113//2113
f 2734//2734 2730//2730 2732//2732
f 2734//2734 2115//2115 2114//2114
f 2734//2734 2116//2116 2115//2115
f 2734//2734 2117//2117 2116//2116
f 2734//2734 2110//2110 2730//2730
f 2735//2735 2101//2101 2100//2100
f 2735//2735 2102//2102 2101//2101
f 2735//2735 2103//2103 2102//2102
f 2735//2735 2100//2100 2626//2626
f 2735//2735 2626//2626 2627//2627
f 2735//2735 2636//2636 2635//2635
f 2735//2735 2618//2618 2103//2103
f 2735//2735 2637//2637 2636//2636
f 2735//2735 2627//2627 2637//2637
f 2736//2736 2628//2628 2626//2626
f 2736//2736 2629//2629 2628//2628
f 2736//2736 2626//2626 2638//2638
f 2737//2737 2736//2736 2638//2638
f 2738//2738 2634//2634 2737//2737
f 2738//2738 2633//2633 2634//2634
f 2739//2739 2432//2432 2434//2434
f 2739//2739 2434//2434 2435//2435
f 2739//2739 2435//2435 2740//2740
f 2739//2739 2740//2740 2741//2741
f 2739//2739 2743//2743 2742//2742
f 2739//2739 2246//2246 2432//2432
f 2744//2744 2639//2639 2743//2743
f 2744//2744 2638//2638 2639//2639
f 2745//2745 2246//2246 2739//2739
f 2745//2745 2739//2739 2742//2742
f 2745//2745 2436//2436 2246//2246
f 2745//2745 2746//2746 2436//2436
f 2747//2747 2743//2743 2639//2639
f 2747//2747 2742//2742 2743//2743
f 2747//2747 2745//2745 2742//2742
f 2748//2748 2639//2639 2640//2640
f 2748//2748 2640//2640 2746//2746
f 2749//2749 2438//2438 2436//2436
f 2749//2749 2640//2640 2438//2438
f 2749//2749 2436//2436 2746//2746
f 2749//2749 2746//2746 2640//2640
f 2750//2750 2642//2642 2641//2641
f 2750//2750 2437//2437 2642//2642
f 2750//2750 2643//2643 2437//2437
f 2750//2750 2751//2751 2643//2643
f 2752//2752 2444//2444 2341//2341
f 2752//2752 2753//2753 2644//2644
f 2752//2752 2751//2751 2753//2753
f 2752//2752 2645//2645 2454//2454
f 2752//2752 2447//2447 2444//2444
f 2752//2752 2449//2449 2447//2447
f 2752//2752 2450//2450 2449//2449
f 2752//2752 2451//2451 2450//2450
f 2752//2752 2453//2453 2451//2451
f 2752//2752 2454//2454 2453//2453
f 2752//2752 2644//2644 2645//2645
f 2754//2754 2318//2318 2319//2319
f 2754//2754 2326//2326 2328//2328
f 2754//2754 2248//2248 2440//2440
f 2754//2754 2249//2249 2248//2248
f 2754//2754 2320//2320 2321//2321
f 2754//2754 2440//2440 2320//2320
f 2754//2754 2321//2321 2318//2318
f 2754//2754 2322//2322 2323//2323
f 2754//2754 2319//2319 2324//2324
f 2754//2754 2324//2324 2322//2322
f 2754//2754 2323//2323 2326//2326
f 2754//2754 2328//2328 2330//2330
f 2754//2754 2330//2330 2332//2332
f 2754//2754 2457//2457 2249//2249
f 2755//2755 2754//2754 2332//2332
f 2756//2756 2755//2755 2332//2332
f 2757//2757 2756//2756 2332//2332
f 2758//2758 2655//2655 2656//2656
f 2758//2758 2657//2657 2655//2655
f 2758//2758 2457//2457 2754//2754
f 2758//2758 2658//2658 2657//2657
f 2758//2758 2659//2659 2457//2457
f 2758//2758 2656//2656 2659//2659
f 2758//2758 2759//2759 2658//2658
f 2758//2758 2760//2760 2759//2759
f 2758//2758 2761//2761 2760//2760
f 2758//2758 2762//2762 2761//2761
f 2763//2763 2758//2758 2764//2764
f 2763//2763 2762//2762 2758//2758
f 2763//2763 2765//2765 2762//2762
f 2766//2766 2768//2768 2767//2767
f 2766//2766 2769//2769 2768//2768
f 2766//2766 2763//2763 2764//2764
f 2766//2766 2764//2764 2770//2770
f 2766//2766 2770//2770 2769//2769
f 2766//2766 2662//2662 2771//2771
f 2766//2766 2772//2772 2661//2661
f 2766//2766 2661//2661 2662//2662
f 2766//2766 2765//2765 2763//2763
f 2766//2766 2771//2771 2765//2765
f 2766//2766 2767//2767 2772//2772
f 2773//2773 2771//2771 2662//2662
f 2773//2773 2658//2658 2759//2759
f 2773//2773 2759//2759 2760//2760
f 2773//2773 2654//2654 2658//2658
f 2773//2773 2760//2760 2761//2761
f 2773//2773 2761//2761 2762//2762
f 2773//2773 2662//2662 2660//2660
f 2773//2773 2765//2765 2771//2771
f 2773//2773 2762//2762 2765//2765
f 2774//2774 2651//2651 2652//2652
f 2774//2774 2652//2652 2653//2653
f 2774//2774 2653//2653 2654//2654
f 2775//2775 2250//2250 202//202
f 2775//2775 2660//2660 2250//2250
f 2776//2776 2778//2778 2777//2777
f 2776//2776 2777//2777 2779//2779
f 2776//2776 2779//2779 2780//2780
f 2776//2776 2780//2780 2781//2781
f 2776//2776 2781//2781 2782//2782
f 2776//2776 2782//2782 2783//2783
f 2776//2776 2783//2783 2784//2784
f 2776//2776 2784//2784 2785//2785
f 2776//2776 2669//2669 2778//2778
f 2786//2786 2776//2776 2785//2785
f 2787//2787 2785//2785 2788//2788
f 2787//2787 2786//2786 2785//2785
f 2789//2789 2787//2787 2788//2788
f 2790//2790 2789//2789 2788//2788
f 2790//2790 2788//2788 2791//2791
f 2792//2792 2775//2775 2793//2793
f 2792//2792 2794//2794 2790//2790
f 2792//2792 2790//2790 2791//2791
f 2792//2792 2796//2796 2795//2795
f 2792//2792 2795//2795 2794//2794
f 2792//2792 2798//2798 2797//2797
f 2792//2792 2797//2797 2796//2796
f 2792//2792 2793//2793 2798//2798
f 2799//2799 2054//2054 2053//2053
f 2799//2799 2055//2055 2054//2054
f 2800//2800 2793//2793 2775//2775
f 2800//2800 2775//2775 202//202
f 2800//2800 2060//2060 2059//2059
f 2800//2800 2061//2061 2060//2060
f 2800//2800 2062//2062 2061//2061
f 2800//2800 2063//2063 2062//2062
f 2800//2800 202//202 2063//2063
f 2801//2801 2675//2675 2670//2670
f 2801//2801 2670//2670 2671//2671
f 2801//2801 2671//2671 2672//2672
f 2801//2801 2672//2672 2673//2673
f 2801//2801 2673//2673 2674//2674
f 2801//2801 2674//2674 2460//2460
f 2801//2801 2460//2460 2675//2675
f 2802//2802 2349//2349 2462//2462
f 2802//2802 2462//2462 2463//2463
f 2802//2802 2463//2463 2465//2465
f 2802//2802 2466//2466 2467//2467
f 2802//2802 2467//2467 2468//2468
f 2802//2802 2355//2355 2349//2349
f 2802//2802 2489//2489 2490//2490
f 2802//2802 2465//2465 2466//2466
f 2802//2802 2490//2490 2355//2355
f 2802//2802 2491//2491 2489//2489
f 2802//2802 2492//2492 2491//2491
f 2803//2803 2802//2802 2468//2468
f 2803//2803 2468//2468 2469//2469
f 2803//2803 2469//2469 2470//2470
f 2803//2803 2804//2804 2802//2802
f 2805//2805 2473//2473 2677//2677
f 2805//2805 2678//2678 2804//2804
f 2805//2805 2487//2487 2678//2678
f 2805//2805 2677//2677 2487//2487
f 2806//2806 2492//2492 2802//2802
f 2806//2806 2804//2804 2678//2678
f 2806//2806 2678//2678 2496//2496
f 2806//2806 2496//2496 2492//2492
f 2806//2806 2802//2802 2804//2804
f 2807//2807 2500//2500 2361//2361
f 2807//2807 2362//2362 2683//2683
f 2807//2807 2515//2515 2681//2681
f 2807//2807 2361//2361 2362//2362
f 2807//2807 2683//2683 2515//2515
f 2807//2807 2681//2681 2499//2499
f 2807//2807 2499//2499 2500//2500
f 2808//2808 2527//2527 2692//2692
f 2808//2808 2378//2378 2527//2527
f 2808//2808 2692//2692 2693//2693
f 2809//2809 2808//2808 2693//2693
f 2809//2809 2378//2378 2808//2808
f 2809//2809 2288//2288 2379//2379
f 2809//2809 2379//2379 2378//2378
f 2809//2809 2693//2693 2288//2288
f 2810//2810 2301//2301 2392//2392
f 2810//2810 2392//2392 2707//2707
f 2810//2810 2709//2709 2301//2301
f 2811//2811 2716//2716 2581//2581
f 2811//2811 2413//2413 2577//2577
f 2811//2811 2581//2581 2413//2413
f 2811//2811 2577//2577 2716//2716
f 2812//2812 2583//2583 2718//2718
f 2812//2812 2717//2717 2583//2583
f 2812//2812 2141//2141 2717//2717
f 2812//2812 2718//2718 2143//2143
f 2812//2812 2142//2142 2141//2141
f 2812//2812 2143//2143 2142//2142
f 2813//2813 2726//2726 2727//2727
f 2813//2813 2589//2589 2726//2726
f 2813//2813 2727//2727 2599//2599
f 2813//2813 2310//2310 2589//2589
f 2813//2813 2599//2599 2310//2310
f 2814//2814 2727//2727 2726//2726
f 2814//2814 2596//2596 2727//2727
f 2814//2814 2726//2726 2725//2725
f 2814//2814 2725//2725 2596//2596
f 2815//2815 2598//2598 2728//2728
f 2815//2815 2311//2311 2598//2598
f 2815//2815 2816//2816 2311//2311
f 2817//2817 2604//2604 2603//2603
f 2817//2817 2606//2606 2604//2604
f 2817//2817 2729//2729 2606//2606
f 2817//2817 2816//2816 2729//2729
f 2817//2817 2311//2311 2816//2816
f 2817//2817 2602//2602 2311//2311
f 2817//2817 2603//2603 2602//2602
f 2818//2818 2601//2601 2729//2729
f 2818//2818 2816//2816 2815//2815
f 2818//2818 2815//2815 2728//2728
f 2818//2818 2728//2728 2601//2601
f 2818//2818 2729//2729 2816//2816
f 2819//2819 2618//2618 2735//2735
f 2819//2819 2620//2620 2618//2618
f 2819//2819 2624//2624 2620//2620
f 2819//2819 2635//2635 2624//2624
f 2819//2819 2735//2735 2635//2635
f 2820//2820 2629//2629 2736//2736
f 2820//2820 2736//2736 2737//2737
f 2820//2820 2737//2737 2634//2634
f 2820//2820 2634//2634 2629//2629
f 2821//2821 2435//2435 2433//2433
f 2821//2821 2633//2633 2738//2738
f 2821//2821 2740//2740 2435//2435
f 2821//2821 2741//2741 2740//2740
f 2821//2821 2433//2433 2622//2622
f 2821//2821 2622//2622 2623//2623
f 2821//2821 2623//2623 2625//2625
f 2821//2821 2625//2625 2630//2630
f 2821//2821 2630//2630 2631//2631
f 2821//2821 2631//2631 2632//2632
f 2821//2821 2632//2632 2633//2633
f 2822//2822 2743//2743 2739//2739
f 2822//2822 2744//2744 2743//2743
f 2822//2822 2821//2821 2738//2738
f 2822//2822 2741//2741 2821//2821
f 2822//2822 2738//2738 2744//2744
f 2822//2822 2739//2739 2741//2741
f 2823//2823 2738//2738 2737//2737
f 2823//2823 2737//2737 2638//2638
f 2823//2823 2638//2638 2744//2744
f 2823//2823 2744//2744 2738//2738
f 2824//2824 2745//2745 2747//2747
f 2824//2824 2746//2746 2745//2745
f 2824//2824 2748//2748 2746//2746
f 2825//2825 2644//2644 2753//2753
f 2825//2825 2753//2753 2751//2751
f 2825//2825 2750//2750 2641//2641
f 2825//2825 2751//2751 2750//2750
f 2825//2825 2641//2641 2644//2644
f 2826//2826 2335//2335 2334//2334
f 2826//2826 2334//2334 2333//2333
f 2826//2826 2336//2336 2335//2335
f 2826//2826 2337//2337 2336//2336
f 2826//2826 2338//2338 2337//2337
f 2826//2826 2340//2340 2338//2338
f 2826//2826 2341//2341 2340//2340
f 2826//2826 2331//2331 2443//2443
f 2826//2826 2751//2751 2752//2752
f 2826//2826 2643//2643 2751//2751
f 2826//2826 2752//2752 2341//2341
f 2826//2826 2443//2443 2643//2643
f 2826//2826 2333//2333 2331//2331
f 2827//2827 2332//2332 2339//2339
f 2827//2827 2829//2829 2828//2828
f 2827//2827 2828//2828 2830//2830
f 2827//2827 2757//2757 2332//2332
f 2827//2827 2832//2832 2831//2831
f 2827//2827 2830//2830 2833//2833
f 2827//2827 2339//2339 2445//2445
f 2827//2827 2834//2834 2829//2829
f 2827//2827 2445//2445 2446//2446
f 2827//2827 2831//2831 2834//2834
f 2827//2827 2833//2833 2757//2757
f 2827//2827 2836//2836 2835//2835
f 2827//2827 2835//2835 2832//2832
f 2837//2837 2827//2827 2446//2446
f 2837//2837 2836//2836 2827//2827
f 2837//2837 2446//2446 2448//2448
f 2838//2838 2837//2837 2448//2448
f 2838//2838 2836//2836 2837//2837
f 2839//2839 2836//2836 2838//2838
f 2839//2839 2838//2838 2448//2448
f 2840//2840 2836//2836 2839//2839
f 2840//2840 2448//2448 2452//2452
f 2840//2840 2839//2839 2448//2448
f 2841//2841 2836//2836 2840//2840
f 2841//2841 2840//2840 2452//2452
f 2842//2842 2836//2836 2841//2841
f 2842//2842 2841//2841 2452//2452
f 2843//2843 2836//2836 2842//2842
f 2843//2843 2767//2767 2768//2768
f 2843//2843 2758//2758 2754//2754
f 2843//2843 2828//2828 2829//2829
f 2843//2843 2768//2768 2769//2769
f 2843//2843 2754//2754 2755//2755
f 2843//2843 2756//2756 2757//2757
f 2843//2843 2830//2830 2828//2828
f 2843//2843 2831//2831 2832//2832
f 2843//2843 2833//2833 2830//2830
f 2843//2843 2829//2829 2834//2834
f 2843//2843 2764//2764 2758//2758
f 2843//2843 2770//2770 2764//2764
f 2843//2843 2834//2834 2831//2831
f 2843//2843 2769//2769 2770//2770
f 2843//2843 2835//2835 2836//2836
f 2843//2843 2757//2757 2833//2833
f 2843//2843 2661//2661 2772//2772
f 2843//2843 2755//2755 2756//2756
f 2843//2843 2832//2832 2835//2835
f 2843//2843 2842//2842 2661//2661
f 2843//2843 2772//2772 2767//2767
f 2844//2844 2654//2654 2773//2773
f 2844//2844 2773//2773 2660//2660
f 2844//2844 2774//2774 2654//2654
f 2844//2844 2660//2660 2845//2845
f 2844//2844 2845//2845 2774//2774
f 2846//2846 2664//2664 2342//2342
f 2846//2846 2666//2666 2667//2667
f 2846//2846 2665//2665 2664//2664
f 2846//2846 2847//2847 2666//2666
f 2846//2846 2667//2667 2665//2665
f 2846//2846 2651//2651 2774//2774
f 2846//2846 2342//2342 2651//2651
f 2848//2848 2846//2846 2774//2774
f 2848//2848 2847//2847 2846//2846
f 2849//2849 2848//2848 2774//2774
f 2849//2849 2847//2847 2848//2848
f 2849//2849 2774//2774 2845//2845
f 2850//2850 2845//2845 2660//2660
f 2850//2850 2660//2660 2775//2775
f 2851//2851 2791//2791 2852//2852
f 2853//2853 2791//2791 2851//2851
f 2854//2854 2791//2791 2853//2853
f 2855//2855 2792//2792 2791//2791
f 2855//2855 2775//2775 2792//2792
f 2855//2855 2791//2791 2854//2854
f 2856//2856 2669//2669 2776//2776
f 2856//2856 2857//2857 2668//2668
f 2856//2856 2668//2668 2669//2669
f 2858//2858 2668//2668 2857//2857
f 2858//2858 2046//2046 2668//2668
f 2858//2858 2047//2047 2046//2046
f 2859//2859 2789//2789 2790//2790
f 2859//2859 2790//2790 2794//2794
f 2859//2859 2799//2799 2858//2858
f 2859//2859 2786//2786 2787//2787
f 2859//2859 2858//2858 2857//2857
f 2859//2859 2794//2794 2799//2799
f 2859//2859 2856//2856 2776//2776
f 2859//2859 2857//2857 2856//2856
f 2859//2859 2787//2787 2789//2789
f 2859//2859 2776//2776 2786//2786
f 2860//2860 2858//2858 2799//2799
f 2860//2860 2048//2048 2047//2047
f 2860//2860 2049//2049 2048//2048
f 2860//2860 2050//2050 2049//2049
f 2860//2860 2051//2051 2050//2050
f 2860//2860 2052//2052 2051//2051
f 2860//2860 2053//2053 2052//2052
f 2860//2860 2047//2047 2858//2858
f 2860//2860 2799//2799 2053//2053
f 2861//2861 2795//2795 2796//2796
f 2861//2861 2794//2794 2795//2795
f 2861//2861 2797//2797 2798//2798
f 2861//2861 2796//2796 2797//2797
f 2861//2861 2798//2798 2793//2793
f 2861//2861 2799//2799 2794//2794
f 2861//2861 2793//2793 2800//2800
f 2861//2861 2800//2800 2059//2059
f 2861//2861 2056//2056 2055//2055
f 2861//2861 2055//2055 2799//2799
f 2861//2861 2057//2057 2056//2056
f 2861//2861 2058//2058 2057//2057
f 2861//2861 2059//2059 2058//2058
f 2862//2862 2804//2804 2803//2803
f 2862//2862 2473//2473 2805//2805
f 2862//2862 2470//2470 2471//2471
f 2862//2862 2472//2472 2473//2473
f 2862//2862 2471//2471 2474//2474
f 2862//2862 2474//2474 2472//2472
f 2862//2862 2803//2803 2470//2470
f 2862//2862 2805//2805 2804//2804
f 2863//2863 2707//2707 2708//2708
f 2863//2863 2708//2708 2564//2564
f 2863//2863 2710//2710 2709//2709
f 2863//2863 2564//2564 2710//2710
f 2863//2863 2709//2709 2810//2810
f 2863//2863 2810//2810 2707//2707
f 2864//2864 2747//2747 2639//2639
f 2864//2864 2639//2639 2748//2748
f 2864//2864 2824//2824 2747//2747
f 2864//2864 2748//2748 2824//2824
f 2865//2865 2842//2842 2452//2452
f 2865//2865 2455//2455 2456//2456
f 2865//2865 2456//2456 2646//2646
f 2865//2865 2452//2452 2455//2455
f 2865//2865 2646//2646 2647//2647
f 2865//2865 2661//2661 2842//2842
f 2865//2865 2647//2647 2648//2648
f 2865//2865 2250//2250 2661//2661
f 2865//2865 2648//2648 2649//2649
f 2865//2865 2649//2649 2650//2650
f 2865//2865 2650//2650 2250//2250
f 2866//2866 2845//2845 2850//2850
f 2866//2866 2867//2867 2663//2663
f 2868//2868 2869//2869 2867//2867
f 2868//2868 2871//2871 2870//2870
f 2868//2868 2870//2870 2869//2869
f 2868//2868 2850//2850 2872//2872
f 2868//2868 2866//2866 2850//2850
f 2868//2868 2867//2867 2866//2866
f 2873//2873 2867//2867 2869//2869
f 2873//2873 2870//2870 2871//2871
f 2873//2873 2869//2869 2870//2870
f 2873//2873 2871//2871 2868//2868
f 2873//2873 2663//2663 2867//2867
f 2874//2874 2872//2872 2873//2873
f 2874//2874 2873//2873 2868//2868
f 2875//2875 2872//2872 2874//2874
f 2875//2875 2874//2874 2868//2868
f 2876//2876 2868//2868 2872//2872
f 2876//2876 2872//2872 2875//2875
f 2876//2876 2875//2875 2868//2868
f 2877//2877 2777//2777 2778//2778
f 2877//2877 2779//2779 2777//2777
f 2877//2877 2663//2663 2873//2873
f 2877//2877 2669//2669 2663//2663
f 2877//2877 2778//2778 2669//2669
f 2878//2878 2850//2850 2775//2775
f 2878//2878 2872//2872 2850//2850
f 2879//2879 2780//2780 2779//2779
f 2879//2879 2781//2781 2780//2780
f 2879//2879 2782//2782 2781//2781
f 2879//2879 2783//2783 2782//2782
f 2879//2879 2784//2784 2783//2783
f 2879//2879 2785//2785 2784//2784
f 2879//2879 2788//2788 2785//2785
f 2879//2879 2779//2779 2877//2877
f 2879//2879 2877//2877 2880//2880
f 2881//2881 2788//2788 2879//2879
f 2881//2881 2852//2852 2791//2791
f 2881//2881 2879//2879 2880//2880
f 2881//2881 2791//2791 2788//2788
f 2881//2881 2880//2880 2852//2852
f 2882//2882 2663//2663 2666//2666
f 2882//2882 2849//2849 2845//2845
f 2882//2882 2845//2845 2866//2866
f 2882//2882 2847//2847 2849//2849
f 2882//2882 2666//2666 2847//2847
f 2882//2882 2866//2866 2663//2663
f 2883//2883 2873//2873 2872//2872
f 2883//2883 2877//2877 2873//2873
f 2883//2883 2880//2880 2877//2877
f 2883//2883 2852//2852 2880//2880
f 2883//2883 2872//2872 2878//2878
f 2884//2884 2883//2883 2878//2878
f 2884//2884 2851//2851 2852//2852
f 2884//2884 2853//2853 2851//2851
f 2884//2884 2878//2878 2775//2775
f 2884//2884 2854//2854 2853//2853
f 2884//2884 2775//2775 2855//2855
f 2884//2884 2855//2855 2854//2854
f 2884//2884 2852//2852 2883//2883
f 230//230 2076//2076 231//231
f 230//230 2885//2885 2076//2076
f 203//203 2886//2886 204//204
f 2109//2109 2886//2886 203//203
f 2108//2108 2109//2109 203//203
f 2107//2107 2108//2108 203//203
f 2106//2106 2107//2107 203//203
f 2102//2102 2099//2099 2100//2100
f 2102//2102 2100//2100 2101//2101
f 2105//2105 2106//2106 203//203
f 2103//2103 2098//2098 2099//2099
f 2103//2103 2099//2099 2102//2102
f 2104//2104 203//203 2098//2098
f 2104//2104 2098//2098 2103//2103
f 2104//2104 2105//2105 203//203
f 229//229 2885//2885 230//230
f 229//229 2887//2887 2885//2885
f 204//204 2888//2888 205//205
f 204//204 2886//2886 2888//2888
f 228//228 2887//2887 229//229
f 228//228 2889//2889 2887//2887
f 205//205 2890//2890 206//206
f 205//205 2888//2888 2890//2890
f 227//227 2889//2889 228//228
f 227//227 2891//2891 2889//2889
f 206//206 2892//2892 207//207
f 206//206 2890//2890 2892//2892
f 226//226 2891//2891 227//227
f 226//226 2893//2893 2891//2891
f 207//207 2894//2894 208//208
f 207//207 2892//2892 2894//2894
f 225//225 2893//2893 226//226
f 225//225 2895//2895 2893//2893
f 2895//2895 2899//2899 2896//2896
f 2895//2895 2898//2898 2899//2899
f 2895//2895 2897//2897 2898//2898
f 2895//2895 225//225 2897//2897
f 208//208 2900//2900 209//209
f 208//208 2894//2894 2900//2900
f 2897//2897 225//225 224//224
f 2898//2898 224//224 2913//2913
f 2898//2898 2913//2913 2914//2914
f 2898//2898 2914//2914 2915//2915
f 2898//2898 2897//2897 224//224
f 2899//2899 2915//2915 2916//2916
f 2899//2899 2916//2916 2917//2917
f 2899//2899 2898//2898 2915//2915
f 2896//2896 2917//2917 2912//2912
f 2896//2896 2899//2899 2917//2917
f 2918//2918 2896//2896 2912//2912
f 2919//2919 2918//2918 2912//2912
f 2920//2920 2919//2919 2912//2912
f 2921//2921 2920//2920 2912//2912
f 2922//2922 2921//2921 2912//2912
f 2923//2923 2922//2922 2912//2912
f 2924//2924 2923//2923 2912//2912
f 2925//2925 2924//2924 2912//2912
f 2940//2940 2937//2937 2936//2936
f 2940//2940 2938//2938 2937//2937
f 2940//2940 2939//2939 2938//2938
f 2941//2941 2936//2936 2935//2935
f 2941//2941 2940//2940 2936//2936
f 2942//2942 2935//2935 2934//2934
f 2942//2942 2941//2941 2935//2935
f 2943//2943 2942//2942 2934//2934
f 2944//2944 2933//2933 2932//2932
f 2944//2944 2934//2934 2933//2933
f 2944//2944 2943//2943 2934//2934
f 2945//2945 2932//2932 2931//2931
f 2945//2945 2944//2944 2932//2932
f 2946//2946 2931//2931 2930//2930
f 2946//2946 2945//2945 2931//2931
f 2947//2947 2930//2930 2929//2929
f 2947//2947 2946//2946 2930//2930
f 2948//2948 2947//2947 2929//2929
f 2948//2948 2929//2929 2928//2928
f 2949//2949 2948//2948 2928//2928
f 2949//2949 2928//2928 2927//2927
f 2950//2950 2949//2949 2927//2927
f 2950//2950 2927//2927 2926//2926
f 2951//2951 2950//2950 2926//2926
f 2965//2965 2961//2961 2960//2960
f 2965//2965 2962//2962 2961//2961
f 2965//2965 2963//2963 2962//2962
f 2965//2965 2964//2964 2963//2963
f 2966//2966 2965//2965 2960//2960
f 2967//2967 2966//2966 2960//2960
f 2967//2967 2959//2959 2958//2958
f 2967//2967 2960//2960 2959//2959
f 2968//2968 2967//2967 2958//2958
f 2968//2968 2958//2958 2957//2957
f 2969//2969 2968//2968 2957//2957
f 2970//2970 2969//2969 2957//2957
f 2971//2971 2970//2970 2957//2957
f 2971//2971 2956//2956 2955//2955
f 2971//2971 2957//2957 2956//2956
f 2972//2972 2955//2955 2954//2954
f 2972//2972 2971//2971 2955//2955
f 2973//2973 2972//2972 2954//2954
f 2974//2974 2973//2973 2954//2954
f 2975//2975 2974//2974 2954//2954
f 2975//2975 2954//2954 2953//2953
f 2976//2976 2953//2953 2952//2952
f 2976//2976 2975//2975 2953//2953
f 2977//2977 2976//2976 2952//2952
f 2991//2991 2984//2984 2983//2983
f 2991//2991 2985//2985 2984//2984
f 2991//2991 2986//2986 2985//2985
f 2991//2991 2987//2987 2986//2986
f 2991//2991 2988//2988 2987//2987
f 2991//2991 2989//2989 2988//2988
f 2991//2991 2990//2990 2989//2989
f 2992//2992 2991//2991 2983//2983
f 2993//2993 2992//2992 2983//2983
f 2994//2994 2993//2993 2983//2983
f 2994//2994 2982//2982 2981//2981
f 2994//2994 2983//2983 2982//2982
f 2995//2995 2981//2981 2980//2980
f 2995//2995 2994//2994 2981//2981
f 2996//2996 2995//2995 2980//2980
f 2997//2997 2996//2996 2980//2980
f 2998//2998 2997//2997 2980//2980
f 2999//2999 2980//2980 2979//2979
f 2999//2999 2998//2998 2980//2980
f 3000//3000 2999//2999 2979//2979
f 3001//3001 3000//3000 2979//2979
f 3002//3002 3001//3001 2979//2979
f 3002//3002 2979//2979 2978//2978
f 3003//3003 3002//3002 2978//2978
f 2901//2901 3013//3013 3012//3012
f 2901//2901 3014//3014 3013//3013
f 2901//2901 3015//3015 3014//3014
f 2901//2901 2902//2902 3015//3015
f 2903//2903 2901//2901 3012//3012
f 2904//2904 3012//3012 3011//3011
f 2904//2904 2903//2903 3012//3012
f 2905//2905 3011//3011 3010//3010
f 2905//2905 2904//2904 3011//3011
f 2906//2906 3010//3010 3009//3009
f 2906//2906 2905//2905 3010//3010
f 2907//2907 2906//2906 3009//3009
f 2908//2908 2907//2907 3009//3009
f 2909//2909 2908//2908 3009//3009
f 2910//2910 2909//2909 3009//3009
f 2911//2911 3005//3005 3004//3004
f 2911//2911 3006//3006 3005//3005
f 2911//2911 3007//3007 3006//3006
f 2911//2911 3008//3008 3007//3007
f 2911//2911 3009//3009 3008//3008
f 2911//2911 2910//2910 3009//3009
f 2911//2911 2952//2952 2912//2912
f 2952//2952 2951//2951 2912//2912
f 2951//2951 2926//2926 2912//2912
f 2926//2926 2925//2925 2912//2912
f 2911//2911 2977//2977 2952//2952
f 2911//2911 2978//2978 2977//2977
f 2911//2911 3003//3003 2978//2978
f 2911//2911 3004//3004 3003//3003
f 210//210 2900//2900 3020//3020
f 209//209 2900//2900 210//210
f 3016//3016 3017//3017 3020//3020
f 3017//3017 3018//3018 3020//3020
f 3018//3018 3019//3019 3020//3020
f 3019//3019 210//210 3020//3020
f 2913//2913 223//223 3021//3021
f 2913//2913 224//224 223//223
f 2914//2914 3021//3021 3022//3022
f 2914//2914 2913//2913 3021//3021
f 2915//2915 3022//3022 3023//3023
f 2915//2915 2914//2914 3022//3022
f 2916//2916 3023//3023 3024//3024
f 2916//2916 2915//2915 3023//3023
f 2917//2917 3024//3024 3025//3025
f 2917//2917 2916//2916 3024//3024
f 2912//2912 3025//3025 3026//3026
f 2912//2912 2917//2917 3025//3025
f 3028//3028 3027//3027 3133//3133
f 3029//3029 3028//3028 3133//3133
f 3030//3030 3029//3029 3133//3133
f 3031//3031 3133//3133 3134//3134
f 3031//3031 3134//3134 3135//3135
f 3031//3031 3030//3030 3133//3133
f 3032//3032 3135//3135 3136//3136
f 3032//3032 3031//3031 3135//3135
f 3033//3033 3136//3136 3137//3137
f 3033//3033 3032//3032 3136//3136
f 3034//3034 3137//3137 3138//3138
f 3034//3034 3138//3138 3139//3139
f 3034//3034 3139//3139 3140//3140
f 3034//3034 3140//3140 3141//3141
f 3034//3034 3141//3141 3132//3132
f 3034//3034 3033//3033 3137//3137
f 3035//3035 3034//3034 3132//3132
f 3036//3036 3035//3035 3132//3132
f 3037//3037 3036//3036 3132//3132
f 3038//3038 3037//3037 3132//3132
f 3039//3039 3038//3038 3132//3132
f 3054//3054 3053//3053 3052//3052
f 3055//3055 3054//3054 3052//3052
f 3056//3056 3055//3055 3052//3052
f 3057//3057 3056//3056 3052//3052
f 3058//3058 3057//3057 3052//3052
f 3059//3059 3058//3058 3052//3052
f 3060//3060 3059//3059 3052//3052
f 3060//3060 3050//3050 3049//3049
f 3060//3060 3051//3051 3050//3050
f 3060//3060 3052//3052 3051//3051
f 3061//3061 3049//3049 3048//3048
f 3061//3061 3060//3060 3049//3049
f 3062//3062 3061//3061 3048//3048
f 3063//3063 3045//3045 3044//3044
f 3063//3063 3046//3046 3045//3045
f 3063//3063 3047//3047 3046//3046
f 3063//3063 3048//3048 3047//3047
f 3063//3063 3062//3062 3048//3048
f 3064//3064 3063//3063 3044//3044
f 3064//3064 3042//3042 3041//3041
f 3064//3064 3043//3043 3042//3042
f 3064//3064 3044//3044 3043//3043
f 3065//3065 3041//3041 3040//3040
f 3065//3065 3064//3064 3041//3041
f 3080//3080 3079//3079 3078//3078
f 3081//3081 3080//3080 3078//3078
f 3082//3082 3081//3081 3078//3078
f 3083//3083 3077//3077 3076//3076
f 3083//3083 3078//3078 3077//3077
f 3083//3083 3082//3082 3078//3078
f 3084//3084 3083//3083 3076//3076
f 3084//3084 3076//3076 3075//3075
f 3085//3085 3084//3084 3075//3075
f 3085//3085 3075//3075 3074//3074
f 3086//3086 3073//3073 3072//3072
f 3086//3086 3074//3074 3073//3073
f 3086//3086 3085//3085 3074//3074
f 3087//3087 3086//3086 3072//3072
f 3088//3088 3087//3087 3072//3072
f 3088//3088 3072//3072 3071//3071
f 3089//3089 3069//3069 3068//3068
f 3089//3089 3070//3070 3069//3069
f 3089//3089 3071//3071 3070//3070
f 3089//3089 3088//3088 3071//3071
f 3090//3090 3068//3068 3067//3067
f 3090//3090 3089//3089 3068//3068
f 3091//3091 3090//3090 3067//3067
f 3091//3091 3067//3067 3066//3066
f 3105//3105 3104//3104 3103//3103
f 3106//3106 3105//3105 3103//3103
f 3106//3106 3103//3103 3102//3102
f 3107//3107 3106//3106 3102//3102
f 3107//3107 3102//3102 3101//3101
f 3108//3108 3107//3107 3101//3101
f 3108//3108 3101//3101 3100//3100
f 3109//3109 3108//3108 3100//3100
f 3109//3109 3100//3100 3099//3099
f 3110//3110 3109//3109 3099//3099
f 3111//3111 3099//3099 3098//3098
f 3111//3111 3110//3110 3099//3099
f 3112//3112 3111//3111 3098//3098
f 3112//3112 3098//3098 3097//3097
f 3113//3113 3112//3112 3097//3097
f 3113//3113 3097//3097 3096//3096
f 3114//3114 3113//3113 3096//3096
f 3114//3114 3096//3096 3095//3095
f 3115//3115 3114//3114 3095//3095
f 3115//3115 3095//3095 3094//3094
f 3116//3116 3115//3115 3094//3094
f 3116//3116 3094//3094 3093//3093
f 3117//3117 3116//3116 3093//3093
f 3117//3117 3093//3093 3092//3092
f 211//211 3019//3019 3018//3018
f 211//211 210//210 3019//3019
f 3126//3126 3018//3018 3017//3017
f 3126//3126 211//211 3018//3018
f 3127//3127 3126//3126 3017//3017
f 3128//3128 3127//3127 3017//3017
f 3129//3129 3128//3128 3017//3017
f 3130//3130 3129//3129 3017//3017
f 3130//3130 3017//3017 3016//3016
f 3131//3131 3130//3130 3016//3016
f 3131//3131 3119//3119 3118//3118
f 3131//3131 3120//3120 3119//3119
f 3131//3131 3121//3121 3120//3120
f 3131//3131 3122//3122 3121//3121
f 3131//3131 3123//3123 3122//3122
f 3131//3131 3124//3124 3123//3123
f 3131//3131 3125//3125 3124//3124
f 3131//3131 3016//3016 3125//3125
f 3131//3131 3040//3040 3132//3132
f 3040//3040 3039//3039 3132//3132
f 3131//3131 3065//3065 3040//3040
f 3131//3131 3066//3066 3065//3065
f 3131//3131 3091//3091 3066//3066
f 3131//3131 3092//3092 3091//3091
f 3131//3131 3117//3117 3092//3092
f 3131//3131 3118//3118 3117//3117
f 3021//3021 222//222 3142//3142
f 3021//3021 223//223 222//222
f 3022//3022 3142//3142 3143//3143
f 3022//3022 3021//3021 3142//3142
f 3023//3023 3143//3143 3144//3144
f 3023//3023 3022//3022 3143//3143
f 3024//3024 3144//3144 3145//3145
f 3024//3024 3023//3023 3144//3144
f 3025//3025 3145//3145 3146//3146
f 3025//3025 3024//3024 3145//3145
f 3026//3026 3146//3146 3147//3147
f 3026//3026 3025//3025 3146//3146
f 3148//3148 211//211 3126//3126
f 3148//3148 3126//3126 3127//3127
f 3148//3148 212//212 211//211
f 3149//3149 3127//3127 3128//3128
f 3149//3149 3148//3148 3127//3127
f 3150//3150 3128//3128 3129//3129
f 3150//3150 3149//3149 3128//3128
f 3151//3151 3150//3150 3129//3129
f 3152//3152 3129//3129 3130//3130
f 3152//3152 3151//3151 3129//3129
f 3153//3153 3130//3130 3131//3131
f 3153//3153 3152//3152 3130//3130
f 3142//3142 221//221 3154//3154
f 3142//3142 222//222 221//221
f 3143//3143 3154//3154 3155//3155
f 3143//3143 3142//3142 3154//3154
f 3144//3144 3155//3155 3156//3156
f 3144//3144 3143//3143 3155//3155
f 3145//3145 3156//3156 3157//3157
f 3145//3145 3144//3144 3156//3156
f 3146//3146 3157//3157 3158//3158
f 3146//3146 3145//3145 3157//3157
f 3147//3147 3158//3158 3159//3159
f 3147//3147 3146//3146 3158//3158
f 3160//3160 212//212 3148//3148
f 3160//3160 213//213 212//212
f 3161//3161 3148//3148 3149//3149
f 3161//3161 3160//3160 3148//3148
f 3162//3162 3149//3149 3150//3150
f 3162//3162 3161//3161 3149//3149
f 3163//3163 3150//3150 3151//3151
f 3163//3163 3162//3162 3150//3150
f 3164//3164 3151//3151 3152//3152
f 3164//3164 3163//3163 3151//3151
f 3165//3165 3152//3152 3153//3153
f 3165//3165 3164//3164 3152//3152
f 3154//3154 220//220 3166//3166
f 3154//3154 221//221 220//220
f 3155//3155 3166//3166 3167//3167
f 3155//3155 3154//3154 3166//3166
f 3156//3156 3167//3167 3168//3168
f 3156//3156 3155//3155 3167//3167
f 3157//3157 3168//3168 3169//3169
f 3157//3157 3156//3156 3168//3168
f 3158//3158 3169//3169 3170//3170
f 3158//3158 3157//3157 3169//3169
f 3159//3159 3170//3170 3171//3171
f 3159//3159 3158//3158 3170//3170
f 3172//3172 213//213 3160//3160
f 3172//3172 214//214 213//213
f 3173//3173 3160//3160 3161//3161
f 3173//3173 3172//3172 3160//3160
f 3174//3174 3161//3161 3162//3162
f 3174//3174 3173//3173 3161//3161
f 3175//3175 3162//3162 3163//3163
f 3175//3175 3174//3174 3162//3162
f 3176//3176 3163//3163 3164//3164
f 3176//3176 3175//3175 3163//3163
f 3177//3177 3164//3164 3165//3165
f 3177//3177 3176//3176 3164//3164
f 3166//3166 219//219 3178//3178
f 3166//3166 220//220 219//219
f 3167//3167 3178//3178 3179//3179
f 3167//3167 3166//3166 3178//3178
f 3168//3168 3179//3179 3180//3180
f 3168//3168 3167//3167 3179//3179
f 3169//3169 3180//3180 3181//3181
f 3169//3169 3168//3168 3180//3180
f 3170//3170 3181//3181 3182//3182
f 3170//3170 3169//3169 3181//3181
f 3171//3171 3182//3182 3183//3183
f 3171//3171 3170//3170 3182//3182
f 3184//3184 214//214 3172//3172
f 3184//3184 215//215 214//214
f 3185//3185 3172//3172 3173//3173
f 3185//3185 3184//3184 3172//3172
f 3186//3186 3173//3173 3174//3174
f 3186//3186 3185//3185 3173//3173
f 3187//3187 3174//3174 3175//3175
f 3187//3187 3186//3186 3174//3174
f 3188//3188 3175//3175 3176//3176
f 3188//3188 3187//3187 3175//3175
f 3189//3189 3176//3176 3177//3177
f 3189//3189 3188//3188 3176//3176
f 3178//3178 218//218 3190//3190
f 3178//3178 219//219 218//218
f 3179//3179 3190//3190 3191//3191
f 3179//3179 3178//3178 3190//3190
f 3180//3180 3191//3191 3192//3192
f 3180//3180 3179//3179 3191//3191
f 3181//3181 3192//3192 3193//3193
f 3181//3181 3180//3180 3192//3192
f 3182//3182 3193//3193 3194//3194
f 3182//3182 3181//3181 3193//3193
f 3183//3183 3194//3194 3195//3195
f 3183//3183 3182//3182 3194//3194
f 3196//3196 215//215 3184//3184
f 3196//3196 216//216 215//215
f 3197//3197 3184//3184 3185//3185
f 3197//3197 3196//3196 3184//3184
f 3198//3198 3185//3185 3186//3186
f 3198//3198 3197//3197 3185//3185
f 3199//3199 3186//3186 3187//3187
f 3199//3199 3198//3198 3186//3186
f 3200//3200 3187//3187 3188//3188
f 3200//3200 3199//3199 3187//3187
f 3201//3201 3188//3188 3189//3189
f 3201//3201 3200//3200 3188//3188
f 218//218 217//217 3202//3202
f 3190//3190 3202//3202 3203//3203
f 3190//3190 218//218 3202//3202
f 3191//3191 3190//3190 3203//3203
f 3192//3192 3203//3203 3204//3204
f 3192//3192 3204//3204 3205//3205
f 3192//3192 3191//3191 3203//3203
f 3193//3193 3192//3192 3205//3205
f 3194//3194 3205//3205 3206//3206
f 3194//3194 3193//3193 3205//3205
f 3195//3195 3206//3206 3207//3207
f 3195//3195 3194//3194 3206//3206
f 3202//3202 216//216 3196//3196
f 3202//3202 217//217 216//216
f 3203//3203 3196//3196 3197//3197
f 3203//3203 3202//3202 3196//3196
f 3204//3204 3197//3197 3198//3198
f 3204//3204 3203//3203 3197//3197
f 3205//3205 3198//3198 3199//3199
f 3205//3205 3204//3204 3198//3198
f 3206//3206 3199//3199 3200//3200
f 3206//3206 3205//3205 3199//3199
f 3207//3207 3200//3200 3201//3201
f 3207//3207 3206//3206 3200//3200
f 3316//3316 3318//3318 3317//3317
f 3319//3319 3321//3321 3320//3320
f 3319//3319 3317//3317 3321//3321
f 3319//3319 3320//3320 310//310
f 3319//3319 310//310 311//311
f 3319//3319 311//311 312//312
f 3322//3322 3287//3287 3323//3323
f 3209//3209 3212//3212 3208//3208
f 3322//3322 3288//3288 3287//3287
f 3322//3322 3289//3289 3288//3288
f 3324//3324 3318//3318 3316//3316
f 3324//3324 3323//3323 3318//3318
f 3325//3325 3316//3316 3317//3317
f 3325//3325 3317//3317 3319//3319
f 3325//3325 3319//3319 312//312
f 3325//3325 312//312 313//313
f 3325//3325 313//313 314//314
f 3326//3326 3289//3289 3322//3322
f 3326//3326 3290//3290 3289//3289
f 3326//3326 3291//3291 3290//3290
f 3327//3327 3322//3322 3323//3323
f 3327//3327 3323//3323 3324//3324
f 3327//3327 3326//3326 3322//3322
f 3328//3328 3327//3327 3324//3324
f 3328//3328 3324//3324 3316//3316
f 3328//3328 3316//3316 3325//3325
f 3328//3328 3325//3325 314//314
f 3328//3328 314//314 315//315
f 3328//3328 315//315 316//316
f 241//241 3211//3211 240//240
f 3329//3329 3291//3291 3326//3326
f 3329//3329 3292//3292 3291//3291
f 3329//3329 3293//3293 3292//3292
f 3330//3330 3326//3326 3327//3327
f 3330//3330 3329//3329 3326//3326
f 3331//3331 3327//3327 3328//3328
f 3331//3331 3328//3328 316//316
f 3331//3331 316//316 317//317
f 3331//3331 317//317 318//318
f 3332//3332 3293//3293 3329//3329
f 3332//3332 3294//3294 3293//3293
f 3332//3332 3295//3295 3294//3294
f 3333//3333 3329//3329 3330//3330
f 3334//3334 3330//3330 3327//3327
f 3334//3334 3327//3327 3331//3331
f 3334//3334 318//318 319//319
f 3334//3334 319//319 320//320
f 3334//3334 3331//3331 318//318
f 3335//3335 3296//3296 3295//3295
f 3335//3335 3297//3297 3296//3296
f 3335//3335 3295//3295 3332//3332
f 3336//3336 3329//3329 3333//3333
f 3336//3336 3332//3332 3329//3329
f 3336//3336 3335//3335 3332//3332
f 3337//3337 3333//3333 3330//3330
f 3337//3337 320//320 321//321
f 3337//3337 3330//3330 3334//3334
f 3337//3337 321//321 322//322
f 3337//3337 3334//3334 320//320
f 3338//3338 3297//3297 3335//3335
f 3338//3338 3298//3298 3297//3297
f 3338//3338 3299//3299 3298//3298
f 3339//3339 3335//3335 3336//3336
f 3340//3340 3337//3337 322//322
f 3340//3340 322//322 323//323
f 3340//3340 323//323 324//324
f 3340//3340 3336//3336 3333//3333
f 3340//3340 3333//3333 3337//3337
f 3341//3341 3299//3299 3338//3338
f 3341//3341 3300//3300 3299//3299
f 3341//3341 3301//3301 3300//3300
f 3342//3342 3338//3338 3335//3335
f 3342//3342 3335//3335 3339//3339
f 3343//3343 3339//3339 3336//3336
f 3343//3343 3340//3340 324//324
f 3343//3343 324//324 325//325
f 3343//3343 325//325 326//326
f 3343//3343 3336//3336 3340//3340
f 3344//3344 3301//3301 3341//3341
f 3344//3344 3302//3302 3301//3301
f 3344//3344 3303//3303 3302//3302
f 3345//3345 3344//3344 3341//3341
f 3345//3345 3338//3338 3342//3342
f 3345//3345 3341//3341 3338//3338
f 3346//3346 3342//3342 3339//3339
f 3346//3346 3339//3339 3343//3343
f 3346//3346 3343//3343 326//326
f 3346//3346 326//326 327//327
f 3346//3346 327//327 328//328
f 3347//3347 3304//3304 3303//3303
f 3347//3347 3303//3303 3344//3344
f 3347//3347 3305//3305 3304//3304
f 3348//3348 3344//3344 3345//3345
f 3349//3349 3345//3345 3342//3342
f 3349//3349 3342//3342 3346//3346
f 3349//3349 3348//3348 3345//3345
f 3349//3349 3346//3346 328//328
f 3349//3349 328//328 329//329
f 3349//3349 329//329 330//330
f 3350//3350 3306//3306 3305//3305
f 3350//3350 3307//3307 3306//3306
f 3350//3350 3305//3305 3347//3347
f 3351//3351 3347//3347 3344//3344
f 3351//3351 3344//3344 3348//3348
f 3352//3352 3348//3348 3349//3349
f 3352//3352 3349//3349 330//330
f 3352//3352 330//330 331//331
f 3352//3352 331//331 332//332
f 3353//3353 3308//3308 3307//3307
f 3353//3353 3309//3309 3308//3308
f 3353//3353 3307//3307 3350//3350
f 3354//3354 3350//3350 3347//3347
f 3354//3354 3353//3353 3350//3350
f 3354//3354 3347//3347 3351//3351
f 3355//3355 3351//3351 3348//3348
f 3355//3355 3348//3348 3352//3352
f 3355//3355 3352//3352 332//332
f 3355//3355 332//332 333//333
f 3355//3355 333//333 334//334
f 3356//3356 3310//3310 3309//3309
f 3356//3356 3311//3311 3310//3310
f 3356//3356 3309//3309 3353//3353
f 3357//3357 3353//3353 3354//3354
f 3357//3357 3356//3356 3353//3353
f 3358//3358 3351//3351 3355//3355
f 3358//3358 3354//3354 3351//3351
f 3358//3358 3357//3357 3354//3354
f 3358//3358 3355//3355 334//334
f 3358//3358 334//334 335//335
f 3358//3358 335//335 336//336
f 3359//3359 3312//3312 3311//3311
f 3359//3359 3313//3313 3312//3312
f 3359//3359 3311//3311 3356//3356
f 3360//3360 3356//3356 3357//3357
f 3361//3361 3357//3357 3358//3358
f 3361//3361 3358//3358 336//336
f 3361//3361 336//336 337//337
f 3361//3361 337//337 338//338
f 3362//3362 3314//3314 3313//3313
f 3362//3362 3315//3315 3314//3314
f 3362//3362 3313//3313 3359//3359
f 3362//3362 3209//3209 3315//3315
f 3363//3363 3356//3356 3360//3360
f 3363//3363 3359//3359 3356//3356
f 3364//3364 3360//3360 3357//3357
f 3364//3364 3361//3361 338//338
f 3364//3364 3357//3357 3361//3361
f 3364//3364 338//338 339//339
f 3364//3364 339//339 340//340
f 3365//3365 3210//3210 3209//3209
f 3365//3365 3209//3209 3362//3362
f 3365//3365 3362//3362 3359//3359
f 3365//3365 3359//3359 3363//3363
f 3366//3366 340//340 341//341
f 3366//3366 341//341 342//342
f 3366//3366 3363//3363 3360//3360
f 3366//3366 3364//3364 340//340
f 3366//3366 3360//3360 3364//3364
f 3367//3367 342//342 343//343
f 3367//3367 343//343 344//344
f 3367//3367 3211//3211 3210//3210
f 3367//3367 344//344 3211//3211
f 3367//3367 3210//3210 3365//3365
f 3367//3367 3366//3366 342//342
f 3367//3367 3365//3365 3363//3363
f 3367//3367 3363//3363 3366//3366
f 3209//3209 3208//3208 3315//3315
f 240//240 3211//3211 344//344
f 3368//3368 3213//3213 3212//3212
f 3368//3368 3214//3214 3213//3213
f 3368//3368 3212//3212 3209//3209
f 3369//3369 3215//3215 3214//3214
f 3369//3369 3216//3216 3215//3215
f 3369//3369 3214//3214 3368//3368
f 3370//3370 3209//3209 3210//3210
f 3370//3370 3368//3368 3209//3209
f 3371//3371 3217//3217 3216//3216
f 3371//3371 3218//3218 3217//3217
f 3371//3371 3216//3216 3369//3369
f 3372//3372 3369//3369 3368//3368
f 3372//3372 3368//3368 3370//3370
f 3373//3373 241//241 242//242
f 3373//3373 242//242 243//243
f 3373//3373 3210//3210 3211//3211
f 3373//3373 3211//3211 241//241
f 3373//3373 3370//3370 3210//3210
f 3374//3374 3219//3219 3218//3218
f 3374//3374 3220//3220 3219//3219
f 3374//3374 3218//3218 3371//3371
f 3375//3375 3371//3371 3369//3369
f 3375//3375 3369//3369 3372//3372
f 3376//3376 243//243 244//244
f 3376//3376 244//244 245//245
f 3376//3376 3373//3373 243//243
f 3376//3376 3370//3370 3373//3373
f 3376//3376 3372//3372 3370//3370
f 3377//3377 3221//3221 3220//3220
f 3377//3377 3222//3222 3221//3221
f 3377//3377 3220//3220 3374//3374
f 3378//3378 3371//3371 3375//3375
f 3378//3378 3374//3374 3371//3371
f 3379//3379 245//245 246//246
f 3379//3379 246//246 247//247
f 3379//3379 3372//3372 3376//3376
f 3379//3379 3375//3375 3372//3372
f 3379//3379 3376//3376 245//245
f 3380//3380 3223//3223 3222//3222
f 3380//3380 3224//3224 3223//3223
f 3380//3380 3222//3222 3377//3377
f 3381//3381 3374//3374 3378//3378
f 3381//3381 3377//3377 3374//3374
f 3382//3382 247//247 248//248
f 3382//3382 248//248 249//249
f 3382//3382 3378//3378 3375//3375
f 3382//3382 3379//3379 247//247
f 3382//3382 3375//3375 3379//3379
f 3383//3383 3225//3225 3224//3224
f 3383//3383 3226//3226 3225//3225
f 3383//3383 3224//3224 3380//3380
f 3384//3384 3377//3377 3381//3381
f 3384//3384 3380//3380 3377//3377
f 3385//3385 249//249 250//250
f 3385//3385 250//250 251//251
f 3385//3385 3381//3381 3378//3378
f 3385//3385 3382//3382 249//249
f 3385//3385 3378//3378 3382//3382
f 3386//3386 3227//3227 3226//3226
f 3386//3386 3228//3228 3227//3227
f 3386//3386 3226//3226 3383//3383
f 3387//3387 3380//3380 3384//3384
f 3387//3387 3383//3383 3380//3380
f 3388//3388 251//251 252//252
f 3388//3388 252//252 253//253
f 3388//3388 3385//3385 251//251
f 3388//3388 3381//3381 3385//3385
f 3388//3388 3384//3384 3381//3381
f 3389//3389 3229//3229 3228//3228
f 3389//3389 3230//3230 3229//3229
f 3389//3389 3228//3228 3386//3386
f 3390//3390 3386//3386 3383//3383
f 3390//3390 3383//3383 3387//3387
f 3391//3391 253//253 254//254
f 3391//3391 254//254 255//255
f 3391//3391 3387//3387 3384//3384
f 3391//3391 3388//3388 253//253
f 3391//3391 3384//3384 3388//3388
f 3392//3392 3231//3231 3230//3230
f 3392//3392 3232//3232 3231//3231
f 3392//3392 3230//3230 3389//3389
f 3393//3393 3386//3386 3390//3390
f 3393//3393 3389//3389 3386//3386
f 3394//3394 3387//3387 3391//3391
f 3394//3394 255//255 256//256
f 3394//3394 256//256 257//257
f 3394//3394 3391//3391 255//255
f 3394//3394 3390//3390 3387//3387
f 3394//3394 3393//3393 3390//3390
f 3395//3395 3233//3233 3232//3232
f 3395//3395 3234//3234 3233//3233
f 3395//3395 3232//3232 3392//3392
f 3396//3396 3389//3389 3393//3393
f 3396//3396 3392//3392 3389//3389
f 3397//3397 3393//3393 3394//3394
f 3397//3397 257//257 258//258
f 3397//3397 258//258 259//259
f 3397//3397 3394//3394 257//257
f 3398//3398 3235//3235 3234//3234
f 3398//3398 3236//3236 3235//3235
f 3398//3398 3234//3234 3395//3395
f 3399//3399 3395//3395 3392//3392
f 3399//3399 3392//3392 3396//3396
f 3400//3400 3393//3393 3397//3397
f 3400//3400 259//259 260//260
f 3400//3400 260//260 261//261
f 3400//3400 3396//3396 3393//3393
f 3400//3400 3397//3397 259//259
f 3401//3401 3237//3237 3236//3236
f 3401//3401 3238//3238 3237//3237
f 3401//3401 3236//3236 3398//3398
f 3402//3402 3395//3395 3399//3399
f 3402//3402 3398//3398 3395//3395
f 3402//3402 3401//3401 3398//3398
f 3403//3403 3399//3399 3396//3396
f 3403//3403 261//261 262//262
f 3403//3403 262//262 263//263
f 3403//3403 3400//3400 261//261
f 3403//3403 3396//3396 3400//3400
f 3404//3404 3238//3238 3401//3401
f 3404//3404 3239//3239 3238//3238
f 3404//3404 3240//3240 3239//3239
f 3405//3405 3401//3401 3402//3402
f 3406//3406 263//263 264//264
f 3406//3406 264//264 265//265
f 3406//3406 3403//3403 263//263
f 3406//3406 3399//3399 3403//3403
f 3406//3406 3402//3402 3399//3399
f 3407//3407 3241//3241 3240//3240
f 3407//3407 3242//3242 3241//3241
f 3407//3407 3240//3240 3404//3404
f 3408//3408 3401//3401 3405//3405
f 3408//3408 3404//3404 3401//3401
f 3409//3409 265//265 266//266
f 3409//3409 266//266 267//267
f 3409//3409 3406//3406 265//265
f 3409//3409 3402//3402 3406//3406
f 3409//3409 3405//3405 3402//3402
f 3410//3410 3243//3243 3242//3242
f 3410//3410 3244//3244 3243//3243
f 3410//3410 3242//3242 3407//3407
f 3411//3411 3410//3410 3407//3407
f 3411//3411 3407//3407 3404//3404
f 3411//3411 3404//3404 3408//3408
f 3412//3412 3408//3408 3405//3405
f 3412//3412 267//267 268//268
f 3412//3412 268//268 269//269
f 3412//3412 3405//3405 3409//3409
f 3412//3412 3409//3409 267//267
f 3412//3412 3411//3411 3408//3408
f 3413//3413 3244//3244 3410//3410
f 3413//3413 3245//3245 3244//3244
f 3413//3413 3246//3246 3245//3245
f 3414//3414 3410//3410 3411//3411
f 3415//3415 3411//3411 3412//3412
f 3415//3415 269//269 270//270
f 3415//3415 270//270 271//271
f 3415//3415 3412//3412 269//269
f 3416//3416 3246//3246 3413//3413
f 3416//3416 3247//3247 3246//3246
f 3416//3416 3248//3248 3247//3247
f 3417//3417 3410//3410 3414//3414
f 3417//3417 3413//3413 3410//3410
f 3417//3417 3416//3416 3413//3413
f 3418//3418 3414//3414 3411//3411
f 3418//3418 271//271 272//272
f 3418//3418 272//272 273//273
f 3418//3418 3411//3411 3415//3415
f 3418//3418 3415//3415 271//271
f 3419//3419 3249//3249 3248//3248
f 3419//3419 3250//3250 3249//3249
f 3419//3419 3248//3248 3416//3416
f 3420//3420 3416//3416 3417//3417
f 3421//3421 273//273 274//274
f 3421//3421 274//274 275//275
f 3421//3421 3417//3417 3414//3414
f 3421//3421 3414//3414 3418//3418
f 3421//3421 3418//3418 273//273
f 3422//3422 3251//3251 3250//3250
f 3422//3422 3252//3252 3251//3251
f 3422//3422 3250//3250 3419//3419
f 3423//3423 3419//3419 3416//3416
f 3423//3423 3416//3416 3420//3420
f 3424//3424 3420//3420 3417//3417
f 3424//3424 275//275 276//276
f 3424//3424 276//276 277//277
f 3424//3424 3417//3417 3421//3421
f 3424//3424 3421//3421 275//275
f 3425//3425 3253//3253 3252//3252
f 3425//3425 3254//3254 3253//3253
f 3425//3425 3252//3252 3422//3422
f 3426//3426 3422//3422 3419//3419
f 3426//3426 3419//3419 3423//3423
f 3427//3427 3423//3423 3420//3420
f 3427//3427 277//277 278//278
f 3427//3427 3424//3424 277//277
f 3427//3427 278//278 279//279
f 3427//3427 3420//3420 3424//3424
f 3428//3428 3255//3255 3254//3254
f 3428//3428 3256//3256 3255//3255
f 3428//3428 3254//3254 3425//3425
f 3429//3429 3425//3425 3422//3422
f 3429//3429 3422//3422 3426//3426
f 3430//3430 3429//3429 3426//3426
f 3430//3430 3427//3427 279//279
f 3430//3430 3423//3423 3427//3427
f 3430//3430 279//279 280//280
f 3430//3430 280//280 281//281
f 3430//3430 3426//3426 3423//3423
f 3431//3431 3256//3256 3428//3428
f 3431//3431 3257//3257 3256//3256
f 3431//3431 3258//3258 3257//3257
f 3432//3432 3425//3425 3429//3429
f 3432//3432 3428//3428 3425//3425
f 3433//3433 3430//3430 281//281
f 3433//3433 3429//3429 3430//3430
f 3433//3433 3432//3432 3429//3429
f 3433//3433 281//281 282//282
f 3433//3433 282//282 283//283
f 3434//3434 3258//3258 3431//3431
f 3434//3434 3259//3259 3258//3258
f 3434//3434 3260//3260 3259//3259
f 3435//3435 3431//3431 3428//3428
f 3435//3435 3428//3428 3432//3432
f 3436//3436 3433//3433 283//283
f 3436//3436 283//283 284//284
f 3436//3436 284//284 285//285
f 3436//3436 3432//3432 3433//3433
f 3437//3437 3260//3260 3434//3434
f 3437//3437 3261//3261 3260//3260
f 3437//3437 3262//3262 3261//3261
f 3438//3438 3431//3431 3435//3435
f 3438//3438 3434//3434 3431//3431
f 3439//3439 3432//3432 3436//3436
f 3439//3439 285//285 286//286
f 3439//3439 286//286 287//287
f 3439//3439 3435//3435 3432//3432
f 3439//3439 3436//3436 285//285
f 3440//3440 3262//3262 3437//3437
f 3440//3440 3263//3263 3262//3262
f 3441//3441 3434//3434 3438//3438
f 3441//3441 3437//3437 3434//3434
f 3442//3442 3438//3438 3435//3435
f 3442//3442 287//287 288//288
f 3442//3442 288//288 289//289
f 3442//3442 3435//3435 3439//3439
f 3442//3442 3441//3441 3438//3438
f 3442//3442 3439//3439 287//287
f 3443//3443 3263//3263 3440//3440
f 3443//3443 3264//3264 3263//3263
f 3443//3443 3265//3265 3264//3264
f 3444//3444 3437//3437 3441//3441
f 3444//3444 3440//3440 3437//3437
f 3445//3445 3444//3444 3441//3441
f 3445//3445 3442//3442 289//289
f 3445//3445 289//289 290//290
f 3445//3445 290//290 291//291
f 3445//3445 3441//3441 3442//3442
f 3446//3446 3266//3266 3265//3265
f 3446//3446 3267//3267 3266//3266
f 3446//3446 3265//3265 3443//3443
f 3447//3447 3440//3440 3444//3444
f 3447//3447 3443//3443 3440//3440
f 3448//3448 3444//3444 3445//3445
f 3448//3448 291//291 292//292
f 3448//3448 292//292 293//293
f 3448//3448 3445//3445 291//291
f 3449//3449 3268//3268 3267//3267
f 3449//3449 3269//3269 3268//3268
f 3449//3449 3267//3267 3446//3446
f 3450//3450 3446//3446 3443//3443
f 3450//3450 3443//3443 3447//3447
f 3451//3451 293//293 294//294
f 3451//3451 3444//3444 3448//3448
f 3451//3451 3450//3450 3447//3447
f 3451//3451 3448//3448 293//293
f 3451//3451 3447//3447 3444//3444
f 3452//3452 3270//3270 3269//3269
f 3452//3452 3271//3271 3270//3270
f 3452//3452 3269//3269 3449//3449
f 3453//3453 3449//3449 3446//3446
f 3453//3453 3446//3446 3450//3450
f 3453//3453 3452//3452 3449//3449
f 3454//3454 294//294 295//295
f 3454//3454 295//295 296//296
f 3454//3454 3451//3451 294//294
f 3454//3454 3450//3450 3451//3451
f 3455//3455 3272//3272 3271//3271
f 3455//3455 3273//3273 3272//3272
f 3455//3455 3271//3271 3452//3452
f 3456//3456 3452//3452 3453//3453
f 3457//3457 296//296 297//297
f 3457//3457 297//297 298//298
f 3457//3457 3454//3454 296//296
f 3457//3457 3453//3453 3450//3450
f 3457//3457 3450//3450 3454//3454
f 3458//3458 3273//3273 3455//3455
f 3458//3458 3274//3274 3273//3273
f 3458//3458 3275//3275 3274//3274
f 3459//3459 3455//3455 3452//3452
f 3459//3459 3452//3452 3456//3456
f 3460//3460 298//298 299//299
f 3460//3460 299//299 300//300
f 3460//3460 3456//3456 3453//3453
f 3460//3460 3453//3453 3457//3457
f 3460//3460 3457//3457 298//298
f 3461//3461 3275//3275 3458//3458
f 3461//3461 3276//3276 3275//3275
f 3461//3461 3277//3277 3276//3276
f 3462//3462 3458//3458 3455//3455
f 3462//3462 3455//3455 3459//3459
f 3463//3463 3456//3456 3460//3460
f 3463//3463 3459//3459 3456//3456
f 3463//3463 300//300 301//301
f 3463//3463 301//301 302//302
f 3463//3463 3460//3460 300//300
f 3464//3464 3277//3277 3461//3461
f 3464//3464 3278//3278 3277//3277
f 3464//3464 3279//3279 3278//3278
f 3465//3465 3464//3464 3461//3461
f 3465//3465 3458//3458 3462//3462
f 3465//3465 3461//3461 3458//3458
f 3466//3466 3462//3462 3459//3459
f 3466//3466 3463//3463 302//302
f 3466//3466 302//302 303//303
f 3466//3466 303//303 304//304
f 3466//3466 3459//3459 3463//3463
f 3467//3467 3279//3279 3464//3464
f 3467//3467 3280//3280 3279//3279
f 3467//3467 3281//3281 3280//3280
f 3468//3468 3464//3464 3465//3465
f 3469//3469 3465//3465 3462//3462
f 3469//3469 3466//3466 304//304
f 3469//3469 304//304 305//305
f 3469//3469 305//305 306//306
f 3469//3469 3462//3462 3466//3466
f 3470//3470 3281//3281 3467//3467
f 3470//3470 3282//3282 3281//3281
f 3470//3470 3283//3283 3282//3282
f 3321//3321 3467//3467 3464//3464
f 3321//3321 3464//3464 3468//3468
f 3321//3321 3470//3470 3467//3467
f 3471//3471 3465//3465 3469//3469
f 3471//3471 3468//3468 3465//3465
f 3471//3471 3469//3469 306//306
f 3471//3471 306//306 307//307
f 3471//3471 307//307 308//308
f 3318//3318 3283//3283 3470//3470
f 3318//3318 3284//3284 3283//3283
f 3318//3318 3285//3285 3284//3284
f 3317//3317 3470//3470 3321//3321
f 3317//3317 3318//3318 3470//3470
f 3320//3320 3321//3321 3468//3468
f 3320//3320 3468//3468 3471//3471
f 3320//3320 3471//3471 308//308
f 3320//3320 308//308 309//309
f 3320//3320 309//309 310//310
f 3323//3323 3285//3285 3318//3318
f 3323//3323 3286//3286 3285//3285
f 3323//3323 3287//3287 3286//3286
f 3580//3580 3582//3582 3581//3581
f 3583//3583 3585//3585 3584//3584
f 3583//3583 3581//3581 3585//3585
f 3583//3583 3584//3584 415//415
f 3583//3583 415//415 416//416
f 3583//3583 416//416 417//417
f 3586//3586 3551//3551 3587//3587
f 3473//3473 3476//3476 3472//3472
f 3586//3586 3552//3552 3551//3551
f 3586//3586 3553//3553 3552//3552
f 3588//3588 3582//3582 3580//3580
f 3588//3588 3587//3587 3582//3582
f 3589//3589 3580//3580 3581//3581
f 3589//3589 3581//3581 3583//3583
f 3589//3589 3583//3583 417//417
f 3589//3589 417//417 418//418
f 3589//3589 418//418 419//419
f 3590//3590 3553//3553 3586//3586
f 3590//3590 3554//3554 3553//3553
f 3590//3590 3555//3555 3554//3554
f 3591//3591 3586//3586 3587//3587
f 3591//3591 3587//3587 3588//3588
f 3591//3591 3590//3590 3586//3586
f 3592//3592 3591//3591 3588//3588
f 3592//3592 3588//3588 3580//3580
f 3592//3592 3580//3580 3589//3589
f 3592//3592 3589//3589 419//419
f 3592//3592 419//419 420//420
f 3592//3592 420//420 421//421
f 346//346 3475//3475 345//345
f 3593//3593 3555//3555 3590//3590
f 3593//3593 3556//3556 3555//3555
f 3593//3593 3557//3557 3556//3556
f 3594//3594 3590//3590 3591//3591
f 3594//3594 3593//3593 3590//3590
f 3595//3595 3591//3591 3592//3592
f 3595//3595 3592//3592 421//421
f 3595//3595 421//421 422//422
f 3595//3595 422//422 423//423
f 3596//3596 3557//3557 3593//3593
f 3596//3596 3558//3558 3557//3557
f 3596//3596 3559//3559 3558//3558
f 3597//3597 3593//3593 3594//3594
f 3598//3598 3594//3594 3591//3591
f 3598//3598 3591//3591 3595//3595
f 3598//3598 423//423 424//424
f 3598//3598 424//424 425//425
f 3598//3598 3595//3595 423//423
f 3599//3599 3560//3560 3559//3559
f 3599//3599 3561//3561 3560//3560
f 3599//3599 3559//3559 3596//3596
f 3600//3600 3593//3593 3597//3597
f 3600//3600 3596//3596 3593//3593
f 3600//3600 3599//3599 3596//3596
f 3601//3601 3597//3597 3594//3594
f 3601//3601 425//425 426//426
f 3601//3601 3594//3594 3598//3598
f 3601//3601 426//426 427//427
f 3601//3601 3598//3598 425//425
f 3602//3602 3561//3561 3599//3599
f 3602//3602 3562//3562 3561//3561
f 3602//3602 3563//3563 3562//3562
f 3603//3603 3599//3599 3600//3600
f 3604//3604 3601//3601 427//427
f 3604//3604 427//427 428//428
f 3604//3604 428//428 429//429
f 3604//3604 3600//3600 3597//3597
f 3604//3604 3597//3597 3601//3601
f 3605//3605 3563//3563 3602//3602
f 3605//3605 3564//3564 3563//3563
f 3605//3605 3565//3565 3564//3564
f 3606//3606 3602//3602 3599//3599
f 3606//3606 3599//3599 3603//3603
f 3607//3607 3603//3603 3600//3600
f 3607//3607 3604//3604 429//429
f 3607//3607 429//429 430//430
f 3607//3607 430//430 431//431
f 3607//3607 3600//3600 3604//3604
f 3608//3608 3565//3565 3605//3605
f 3608//3608 3566//3566 3565//3565
f 3608//3608 3567//3567 3566//3566
f 3609//3609 3608//3608 3605//3605
f 3609//3609 3602//3602 3606//3606
f 3609//3609 3605//3605 3602//3602
f 3610//3610 3606//3606 3603//3603
f 3610//3610 3603//3603 3607//3607
f 3610//3610 3607//3607 431//431
f 3610//3610 431//431 432//432
f 3610//3610 432//432 433//433
f 3611//3611 3568//3568 3567//3567
f 3611//3611 3567//3567 3608//3608
f 3611//3611 3569//3569 3568//3568
f 3612//3612 3608//3608 3609//3609
f 3613//3613 3609//3609 3606//3606
f 3613//3613 3606//3606 3610//3610
f 3613//3613 3612//3612 3609//3609
f 3613//3613 3610//3610 433//433
f 3613//3613 433//433 434//434
f 3613//3613 434//434 435//435
f 3614//3614 3570//3570 3569//3569
f 3614//3614 3571//3571 3570//3570
f 3614//3614 3569//3569 3611//3611
f 3615//3615 3611//3611 3608//3608
f 3615//3615 3608//3608 3612//3612
f 3616//3616 3612//3612 3613//3613
f 3616//3616 3613//3613 435//435
f 3616//3616 435//435 436//436
f 3616//3616 436//436 437//437
f 3617//3617 3572//3572 3571//3571
f 3617//3617 3573//3573 3572//3572
f 3617//3617 3571//3571 3614//3614
f 3618//3618 3614//3614 3611//3611
f 3618//3618 3617//3617 3614//3614
f 3618//3618 3611//3611 3615//3615
f 3619//3619 3615//3615 3612//3612
f 3619//3619 3612//3612 3616//3616
f 3619//3619 3616//3616 437//437
f 3619//3619 437//437 438//438
f 3619//3619 438//438 439//439
f 3620//3620 3574//3574 3573//3573
f 3620//3620 3575//3575 3574//3574
f 3620//3620 3573//3573 3617//3617
f 3621//3621 3617//3617 3618//3618
f 3621//3621 3620//3620 3617//3617
f 3622//3622 3615//3615 3619//3619
f 3622//3622 3618//3618 3615//3615
f 3622//3622 3621//3621 3618//3618
f 3622//3622 3619//3619 439//439
f 3622//3622 439//439 440//440
f 3622//3622 440//440 441//441
f 3623//3623 3576//3576 3575//3575
f 3623//3623 3577//3577 3576//3576
f 3623//3623 3575//3575 3620//3620
f 3624//3624 3620//3620 3621//3621
f 3625//3625 3621//3621 3622//3622
f 3625//3625 3622//3622 441//441
f 3625//3625 441//441 442//442
f 3625//3625 442//442 443//443
f 3626//3626 3578//3578 3577//3577
f 3626//3626 3579//3579 3578//3578
f 3626//3626 3577//3577 3623//3623
f 3626//3626 3473//3473 3579//3579
f 3627//3627 3620//3620 3624//3624
f 3627//3627 3623//3623 3620//3620
f 3628//3628 3624//3624 3621//3621
f 3628//3628 3625//3625 443//443
f 3628//3628 3621//3621 3625//3625
f 3628//3628 443//443 444//444
f 3628//3628 444//444 445//445
f 3629//3629 3474//3474 3473//3473
f 3629//3629 3473//3473 3626//3626
f 3629//3629 3626//3626 3623//3623
f 3629//3629 3623//3623 3627//3627
f 3630//3630 445//445 446//446
f 3630//3630 446//446 447//447
f 3630//3630 3627//3627 3624//3624
f 3630//3630 3628//3628 445//445
f 3630//3630 3624//3624 3628//3628
f 3631//3631 447//447 448//448
f 3631//3631 448//448 449//449
f 3631//3631 3475//3475 3474//3474
f 3631//3631 449//449 3475//3475
f 3631//3631 3474//3474 3629//3629
f 3631//3631 3630//3630 447//447
f 3631//3631 3629//3629 3627//3627
f 3631//3631 3627//3627 3630//3630
f 3473//3473 3472//3472 3579//3579
f 345//345 3475//3475 449//449
f 3632//3632 3477//3477 3476//3476
f 3632//3632 3478//3478 3477//3477
f 3632//3632 3476//3476 3473//3473
f 3633//3633 3479//3479 3478//3478
f 3633//3633 3480//3480 3479//3479
f 3633//3633 3478//3478 3632//3632
f 3634//3634 3473//3473 3474//3474
f 3634//3634 3632//3632 3473//3473
f 3635//3635 3481//3481 3480//3480
f 3635//3635 3482//3482 3481//3481
f 3635//3635 3480//3480 3633//3633
f 3636//3636 3633//3633 3632//3632
f 3636//3636 3632//3632 3634//3634
f 3637//3637 346//346 347//347
f 3637//3637 347//347 348//348
f 3637//3637 3474//3474 3475//3475
f 3637//3637 3475//3475 346//346
f 3637//3637 3634//3634 3474//3474
f 3638//3638 3483//3483 3482//3482
f 3638//3638 3484//3484 3483//3483
f 3638//3638 3482//3482 3635//3635
f 3639//3639 3635//3635 3633//3633
f 3639//3639 3633//3633 3636//3636
f 3640//3640 348//348 349//349
f 3640//3640 349//349 350//350
f 3640//3640 3637//3637 348//348
f 3640//3640 3634//3634 3637//3637
f 3640//3640 3636//3636 3634//3634
f 3641//3641 3485//3485 3484//3484
f 3641//3641 3486//3486 3485//3485
f 3641//3641 3484//3484 3638//3638
f 3642//3642 3635//3635 3639//3639
f 3642//3642 3638//3638 3635//3635
f 3643//3643 350//350 351//351
f 3643//3643 351//351 352//352
f 3643//3643 3636//3636 3640//3640
f 3643//3643 3639//3639 3636//3636
f 3643//3643 3640//3640 350//350
f 3644//3644 3487//3487 3486//3486
f 3644//3644 3488//3488 3487//3487
f 3644//3644 3486//3486 3641//3641
f 3645//3645 3638//3638 3642//3642
f 3645//3645 3641//3641 3638//3638
f 3646//3646 352//352 353//353
f 3646//3646 353//353 354//354
f 3646//3646 3642//3642 3639//3639
f 3646//3646 3643//3643 352//352
f 3646//3646 3639//3639 3643//3643
f 3647//3647 3489//3489 3488//3488
f 3647//3647 3490//3490 3489//3489
f 3647//3647 3488//3488 3644//3644
f 3648//3648 3641//3641 3645//3645
f 3648//3648 3644//3644 3641//3641
f 3649//3649 354//354 355//355
f 3649//3649 355//355 356//356
f 3649//3649 3645//3645 3642//3642
f 3649//3649 3646//3646 354//354
f 3649//3649 3642//3642 3646//3646
f 3650//3650 3491//3491 3490//3490
f 3650//3650 3492//3492 3491//3491
f 3650//3650 3490//3490 3647//3647
f 3651//3651 3644//3644 3648//3648
f 3651//3651 3647//3647 3644//3644
f 3652//3652 356//356 357//357
f 3652//3652 357//357 358//358
f 3652//3652 3649//3649 356//356
f 3652//3652 3645//3645 3649//3649
f 3652//3652 3648//3648 3645//3645
f 3653//3653 3493//3493 3492//3492
f 3653//3653 3494//3494 3493//3493
f 3653//3653 3492//3492 3650//3650
f 3654//3654 3650//3650 3647//3647
f 3654//3654 3647//3647 3651//3651
f 3655//3655 358//358 359//359
f 3655//3655 359//359 360//360
f 3655//3655 3651//3651 3648//3648
f 3655//3655 3652//3652 358//358
f 3655//3655 3648//3648 3652//3652
f 3656//3656 3495//3495 3494//3494
f 3656//3656 3496//3496 3495//3495
f 3656//3656 3494//3494 3653//3653
f 3657//3657 3650//3650 3654//3654
f 3657//3657 3653//3653 3650//3650
f 3658//3658 3651//3651 3655//3655
f 3658//3658 360//360 361//361
f 3658//3658 361//361 362//362
f 3658//3658 3655//3655 360//360
f 3658//3658 3654//3654 3651//3651
f 3658//3658 3657//3657 3654//3654
f 3659//3659 3497//3497 3496//3496
f 3659//3659 3498//3498 3497//3497
f 3659//3659 3496//3496 3656//3656
f 3660//3660 3653//3653 3657//3657
f 3660//3660 3656//3656 3653//3653
f 3661//3661 3657//3657 3658//3658
f 3661//3661 362//362 363//363
f 3661//3661 363//363 364//364
f 3661//3661 3658//3658 362//362
f 3662//3662 3499//3499 3498//3498
f 3662//3662 3500//3500 3499//3499
f 3662//3662 3498//3498 3659//3659
f 3663//3663 3659//3659 3656//3656
f 3663//3663 3656//3656 3660//3660
f 3664//3664 3657//3657 3661//3661
f 3664//3664 364//364 365//365
f 3664//3664 365//365 366//366
f 3664//3664 3660//3660 3657//3657
f 3664//3664 3661//3661 364//364
f 3665//3665 3501//3501 3500//3500
f 3665//3665 3502//3502 3501//3501
f 3665//3665 3500//3500 3662//3662
f 3666//3666 3659//3659 3663//3663
f 3666//3666 3662//3662 3659//3659
f 3666//3666 3665//3665 3662//3662
f 3667//3667 3663//3663 3660//3660
f 3667//3667 366//366 367//367
f 3667//3667 367//367 368//368
f 3667//3667 3664//3664 366//366
f 3667//3667 3660//3660 3664//3664
f 3668//3668 3502//3502 3665//3665
f 3668//3668 3503//3503 3502//3502
f 3668//3668 3504//3504 3503//3503
f 3669//3669 3665//3665 3666//3666
f 3670//3670 368//368 369//369
f 3670//3670 369//369 370//370
f 3670//3670 3667//3667 368//368
f 3670//3670 3663//3663 3667//3667
f 3670//3670 3666//3666 3663//3663
f 3671//3671 3505//3505 3504//3504
f 3671//3671 3506//3506 3505//3505
f 3671//3671 3504//3504 3668//3668
f 3672//3672 3665//3665 3669//3669
f 3672//3672 3668//3668 3665//3665
f 3673//3673 370//370 371//371
f 3673//3673 371//371 372//372
f 3673//3673 3670//3670 370//370
f 3673//3673 3666//3666 3670//3670
f 3673//3673 3669//3669 3666//3666
f 3674//3674 3507//3507 3506//3506
f 3674//3674 3508//3508 3507//3507
f 3674//3674 3506//3506 3671//3671
f 3675//3675 3674//3674 3671//3671
f 3675//3675 3671//3671 3668//3668
f 3675//3675 3668//3668 3672//3672
f 3676//3676 3672//3672 3669//3669
f 3676//3676 372//372 373//373
f 3676//3676 373//373 374//374
f 3676//3676 3669//3669 3673//3673
f 3676//3676 3673//3673 372//372
f 3676//3676 3675//3675 3672//3672
f 3677//3677 3508//3508 3674//3674
f 3677//3677 3509//3509 3508//3508
f 3677//3677 3510//3510 3509//3509
f 3678//3678 3674//3674 3675//3675
f 3679//3679 3675//3675 3676//3676
f 3679//3679 374//374 375//375
f 3679//3679 375//375 376//376
f 3679//3679 3676//3676 374//374
f 3680//3680 3510//3510 3677//3677
f 3680//3680 3511//3511 3510//3510
f 3680//3680 3512//3512 3511//3511
f 3681//3681 3674//3674 3678//3678
f 3681//3681 3677//3677 3674//3674
f 3681//3681 3680//3680 3677//3677
f 3682//3682 3678//3678 3675//3675
f 3682//3682 376//376 377//377
f 3682//3682 377//377 378//378
f 3682//3682 3675//3675 3679//3679
f 3682//3682 3679//3679 376//376
f 3683//3683 3513//3513 3512//3512
f 3683//3683 3514//3514 3513//3513
f 3683//3683 3512//3512 3680//3680
f 3684//3684 3680//3680 3681//3681
f 3685//3685 378//378 379//379
f 3685//3685 379//379 380//380
f 3685//3685 3681//3681 3678//3678
f 3685//3685 3678//3678 3682//3682
f 3685//3685 3682//3682 378//378
f 3686//3686 3515//3515 3514//3514
f 3686//3686 3516//3516 3515//3515
f 3686//3686 3514//3514 3683//3683
f 3687//3687 3683//3683 3680//3680
f 3687//3687 3680//3680 3684//3684
f 3688//3688 3684//3684 3681//3681
f 3688//3688 380//380 381//381
f 3688//3688 381//381 382//382
f 3688//3688 3681//3681 3685//3685
f 3688//3688 3685//3685 380//380
f 3689//3689 3517//3517 3516//3516
f 3689//3689 3518//3518 3517//3517
f 3689//3689 3516//3516 3686//3686
f 3690//3690 3686//3686 3683//3683
f 3690//3690 3683//3683 3687//3687
f 3691//3691 3687//3687 3684//3684
f 3691//3691 382//382 383//383
f 3691//3691 3688//3688 382//382
f 3691//3691 383//383 384//384
f 3691//3691 3684//3684 3688//3688
f 3692//3692 3519//3519 3518//3518
f 3692//3692 3520//3520 3519//3519
f 3692//3692 3518//3518 3689//3689
f 3693//3693 3689//3689 3686//3686
f 3693//3693 3686//3686 3690//3690
f 3694//3694 3693//3693 3690//3690
f 3694//3694 3691//3691 384//384
f 3694//3694 3687//3687 3691//3691
f 3694//3694 384//384 385//385
f 3694//3694 385//385 386//386
f 3694//3694 3690//3690 3687//3687
f 3695//3695 3520//3520 3692//3692
f 3695//3695 3521//3521 3520//3520
f 3695//3695 3522//3522 3521//3521
f 3696//3696 3689//3689 3693//3693
f 3696//3696 3692//3692 3689//3689
f 3697//3697 3694//3694 386//386
f 3697//3697 3693//3693 3694//3694
f 3697//3697 3696//3696 3693//3693
f 3697//3697 386//386 387//387
f 3697//3697 387//387 388//388
f 3698//3698 3522//3522 3695//3695
f 3698//3698 3523//3523 3522//3522
f 3698//3698 3524//3524 3523//3523
f 3699//3699 3695//3695 3692//3692
f 3699//3699 3692//3692 3696//3696
f 3700//3700 3697//3697 388//388
f 3700//3700 388//388 389//389
f 3700//3700 389//389 390//390
f 3700//3700 3696//3696 3697//3697
f 3701//3701 3524//3524 3698//3698
f 3701//3701 3525//3525 3524//3524
f 3701//3701 3526//3526 3525//3525
f 3702//3702 3695//3695 3699//3699
f 3702//3702 3698//3698 3695//3695
f 3703//3703 3696//3696 3700//3700
f 3703//3703 390//390 391//391
f 3703//3703 391//391 392//392
f 3703//3703 3699//3699 3696//3696
f 3703//3703 3700//3700 390//390
f 3704//3704 3526//3526 3701//3701
f 3704//3704 3527//3527 3526//3526
f 3705//3705 3698//3698 3702//3702
f 3705//3705 3701//3701 3698//3698
f 3706//3706 3702//3702 3699//3699
f 3706//3706 392//392 393//393
f 3706//3706 393//393 394//394
f 3706//3706 3699//3699 3703//3703
f 3706//3706 3705//3705 3702//3702
f 3706//3706 3703//3703 392//392
f 3707//3707 3527//3527 3704//3704
f 3707//3707 3528//3528 3527//3527
f 3707//3707 3529//3529 3528//3528
f 3708//3708 3701//3701 3705//3705
f 3708//3708 3704//3704 3701//3701
f 3709//3709 3708//3708 3705//3705
f 3709//3709 3706//3706 394//394
f 3709//3709 394//394 395//395
f 3709//3709 395//395 396//396
f 3709//3709 3705//3705 3706//3706
f 3710//3710 3530//3530 3529//3529
f 3710//3710 3531//3531 3530//3530
f 3710//3710 3529//3529 3707//3707
f 3711//3711 3704//3704 3708//3708
f 3711//3711 3707//3707 3704//3704
f 3712//3712 3708//3708 3709//3709
f 3712//3712 396//396 397//397
f 3712//3712 397//397 398//398
f 3712//3712 3709//3709 396//396
f 3713//3713 3532//3532 3531//3531
f 3713//3713 3533//3533 3532//3532
f 3713//3713 3531//3531 3710//3710
f 3714//3714 3710//3710 3707//3707
f 3714//3714 3707//3707 3711//3711
f 3715//3715 398//398 399//399
f 3715//3715 3708//3708 3712//3712
f 3715//3715 3714//3714 3711//3711
f 3715//3715 3712//3712 398//398
f 3715//3715 3711//3711 3708//3708
f 3716//3716 3534//3534 3533//3533
f 3716//3716 3535//3535 3534//3534
f 3716//3716 3533//3533 3713//3713
f 3717//3717 3713//3713 3710//3710
f 3717//3717 3710//3710 3714//3714
f 3717//3717 3716//3716 3713//3713
f 3718//3718 399//399 400//400
f 3718//3718 400//400 401//401
f 3718//3718 3715//3715 399//399
f 3718//3718 3714//3714 3715//3715
f 3719//3719 3536//3536 3535//3535
f 3719//3719 3537//3537 3536//3536
f 3719//3719 3535//3535 3716//3716
f 3720//3720 3716//3716 3717//3717
f 3721//3721 401//401 402//402
f 3721//3721 402//402 403//403
f 3721//3721 3718//3718 401//401
f 3721//3721 3717//3717 3714//3714
f 3721//3721 3714//3714 3718//3718
f 3722//3722 3537//3537 3719//3719
f 3722//3722 3538//3538 3537//3537
f 3722//3722 3539//3539 3538//3538
f 3723//3723 3719//3719 3716//3716
f 3723//3723 3716//3716 3720//3720
f 3724//3724 403//403 404//404
f 3724//3724 404//404 405//405
f 3724//3724 3720//3720 3717//3717
f 3724//3724 3717//3717 3721//3721
f 3724//3724 3721//3721 403//403
f 3725//3725 3539//3539 3722//3722
f 3725//3725 3540//3540 3539//3539
f 3725//3725 3541//3541 3540//3540
f 3726//3726 3722//3722 3719//3719
f 3726//3726 3719//3719 3723//3723
f 3727//3727 3720//3720 3724//3724
f 3727//3727 3723//3723 3720//3720
f 3727//3727 405//405 406//406
f 3727//3727 406//406 407//407
f 3727//3727 3724//3724 405//405
f 3728//3728 3541//3541 3725//3725
f 3728//3728 3542//3542 3541//3541
f 3728//3728 3543//3543 3542//3542
f 3729//3729 3728//3728 3725//3725
f 3729//3729 3722//3722 3726//3726
f 3729//3729 3725//3725 3722//3722
f 3730//3730 3726//3726 3723//3723
f 3730//3730 3727//3727 407//407
f 3730//3730 407//407 408//408
f 3730//3730 408//408 409//409
f 3730//3730 3723//3723 3727//3727
f 3731//3731 3543//3543 3728//3728
f 3731//3731 3544//3544 3543//3543
f 3731//3731 3545//3545 3544//3544
f 3732//3732 3728//3728 3729//3729
f 3733//3733 3729//3729 3726//3726
f 3733//3733 3730//3730 409//409
f 3733//3733 409//409 410//410
f 3733//3733 410//410 411//411
f 3733//3733 3726//3726 3730//3730
f 3734//3734 3545//3545 3731//3731
f 3734//3734 3546//3546 3545//3545
f 3734//3734 3547//3547 3546//3546
f 3585//3585 3731//3731 3728//3728
f 3585//3585 3728//3728 3732//3732
f 3585//3585 3734//3734 3731//3731
f 3735//3735 3729//3729 3733//3733
f 3735//3735 3732//3732 3729//3729
f 3735//3735 3733//3733 411//411
f 3735//3735 411//411 412//412
f 3735//3735 412//412 413//413
f 3582//3582 3547//3547 3734//3734
f 3582//3582 3548//3548 3547//3547
f 3582//3582 3549//3549 3548//3548
f 3581//3581 3734//3734 3585//3585
f 3581//3581 3582//3582 3734//3734
f 3584//3584 3585//3585 3732//3732
f 3584//3584 3732//3732 3735//3735
f 3584//3584 3735//3735 413//413
f 3584//3584 413//413 414//414
f 3584//3584 414//414 415//415
f 3587//3587 3549//3549 3582//3582
f 3587//3587 3550//3550 3549//3549
f 3587//3587 3551//3551 3550//3550
f 548//548 549//549 1053//1053
f 3736//3736 1053//1053 1054//1054
f 3736//3736 548//548 1053//1053
f 3737//3737 1054//1054 1055//1055
f 3737//3737 3736//3736 1054//1054
f 3738//3738 1055//1055 1056//1056
f 3738//3738 3737//3737 1055//1055
f 3739//3739 1056//1056 1057//1057
f 3739//3739 3738//3738 1056//1056
f 3740//3740 1057//1057 1058//1058
f 3740//3740 1058//1058 1059//1059
f 3740//3740 3739//3739 1057//1057
f 3741//3741 1059//1059 1060//1060
f 3741//3741 3740//3740 1059//1059
f 3742//3742 1060//1060 1061//1061
f 3742//3742 3741//3741 1060//1060
f 3743//3743 1061//1061 1062//1062
f 3743//3743 3742//3742 1061//1061
f 3744//3744 3743//3743 1062//1062
f 3744//3744 1062//1062 1063//1063
f 3745//3745 1063//1063 1064//1064
f 3745//3745 3744//3744 1063//1063
f 3746//3746 1064//1064 1065//1065
f 3746//3746 3745//3745 1064//1064
f 3747//3747 1065//1065 1066//1066
f 3747//3747 3746//3746 1065//1065
f 3748//3748 1066//1066 1067//1067
f 3748//3748 3747//3747 1066//1066
f 3749//3749 1067//1067 1068//1068
f 3749//3749 3748//3748 1067//1067
f 3750//3750 1068//1068 1069//1069
f 3750//3750 3749//3749 1068//1068
f 3751//3751 1069//1069 1070//1070
f 3751//3751 3750//3750 1069//1069
f 3752//3752 1070//1070 1071//1071
f 3752//3752 3751//3751 1070//1070
f 3753//3753 1071//1071 1072//1072
f 3753//3753 3752//3752 1071//1071
f 3754//3754 1072//1072 1073//1073
f 3754//3754 3753//3753 1072//1072
f 3755//3755 1073//1073 1074//1074
f 3755//3755 3754//3754 1073//1073
f 3756//3756 1074//1074 1075//1075
f 3756//3756 3755//3755 1074//1074
f 3757//3757 1075//1075 1076//1076
f 3757//3757 3756//3756 1075//1075
f 3758//3758 1076//1076 1077//1077
f 3758//3758 3757//3757 1076//1076
f 3759//3759 3758//3758 1077//1077
f 3762//3762 1077//1077 1078//1078
f 3761//3761 3759//3759 1077//1077
f 3761//3761 1077//1077 3762//3762
f 3763//3763 3762//3762 1078//1078
f 3764//3764 3763//3763 1078//1078
f 3760//3760 3759//3759 3761//3761
f 3765//3765 1078//1078 1079//1079
f 3765//3765 3764//3764 1078//1078
f 3766//3766 3765//3765 1079//1079
f 3767//3767 3766//3766 1079//1079
f 3768//3768 3767//3767 1079//1079
f 1080//1080 3768//3768 1079//1079
f 3769//3769 548//548 3736//3736
f 3769//3769 3736//3736 3737//3737
f 3769//3769 547//547 548//548
f 3770//3770 3769//3769 3737//3737
f 3771//3771 3737//3737 3738//3738
f 3771//3771 3770//3770 3737//3737
f 3772//3772 3771//3771 3738//3738
f 3772//3772 3738//3738 3739//3739
f 3773//3773 3739//3739 3740//3740
f 3773//3773 3772//3772 3739//3739
f 3774//3774 3740//3740 3741//3741
f 3774//3774 3773//3773 3740//3740
f 3775//3775 3741//3741 3742//3742
f 3775//3775 3774//3774 3741//3741
f 3776//3776 3742//3742 3743//3743
f 3776//3776 3775//3775 3742//3742
f 3777//3777 3743//3743 3744//3744
f 3777//3777 3776//3776 3743//3743
f 3778//3778 3744//3744 3745//3745
f 3778//3778 3777//3777 3744//3744
f 3779//3779 3745//3745 3746//3746
f 3779//3779 3778//3778 3745//3745
f 3780//3780 3746//3746 3747//3747
f 3780//3780 3779//3779 3746//3746
f 3781//3781 3747//3747 3748//3748
f 3781//3781 3780//3780 3747//3747
f 3782//3782 3748//3748 3749//3749
f 3782//3782 3781//3781 3748//3748
f 3783//3783 3749//3749 3750//3750
f 3783//3783 3782//3782 3749//3749
f 3784//3784 3750//3750 3751//3751
f 3784//3784 3783//3783 3750//3750
f 3785//3785 3751//3751 3752//3752
f 3785//3785 3784//3784 3751//3751
f 3786//3786 3752//3752 3753//3753
f 3786//3786 3785//3785 3752//3752
f 3787//3787 3753//3753 3754//3754
f 3787//3787 3786//3786 3753//3753
f 3788//3788 3754//3754 3755//3755
f 3788//3788 3787//3787 3754//3754
f 3789//3789 3755//3755 3756//3756
f 3789//3789 3788//3788 3755//3755
f 3790//3790 3756//3756 3757//3757
f 3790//3790 3789//3789 3756//3756
f 3791//3791 3757//3757 3758//3758
f 3791//3791 3790//3790 3757//3757
f 3792//3792 3758//3758 3759//3759
f 3792//3792 3791//3791 3758//3758
f 3793//3793 3759//3759 3760//3760
f 3793//3793 3792//3792 3759//3759
f 1184//1184 507//507 3794//3794
f 1184//1184 506//506 507//507
f 1185//1185 3794//3794 3795//3795
f 1185//1185 1184//1184 3794//3794
f 1186//1186 3795//3795 3796//3796
f 1186//1186 1185//1185 3795//3795
f 1187//1187 3796//3796 3797//3797
f 1187//1187 1186//1186 3796//3796
f 1188//1188 3797//3797 3798//3798
f 1188//1188 1187//1187 3797//3797
f 1189//1189 1188//1188 3798//3798
f 1190//1190 3798//3798 3799//3799
f 1190//1190 1189//1189 3798//3798
f 1191//1191 3799//3799 3800//3800
f 1191//1191 1190//1190 3799//3799
f 1192//1192 3800//3800 3801//3801
f 1192//1192 1191//1191 3800//3800
f 1193//1193 3801//3801 3802//3802
f 1193//1193 1192//1192 3801//3801
f 1194//1194 3802//3802 3803//3803
f 1194//1194 1193//1193 3802//3802
f 1195//1195 3803//3803 3804//3804
f 1195//1195 1194//1194 3803//3803
f 1196//1196 3804//3804 3805//3805
f 1196//1196 1195//1195 3804//3804
f 1197//1197 3805//3805 3806//3806
f 1197//1197 1196//1196 3805//3805
f 1198//1198 3806//3806 3807//3807
f 1198//1198 1197//1197 3806//3806
f 1199//1199 3807//3807 3808//3808
f 1199//1199 1198//1198 3807//3807
f 1200//1200 3808//3808 3809//3809
f 1200//1200 1199//1199 3808//3808
f 1201//1201 3809//3809 3810//3810
f 1201//1201 1200//1200 3809//3809
f 1202//1202 3810//3810 3811//3811
f 1202//1202 1201//1201 3810//3810
f 1203//1203 3811//3811 3812//3812
f 1203//1203 1202//1202 3811//3811
f 1204//1204 3812//3812 3813//3813
f 1204//1204 1203//1203 3812//3812
f 1205//1205 3813//3813 3814//3814
f 1205//1205 1204//1204 3813//3813
f 1206//1206 3814//3814 3815//3815
f 1206//1206 1205//1205 3814//3814
f 3829//3829 3817//3817 3818//3818
f 3828//3828 3817//3817 3829//3829
f 1207//1207 3815//3815 3816//3816
f 1207//1207 1206//1206 3815//3815
f 1208//1208 3816//3816 3817//3817
f 1208//1208 3827//3827 3826//3826
f 1208//1208 3828//3828 3827//3827
f 1208//1208 1207//1207 3816//3816
f 1208//1208 3817//3817 3828//3828
f 1209//1209 3824//3824 3823//3823
f 1209//1209 3825//3825 3824//3824
f 1209//1209 3826//3826 3825//3825
f 1209//1209 1208//1208 3826//3826
f 3822//3822 1209//1209 3823//3823
f 1210//1210 3822//3822 3821//3821
f 1210//1210 1209//1209 3822//3822
f 3820//3820 1210//1210 3821//3821
f 3819//3819 1210//1210 3820//3820
f 1211//1211 1210//1210 3819//3819
f 546//546 547//547 3769//3769
f 3830//3830 3769//3769 3770//3770
f 3830//3830 546//546 3769//3769
f 3831//3831 3770//3770 3771//3771
f 3831//3831 3830//3830 3770//3770
f 3832//3832 3771//3771 3772//3772
f 3832//3832 3831//3831 3771//3771
f 3833//3833 3772//3772 3773//3773
f 3833//3833 3832//3832 3772//3772
f 3834//3834 3773//3773 3774//3774
f 3834//3834 3833//3833 3773//3773
f 3835//3835 3774//3774 3775//3775
f 3835//3835 3834//3834 3774//3774
f 3836//3836 3775//3775 3776//3776
f 3836//3836 3835//3835 3775//3775
f 3837//3837 3776//3776 3777//3777
f 3837//3837 3836//3836 3776//3776
f 3838//3838 3837//3837 3777//3777
f 3838//3838 3777//3777 3778//3778
f 3839//3839 3778//3778 3779//3779
f 3839//3839 3838//3838 3778//3778
f 3840//3840 3779//3779 3780//3780
f 3840//3840 3839//3839 3779//3779
f 3841//3841 3780//3780 3781//3781
f 3841//3841 3840//3840 3780//3780
f 3842//3842 3781//3781 3782//3782
f 3842//3842 3841//3841 3781//3781
f 3843//3843 3782//3782 3783//3783
f 3843//3843 3842//3842 3782//3782
f 3844//3844 3783//3783 3784//3784
f 3844//3844 3843//3843 3783//3783
f 3845//3845 3784//3784 3785//3785
f 3845//3845 3844//3844 3784//3784
f 3846//3846 3785//3785 3786//3786
f 3846//3846 3845//3845 3785//3785
f 3847//3847 3786//3786 3787//3787
f 3847//3847 3846//3846 3786//3786
f 3848//3848 3787//3787 3788//3788
f 3848//3848 3847//3847 3787//3787
f 3849//3849 3788//3788 3789//3789
f 3849//3849 3848//3848 3788//3788
f 3850//3850 3789//3789 3790//3790
f 3850//3850 3849//3849 3789//3789
f 3851//3851 3790//3790 3791//3791
f 3851//3851 3850//3850 3790//3790
f 3864//3864 3792//3792 3793//3793
f 3852//3852 3791//3791 3792//3792
f 3852//3852 3851//3851 3791//3791
f 3853//3853 3792//3792 3864//3864
f 3853//3853 3863//3863 3862//3862
f 3853//3853 3864//3864 3863//3863
f 3853//3853 3852//3852 3792//3792
f 3854//3854 3861//3861 3860//3860
f 3854//3854 3862//3862 3861//3861
f 3854//3854 3853//3853 3862//3862
f 3855//3855 3859//3859 3858//3858
f 3855//3855 3860//3860 3859//3859
f 3855//3855 3854//3854 3860//3860
f 3857//3857 3855//3855 3858//3858
f 3856//3856 3855//3855 3857//3857
f 3794//3794 508//508 3865//3865
f 3794//3794 507//507 508//508
f 3795//3795 3865//3865 3866//3866
f 3795//3795 3794//3794 3865//3865
f 3796//3796 3866//3866 3867//3867
f 3796//3796 3795//3795 3866//3866
f 3797//3797 3796//3796 3867//3867
f 3797//3797 3867//3867 3868//3868
f 3798//3798 3868//3868 3869//3869
f 3798//3798 3797//3797 3868//3868
f 3799//3799 3869//3869 3870//3870
f 3799//3799 3798//3798 3869//3869
f 3800//3800 3870//3870 3871//3871
f 3800//3800 3799//3799 3870//3870
f 3801//3801 3871//3871 3872//3872
f 3801//3801 3800//3800 3871//3871
f 3802//3802 3872//3872 3873//3873
f 3802//3802 3801//3801 3872//3872
f 3803//3803 3873//3873 3874//3874
f 3803//3803 3802//3802 3873//3873
f 3804//3804 3874//3874 3875//3875
f 3804//3804 3803//3803 3874//3874
f 3805//3805 3875//3875 3876//3876
f 3805//3805 3876//3876 3877//3877
f 3805//3805 3804//3804 3875//3875
f 3806//3806 3805//3805 3877//3877
f 3806//3806 3877//3877 3878//3878
f 3807//3807 3878//3878 3879//3879
f 3807//3807 3806//3806 3878//3878
f 3808//3808 3879//3879 3880//3880
f 3808//3808 3807//3807 3879//3879
f 3809//3809 3880//3880 3881//3881
f 3809//3809 3808//3808 3880//3880
f 3810//3810 3881//3881 3882//3882
f 3810//3810 3809//3809 3881//3881
f 3811//3811 3882//3882 3883//3883
f 3811//3811 3810//3810 3882//3882
f 3812//3812 3883//3883 3884//3884
f 3812//3812 3811//3811 3883//3883
f 3813//3813 3884//3884 3885//3885
f 3813//3813 3812//3812 3884//3884
f 3814//3814 3885//3885 3886//3886
f 3814//3814 3813//3813 3885//3885
f 3815//3815 3886//3886 3887//3887
f 3815//3815 3814//3814 3886//3886
f 3816//3816 3887//3887 3888//3888
f 3816//3816 3815//3815 3887//3887
f 3817//3817 3888//3888 3889//3889
f 3817//3817 3816//3816 3888//3888
f 3818//3818 3817//3817 3889//3889
f 545//545 546//546 3830//3830
f 3890//3890 3830//3830 3831//3831
f 3890//3890 545//545 3830//3830
f 3891//3891 3831//3831 3832//3832
f 3891//3891 3890//3890 3831//3831
f 3892//3892 3832//3832 3833//3833
f 3892//3892 3891//3891 3832//3832
f 3893//3893 3833//3833 3834//3834
f 3893//3893 3892//3892 3833//3833
f 3894//3894 3834//3834 3835//3835
f 3894//3894 3893//3893 3834//3834
f 3895//3895 3835//3835 3836//3836
f 3895//3895 3894//3894 3835//3835
f 3896//3896 3836//3836 3837//3837
f 3896//3896 3895//3895 3836//3836
f 3897//3897 3837//3837 3838//3838
f 3897//3897 3896//3896 3837//3837
f 3898//3898 3838//3838 3839//3839
f 3898//3898 3897//3897 3838//3838
f 3899//3899 3839//3839 3840//3840
f 3899//3899 3898//3898 3839//3839
f 3900//3900 3840//3840 3841//3841
f 3900//3900 3899//3899 3840//3840
f 3901//3901 3841//3841 3842//3842
f 3901//3901 3900//3900 3841//3841
f 3902//3902 3842//3842 3843//3843
f 3902//3902 3901//3901 3842//3842
f 3903//3903 3843//3843 3844//3844
f 3903//3903 3902//3902 3843//3843
f 3904//3904 3844//3844 3845//3845
f 3904//3904 3903//3903 3844//3844
f 3905//3905 3845//3845 3846//3846
f 3905//3905 3904//3904 3845//3845
f 3906//3906 3846//3846 3847//3847
f 3906//3906 3905//3905 3846//3846
f 3907//3907 3847//3847 3848//3848
f 3907//3907 3906//3906 3847//3847
f 3908//3908 3848//3848 3849//3849
f 3908//3908 3907//3907 3848//3848
f 3909//3909 3849//3849 3850//3850
f 3909//3909 3908//3908 3849//3849
f 3910//3910 3850//3850 3851//3851
f 3910//3910 3909//3909 3850//3850
f 3911//3911 3851//3851 3852//3852
f 3911//3911 3910//3910 3851//3851
f 3912//3912 3911//3911 3852//3852
f 3912//3912 3852//3852 3853//3853
f 3913//3913 3912//3912 3853//3853
f 3913//3913 3853//3853 3854//3854
f 3914//3914 3913//3913 3854//3854
f 3914//3914 3854//3854 3855//3855
f 3915//3915 3966//3966 3965//3965
f 3915//3915 3856//3856 3966//3966
f 3915//3915 3914//3914 3855//3855
f 3915//3915 3855//3855 3856//3856
f 3916//3916 3965//3965 3964//3964
f 3916//3916 3915//3915 3965//3965
f 3963//3963 3916//3916 3964//3964
f 3962//3962 3916//3916 3963//3963
f 3917//3917 3962//3962 3961//3961
f 3917//3917 3916//3916 3962//3962
f 3917//3917 3961//3961 3940//3940
f 3918//3918 3917//3917 3940//3940
f 3918//3918 3940//3940 3941//3941
f 3919//3919 3918//3918 3941//3941
f 3919//3919 3941//3941 3942//3942
f 3920//3920 3919//3919 3942//3942
f 3920//3920 3942//3942 3943//3943
f 3921//3921 3920//3920 3943//3943
f 3921//3921 3943//3943 3944//3944
f 3922//3922 3921//3921 3944//3944
f 3922//3922 3944//3944 3945//3945
f 3923//3923 3922//3922 3945//3945
f 3923//3923 3945//3945 3946//3946
f 3924//3924 3923//3923 3946//3946
f 3924//3924 3946//3946 3947//3947
f 3925//3925 3924//3924 3947//3947
f 3925//3925 3947//3947 3948//3948
f 3926//3926 3925//3925 3948//3948
f 3926//3926 3948//3948 3949//3949
f 3927//3927 3926//3926 3949//3949
f 3927//3927 3949//3949 3950//3950
f 3928//3928 3927//3927 3950//3950
f 3928//3928 3950//3950 3951//3951
f 3928//3928 3951//3951 3952//3952
f 3929//3929 3928//3928 3952//3952
f 3929//3929 3952//3952 3953//3953
f 3930//3930 3929//3929 3953//3953
f 3930//3930 3953//3953 3954//3954
f 3931//3931 3954//3954 3955//3955
f 3931//3931 3930//3930 3954//3954
f 3932//3932 3931//3931 3955//3955
f 3932//3932 3955//3955 3956//3956
f 3933//3933 3932//3932 3956//3956
f 3934//3934 3933//3933 3956//3956
f 3934//3934 3956//3956 3957//3957
f 3935//3935 3934//3934 3957//3957
f 3935//3935 3957//3957 3958//3958
f 3936//3936 3958//3958 3959//3959
f 3936//3936 3935//3935 3958//3958
f 3937//3937 3936//3936 3959//3959
f 3937//3937 3959//3959 3960//3960
f 3938//3938 3937//3937 3960//3960
f 3938//3938 3960//3960 3939//3939
f 3865//3865 509//509 3967//3967
f 3865//3865 508//508 509//509
f 3866//3866 3967//3967 3968//3968
f 3866//3866 3865//3865 3967//3967
f 3867//3867 3968//3968 3969//3969
f 3867//3867 3866//3866 3968//3968
f 3868//3868 3969//3969 3970//3970
f 3868//3868 3867//3867 3969//3969
f 3869//3869 3970//3970 3971//3971
f 3869//3869 3868//3868 3970//3970
f 3870//3870 3971//3971 3972//3972
f 3870//3870 3869//3869 3971//3971
f 3871//3871 3972//3972 3973//3973
f 3871//3871 3870//3870 3972//3972
f 3872//3872 3871//3871 3973//3973
f 3872//3872 3973//3973 3974//3974
f 3873//3873 3974//3974 3975//3975
f 3873//3873 3872//3872 3974//3974
f 3874//3874 3975//3975 3976//3976
f 3874//3874 3873//3873 3975//3975
f 3875//3875 3874//3874 3976//3976
f 3875//3875 3976//3976 3977//3977
f 3876//3876 3977//3977 3978//3978
f 3876//3876 3875//3875 3977//3977
f 3877//3877 3978//3978 3979//3979
f 3877//3877 3876//3876 3978//3978
f 3878//3878 3979//3979 3980//3980
f 3878//3878 3877//3877 3979//3979
f 3879//3879 3980//3980 3981//3981
f 3879//3879 3878//3878 3980//3980
f 3880//3880 3981//3981 3982//3982
f 3880//3880 3879//3879 3981//3981
f 3881//3881 3982//3982 3983//3983
f 3881//3881 3880//3880 3982//3982
f 3882//3882 3983//3983 3984//3984
f 3882//3882 3881//3881 3983//3983
f 3883//3883 3984//3984 3985//3985
f 3883//3883 3882//3882 3984//3984
f 3884//3884 3985//3985 3986//3986
f 3884//3884 3883//3883 3985//3985
f 3885//3885 3986//3986 3987//3987
f 3885//3885 3884//3884 3986//3986
f 3886//3886 3987//3987 3988//3988
f 3886//3886 3885//3885 3987//3987
f 3887//3887 3988//3988 3989//3989
f 3887//3887 3886//3886 3988//3988
f 3888//3888 3989//3989 3990//3990
f 3888//3888 3887//3887 3989//3989
f 3994//3994 3990//3990 3991//3991
f 3994//3994 3888//3888 3990//3990
f 3994//3994 3991//3991 3995//3995
f 3996//3996 3991//3991 3992//3992
f 3996//3996 3995//3995 3991//3991
f 3889//3889 3888//3888 3994//3994
f 3997//3997 3996//3996 3992//3992
f 3998//3998 3997//3997 3992//3992
f 3999//3999 3998//3998 3992//3992
f 3993//3993 3999//3999 3992//3992
f 4000//4000 544//544 545//545
f 4000//4000 545//545 3890//3890
f 4001//4001 4000//4000 3890//3890
f 4001//4001 3890//3890 3891//3891
f 4002//4002 4001//4001 3891//3891
f 4002//4002 3891//3891 3892//3892
f 4003//4003 4002//4002 3892//3892
f 4003//4003 3892//3892 3893//3893
f 4004//4004 4003//4003 3893//3893
f 4004//4004 3893//3893 3894//3894
f 4005//4005 4004//4004 3894//3894
f 4005//4005 3894//3894 3895//3895
f 4006//4006 4005//4005 3895//3895
f 4006//4006 3895//3895 3896//3896
f 4007//4007 4006//4006 3896//3896
f 4007//4007 3896//3896 3897//3897
f 4008//4008 4007//4007 3897//3897
f 4008//4008 3897//3897 3898//3898
f 4009//4009 4008//4008 3898//3898
f 4009//4009 3898//3898 3899//3899
f 4010//4010 4009//4009 3899//3899
f 4010//4010 3899//3899 3900//3900
f 4011//4011 4010//4010 3900//3900
f 4011//4011 3900//3900 3901//3901
f 4012//4012 4011//4011 3901//3901
f 4012//4012 3901//3901 3902//3902
f 4013//4013 4012//4012 3902//3902
f 4013//4013 3902//3902 3903//3903
f 4014//4014 4013//4013 3903//3903
f 4014//4014 3903//3903 3904//3904
f 4015//4015 3904//3904 3905//3905
f 4015//4015 4014//4014 3904//3904
f 4016//4016 3905//3905 3906//3906
f 4016//4016 4015//4015 3905//3905
f 4017//4017 3906//3906 3907//3907
f 4017//4017 4016//4016 3906//3906
f 4018//4018 3907//3907 3908//3908
f 4018//4018 4017//4017 3907//3907
f 4019//4019 3908//3908 3909//3909
f 4019//4019 4018//4018 3908//3908
f 4020//4020 3909//3909 3910//3910
f 4020//4020 4019//4019 3909//3909
f 4021//4021 3910//3910 3911//3911
f 4021//4021 4020//4020 3910//3910
f 4022//4022 3911//3911 3912//3912
f 4022//4022 4021//4021 3911//3911
f 4023//4023 3912//3912 3913//3913
f 4023//4023 4022//4022 3912//3912
f 4024//4024 4023//4023 3913//3913
f 4024//4024 3913//3913 3914//3914
f 4025//4025 4024//4024 3914//3914
f 4025//4025 3914//3914 3915//3915
f 4026//4026 4025//4025 3915//3915
f 4026//4026 3915//3915 3916//3916
f 4027//4027 4026//4026 3916//3916
f 4027//4027 3916//3916 3917//3917
f 4028//4028 4027//4027 3917//3917
f 4028//4028 3917//3917 3918//3918
f 4029//4029 4028//4028 3918//3918
f 4029//4029 3918//3918 3919//3919
f 4030//4030 4029//4029 3919//3919
f 4030//4030 3919//3919 3920//3920
f 4031//4031 4030//4030 3920//3920
f 4031//4031 3920//3920 3921//3921
f 4032//4032 4031//4031 3921//3921
f 4032//4032 3921//3921 3922//3922
f 4033//4033 4032//4032 3922//3922
f 4033//4033 3922//3922 3923//3923
f 4034//4034 4033//4033 3923//3923
f 4034//4034 3923//3923 3924//3924
f 4035//4035 4034//4034 3924//3924
f 4035//4035 3924//3924 3925//3925
f 4036//4036 4035//4035 3925//3925
f 4036//4036 3925//3925 3926//3926
f 4037//4037 4036//4036 3926//3926
f 4037//4037 3926//3926 3927//3927
f 4038//4038 4037//4037 3927//3927
f 4038//4038 3927//3927 3928//3928
f 4039//4039 4038//4038 3928//3928
f 4039//4039 3928//3928 3929//3929
f 4040//4040 4039//4039 3929//3929
f 4040//4040 3929//3929 3930//3930
f 4041//4041 4040//4040 3930//3930
f 4041//4041 3930//3930 3931//3931
f 4042//4042 4041//4041 3931//3931
f 4042//4042 3931//3931 3932//3932
f 4043//4043 4042//4042 3932//3932
f 4043//4043 3932//3932 3933//3933
f 4044//4044 4043//4043 3933//3933
f 4044//4044 3933//3933 3934//3934
f 4045//4045 4044//4044 3934//3934
f 4045//4045 3934//3934 3935//3935
f 4046//4046 4045//4045 3935//3935
f 4046//4046 3935//3935 3936//3936
f 4047//4047 4046//4046 3936//3936
f 4047//4047 3936//3936 3937//3937
f 4048//4048 4047//4047 3937//3937
f 4048//4048 3937//3937 3938//3938
f 3967//3967 510//510 4049//4049
f 3967//3967 509//509 510//510
f 3968//3968 4049//4049 4050//4050
f 3968//3968 3967//3967 4049//4049
f 3969//3969 4050//4050 4051//4051
f 3969//3969 3968//3968 4050//4050
f 3970//3970 4051//4051 4052//4052
f 3970//3970 3969//3969 4051//4051
f 3971//3971 4052//4052 4053//4053
f 3971//3971 3970//3970 4052//4052
f 3972//3972 4053//4053 4054//4054
f 3972//3972 3971//3971 4053//4053
f 3973//3973 4054//4054 4055//4055
f 3973//3973 3972//3972 4054//4054
f 3974//3974 4055//4055 4056//4056
f 3974//3974 3973//3973 4055//4055
f 3975//3975 4056//4056 4057//4057
f 3975//3975 3974//3974 4056//4056
f 3976//3976 4057//4057 4058//4058
f 3976//3976 3975//3975 4057//4057
f 3977//3977 4058//4058 4059//4059
f 3977//3977 3976//3976 4058//4058
f 3978//3978 4059//4059 4060//4060
f 3978//3978 3977//3977 4059//4059
f 3979//3979 4060//4060 4061//4061
f 3979//3979 3978//3978 4060//4060
f 3980//3980 4061//4061 4062//4062
f 3980//3980 3979//3979 4061//4061
f 3981//3981 4062//4062 4063//4063
f 3981//3981 3980//3980 4062//4062
f 3982//3982 4063//4063 4064//4064
f 3982//3982 3981//3981 4063//4063
f 3983//3983 4064//4064 4065//4065
f 3983//3983 3982//3982 4064//4064
f 3984//3984 4065//4065 4066//4066
f 3984//3984 3983//3983 4065//4065
f 3985//3985 4066//4066 4067//4067
f 3985//3985 3984//3984 4066//4066
f 3986//3986 4067//4067 4068//4068
f 3986//3986 3985//3985 4067//4067
f 3987//3987 4068//4068 4069//4069
f 3987//3987 3986//3986 4068//4068
f 3988//3988 4069//4069 4070//4070
f 3988//3988 3987//3987 4069//4069
f 3989//3989 3988//3988 4070//4070
f 3989//3989 4070//4070 4071//4071
f 3990//3990 3989//3989 4071//4071
f 3990//3990 4071//4071 4072//4072
f 3991//3991 3990//3990 4072//4072
f 3991//3991 4072//4072 4073//4073
f 3992//3992 3991//3991 4073//4073
f 3992//3992 4073//4073 4074//4074
f 3993//3993 3992//3992 4074//4074
f 4098//4098 3993//3993 4074//4074
f 4098//4098 4074//4074 4075//4075
f 4099//4099 4098//4098 4075//4075
f 4100//4100 4099//4099 4075//4075
f 4101//4101 4100//4100 4075//4075
f 4076//4076 4101//4101 4075//4075
f 4076//4076 4102//4102 4101//4101
f 4103//4103 4102//4102 4076//4076
f 4104//4104 4076//4076 4077//4077
f 4104//4104 4103//4103 4076//4076
f 4105//4105 4077//4077 4078//4078
f 4105//4105 4104//4104 4077//4077
f 4106//4106 4078//4078 4079//4079
f 4106//4106 4105//4105 4078//4078
f 4107//4107 4079//4079 4080//4080
f 4107//4107 4106//4106 4079//4079
f 4108//4108 4080//4080 4081//4081
f 4108//4108 4107//4107 4080//4080
f 4109//4109 4081//4081 4082//4082
f 4109//4109 4108//4108 4081//4081
f 4110//4110 4082//4082 4083//4083
f 4110//4110 4109//4109 4082//4082
f 4111//4111 4083//4083 4084//4084
f 4111//4111 4110//4110 4083//4083
f 4112//4112 4084//4084 4085//4085
f 4112//4112 4111//4111 4084//4084
f 4113//4113 4085//4085 4086//4086
f 4113//4113 4112//4112 4085//4085
f 4114//4114 4086//4086 4087//4087
f 4114//4114 4113//4113 4086//4086
f 4115//4115 4114//4114 4087//4087
f 4116//4116 4087//4087 4088//4088
f 4116//4116 4115//4115 4087//4087
f 4117//4117 4088//4088 4089//4089
f 4117//4117 4116//4116 4088//4088
f 4118//4118 4089//4089 4090//4090
f 4118//4118 4117//4117 4089//4089
f 4119//4119 4090//4090 4091//4091
f 4119//4119 4118//4118 4090//4090
f 4120//4120 4119//4119 4091//4091
f 4120//4120 4091//4091 4092//4092
f 4120//4120 4092//4092 4093//4093
f 4121//4121 4093//4093 4094//4094
f 4121//4121 4120//4120 4093//4093
f 4122//4122 4121//4121 4094//4094
f 4122//4122 4094//4094 4095//4095
f 4123//4123 4122//4122 4095//4095
f 4123//4123 4095//4095 4096//4096
f 4124//4124 4123//4123 4096//4096
f 4124//4124 4096//4096 4097//4097
f 4125//4125 4124//4124 4097//4097
f 543//543 544//544 4000//4000
f 4126//4126 543//543 4000//4000
f 4126//4126 4000//4000 4001//4001
f 4127//4127 4126//4126 4001//4001
f 4127//4127 4001//4001 4002//4002
f 4128//4128 4127//4127 4002//4002
f 4128//4128 4002//4002 4003//4003
f 4129//4129 4128//4128 4003//4003
f 4129//4129 4003//4003 4004//4004
f 4130//4130 4129//4129 4004//4004
f 4130//4130 4004//4004 4005//4005
f 4131//4131 4130//4130 4005//4005
f 4131//4131 4005//4005 4006//4006
f 4132//4132 4131//4131 4006//4006
f 4132//4132 4006//4006 4007//4007
f 4133//4133 4132//4132 4007//4007
f 4133//4133 4007//4007 4008//4008
f 4134//4134 4133//4133 4008//4008
f 4134//4134 4008//4008 4009//4009
f 4135//4135 4134//4134 4009//4009
f 4135//4135 4009//4009 4010//4010
f 4136//4136 4135//4135 4010//4010
f 4136//4136 4010//4010 4011//4011
f 4137//4137 4136//4136 4011//4011
f 4137//4137 4011//4011 4012//4012
f 4138//4138 4137//4137 4012//4012
f 4138//4138 4012//4012 4013//4013
f 4139//4139 4138//4138 4013//4013
f 4139//4139 4013//4013 4014//4014
f 4140//4140 4139//4139 4014//4014
f 4140//4140 4014//4014 4015//4015
f 4141//4141 4015//4015 4016//4016
f 4141//4141 4140//4140 4015//4015
f 4142//4142 4016//4016 4017//4017
f 4142//4142 4141//4141 4016//4016
f 4143//4143 4017//4017 4018//4018
f 4143//4143 4142//4142 4017//4017
f 4144//4144 4018//4018 4019//4019
f 4144//4144 4143//4143 4018//4018
f 4145//4145 4019//4019 4020//4020
f 4145//4145 4144//4144 4019//4019
f 4146//4146 4020//4020 4021//4021
f 4146//4146 4145//4145 4020//4020
f 4147//4147 4021//4021 4022//4022
f 4147//4147 4146//4146 4021//4021
f 4148//4148 4022//4022 4023//4023
f 4148//4148 4147//4147 4022//4022
f 4149//4149 4023//4023 4024//4024
f 4149//4149 4148//4148 4023//4023
f 4150//4150 4149//4149 4024//4024
f 4150//4150 4024//4024 4025//4025
f 4151//4151 4150//4150 4025//4025
f 4026//4026 4151//4151 4025//4025
f 4152//4152 4151//4151 4026//4026
f 4027//4027 4152//4152 4026//4026
f 4153//4153 4152//4152 4027//4027
f 4028//4028 4153//4153 4027//4027
f 4154//4154 4153//4153 4028//4028
f 4154//4154 4028//4028 4029//4029
f 4155//4155 4154//4154 4029//4029
f 4155//4155 4029//4029 4030//4030
f 4156//4156 4155//4155 4030//4030
f 4156//4156 4030//4030 4031//4031
f 4157//4157 4156//4156 4031//4031
f 4157//4157 4031//4031 4032//4032
f 4158//4158 4157//4157 4032//4032
f 4158//4158 4032//4032 4033//4033
f 4159//4159 4158//4158 4033//4033
f 4159//4159 4033//4033 4034//4034
f 4160//4160 4159//4159 4034//4034
f 4160//4160 4034//4034 4035//4035
f 4161//4161 4160//4160 4035//4035
f 4161//4161 4035//4035 4036//4036
f 4162//4162 4161//4161 4036//4036
f 4162//4162 4036//4036 4037//4037
f 4163//4163 4162//4162 4037//4037
f 4163//4163 4037//4037 4038//4038
f 4164//4164 4163//4163 4038//4038
f 4164//4164 4038//4038 4039//4039
f 4165//4165 4164//4164 4039//4039
f 4165//4165 4039//4039 4040//4040
f 4166//4166 4165//4165 4040//4040
f 4166//4166 4040//4040 4041//4041
f 4167//4167 4166//4166 4041//4041
f 4167//4167 4041//4041 4042//4042
f 4168//4168 4167//4167 4042//4042
f 4168//4168 4042//4042 4043//4043
f 4169//4169 4168//4168 4043//4043
f 4169//4169 4043//4043 4044//4044
f 4170//4170 4169//4169 4044//4044
f 4170//4170 4044//4044 4045//4045
f 4171//4171 4170//4170 4045//4045
f 4171//4171 4045//4045 4046//4046
f 4172//4172 4171//4171 4046//4046
f 4172//4172 4046//4046 4047//4047
f 4173//4173 4172//4172 4047//4047
f 4174//4174 4173//4173 4047//4047
f 4174//4174 4047//4047 4048//4048
f 510//510 511//511 4176//4176
f 4049//4049 510//510 4176//4176
f 4049//4049 4176//4176 4177//4177
f 4050//4050 4049//4049 4177//4177
f 4050//4050 4177//4177 4178//4178
f 4051//4051 4050//4050 4178//4178
f 4051//4051 4178//4178 4179//4179
f 4052//4052 4051//4051 4179//4179
f 4052//4052 4179//4179 4180//4180
f 4053//4053 4052//4052 4180//4180
f 4053//4053 4180//4180 4181//4181
f 4054//4054 4053//4053 4181//4181
f 4054//4054 4181//4181 4182//4182
f 4055//4055 4054//4054 4182//4182
f 4055//4055 4182//4182 4183//4183
f 4056//4056 4055//4055 4183//4183
f 4056//4056 4183//4183 4184//4184
f 4057//4057 4056//4056 4184//4184
f 4057//4057 4184//4184 4185//4185
f 4058//4058 4057//4057 4185//4185
f 4058//4058 4185//4185 4186//4186
f 4059//4059 4058//4058 4186//4186
f 4059//4059 4186//4186 4187//4187
f 4060//4060 4059//4059 4187//4187
f 4060//4060 4187//4187 4188//4188
f 4061//4061 4060//4060 4188//4188
f 4061//4061 4188//4188 4189//4189
f 4062//4062 4061//4061 4189//4189
f 4062//4062 4189//4189 4190//4190
f 4063//4063 4062//4062 4190//4190
f 4063//4063 4190//4190 4191//4191
f 4064//4064 4191//4191 4192//4192
f 4064//4064 4063//4063 4191//4191
f 4065//4065 4192//4192 4193//4193
f 4065//4065 4064//4064 4192//4192
f 4066//4066 4193//4193 4194//4194
f 4066//4066 4065//4065 4193//4193
f 4067//4067 4194//4194 4195//4195
f 4067//4067 4066//4066 4194//4194
f 4068//4068 4195//4195 4196//4196
f 4068//4068 4067//4067 4195//4195
f 4069//4069 4196//4196 4197//4197
f 4069//4069 4068//4068 4196//4196
f 4070//4070 4197//4197 4198//4198
f 4070//4070 4069//4069 4197//4197
f 4071//4071 4198//4198 4199//4199
f 4071//4071 4070//4070 4198//4198
f 4072//4072 4199//4199 4200//4200
f 4072//4072 4071//4071 4199//4199
f 4073//4073 4072//4072 4200//4200
f 4073//4073 4200//4200 4201//4201
f 4074//4074 4073//4073 4201//4201
f 4202//4202 4074//4074 4201//4201
f 4075//4075 4074//4074 4202//4202
f 4203//4203 4075//4075 4202//4202
f 4076//4076 4075//4075 4203//4203
f 4204//4204 4076//4076 4203//4203
f 4077//4077 4076//4076 4204//4204
f 4077//4077 4204//4204 4205//4205
f 4078//4078 4077//4077 4205//4205
f 4078//4078 4205//4205 4206//4206
f 4079//4079 4078//4078 4206//4206
f 4079//4079 4206//4206 4207//4207
f 4080//4080 4079//4079 4207//4207
f 4080//4080 4207//4207 4208//4208
f 4081//4081 4080//4080 4208//4208
f 4081//4081 4208//4208 4209//4209
f 4082//4082 4081//4081 4209//4209
f 4082//4082 4209//4209 4210//4210
f 4083//4083 4082//4082 4210//4210
f 4083//4083 4210//4210 4211//4211
f 4084//4084 4083//4083 4211//4211
f 4084//4084 4211//4211 4212//4212
f 4085//4085 4084//4084 4212//4212
f 4085//4085 4212//4212 4213//4213
f 4086//4086 4085//4085 4213//4213
f 4086//4086 4213//4213 4214//4214
f 4087//4087 4086//4086 4214//4214
f 4087//4087 4214//4214 4215//4215
f 4088//4088 4087//4087 4215//4215
f 4088//4088 4215//4215 4216//4216
f 4089//4089 4088//4088 4216//4216
f 4089//4089 4216//4216 4217//4217
f 4090//4090 4089//4089 4217//4217
f 4090//4090 4217//4217 4218//4218
f 4091//4091 4090//4090 4218//4218
f 4091//4091 4218//4218 4219//4219
f 4092//4092 4091//4091 4219//4219
f 4092//4092 4219//4219 4220//4220
f 4093//4093 4092//4092 4220//4220
f 4093//4093 4220//4220 4221//4221
f 4094//4094 4093//4093 4221//4221
f 4094//4094 4221//4221 4222//4222
f 4095//4095 4094//4094 4222//4222
f 4095//4095 4222//4222 4223//4223
f 4096//4096 4095//4095 4223//4223
f 4096//4096 4223//4223 4175//4175
f 4097//4097 4096//4096 4175//4175
f 542//542 543//543 4126//4126
f 4224//4224 542//542 4126//4126
f 4224//4224 4126//4126 4127//4127
f 4225//4225 4224//4224 4127//4127
f 4225//4225 4127//4127 4128//4128
f 4226//4226 4225//4225 4128//4128
f 4226//4226 4128//4128 4129//4129
f 4227//4227 4226//4226 4129//4129
f 4227//4227 4129//4129 4130//4130
f 4228//4228 4227//4227 4130//4130
f 4228//4228 4130//4130 4131//4131
f 4229//4229 4228//4228 4131//4131
f 4229//4229 4131//4131 4132//4132
f 4230//4230 4229//4229 4132//4132
f 4230//4230 4132//4132 4133//4133
f 4231//4231 4230//4230 4133//4133
f 4231//4231 4133//4133 4134//4134
f 4232//4232 4231//4231 4134//4134
f 4232//4232 4134//4134 4135//4135
f 4233//4233 4232//4232 4135//4135
f 4233//4233 4135//4135 4136//4136
f 4234//4234 4233//4233 4136//4136
f 4234//4234 4136//4136 4137//4137
f 4235//4235 4234//4234 4137//4137
f 4235//4235 4137//4137 4138//4138
f 4236//4236 4235//4235 4138//4138
f 4236//4236 4138//4138 4139//4139
f 4237//4237 4236//4236 4139//4139
f 4237//4237 4139//4139 4140//4140
f 4238//4238 4237//4237 4140//4140
f 4238//4238 4140//4140 4141//4141
f 4239//4239 4141//4141 4142//4142
f 4239//4239 4238//4238 4141//4141
f 4240//4240 4142//4142 4143//4143
f 4240//4240 4239//4239 4142//4142
f 4241//4241 4143//4143 4144//4144
f 4241//4241 4240//4240 4143//4143
f 4242//4242 4144//4144 4145//4145
f 4242//4242 4241//4241 4144//4144
f 4243//4243 4145//4145 4146//4146
f 4243//4243 4242//4242 4145//4145
f 4244//4244 4146//4146 4147//4147
f 4244//4244 4243//4243 4146//4146
f 4245//4245 4147//4147 4148//4148
f 4245//4245 4244//4244 4147//4147
f 4246//4246 4148//4148 4149//4149
f 4246//4246 4245//4245 4148//4148
f 4247//4247 4149//4149 4150//4150
f 4247//4247 4246//4246 4149//4149
f 4248//4248 4247//4247 4150//4150
f 4248//4248 4150//4150 4151//4151
f 4249//4249 4248//4248 4151//4151
f 4152//4152 4249//4249 4151//4151
f 4250//4250 4249//4249 4152//4152
f 4153//4153 4250//4250 4152//4152
f 4251//4251 4250//4250 4153//4153
f 4154//4154 4251//4251 4153//4153
f 4252//4252 4251//4251 4154//4154
f 4252//4252 4154//4154 4155//4155
f 4253//4253 4252//4252 4155//4155
f 4253//4253 4155//4155 4156//4156
f 4254//4254 4253//4253 4156//4156
f 4254//4254 4156//4156 4157//4157
f 4255//4255 4254//4254 4157//4157
f 4255//4255 4157//4157 4158//4158
f 4256//4256 4255//4255 4158//4158
f 4256//4256 4158//4158 4159//4159
f 4257//4257 4256//4256 4159//4159
f 4257//4257 4159//4159 4160//4160
f 4258//4258 4257//4257 4160//4160
f 4258//4258 4160//4160 4161//4161
f 4259//4259 4258//4258 4161//4161
f 4259//4259 4161//4161 4162//4162
f 4260//4260 4259//4259 4162//4162
f 4260//4260 4162//4162 4163//4163
f 4261//4261 4260//4260 4163//4163
f 4261//4261 4163//4163 4164//4164
f 4262//4262 4261//4261 4164//4164
f 4262//4262 4164//4164 4165//4165
f 4263//4263 4262//4262 4165//4165
f 4263//4263 4165//4165 4166//4166
f 4264//4264 4263//4263 4166//4166
f 4264//4264 4166//4166 4167//4167
f 4265//4265 4264//4264 4167//4167
f 4265//4265 4167//4167 4168//4168
f 4266//4266 4265//4265 4168//4168
f 4266//4266 4168//4168 4169//4169
f 4267//4267 4266//4266 4169//4169
f 4267//4267 4169//4169 4170//4170
f 4268//4268 4267//4267 4170//4170
f 4268//4268 4170//4170 4171//4171
f 4269//4269 4268//4268 4171//4171
f 4269//4269 4171//4171 4172//4172
f 4270//4270 4269//4269 4172//4172
f 4270//4270 4172//4172 4173//4173
f 4271//4271 4270//4270 4173//4173
f 4272//4272 4271//4271 4173//4173
f 4272//4272 4173//4173 4174//4174
f 4176//4176 511//511 512//512
f 4176//4176 512//512 4274//4274
f 4177//4177 4176//4176 4274//4274
f 4177//4177 4274//4274 4275//4275
f 4178//4178 4177//4177 4275//4275
f 4178//4178 4275//4275 4276//4276
f 4179//4179 4178//4178 4276//4276
f 4179//4179 4276//4276 4277//4277
f 4180//4180 4179//4179 4277//4277
f 4180//4180 4277//4277 4278//4278
f 4181//4181 4180//4180 4278//4278
f 4181//4181 4278//4278 4279//4279
f 4182//4182 4181//4181 4279//4279
f 4182//4182 4279//4279 4280//4280
f 4183//4183 4182//4182 4280//4280
f 4183//4183 4280//4280 4281//4281
f 4184//4184 4183//4183 4281//4281
f 4184//4184 4281//4281 4282//4282
f 4185//4185 4184//4184 4282//4282
f 4185//4185 4282//4282 4283//4283
f 4186//4186 4185//4185 4283//4283
f 4186//4186 4283//4283 4284//4284
f 4187//4187 4186//4186 4284//4284
f 4187//4187 4284//4284 4285//4285
f 4188//4188 4187//4187 4285//4285
f 4188//4188 4285//4285 4286//4286
f 4189//4189 4188//4188 4286//4286
f 4189//4189 4286//4286 4287//4287
f 4190//4190 4189//4189 4287//4287
f 4190//4190 4287//4287 4288//4288
f 4191//4191 4288//4288 4289//4289
f 4191//4191 4190//4190 4288//4288
f 4192//4192 4289//4289 4290//4290
f 4192//4192 4191//4191 4289//4289
f 4193//4193 4290//4290 4291//4291
f 4193//4193 4192//4192 4290//4290
f 4194//4194 4291//4291 4292//4292
f 4194//4194 4193//4193 4291//4291
f 4195//4195 4292//4292 4293//4293
f 4195//4195 4194//4194 4292//4292
f 4196//4196 4293//4293 4294//4294
f 4196//4196 4195//4195 4293//4293
f 4197//4197 4294//4294 4295//4295
f 4197//4197 4196//4196 4294//4294
f 4198//4198 4295//4295 4296//4296
f 4198//4198 4197//4197 4295//4295
f 4199//4199 4296//4296 4297//4297
f 4199//4199 4198//4198 4296//4296
f 4200//4200 4199//4199 4297//4297
f 4200//4200 4297//4297 4298//4298
f 4201//4201 4200//4200 4298//4298
f 4201//4201 4298//4298 4299//4299
f 4202//4202 4201//4201 4299//4299
f 4202//4202 4299//4299 4300//4300
f 4203//4203 4202//4202 4300//4300
f 4203//4203 4300//4300 4301//4301
f 4204//4204 4203//4203 4301//4301
f 4204//4204 4301//4301 4302//4302
f 4205//4205 4204//4204 4302//4302
f 4205//4205 4302//4302 4303//4303
f 4206//4206 4205//4205 4303//4303
f 4206//4206 4303//4303 4304//4304
f 4207//4207 4206//4206 4304//4304
f 4207//4207 4304//4304 4305//4305
f 4208//4208 4207//4207 4305//4305
f 4208//4208 4305//4305 4306//4306
f 4209//4209 4208//4208 4306//4306
f 4209//4209 4306//4306 4307//4307
f 4210//4210 4209//4209 4307//4307
f 4210//4210 4307//4307 4308//4308
f 4211//4211 4210//4210 4308//4308
f 4211//4211 4308//4308 4309//4309
f 4212//4212 4211//4211 4309//4309
f 4212//4212 4309//4309 4310//4310
f 4213//4213 4212//4212 4310//4310
f 4213//4213 4310//4310 4311//4311
f 4214//4214 4213//4213 4311//4311
f 4214//4214 4311//4311 4312//4312
f 4215//4215 4214//4214 4312//4312
f 4215//4215 4312//4312 4313//4313
f 4216//4216 4215//4215 4313//4313
f 4216//4216 4313//4313 4314//4314
f 4217//4217 4216//4216 4314//4314
f 4217//4217 4314//4314 4315//4315
f 4218//4218 4217//4217 4315//4315
f 4218//4218 4315//4315 4316//4316
f 4219//4219 4218//4218 4316//4316
f 4219//4219 4316//4316 4317//4317
f 4220//4220 4219//4219 4317//4317
f 4220//4220 4317//4317 4318//4318
f 4221//4221 4220//4220 4318//4318
f 4221//4221 4318//4318 4319//4319
f 4222//4222 4221//4221 4319//4319
f 4222//4222 4319//4319 4320//4320
f 4223//4223 4222//4222 4320//4320
f 4223//4223 4320//4320 4321//4321
f 4223//4223 4321//4321 4273//4273
f 4175//4175 4223//4223 4273//4273
f 4322//4322 541//541 542//542
f 4322//4322 542//542 4224//4224
f 4323//4323 4322//4322 4224//4224
f 4323//4323 4224//4224 4225//4225
f 4324//4324 4323//4323 4225//4225
f 4324//4324 4225//4225 4226//4226
f 4325//4325 4324//4324 4226//4226
f 4325//4325 4226//4226 4227//4227
f 4325//4325 4227//4227 4228//4228
f 4326//4326 4325//4325 4228//4228
f 4327//4327 4326//4326 4228//4228
f 4327//4327 4228//4228 4229//4229
f 4327//4327 4229//4229 4230//4230
f 4328//4328 4327//4327 4230//4230
f 4328//4328 4230//4230 4231//4231
f 4329//4329 4328//4328 4231//4231
f 4329//4329 4231//4231 4232//4232
f 4330//4330 4329//4329 4232//4232
f 4330//4330 4232//4232 4233//4233
f 4331//4331 4330//4330 4233//4233
f 4331//4331 4233//4233 4234//4234
f 4332//4332 4331//4331 4234//4234
f 4333//4333 4332//4332 4234//4234
f 4333//4333 4234//4234 4235//4235
f 4333//4333 4235//4235 4236//4236
f 4334//4334 4333//4333 4236//4236
f 4334//4334 4236//4236 4237//4237
f 4335//4335 4334//4334 4237//4237
f 4335//4335 4237//4237 4238//4238
f 4336//4336 4335//4335 4238//4238
f 4336//4336 4238//4238 4239//4239
f 4337//4337 4239//4239 4240//4240
f 4337//4337 4336//4336 4239//4239
f 4338//4338 4240//4240 4241//4241
f 4338//4338 4337//4337 4240//4240
f 4339//4339 4241//4241 4242//4242
f 4339//4339 4338//4338 4241//4241
f 4340//4340 4242//4242 4243//4243
f 4340//4340 4339//4339 4242//4242
f 4341//4341 4243//4243 4244//4244
f 4341//4341 4340//4340 4243//4243
f 4342//4342 4244//4244 4245//4245
f 4342//4342 4341//4341 4244//4244
f 4343//4343 4245//4245 4246//4246
f 4343//4343 4342//4342 4245//4245
f 4344//4344 4246//4246 4247//4247
f 4344//4344 4343//4343 4246//4246
f 4345//4345 4247//4247 4248//4248
f 4345//4345 4344//4344 4247//4247
f 4346//4346 4345//4345 4248//4248
f 4346//4346 4248//4248 4249//4249
f 4347//4347 4346//4346 4249//4249
f 4250//4250 4347//4347 4249//4249
f 4348//4348 4347//4347 4250//4250
f 4251//4251 4348//4348 4250//4250
f 4349//4349 4348//4348 4251//4251
f 4252//4252 4349//4349 4251//4251
f 4350//4350 4349//4349 4252//4252
f 4350//4350 4252//4252 4253//4253
f 4351//4351 4350//4350 4253//4253
f 4351//4351 4253//4253 4254//4254
f 4352//4352 4351//4351 4254//4254
f 4352//4352 4254//4254 4255//4255
f 4353//4353 4352//4352 4255//4255
f 4353//4353 4255//4255 4256//4256
f 4354//4354 4353//4353 4256//4256
f 4354//4354 4256//4256 4257//4257
f 4355//4355 4354//4354 4257//4257
f 4356//4356 4355//4355 4257//4257
f 4356//4356 4257//4257 4258//4258
f 4356//4356 4258//4258 4259//4259
f 4357//4357 4356//4356 4259//4259
f 4357//4357 4259//4259 4260//4260
f 4358//4358 4357//4357 4260//4260
f 4358//4358 4260//4260 4261//4261
f 4359//4359 4358//4358 4261//4261
f 4359//4359 4261//4261 4262//4262
f 4360//4360 4359//4359 4262//4262
f 4360//4360 4262//4262 4263//4263
f 4361//4361 4360//4360 4263//4263
f 4362//4362 4361//4361 4263//4263
f 4362//4362 4263//4263 4264//4264
f 4362//4362 4264//4264 4265//4265
f 4363//4363 4362//4362 4265//4265
f 4363//4363 4265//4265 4266//4266
f 4364//4364 4363//4363 4266//4266
f 4365//4365 4364//4364 4266//4266
f 4365//4365 4266//4266 4267//4267
f 4365//4365 4267//4267 4268//4268
f 4366//4366 4365//4365 4268//4268
f 4366//4366 4268//4268 4269//4269
f 4367//4367 4366//4366 4269//4269
f 4367//4367 4269//4269 4270//4270
f 4368//4368 4367//4367 4270//4270
f 4369//4369 4368//4368 4270//4270
f 4369//4369 4270//4270 4271//4271
f 4370//4370 4369//4369 4271//4271
f 4370//4370 4271//4271 4272//4272
f 4274//4274 512//512 513//513
f 4274//4274 513//513 4372//4372
f 4275//4275 4274//4274 4372//4372
f 4275//4275 4372//4372 4373//4373
f 4276//4276 4275//4275 4373//4373
f 4276//4276 4373//4373 4374//4374
f 4277//4277 4276//4276 4374//4374
f 4277//4277 4374//4374 4375//4375
f 4278//4278 4277//4277 4375//4375
f 4278//4278 4375//4375 4376//4376
f 4279//4279 4278//4278 4376//4376
f 4279//4279 4376//4376 4377//4377
f 4280//4280 4279//4279 4377//4377
f 4280//4280 4377//4377 4378//4378
f 4281//4281 4280//4280 4378//4378
f 4281//4281 4378//4378 4379//4379
f 4282//4282 4281//4281 4379//4379
f 4282//4282 4379//4379 4380//4380
f 4283//4283 4282//4282 4380//4380
f 4283//4283 4380//4380 4381//4381
f 4284//4284 4283//4283 4381//4381
f 4284//4284 4381//4381 4382//4382
f 4285//4285 4284//4284 4382//4382
f 4285//4285 4382//4382 4383//4383
f 4286//4286 4285//4285 4383//4383
f 4286//4286 4383//4383 4384//4384
f 4287//4287 4286//4286 4384//4384
f 4287//4287 4384//4384 4385//4385
f 4288//4288 4287//4287 4385//4385
f 4288//4288 4385//4385 4386//4386
f 4289//4289 4386//4386 4387//4387
f 4289//4289 4288//4288 4386//4386
f 4290//4290 4387//4387 4388//4388
f 4290//4290 4289//4289 4387//4387
f 4291//4291 4388//4388 4389//4389
f 4291//4291 4290//4290 4388//4388
f 4292//4292 4389//4389 4390//4390
f 4292//4292 4291//4291 4389//4389
f 4293//4293 4390//4390 4391//4391
f 4293//4293 4292//4292 4390//4390
f 4294//4294 4391//4391 4392//4392
f 4294//4294 4293//4293 4391//4391
f 4295//4295 4392//4392 4393//4393
f 4295//4295 4294//4294 4392//4392
f 4296//4296 4393//4393 4394//4394
f 4296//4296 4295//4295 4393//4393
f 4297//4297 4394//4394 4395//4395
f 4297//4297 4296//4296 4394//4394
f 4298//4298 4297//4297 4395//4395
f 4298//4298 4395//4395 4396//4396
f 4299//4299 4298//4298 4396//4396
f 4299//4299 4396//4396 4397//4397
f 4300//4300 4299//4299 4397//4397
f 4300//4300 4397//4397 4398//4398
f 4301//4301 4300//4300 4398//4398
f 4301//4301 4398//4398 4399//4399
f 4302//4302 4301//4301 4399//4399
f 4302//4302 4399//4399 4400//4400
f 4303//4303 4302//4302 4400//4400
f 4303//4303 4400//4400 4401//4401
f 4304//4304 4303//4303 4401//4401
f 4304//4304 4401//4401 4402//4402
f 4305//4305 4304//4304 4402//4402
f 4305//4305 4402//4402 4403//4403
f 4306//4306 4305//4305 4403//4403
f 4306//4306 4403//4403 4404//4404
f 4307//4307 4306//4306 4404//4404
f 4307//4307 4404//4404 4405//4405
f 4308//4308 4307//4307 4405//4405
f 4308//4308 4405//4405 4406//4406
f 4309//4309 4308//4308 4406//4406
f 4309//4309 4406//4406 4407//4407
f 4310//4310 4309//4309 4407//4407
f 4310//4310 4407//4407 4408//4408
f 4311//4311 4310//4310 4408//4408
f 4311//4311 4408//4408 4409//4409
f 4312//4312 4311//4311 4409//4409
f 4312//4312 4409//4409 4410//4410
f 4313//4313 4312//4312 4410//4410
f 4313//4313 4410//4410 4411//4411
f 4314//4314 4313//4313 4411//4411
f 4314//4314 4411//4411 4412//4412
f 4315//4315 4314//4314 4412//4412
f 4315//4315 4412//4412 4413//4413
f 4316//4316 4315//4315 4413//4413
f 4316//4316 4413//4413 4414//4414
f 4317//4317 4316//4316 4414//4414
f 4317//4317 4414//4414 4415//4415
f 4318//4318 4317//4317 4415//4415
f 4318//4318 4415//4415 4416//4416
f 4319//4319 4318//4318 4416//4416
f 4319//4319 4416//4416 4417//4417
f 4320//4320 4319//4319 4417//4417
f 4320//4320 4417//4417 4418//4418
f 4321//4321 4320//4320 4418//4418
f 4321//4321 4418//4418 4419//4419
f 4273//4273 4321//4321 4419//4419
f 4273//4273 4419//4419 4371//4371
f 4420//4420 540//540 541//541
f 4420//4420 541//541 4322//4322
f 4421//4421 4420//4420 4322//4322
f 4421//4421 4322//4322 4323//4323
f 4422//4422 4421//4421 4323//4323
f 4422//4422 4323//4323 4324//4324
f 4423//4423 4422//4422 4324//4324
f 4423//4423 4324//4324 4325//4325
f 4424//4424 4423//4423 4325//4325
f 4424//4424 4325//4325 4326//4326
f 4425//4425 4424//4424 4326//4326
f 4425//4425 4326//4326 4327//4327
f 4426//4426 4425//4425 4327//4327
f 4426//4426 4327//4327 4328//4328
f 4427//4427 4426//4426 4328//4328
f 4427//4427 4328//4328 4329//4329
f 4428//4428 4427//4427 4329//4329
f 4428//4428 4329//4329 4330//4330
f 4429//4429 4428//4428 4330//4330
f 4429//4429 4330//4330 4331//4331
f 4430//4430 4429//4429 4331//4331
f 4430//4430 4331//4331 4332//4332
f 4431//4431 4430//4430 4332//4332
f 4431//4431 4332//4332 4333//4333
f 4432//4432 4431//4431 4333//4333
f 4432//4432 4333//4333 4334//4334
f 4433//4433 4432//4432 4334//4334
f 4433//4433 4334//4334 4335//4335
f 4434//4434 4433//4433 4335//4335
f 4434//4434 4335//4335 4336//4336
f 4435//4435 4336//4336 4337//4337
f 4435//4435 4434//4434 4336//4336
f 4436//4436 4337//4337 4338//4338
f 4436//4436 4435//4435 4337//4337
f 4437//4437 4338//4338 4339//4339
f 4437//4437 4436//4436 4338//4338
f 4438//4438 4339//4339 4340//4340
f 4438//4438 4437//4437 4339//4339
f 4439//4439 4340//4340 4341//4341
f 4439//4439 4438//4438 4340//4340
f 4440//4440 4341//4341 4342//4342
f 4440//4440 4439//4439 4341//4341
f 4441//4441 4342//4342 4343//4343
f 4441//4441 4440//4440 4342//4342
f 4442//4442 4343//4343 4344//4344
f 4442//4442 4441//4441 4343//4343
f 4443//4443 4344//4344 4345//4345
f 4443//4443 4442//4442 4344//4344
f 4444//4444 4443//4443 4345//4345
f 4444//4444 4345//4345 4346//4346
f 4445//4445 4444//4444 4346//4346
f 4445//4445 4346//4346 4347//4347
f 4446//4446 4445//4445 4347//4347
f 4446//4446 4347//4347 4348//4348
f 4447//4447 4446//4446 4348//4348
f 4447//4447 4348//4348 4349//4349
f 4448//4448 4447//4447 4349//4349
f 4448//4448 4349//4349 4350//4350
f 4449//4449 4448//4448 4350//4350
f 4449//4449 4350//4350 4351//4351
f 4450//4450 4449//4449 4351//4351
f 4450//4450 4351//4351 4352//4352
f 4451//4451 4450//4450 4352//4352
f 4451//4451 4352//4352 4353//4353
f 4452//4452 4451//4451 4353//4353
f 4452//4452 4353//4353 4354//4354
f 4453//4453 4452//4452 4354//4354
f 4453//4453 4354//4354 4355//4355
f 4454//4454 4453//4453 4355//4355
f 4454//4454 4355//4355 4356//4356
f 4455//4455 4454//4454 4356//4356
f 4455//4455 4356//4356 4357//4357
f 4456//4456 4455//4455 4357//4357
f 4456//4456 4357//4357 4358//4358
f 4457//4457 4456//4456 4358//4358
f 4457//4457 4358//4358 4359//4359
f 4458//4458 4457//4457 4359//4359
f 4458//4458 4359//4359 4360//4360
f 4459//4459 4458//4458 4360//4360
f 4459//4459 4360//4360 4361//4361
f 4460//4460 4459//4459 4361//4361
f 4460//4460 4361//4361 4362//4362
f 4461//4461 4460//4460 4362//4362
f 4461//4461 4362//4362 4363//4363
f 4462//4462 4461//4461 4363//4363
f 4462//4462 4363//4363 4364//4364
f 4463//4463 4462//4462 4364//4364
f 4463//4463 4364//4364 4365//4365
f 4464//4464 4463//4463 4365//4365
f 4464//4464 4365//4365 4366//4366
f 4465//4465 4464//4464 4366//4366
f 4465//4465 4366//4366 4367//4367
f 4466//4466 4465//4465 4367//4367
f 4466//4466 4367//4367 4368//4368
f 4467//4467 4466//4466 4368//4368
f 4467//4467 4368//4368 4369//4369
f 4468//4468 4467//4467 4369//4369
f 4468//4468 4369//4369 4370//4370
f 4372//4372 513//513 514//514
f 4372//4372 514//514 4470//4470
f 4373//4373 4372//4372 4470//4470
f 4373//4373 4470//4470 4471//4471
f 4374//4374 4373//4373 4471//4471
f 4374//4374 4471//4471 4472//4472
f 4375//4375 4374//4374 4472//4472
f 4375//4375 4472//4472 4473//4473
f 4376//4376 4375//4375 4473//4473
f 4376//4376 4473//4473 4474//4474
f 4377//4377 4376//4376 4474//4474
f 4377//4377 4474//4474 4475//4475
f 4378//4378 4377//4377 4475//4475
f 4378//4378 4475//4475 4476//4476
f 4379//4379 4378//4378 4476//4476
f 4379//4379 4476//4476 4477//4477
f 4380//4380 4379//4379 4477//4477
f 4380//4380 4477//4477 4478//4478
f 4381//4381 4380//4380 4478//4478
f 4381//4381 4478//4478 4479//4479
f 4382//4382 4381//4381 4479//4479
f 4382//4382 4479//4479 4480//4480
f 4383//4383 4382//4382 4480//4480
f 4383//4383 4480//4480 4481//4481
f 4384//4384 4383//4383 4481//4481
f 4384//4384 4481//4481 4482//4482
f 4385//4385 4384//4384 4482//4482
f 4385//4385 4482//4482 4483//4483
f 4386//4386 4385//4385 4483//4483
f 4386//4386 4483//4483 4484//4484
f 4387//4387 4484//4484 4485//4485
f 4387//4387 4386//4386 4484//4484
f 4388//4388 4485//4485 4486//4486
f 4388//4388 4387//4387 4485//4485
f 4389//4389 4486//4486 4487//4487
f 4389//4389 4388//4388 4486//4486
f 4390//4390 4487//4487 4488//4488
f 4390//4390 4389//4389 4487//4487
f 4391//4391 4488//4488 4489//4489
f 4391//4391 4390//4390 4488//4488
f 4392//4392 4489//4489 4490//4490
f 4392//4392 4391//4391 4489//4489
f 4393//4393 4490//4490 4491//4491
f 4393//4393 4392//4392 4490//4490
f 4394//4394 4491//4491 4492//4492
f 4394//4394 4393//4393 4491//4491
f 4395//4395 4492//4492 4493//4493
f 4395//4395 4394//4394 4492//4492
f 4396//4396 4395//4395 4493//4493
f 4396//4396 4493//4493 4494//4494
f 4397//4397 4396//4396 4494//4494
f 4397//4397 4494//4494 4495//4495
f 4398//4398 4397//4397 4495//4495
f 4398//4398 4495//4495 4496//4496
f 4399//4399 4398//4398 4496//4496
f 4399//4399 4496//4496 4497//4497
f 4400//4400 4399//4399 4497//4497
f 4400//4400 4497//4497 4498//4498
f 4401//4401 4400//4400 4498//4498
f 4401//4401 4498//4498 4499//4499
f 4402//4402 4401//4401 4499//4499
f 4402//4402 4499//4499 4500//4500
f 4403//4403 4402//4402 4500//4500
f 4403//4403 4500//4500 4501//4501
f 4404//4404 4403//4403 4501//4501
f 4404//4404 4501//4501 4502//4502
f 4405//4405 4404//4404 4502//4502
f 4405//4405 4502//4502 4503//4503
f 4406//4406 4405//4405 4503//4503
f 4406//4406 4503//4503 4504//4504
f 4407//4407 4406//4406 4504//4504
f 4407//4407 4504//4504 4505//4505
f 4408//4408 4407//4407 4505//4505
f 4408//4408 4505//4505 4506//4506
f 4409//4409 4408//4408 4506//4506
f 4409//4409 4506//4506 4507//4507
f 4410//4410 4409//4409 4507//4507
f 4410//4410 4507//4507 4508//4508
f 4411//4411 4410//4410 4508//4508
f 4411//4411 4508//4508 4509//4509
f 4412//4412 4411//4411 4509//4509
f 4412//4412 4509//4509 4510//4510
f 4413//4413 4412//4412 4510//4510
f 4413//4413 4510//4510 4511//4511
f 4414//4414 4413//4413 4511//4511
f 4414//4414 4511//4511 4512//4512
f 4415//4415 4414//4414 4512//4512
f 4415//4415 4512//4512 4513//4513
f 4416//4416 4415//4415 4513//4513
f 4416//4416 4513//4513 4514//4514
f 4416//4416 4514//4514 4515//4515
f 4417//4417 4416//4416 4515//4515
f 4418//4418 4417//4417 4515//4515
f 4418//4418 4515//4515 4516//4516
f 4419//4419 4418//4418 4516//4516
f 4419//4419 4516//4516 4517//4517
f 4419//4419 4517//4517 4469//4469
f 4371//4371 4419//4419 4469//4469
f 4518//4518 539//539 540//540
f 4518//4518 540//540 4420//4420
f 4518//4518 4420//4420 4421//4421
f 4519//4519 4518//4518 4421//4421
f 4519//4519 4421//4421 4422//4422
f 4520//4520 4519//4519 4422//4422
f 4520//4520 4422//4422 4423//4423
f 4521//4521 4520//4520 4423//4423
f 4521//4521 4423//4423 4424//4424
f 4522//4522 4521//4521 4424//4424
f 4522//4522 4424//4424 4425//4425
f 4523//4523 4522//4522 4425//4425
f 4523//4523 4425//4425 4426//4426
f 4524//4524 4523//4523 4426//4426
f 4524//4524 4426//4426 4427//4427
f 4525//4525 4524//4524 4427//4427
f 4525//4525 4427//4427 4428//4428
f 4526//4526 4525//4525 4428//4428
f 4526//4526 4428//4428 4429//4429
f 4527//4527 4526//4526 4429//4429
f 4527//4527 4429//4429 4430//4430
f 4528//4528 4527//4527 4430//4430
f 4528//4528 4430//4430 4431//4431
f 4529//4529 4528//4528 4431//4431
f 4529//4529 4431//4431 4432//4432
f 4530//4530 4529//4529 4432//4432
f 4530//4530 4432//4432 4433//4433
f 4531//4531 4530//4530 4433//4433
f 4531//4531 4433//4433 4434//4434
f 4532//4532 4531//4531 4434//4434
f 4532//4532 4434//4434 4435//4435
f 4533//4533 4435//4435 4436//4436
f 4533//4533 4532//4532 4435//4435
f 4534//4534 4436//4436 4437//4437
f 4534//4534 4533//4533 4436//4436
f 4535//4535 4437//4437 4438//4438
f 4535//4535 4534//4534 4437//4437
f 4536//4536 4438//4438 4439//4439
f 4536//4536 4535//4535 4438//4438
f 4537//4537 4439//4439 4440//4440
f 4537//4537 4536//4536 4439//4439
f 4538//4538 4440//4440 4441//4441
f 4538//4538 4537//4537 4440//4440
f 4539//4539 4441//4441 4442//4442
f 4539//4539 4538//4538 4441//4441
f 4540//4540 4442//4442 4443//4443
f 4540//4540 4539//4539 4442//4442
f 4541//4541 4443//4443 4444//4444
f 4541//4541 4540//4540 4443//4443
f 4542//4542 4541//4541 4444//4444
f 4542//4542 4444//4444 4445//4445
f 4543//4543 4542//4542 4445//4445
f 4446//4446 4543//4543 4445//4445
f 4544//4544 4543//4543 4446//4446
f 4447//4447 4544//4544 4446//4446
f 4545//4545 4544//4544 4447//4447
f 4448//4448 4545//4545 4447//4447
f 4546//4546 4545//4545 4448//4448
f 4546//4546 4448//4448 4449//4449
f 4547//4547 4546//4546 4449//4449
f 4547//4547 4449//4449 4450//4450
f 4548//4548 4547//4547 4450//4450
f 4548//4548 4450//4450 4451//4451
f 4549//4549 4548//4548 4451//4451
f 4549//4549 4451//4451 4452//4452
f 4550//4550 4549//4549 4452//4452
f 4550//4550 4452//4452 4453//4453
f 4551//4551 4550//4550 4453//4453
f 4552//4552 4551//4551 4453//4453
f 4552//4552 4453//4453 4454//4454
f 4552//4552 4454//4454 4455//4455
f 4553//4553 4552//4552 4455//4455
f 4553//4553 4455//4455 4456//4456
f 4554//4554 4553//4553 4456//4456
f 4554//4554 4456//4456 4457//4457
f 4555//4555 4554//4554 4457//4457
f 4556//4556 4555//4555 4457//4457
f 4556//4556 4457//4457 4458//4458
f 4556//4556 4458//4458 4459//4459
f 4557//4557 4556//4556 4459//4459
f 4557//4557 4459//4459 4460//4460
f 4558//4558 4557//4557 4460//4460
f 4558//4558 4460//4460 4461//4461
f 4559//4559 4558//4558 4461//4461
f 4559//4559 4461//4461 4462//4462
f 4560//4560 4559//4559 4462//4462
f 4561//4561 4560//4560 4462//4462
f 4561//4561 4462//4462 4463//4463
f 4561//4561 4463//4463 4464//4464
f 4562//4562 4561//4561 4464//4464
f 4562//4562 4464//4464 4465//4465
f 4563//4563 4562//4562 4465//4465
f 4563//4563 4465//4465 4466//4466
f 4564//4564 4563//4563 4466//4466
f 4564//4564 4466//4466 4467//4467
f 4565//4565 4564//4564 4467//4467
f 4566//4566 4565//4565 4467//4467
f 4566//4566 4467//4467 4468//4468
f 514//514 515//515 4568//4568
f 4470//4470 514//514 4568//4568
f 4470//4470 4568//4568 4569//4569
f 4471//4471 4470//4470 4569//4569
f 4471//4471 4569//4569 4570//4570
f 4472//4472 4471//4471 4570//4570
f 4472//4472 4570//4570 4571//4571
f 4473//4473 4472//4472 4571//4571
f 4473//4473 4571//4571 4572//4572
f 4474//4474 4473//4473 4572//4572
f 4474//4474 4572//4572 4573//4573
f 4475//4475 4474//4474 4573//4573
f 4475//4475 4573//4573 4574//4574
f 4476//4476 4475//4475 4574//4574
f 4476//4476 4574//4574 4575//4575
f 4477//4477 4476//4476 4575//4575
f 4477//4477 4575//4575 4576//4576
f 4478//4478 4477//4477 4576//4576
f 4478//4478 4576//4576 4577//4577
f 4479//4479 4478//4478 4577//4577
f 4479//4479 4577//4577 4578//4578
f 4480//4480 4479//4479 4578//4578
f 4480//4480 4578//4578 4579//4579
f 4481//4481 4480//4480 4579//4579
f 4481//4481 4579//4579 4580//4580
f 4482//4482 4481//4481 4580//4580
f 4482//4482 4580//4580 4581//4581
f 4483//4483 4482//4482 4581//4581
f 4483//4483 4581//4581 4582//4582
f 4484//4484 4483//4483 4582//4582
f 4484//4484 4582//4582 4583//4583
f 4485//4485 4583//4583 4584//4584
f 4485//4485 4484//4484 4583//4583
f 4486//4486 4584//4584 4585//4585
f 4486//4486 4485//4485 4584//4584
f 4487//4487 4585//4585 4586//4586
f 4487//4487 4486//4486 4585//4585
f 4488//4488 4586//4586 4587//4587
f 4488//4488 4487//4487 4586//4586
f 4489//4489 4587//4587 4588//4588
f 4489//4489 4488//4488 4587//4587
f 4490//4490 4588//4588 4589//4589
f 4490//4490 4489//4489 4588//4588
f 4491//4491 4589//4589 4590//4590
f 4491//4491 4490//4490 4589//4589
f 4492//4492 4590//4590 4591//4591
f 4492//4492 4491//4491 4590//4590
f 4493//4493 4591//4591 4592//4592
f 4493//4493 4492//4492 4591//4591
f 4494//4494 4493//4493 4592//4592
f 4494//4494 4592//4592 4593//4593
f 4495//4495 4494//4494 4593//4593
f 4594//4594 4495//4495 4593//4593
f 4496//4496 4495//4495 4594//4594
f 4595//4595 4496//4496 4594//4594
f 4497//4497 4496//4496 4595//4595
f 4596//4596 4497//4497 4595//4595
f 4498//4498 4497//4497 4596//4596
f 4498//4498 4596//4596 4597//4597
f 4499//4499 4498//4498 4597//4597
f 4499//4499 4597//4597 4598//4598
f 4500//4500 4499//4499 4598//4598
f 4500//4500 4598//4598 4599//4599
f 4501//4501 4500//4500 4599//4599
f 4501//4501 4599//4599 4600//4600
f 4502//4502 4501//4501 4600//4600
f 4502//4502 4600//4600 4601//4601
f 4503//4503 4502//4502 4601//4601
f 4503//4503 4601//4601 4602//4602
f 4504//4504 4503//4503 4602//4602
f 4504//4504 4602//4602 4603//4603
f 4505//4505 4504//4504 4603//4603
f 4505//4505 4603//4603 4604//4604
f 4506//4506 4505//4505 4604//4604
f 4506//4506 4604//4604 4605//4605
f 4507//4507 4506//4506 4605//4605
f 4507//4507 4605//4605 4606//4606
f 4508//4508 4507//4507 4606//4606
f 4508//4508 4606//4606 4607//4607
f 4509//4509 4508//4508 4607//4607
f 4509//4509 4607//4607 4608//4608
f 4510//4510 4509//4509 4608//4608
f 4510//4510 4608//4608 4609//4609
f 4511//4511 4510//4510 4609//4609
f 4511//4511 4609//4609 4610//4610
f 4512//4512 4511//4511 4610//4610
f 4512//4512 4610//4610 4611//4611
f 4513//4513 4512//4512 4611//4611
f 4513//4513 4611//4611 4612//4612
f 4514//4514 4513//4513 4612//4612
f 4514//4514 4612//4612 4613//4613
f 4515//4515 4514//4514 4613//4613
f 4515//4515 4613//4613 4614//4614
f 4516//4516 4515//4515 4614//4614
f 4516//4516 4614//4614 4615//4615
f 4517//4517 4516//4516 4615//4615
f 4517//4517 4615//4615 4567//4567
f 4469//4469 4517//4517 4567//4567
f 4616//4616 538//538 539//539
f 4616//4616 539//539 4518//4518
f 4617//4617 4518//4518 4519//4519
f 4617//4617 4616//4616 4518//4518
f 4618//4618 4617//4617 4519//4519
f 4619//4619 4519//4519 4520//4520
f 4619//4619 4618//4618 4519//4519
f 4620//4620 4520//4520 4521//4521
f 4620//4620 4619//4619 4520//4520
f 4621//4621 4521//4521 4522//4522
f 4621//4621 4620//4620 4521//4521
f 4622//4622 4621//4621 4522//4522
f 4623//4623 4522//4522 4523//4523
f 4623//4623 4622//4622 4522//4522
f 4624//4624 4623//4623 4523//4523
f 4624//4624 4523//4523 4524//4524
f 4625//4625 4624//4624 4524//4524
f 4625//4625 4524//4524 4525//4525
f 4626//4626 4525//4525 4526//4526
f 4626//4626 4625//4625 4525//4525
f 4627//4627 4626//4626 4526//4526
f 4627//4627 4526//4526 4527//4527
f 4628//4628 4527//4527 4528//4528
f 4628//4628 4627//4627 4527//4527
f 4629//4629 4628//4628 4528//4528
f 4629//4629 4528//4528 4529//4529
f 4629//4629 4529//4529 4530//4530
f 4630//4630 4530//4530 4531//4531
f 4630//4630 4629//4629 4530//4530
f 4631//4631 4630//4630 4531//4531
f 4631//4631 4531//4531 4532//4532
f 4632//4632 4532//4532 4533//4533
f 4632//4632 4533//4533 4534//4534
f 4632//4632 4631//4631 4532//4532
f 4633//4633 4632//4632 4534//4534
f 4633//4633 4534//4534 4535//4535
f 4634//4634 4535//4535 4536//4536
f 4634//4634 4536//4536 4537//4537
f 4634//4634 4633//4633 4535//4535
f 4635//4635 4634//4634 4537//4537
f 4635//4635 4537//4537 4538//4538
f 4635//4635 4538//4538 4539//4539
f 4635//4635 4539//4539 4540//4540
f 4636//4636 4540//4540 4541//4541
f 4636//4636 4541//4541 4542//4542
f 4636//4636 4542//4542 4543//4543
f 4636//4636 4543//4543 4544//4544
f 4636//4636 4635//4635 4540//4540
f 4637//4637 4636//4636 4544//4544
f 4637//4637 4544//4544 4545//4545
f 4637//4637 4545//4545 4546//4546
f 4637//4637 4546//4546 4547//4547
f 4638//4638 4547//4547 4548//4548
f 4638//4638 4548//4548 4549//4549
f 4638//4638 4637//4637 4547//4547
f 4639//4639 4638//4638 4549//4549
f 4639//4639 4549//4549 4550//4550
f 4639//4639 4550//4550 4551//4551
f 4640//4640 4551//4551 4552//4552
f 4640//4640 4552//4552 4553//4553
f 4640//4640 4639//4639 4551//4551
f 4641//4641 4640//4640 4553//4553
f 4641//4641 4553//4553 4554//4554
f 4642//4642 4554//4554 4555//4555
f 4642//4642 4555//4555 4556//4556
f 4642//4642 4641//4641 4554//4554
f 4643//4643 4642//4642 4556//4556
f 4643//4643 4556//4556 4557//4557
f 4644//4644 4557//4557 4558//4558
f 4644//4644 4558//4558 4559//4559
f 4644//4644 4643//4643 4557//4557
f 4645//4645 4644//4644 4559//4559
f 4645//4645 4559//4559 4560//4560
f 4646//4646 4560//4560 4561//4561
f 4646//4646 4645//4645 4560//4560
f 4647//4647 4646//4646 4561//4561
f 4647//4647 4561//4561 4562//4562
f 4648//4648 4647//4647 4562//4562
f 4648//4648 4562//4562 4563//4563
f 4649//4649 4648//4648 4563//4563
f 4649//4649 4563//4563 4564//4564
f 4650//4650 4649//4649 4564//4564
f 4650//4650 4564//4564 4565//4565
f 4651//4651 4650//4650 4565//4565
f 4651//4651 4565//4565 4566//4566
f 4568//4568 515//515 516//516
f 4568//4568 516//516 4653//4653
f 4569//4569 4568//4568 4653//4653
f 4569//4569 4653//4653 4654//4654
f 4570//4570 4569//4569 4654//4654
f 4570//4570 4654//4654 4655//4655
f 4571//4571 4570//4570 4655//4655
f 4571//4571 4655//4655 4656//4656
f 4572//4572 4571//4571 4656//4656
f 4572//4572 4656//4656 4657//4657
f 4573//4573 4572//4572 4657//4657
f 4573//4573 4657//4657 4658//4658
f 4574//4574 4573//4573 4658//4658
f 4574//4574 4658//4658 4659//4659
f 4575//4575 4574//4574 4659//4659
f 4575//4575 4659//4659 4660//4660
f 4576//4576 4575//4575 4660//4660
f 4576//4576 4660//4660 4661//4661
f 4577//4577 4576//4576 4661//4661
f 4577//4577 4661//4661 4662//4662
f 4578//4578 4577//4577 4662//4662
f 4578//4578 4662//4662 4663//4663
f 4579//4579 4578//4578 4663//4663
f 4579//4579 4663//4663 4664//4664
f 4580//4580 4579//4579 4664//4664
f 4580//4580 4664//4664 4665//4665
f 4581//4581 4580//4580 4665//4665
f 4581//4581 4665//4665 4666//4666
f 4582//4582 4581//4581 4666//4666
f 4582//4582 4666//4666 4667//4667
f 4583//4583 4667//4667 4668//4668
f 4583//4583 4582//4582 4667//4667
f 4584//4584 4668//4668 4669//4669
f 4584//4584 4583//4583 4668//4668
f 4585//4585 4669//4669 4670//4670
f 4585//4585 4584//4584 4669//4669
f 4586//4586 4670//4670 4671//4671
f 4586//4586 4585//4585 4670//4670
f 4587//4587 4671//4671 4672//4672
f 4587//4587 4586//4586 4671//4671
f 4588//4588 4672//4672 4673//4673
f 4588//4588 4587//4587 4672//4672
f 4589//4589 4673//4673 4674//4674
f 4589//4589 4588//4588 4673//4673
f 4590//4590 4674//4674 4675//4675
f 4590//4590 4589//4589 4674//4674
f 4591//4591 4675//4675 4676//4676
f 4591//4591 4590//4590 4675//4675
f 4592//4592 4591//4591 4676//4676
f 4592//4592 4676//4676 4677//4677
f 4593//4593 4592//4592 4677//4677
f 4593//4593 4677//4677 4678//4678
f 4594//4594 4593//4593 4678//4678
f 4594//4594 4678//4678 4679//4679
f 4595//4595 4594//4594 4679//4679
f 4595//4595 4679//4679 4680//4680
f 4596//4596 4595//4595 4680//4680
f 4596//4596 4680//4680 4681//4681
f 4597//4597 4596//4596 4681//4681
f 4597//4597 4681//4681 4682//4682
f 4598//4598 4597//4597 4682//4682
f 4598//4598 4682//4682 4683//4683
f 4599//4599 4598//4598 4683//4683
f 4599//4599 4683//4683 4684//4684
f 4600//4600 4599//4599 4684//4684
f 4600//4600 4684//4684 4685//4685
f 4601//4601 4600//4600 4685//4685
f 4601//4601 4685//4685 4686//4686
f 4602//4602 4601//4601 4686//4686
f 4602//4602 4686//4686 4687//4687
f 4603//4603 4602//4602 4687//4687
f 4603//4603 4687//4687 4688//4688
f 4604//4604 4603//4603 4688//4688
f 4604//4604 4688//4688 4689//4689
f 4605//4605 4604//4604 4689//4689
f 4605//4605 4689//4689 4690//4690
f 4606//4606 4605//4605 4690//4690
f 4606//4606 4690//4690 4691//4691
f 4607//4607 4606//4606 4691//4691
f 4607//4607 4691//4691 4692//4692
f 4608//4608 4607//4607 4692//4692
f 4608//4608 4692//4692 4693//4693
f 4609//4609 4608//4608 4693//4693
f 4609//4609 4693//4693 4694//4694
f 4610//4610 4609//4609 4694//4694
f 4610//4610 4694//4694 4695//4695
f 4611//4611 4610//4610 4695//4695
f 4611//4611 4695//4695 4696//4696
f 4612//4612 4611//4611 4696//4696
f 4612//4612 4696//4696 4697//4697
f 4613//4613 4612//4612 4697//4697
f 4613//4613 4697//4697 4698//4698
f 4614//4614 4613//4613 4698//4698
f 4614//4614 4698//4698 4699//4699
f 4615//4615 4614//4614 4699//4699
f 4615//4615 4699//4699 4700//4700
f 4615//4615 4700//4700 4652//4652
f 4567//4567 4615//4615 4652//4652
f 4701//4701 537//537 538//538
f 4701//4701 538//538 4616//4616
f 4702//4702 4616//4616 4617//4617
f 4702//4702 4701//4701 4616//4616
f 4703//4703 4617//4617 4618//4618
f 4703//4703 4702//4702 4617//4617
f 4704//4704 4703//4703 4618//4618
f 4704//4704 4618//4618 4619//4619
f 4705//4705 4619//4619 4620//4620
f 4705//4705 4704//4704 4619//4619
f 4706//4706 4705//4705 4620//4620
f 4706//4706 4620//4620 4621//4621
f 4707//4707 4706//4706 4621//4621
f 4707//4707 4621//4621 4622//4622
f 4708//4708 4622//4622 4623//4623
f 4708//4708 4707//4707 4622//4622
f 4709//4709 4708//4708 4623//4623
f 4709//4709 4623//4623 4624//4624
f 4710//4710 4624//4624 4625//4625
f 4710//4710 4709//4709 4624//4624
f 4711//4711 4710//4710 4625//4625
f 4711//4711 4625//4625 4626//4626
f 4712//4712 4711//4711 4626//4626
f 4712//4712 4626//4626 4627//4627
f 4713//4713 4627//4627 4628//4628
f 4713//4713 4712//4712 4627//4627
f 4714//4714 4713//4713 4628//4628
f 4714//4714 4628//4628 4629//4629
f 4715//4715 4714//4714 4629//4629
f 4715//4715 4629//4629 4630//4630
f 4716//4716 4715//4715 4630//4630
f 4716//4716 4630//4630 4631//4631
f 4717//4717 4716//4716 4631//4631
f 4717//4717 4631//4631 4632//4632
f 4718//4718 4717//4717 4632//4632
f 4718//4718 4632//4632 4633//4633
f 4719//4719 4718//4718 4633//4633
f 4719//4719 4633//4633 4634//4634
f 4720//4720 4719//4719 4634//4634
f 4720//4720 4634//4634 4635//4635
f 4721//4721 4635//4635 4636//4636
f 4721//4721 4720//4720 4635//4635
f 4637//4637 4721//4721 4636//4636
f 4722//4722 4637//4637 4638//4638
f 4722//4722 4721//4721 4637//4637
f 4723//4723 4638//4638 4639//4639
f 4723//4723 4722//4722 4638//4638
f 4724//4724 4639//4639 4640//4640
f 4724//4724 4723//4723 4639//4639
f 4725//4725 4640//4640 4641//4641
f 4725//4725 4724//4724 4640//4640
f 4726//4726 4641//4641 4642//4642
f 4726//4726 4725//4725 4641//4641
f 4727//4727 4642//4642 4643//4643
f 4727//4727 4726//4726 4642//4642
f 4728//4728 4643//4643 4644//4644
f 4728//4728 4727//4727 4643//4643
f 4729//4729 4644//4644 4645//4645
f 4729//4729 4728//4728 4644//4644
f 4730//4730 4645//4645 4646//4646
f 4730//4730 4729//4729 4645//4645
f 4731//4731 4730//4730 4646//4646
f 4731//4731 4646//4646 4647//4647
f 4732//4732 4647//4647 4648//4648
f 4732//4732 4731//4731 4647//4647
f 4733//4733 4732//4732 4648//4648
f 4733//4733 4648//4648 4649//4649
f 4734//4734 4733//4733 4649//4649
f 4734//4734 4649//4649 4650//4650
f 4735//4735 4734//4734 4650//4650
f 4735//4735 4650//4650 4651//4651
f 4736//4736 4735//4735 4651//4651
f 516//516 517//517 4738//4738
f 4653//4653 516//516 4738//4738
f 4653//4653 4738//4738 4739//4739
f 4654//4654 4739//4739 4740//4740
f 4654//4654 4740//4740 4741//4741
f 4654//4654 4653//4653 4739//4739
f 4655//4655 4741//4741 4742//4742
f 4655//4655 4654//4654 4741//4741
f 4656//4656 4655//4655 4742//4742
f 4656//4656 4742//4742 4743//4743
f 4657//4657 4743//4743 4744//4744
f 4657//4657 4744//4744 4745//4745
f 4657//4657 4656//4656 4743//4743
f 4658//4658 4745//4745 4746//4746
f 4658//4658 4657//4657 4745//4745
f 4659//4659 4746//4746 4747//4747
f 4659//4659 4658//4658 4746//4746
f 4660//4660 4659//4659 4747//4747
f 4660//4660 4747//4747 4748//4748
f 4661//4661 4748//4748 4749//4749
f 4661//4661 4660//4660 4748//4748
f 4662//4662 4749//4749 4750//4750
f 4662//4662 4661//4661 4749//4749
f 4663//4663 4750//4750 4751//4751
f 4663//4663 4662//4662 4750//4750
f 4664//4664 4663//4663 4751//4751
f 4665//4665 4751//4751 4752//4752
f 4665//4665 4664//4664 4751//4751
f 4666//4666 4752//4752 4753//4753
f 4666//4666 4665//4665 4752//4752
f 4667//4667 4753//4753 4754//4754
f 4667//4667 4666//4666 4753//4753
f 4668//4668 4667//4667 4754//4754
f 4669//4669 4668//4668 4754//4754
f 4669//4669 4754//4754 4755//4755
f 4670//4670 4755//4755 4756//4756
f 4670//4670 4669//4669 4755//4755
f 4671//4671 4670//4670 4756//4756
f 4672//4672 4756//4756 4757//4757
f 4672//4672 4671//4671 4756//4756
f 4673//4673 4672//4672 4757//4757
f 4674//4674 4673//4673 4757//4757
f 4675//4675 4674//4674 4757//4757
f 4675//4675 4757//4757 4758//4758
f 4676//4676 4675//4675 4758//4758
f 4677//4677 4676//4676 4758//4758
f 4678//4678 4677//4677 4758//4758
f 4679//4679 4678//4678 4758//4758
f 4679//4679 4758//4758 4759//4759
f 4680//4680 4679//4679 4759//4759
f 4681//4681 4680//4680 4759//4759
f 4682//4682 4681//4681 4759//4759
f 4682//4682 4759//4759 4760//4760
f 4683//4683 4682//4682 4760//4760
f 4684//4684 4683//4683 4760//4760
f 4684//4684 4760//4760 4761//4761
f 4685//4685 4684//4684 4761//4761
f 4686//4686 4685//4685 4761//4761
f 4686//4686 4761//4761 4762//4762
f 4687//4687 4686//4686 4762//4762
f 4688//4688 4687//4687 4762//4762
f 4688//4688 4762//4762 4763//4763
f 4689//4689 4688//4688 4763//4763
f 4689//4689 4763//4763 4764//4764
f 4690//4690 4689//4689 4764//4764
f 4691//4691 4690//4690 4764//4764
f 4691//4691 4764//4764 4765//4765
f 4692//4692 4691//4691 4765//4765
f 4692//4692 4765//4765 4766//4766
f 4693//4693 4692//4692 4766//4766
f 4694//4694 4693//4693 4766//4766
f 4694//4694 4766//4766 4767//4767
f 4695//4695 4694//4694 4767//4767
f 4695//4695 4767//4767 4768//4768
f 4696//4696 4695//4695 4768//4768
f 4696//4696 4768//4768 4769//4769
f 4697//4697 4696//4696 4769//4769
f 4697//4697 4769//4769 4770//4770
f 4698//4698 4697//4697 4770//4770
f 4698//4698 4770//4770 4771//4771
f 4699//4699 4698//4698 4771//4771
f 4699//4699 4771//4771 4772//4772
f 4700//4700 4699//4699 4772//4772
f 4700//4700 4772//4772 4737//4737
f 4652//4652 4700//4700 4737//4737
f 4773//4773 536//536 537//537
f 4773//4773 537//537 4701//4701
f 4774//4774 4701//4701 4702//4702
f 4774//4774 4773//4773 4701//4701
f 4775//4775 4774//4774 4702//4702
f 4775//4775 4702//4702 4703//4703
f 4776//4776 4703//4703 4704//4704
f 4776//4776 4775//4775 4703//4703
f 4777//4777 4776//4776 4704//4704
f 4777//4777 4704//4704 4705//4705
f 4778//4778 4705//4705 4706//4706
f 4778//4778 4777//4777 4705//4705
f 4779//4779 4778//4778 4706//4706
f 4779//4779 4706//4706 4707//4707
f 4780//4780 4707//4707 4708//4708
f 4780//4780 4779//4779 4707//4707
f 4781//4781 4780//4780 4708//4708
f 4781//4781 4708//4708 4709//4709
f 4782//4782 4709//4709 4710//4710
f 4782//4782 4781//4781 4709//4709
f 4783//4783 4782//4782 4710//4710
f 4783//4783 4710//4710 4711//4711
f 4784//4784 4711//4711 4712//4712
f 4784//4784 4783//4783 4711//4711
f 4785//4785 4784//4784 4712//4712
f 4785//4785 4712//4712 4713//4713
f 4786//4786 4713//4713 4714//4714
f 4786//4786 4785//4785 4713//4713
f 4787//4787 4786//4786 4714//4714
f 4787//4787 4714//4714 4715//4715
f 4788//4788 4787//4787 4715//4715
f 4788//4788 4715//4715 4716//4716
f 4789//4789 4788//4788 4716//4716
f 4789//4789 4716//4716 4717//4717
f 4790//4790 4789//4789 4717//4717
f 4790//4790 4717//4717 4718//4718
f 4791//4791 4790//4790 4718//4718
f 4791//4791 4718//4718 4719//4719
f 4792//4792 4791//4791 4719//4719
f 4792//4792 4719//4719 4720//4720
f 4793//4793 4720//4720 4721//4721
f 4793//4793 4792//4792 4720//4720
f 4794//4794 4721//4721 4722//4722
f 4794//4794 4793//4793 4721//4721
f 4795//4795 4722//4722 4723//4723
f 4795//4795 4794//4794 4722//4722
f 4796//4796 4723//4723 4724//4724
f 4796//4796 4795//4795 4723//4723
f 4797//4797 4724//4724 4725//4725
f 4797//4797 4796//4796 4724//4724
f 4798//4798 4725//4725 4726//4726
f 4798//4798 4797//4797 4725//4725
f 4799//4799 4726//4726 4727//4727
f 4799//4799 4798//4798 4726//4726
f 4800//4800 4727//4727 4728//4728
f 4800//4800 4799//4799 4727//4727
f 4801//4801 4728//4728 4729//4729
f 4801//4801 4800//4800 4728//4728
f 4802//4802 4801//4801 4729//4729
f 4802//4802 4729//4729 4730//4730
f 4803//4803 4730//4730 4731//4731
f 4803//4803 4802//4802 4730//4730
f 4804//4804 4803//4803 4731//4731
f 4804//4804 4731//4731 4732//4732
f 4805//4805 4804//4804 4732//4732
f 4805//4805 4732//4732 4733//4733
f 4806//4806 4805//4805 4733//4733
f 4806//4806 4733//4733 4734//4734
f 4807//4807 4806//4806 4734//4734
f 4807//4807 4734//4734 4735//4735
f 4808//4808 4807//4807 4735//4735
f 4808//4808 4735//4735 4736//4736
f 517//517 518//518 4810//4810
f 4738//4738 4810//4810 4811//4811
f 4738//4738 517//517 4810//4810
f 4739//4739 4811//4811 4812//4812
f 4739//4739 4738//4738 4811//4811
f 4740//4740 4812//4812 4813//4813
f 4740//4740 4739//4739 4812//4812
f 4741//4741 4740//4740 4813//4813
f 4741//4741 4813//4813 4814//4814
f 4742//4742 4814//4814 4815//4815
f 4742//4742 4741//4741 4814//4814
f 4743//4743 4742//4742 4815//4815
f 4743//4743 4815//4815 4816//4816
f 4744//4744 4743//4743 4816//4816
f 4744//4744 4816//4816 4817//4817
f 4745//4745 4817//4817 4818//4818
f 4745//4745 4744//4744 4817//4817
f 4746//4746 4745//4745 4818//4818
f 4746//4746 4818//4818 4819//4819
f 4747//4747 4819//4819 4820//4820
f 4747//4747 4746//4746 4819//4819
f 4748//4748 4747//4747 4820//4820
f 4748//4748 4820//4820 4821//4821
f 4749//4749 4748//4748 4821//4821
f 4749//4749 4821//4821 4822//4822
f 4750//4750 4749//4749 4822//4822
f 4750//4750 4822//4822 4823//4823
f 4751//4751 4750//4750 4823//4823
f 4751//4751 4823//4823 4824//4824
f 4752//4752 4751//4751 4824//4824
f 4752//4752 4824//4824 4825//4825
f 4753//4753 4752//4752 4825//4825
f 4753//4753 4825//4825 4826//4826
f 4754//4754 4753//4753 4826//4826
f 4754//4754 4826//4826 4827//4827
f 4755//4755 4754//4754 4827//4827
f 4755//4755 4827//4827 4828//4828
f 4756//4756 4755//4755 4828//4828
f 4756//4756 4828//4828 4829//4829
f 4757//4757 4756//4756 4829//4829
f 4757//4757 4829//4829 4830//4830
f 4758//4758 4757//4757 4830//4830
f 4759//4759 4830//4830 4831//4831
f 4759//4759 4758//4758 4830//4830
f 4760//4760 4831//4831 4832//4832
f 4760//4760 4759//4759 4831//4831
f 4761//4761 4832//4832 4833//4833
f 4761//4761 4760//4760 4832//4832
f 4762//4762 4833//4833 4834//4834
f 4762//4762 4761//4761 4833//4833
f 4763//4763 4834//4834 4835//4835
f 4763//4763 4762//4762 4834//4834
f 4764//4764 4835//4835 4836//4836
f 4764//4764 4763//4763 4835//4835
f 4765//4765 4836//4836 4837//4837
f 4765//4765 4764//4764 4836//4836
f 4766//4766 4765//4765 4837//4837
f 4766//4766 4837//4837 4838//4838
f 4767//4767 4766//4766 4838//4838
f 4767//4767 4838//4838 4839//4839
f 4768//4768 4839//4839 4840//4840
f 4768//4768 4767//4767 4839//4839
f 4769//4769 4768//4768 4840//4840
f 4769//4769 4840//4840 4841//4841
f 4770//4770 4841//4841 4842//4842
f 4770//4770 4769//4769 4841//4841
f 4771//4771 4770//4770 4842//4842
f 4771//4771 4842//4842 4843//4843
f 4772//4772 4771//4771 4843//4843
f 4772//4772 4843//4843 4844//4844
f 4737//4737 4772//4772 4844//4844
f 4737//4737 4844//4844 4809//4809
f 4845//4845 535//535 536//536
f 4845//4845 536//536 4773//4773
f 4846//4846 4773//4773 4774//4774
f 4846//4846 4845//4845 4773//4773
f 4847//4847 4846//4846 4774//4774
f 4847//4847 4774//4774 4775//4775
f 4848//4848 4847//4847 4775//4775
f 4848//4848 4775//4775 4776//4776
f 4849//4849 4776//4776 4777//4777
f 4849//4849 4848//4848 4776//4776
f 4850//4850 4849//4849 4777//4777
f 4850//4850 4777//4777 4778//4778
f 4851//4851 4778//4778 4779//4779
f 4851//4851 4850//4850 4778//4778
f 4852//4852 4851//4851 4779//4779
f 4852//4852 4779//4779 4780//4780
f 4853//4853 4780//4780 4781//4781
f 4853//4853 4852//4852 4780//4780
f 4854//4854 4781//4781 4782//4782
f 4854//4854 4853//4853 4781//4781
f 4855//4855 4854//4854 4782//4782
f 4855//4855 4782//4782 4783//4783
f 4856//4856 4783//4783 4784//4784
f 4856//4856 4855//4855 4783//4783
f 4857//4857 4856//4856 4784//4784
f 4857//4857 4784//4784 4785//4785
f 4858//4858 4857//4857 4785//4785
f 4858//4858 4785//4785 4786//4786
f 4859//4859 4858//4858 4786//4786
f 4859//4859 4786//4786 4787//4787
f 4860//4860 4859//4859 4787//4787
f 4860//4860 4787//4787 4788//4788
f 4861//4861 4860//4860 4788//4788
f 4861//4861 4788//4788 4789//4789
f 4862//4862 4861//4861 4789//4789
f 4862//4862 4789//4789 4790//4790
f 4863//4863 4862//4862 4790//4790
f 4863//4863 4790//4790 4791//4791
f 4864//4864 4791//4791 4792//4792
f 4864//4864 4863//4863 4791//4791
f 4865//4865 4792//4792 4793//4793
f 4865//4865 4864//4864 4792//4792
f 4866//4866 4865//4865 4793//4793
f 4794//4794 4866//4866 4793//4793
f 4867//4867 4866//4866 4794//4794
f 4868//4868 4794//4794 4795//4795
f 4868//4868 4867//4867 4794//4794
f 4869//4869 4795//4795 4796//4796
f 4869//4869 4868//4868 4795//4795
f 4870//4870 4796//4796 4797//4797
f 4870//4870 4869//4869 4796//4796
f 4871//4871 4870//4870 4797//4797
f 4871//4871 4797//4797 4798//4798
f 4872//4872 4798//4798 4799//4799
f 4872//4872 4871//4871 4798//4798
f 4873//4873 4872//4872 4799//4799
f 4873//4873 4799//4799 4800//4800
f 4874//4874 4800//4800 4801//4801
f 4874//4874 4873//4873 4800//4800
f 4875//4875 4874//4874 4801//4801
f 4875//4875 4801//4801 4802//4802
f 4876//4876 4802//4802 4803//4803
f 4876//4876 4875//4875 4802//4802
f 4877//4877 4876//4876 4803//4803
f 4877//4877 4803//4803 4804//4804
f 4878//4878 4877//4877 4804//4804
f 4878//4878 4804//4804 4805//4805
f 4879//4879 4878//4878 4805//4805
f 4879//4879 4805//4805 4806//4806
f 4880//4880 4879//4879 4806//4806
f 4880//4880 4806//4806 4807//4807
f 4881//4881 4880//4880 4807//4807
f 4881//4881 4807//4807 4808//4808
f 4882//4882 4881//4881 4808//4808
f 518//518 519//519 4884//4884
f 4810//4810 4884//4884 4885//4885
f 4810//4810 518//518 4884//4884
f 4811//4811 4810//4810 4885//4885
f 4811//4811 4885//4885 4886//4886
f 4812//4812 4886//4886 4887//4887
f 4812//4812 4811//4811 4886//4886
f 4813//4813 4812//4812 4887//4887
f 4813//4813 4887//4887 4888//4888
f 4814//4814 4813//4813 4888//4888
f 4814//4814 4888//4888 4889//4889
f 4815//4815 4889//4889 4890//4890
f 4815//4815 4814//4814 4889//4889
f 4816//4816 4815//4815 4890//4890
f 4816//4816 4890//4890 4891//4891
f 4817//4817 4891//4891 4892//4892
f 4817//4817 4816//4816 4891//4891
f 4818//4818 4817//4817 4892//4892
f 4818//4818 4892//4892 4893//4893
f 4819//4819 4893//4893 4894//4894
f 4819//4819 4818//4818 4893//4893
f 4820//4820 4819//4819 4894//4894
f 4820//4820 4894//4894 4895//4895
f 4821//4821 4895//4895 4896//4896
f 4821//4821 4820//4820 4895//4895
f 4822//4822 4821//4821 4896//4896
f 4822//4822 4896//4896 4897//4897
f 4823//4823 4822//4822 4897//4897
f 4823//4823 4897//4897 4898//4898
f 4824//4824 4823//4823 4898//4898
f 4824//4824 4898//4898 4899//4899
f 4825//4825 4824//4824 4899//4899
f 4825//4825 4899//4899 4900//4900
f 4826//4826 4825//4825 4900//4900
f 4826//4826 4900//4900 4901//4901
f 4827//4827 4826//4826 4901//4901
f 4827//4827 4901//4901 4902//4902
f 4828//4828 4827//4827 4902//4902
f 4828//4828 4902//4902 4903//4903
f 4829//4829 4828//4828 4903//4903
f 4829//4829 4903//4903 4904//4904
f 4830//4830 4829//4829 4904//4904
f 4905//4905 4830//4830 4904//4904
f 4831//4831 4905//4905 4906//4906
f 4831//4831 4830//4830 4905//4905
f 4832//4832 4906//4906 4907//4907
f 4832//4832 4831//4831 4906//4906
f 4833//4833 4907//4907 4908//4908
f 4833//4833 4832//4832 4907//4907
f 4834//4834 4908//4908 4909//4909
f 4834//4834 4833//4833 4908//4908
f 4835//4835 4909//4909 4910//4910
f 4835//4835 4834//4834 4909//4909
f 4836//4836 4910//4910 4911//4911
f 4836//4836 4835//4835 4910//4910
f 4837//4837 4911//4911 4912//4912
f 4837//4837 4836//4836 4911//4911
f 4838//4838 4837//4837 4912//4912
f 4838//4838 4912//4912 4913//4913
f 4839//4839 4838//4838 4913//4913
f 4839//4839 4913//4913 4914//4914
f 4840//4840 4914//4914 4915//4915
f 4840//4840 4839//4839 4914//4914
f 4841//4841 4840//4840 4915//4915
f 4841//4841 4915//4915 4916//4916
f 4842//4842 4841//4841 4916//4916
f 4842//4842 4916//4916 4917//4917
f 4843//4843 4842//4842 4917//4917
f 4843//4843 4917//4917 4918//4918
f 4844//4844 4843//4843 4918//4918
f 4844//4844 4918//4918 4883//4883
f 4809//4809 4844//4844 4883//4883
f 4919//4919 534//534 535//535
f 4919//4919 535//535 4845//4845
f 4920//4920 4845//4845 4846//4846
f 4920//4920 4919//4919 4845//4845
f 4921//4921 4920//4920 4846//4846
f 4921//4921 4846//4846 4847//4847
f 4922//4922 4847//4847 4848//4848
f 4922//4922 4921//4921 4847//4847
f 4923//4923 4922//4922 4848//4848
f 4923//4923 4848//4848 4849//4849
f 4924//4924 4923//4923 4849//4849
f 4924//4924 4849//4849 4850//4850
f 4925//4925 4924//4924 4850//4850
f 4925//4925 4850//4850 4851//4851
f 4926//4926 4925//4925 4851//4851
f 4926//4926 4851//4851 4852//4852
f 4927//4927 4852//4852 4853//4853
f 4927//4927 4926//4926 4852//4852
f 4928//4928 4927//4927 4853//4853
f 4928//4928 4853//4853 4854//4854
f 4929//4929 4928//4928 4854//4854
f 4929//4929 4854//4854 4855//4855
f 4930//4930 4929//4929 4855//4855
f 4930//4930 4855//4855 4856//4856
f 4931//4931 4930//4930 4856//4856
f 4931//4931 4856//4856 4857//4857
f 4932//4932 4931//4931 4857//4857
f 4932//4932 4857//4857 4858//4858
f 4933//4933 4932//4932 4858//4858
f 4933//4933 4858//4858 4859//4859
f 4934//4934 4933//4933 4859//4859
f 4934//4934 4859//4859 4860//4860
f 4935//4935 4934//4934 4860//4860
f 4935//4935 4860//4860 4861//4861
f 4936//4936 4935//4935 4861//4861
f 4936//4936 4861//4861 4862//4862
f 4937//4937 4862//4862 4863//4863
f 4937//4937 4936//4936 4862//4862
f 4938//4938 4937//4937 4863//4863
f 4938//4938 4863//4863 4864//4864
f 4939//4939 4938//4938 4864//4864
f 4939//4939 4864//4864 4865//4865
f 4940//4940 4865//4865 4866//4866
f 4940//4940 4939//4939 4865//4865
f 4941//4941 4940//4940 4866//4866
f 4942//4942 4941//4941 4866//4866
f 4867//4867 4942//4942 4866//4866
f 4943//4943 4942//4942 4867//4867
f 4944//4944 4867//4867 4868//4868
f 4944//4944 4943//4943 4867//4867
f 4945//4945 4868//4868 4869//4869
f 4945//4945 4944//4944 4868//4868
f 4946//4946 4945//4945 4869//4869
f 4946//4946 4869//4869 4870//4870
f 4947//4947 4946//4946 4870//4870
f 4948//4948 4947//4947 4870//4870
f 4948//4948 4870//4870 4871//4871
f 4949//4949 4871//4871 4872//4872
f 4949//4949 4948//4948 4871//4871
f 4950//4950 4949//4949 4872//4872
f 4950//4950 4872//4872 4873//4873
f 4951//4951 4950//4950 4873//4873
f 4951//4951 4873//4873 4874//4874
f 4952//4952 4951//4951 4874//4874
f 4952//4952 4874//4874 4875//4875
f 4953//4953 4875//4875 4876//4876
f 4953//4953 4952//4952 4875//4875
f 4954//4954 4953//4953 4876//4876
f 4954//4954 4876//4876 4877//4877
f 4955//4955 4877//4877 4878//4878
f 4955//4955 4954//4954 4877//4877
f 4956//4956 4955//4955 4878//4878
f 4956//4956 4878//4878 4879//4879
f 4957//4957 4879//4879 4880//4880
f 4957//4957 4956//4956 4879//4879
f 4958//4958 4957//4957 4880//4880
f 4958//4958 4880//4880 4881//4881
f 4959//4959 4958//4958 4881//4881
f 4959//4959 4881//4881 4882//4882
f 4960//4960 4959//4959 4882//4882
f 519//519 520//520 4962//4962
f 4884//4884 4962//4962 4963//4963
f 4884//4884 519//519 4962//4962
f 4885//4885 4884//4884 4963//4963
f 4885//4885 4963//4963 4964//4964
f 4886//4886 4885//4885 4964//4964
f 4886//4886 4964//4964 4965//4965
f 4887//4887 4965//4965 4966//4966
f 4887//4887 4886//4886 4965//4965
f 4888//4888 4887//4887 4966//4966
f 4888//4888 4966//4966 4967//4967
f 4889//4889 4888//4888 4967//4967
f 4889//4889 4967//4967 4968//4968
f 4890//4890 4889//4889 4968//4968
f 4890//4890 4968//4968 4969//4969
f 4891//4891 4890//4890 4969//4969
f 4891//4891 4969//4969 4970//4970
f 4892//4892 4891//4891 4970//4970
f 4892//4892 4970//4970 4971//4971
f 4893//4893 4971//4971 4972//4972
f 4893//4893 4892//4892 4971//4971
f 4894//4894 4972//4972 4973//4973
f 4894//4894 4893//4893 4972//4972
f 4895//4895 4894//4894 4973//4973
f 4895//4895 4973//4973 4974//4974
f 4896//4896 4974//4974 4975//4975
f 4896//4896 4895//4895 4974//4974
f 4897//4897 4896//4896 4975//4975
f 4897//4897 4975//4975 4976//4976
f 4898//4898 4897//4897 4976//4976
f 4898//4898 4976//4976 4977//4977
f 4899//4899 4898//4898 4977//4977
f 4899//4899 4977//4977 4978//4978
f 4900//4900 4899//4899 4978//4978
f 4900//4900 4978//4978 4979//4979
f 4901//4901 4900//4900 4979//4979
f 4901//4901 4979//4979 4980//4980
f 4902//4902 4980//4980 4981//4981
f 4902//4902 4901//4901 4980//4980
f 4903//4903 4902//4902 4981//4981
f 4903//4903 4981//4981 4982//4982
f 4904//4904 4982//4982 4983//4983
f 4904//4904 4903//4903 4982//4982
f 4905//4905 4983//4983 4984//4984
f 4905//4905 4984//4984 4985//4985
f 4905//4905 4904//4904 4983//4983
f 4906//4906 4985//4985 4986//4986
f 4906//4906 4905//4905 4985//4985
f 4907//4907 4986//4986 4987//4987
f 4907//4907 4906//4906 4986//4986
f 4908//4908 4987//4987 4988//4988
f 4908//4908 4907//4907 4987//4987
f 4909//4909 4988//4988 4989//4989
f 4909//4909 4908//4908 4988//4988
f 4910//4910 4909//4909 4989//4989
f 4910//4910 4989//4989 4990//4990
f 4911//4911 4910//4910 4990//4990
f 4911//4911 4990//4990 4991//4991
f 4912//4912 4991//4991 4992//4992
f 4912//4912 4911//4911 4991//4991
f 4913//4913 4912//4912 4992//4992
f 4913//4913 4992//4992 4993//4993
f 4914//4914 4913//4913 4993//4993
f 4914//4914 4993//4993 4994//4994
f 4915//4915 4994//4994 4995//4995
f 4915//4915 4914//4914 4994//4994
f 4916//4916 4915//4915 4995//4995
f 4916//4916 4995//4995 4996//4996
f 4917//4917 4996//4996 4997//4997
f 4917//4917 4916//4916 4996//4996
f 4918//4918 4917//4917 4997//4997
f 4918//4918 4997//4997 4998//4998
f 4883//4883 4918//4918 4998//4998
f 4883//4883 4998//4998 4961//4961
f 4999//4999 534//534 4919//4919
f 4999//4999 533//533 534//534
f 5000//5000 4919//4919 4920//4920
f 5000//5000 4999//4999 4919//4919
f 5001//5001 4920//4920 4921//4921
f 5001//5001 5000//5000 4920//4920
f 5002//5002 4921//4921 4922//4922
f 5002//5002 5001//5001 4921//4921
f 5003//5003 4922//4922 4923//4923
f 5003//5003 5002//5002 4922//4922
f 5004//5004 4923//4923 4924//4924
f 5004//5004 5003//5003 4923//4923
f 5005//5005 4924//4924 4925//4925
f 5005//5005 5004//5004 4924//4924
f 5006//5006 4925//4925 4926//4926
f 5006//5006 5005//5005 4925//4925
f 5007//5007 4926//4926 4927//4927
f 5007//5007 5006//5006 4926//4926
f 5008//5008 4927//4927 4928//4928
f 5008//5008 5007//5007 4927//4927
f 5009//5009 4928//4928 4929//4929
f 5009//5009 5008//5008 4928//4928
f 5010//5010 4929//4929 4930//4930
f 5010//5010 5009//5009 4929//4929
f 5011//5011 4930//4930 4931//4931
f 5011//5011 5010//5010 4930//4930
f 5012//5012 4931//4931 4932//4932
f 5012//5012 5011//5011 4931//4931
f 5013//5013 4932//4932 4933//4933
f 5013//5013 5012//5012 4932//4932
f 5014//5014 4933//4933 4934//4934
f 5014//5014 5013//5013 4933//4933
f 5015//5015 4934//4934 4935//4935
f 5015//5015 5014//5014 4934//4934
f 5016//5016 4935//4935 4936//4936
f 5016//5016 5015//5015 4935//4935
f 5017//5017 4936//4936 4937//4937
f 5017//5017 5016//5016 4936//4936
f 5018//5018 4937//4937 4938//4938
f 5018//5018 5017//5017 4937//4937
f 5019//5019 4938//4938 4939//4939
f 5019//5019 5018//5018 4938//4938
f 5020//5020 4939//4939 4940//4940
f 5020//5020 5019//5019 4939//4939
f 5021//5021 4940//4940 4941//4941
f 5021//5021 5020//5020 4940//4940
f 5022//5022 5021//5021 4941//4941
f 5023//5023 5022//5022 4941//4941
f 5023//5023 4941//4941 4942//4942
f 5024//5024 5023//5023 4942//4942
f 4943//4943 5024//5024 4942//4942
f 5025//5025 4943//4943 4944//4944
f 5025//5025 4944//4944 4945//4945
f 5025//5025 5024//5024 4943//4943
f 5026//5026 5025//5025 4945//4945
f 5026//5026 4945//4945 4946//4946
f 5027//5027 5026//5026 4946//4946
f 5044//5044 4952//4952 4953//4953
f 5045//5045 5044//5044 4953//4953
f 5045//5045 4953//4953 4954//4954
f 5046//5046 4954//4954 4955//4955
f 5046//5046 5047//5047 5045//5045
f 5046//5046 5048//5048 5047//5047
f 5046//5046 5045//5045 4954//4954
f 5049//5049 5048//5048 5046//5046
f 5050//5050 5049//5049 5046//5046
f 5051//5051 5050//5050 5046//5046
f 5051//5051 4955//4955 4956//4956
f 5051//5051 4956//4956 4957//4957
f 5051//5051 5046//5046 4955//4955
f 5052//5052 5049//5049 5050//5050
f 5052//5052 4957//4957 4958//4958
f 5052//5052 4958//4958 4959//4959
f 5052//5052 4959//4959 4960//4960
f 5052//5052 5050//5050 5051//5051
f 5052//5052 4960//4960 5043//5043
f 5052//5052 5051//5051 4957//4957
f 5053//5053 5032//5032 5031//5031
f 5053//5053 5033//5033 5032//5032
f 5053//5053 5034//5034 5033//5033
f 5054//5054 5034//5034 5053//5053
f 5055//5055 5034//5034 5054//5054
f 5055//5055 5035//5035 5034//5034
f 5056//5056 5035//5035 5055//5055
f 5056//5056 5036//5036 5035//5035
f 5056//5056 5037//5037 5036//5036
f 5056//5056 5038//5038 5037//5037
f 5056//5056 5039//5039 5038//5038
f 5056//5056 5040//5040 5039//5039
f 5057//5057 4952//4952 5044//5044
f 5057//5057 4947//4947 4948//4948
f 5057//5057 4948//4948 4949//4949
f 5057//5057 4949//4949 4950//4950
f 5057//5057 4950//4950 4951//4951
f 5057//5057 4951//4951 4952//4952
f 5058//5058 5027//5027 4946//4946
f 5058//5058 4946//4946 4947//4947
f 5058//5058 4947//4947 5057//5057
f 5058//5058 5028//5028 5027//5027
f 5058//5058 5029//5029 5028//5028
f 5058//5058 5030//5030 5029//5029
f 5058//5058 5031//5031 5030//5030
f 5059//5059 5045//5045 5047//5047
f 5059//5059 5047//5047 5048//5048
f 5059//5059 5048//5048 5049//5049
f 5059//5059 5044//5044 5045//5045
f 5060//5060 5056//5056 5055//5055
f 5060//5060 5040//5040 5056//5056
f 5060//5060 5055//5055 5054//5054
f 5060//5060 5059//5059 5040//5040
f 5061//5061 5057//5057 5044//5044
f 5061//5061 5044//5044 5059//5059
f 5061//5061 5059//5059 5060//5060
f 5061//5061 5058//5058 5057//5057
f 5062//5062 5053//5053 5031//5031
f 5062//5062 5060//5060 5054//5054
f 5062//5062 5061//5061 5060//5060
f 5062//5062 5031//5031 5058//5058
f 5062//5062 5054//5054 5053//5053
f 5062//5062 5058//5058 5061//5061
f 5063//5063 5049//5049 5052//5052
f 5063//5063 5052//5052 5043//5043
f 5063//5063 5059//5059 5049//5049
f 5063//5063 5041//5041 5040//5040
f 5063//5063 5042//5042 5041//5041
f 5063//5063 5043//5043 5042//5042
f 5063//5063 5040//5040 5059//5059
f 520//520 521//521 5065//5065
f 4962//4962 5065//5065 5066//5066
f 4962//4962 520//520 5065//5065
f 4963//4963 4962//4962 5066//5066
f 4963//4963 5066//5066 5067//5067
f 4964//4964 5067//5067 5068//5068
f 4964//4964 4963//4963 5067//5067
f 4965//4965 4964//4964 5068//5068
f 4965//4965 5068//5068 5069//5069
f 4966//4966 4965//4965 5069//5069
f 4966//4966 5069//5069 5070//5070
f 4967//4967 4966//4966 5070//5070
f 4967//4967 5070//5070 5071//5071
f 4968//4968 4967//4967 5071//5071
f 4968//4968 5071//5071 5072//5072
f 4969//4969 4968//4968 5072//5072
f 4969//4969 5072//5072 5073//5073
f 4970//4970 4969//4969 5073//5073
f 4970//4970 5073//5073 5074//5074
f 4971//4971 5074//5074 5075//5075
f 4971//4971 4970//4970 5074//5074
f 4972//4972 4971//4971 5075//5075
f 4972//4972 5075//5075 5076//5076
f 4973//4973 4972//4972 5076//5076
f 4973//4973 5076//5076 5077//5077
f 4974//4974 4973//4973 5077//5077
f 4974//4974 5077//5077 5078//5078
f 4975//4975 4974//4974 5078//5078
f 4975//4975 5078//5078 5079//5079
f 4976//4976 4975//4975 5079//5079
f 4976//4976 5079//5079 5080//5080
f 4977//4977 5080//5080 5081//5081
f 4977//4977 4976//4976 5080//5080
f 4978//4978 4977//4977 5081//5081
f 4978//4978 5081//5081 5082//5082
f 4979//4979 4978//4978 5082//5082
f 4979//4979 5082//5082 5083//5083
f 4980//4980 5083//5083 5084//5084
f 4980//4980 4979//4979 5083//5083
f 4981//4981 5084//5084 5085//5085
f 4981//4981 4980//4980 5084//5084
f 4982//4982 5085//5085 5086//5086
f 4982//4982 4981//4981 5085//5085
f 4983//4983 5086//5086 5087//5087
f 4983//4983 5087//5087 5088//5088
f 4983//4983 4982//4982 5086//5086
f 4984//4984 5088//5088 5089//5089
f 4984//4984 5089//5089 5090//5090
f 4984//4984 4983//4983 5088//5088
f 4985//4985 5090//5090 5091//5091
f 4985//4985 4984//4984 5090//5090
f 4986//4986 4985//4985 5091//5091
f 4986//4986 5091//5091 5092//5092
f 4987//4987 4986//4986 5092//5092
f 4987//4987 5092//5092 5093//5093
f 4987//4987 5093//5093 5094//5094
f 4988//4988 4987//4987 5094//5094
f 4988//4988 5094//5094 5095//5095
f 4989//4989 5095//5095 5096//5096
f 4989//4989 4988//4988 5095//5095
f 4990//4990 4989//4989 5096//5096
f 4990//4990 5096//5096 5097//5097
f 4991//4991 4990//4990 5097//5097
f 4991//4991 5097//5097 5098//5098
f 4992//4992 4991//4991 5098//5098
f 4992//4992 5098//5098 5099//5099
f 4993//4993 5099//5099 5100//5100
f 4993//4993 4992//4992 5099//5099
f 4994//4994 4993//4993 5100//5100
f 4994//4994 5100//5100 5101//5101
f 4995//4995 5101//5101 5102//5102
f 4995//4995 4994//4994 5101//5101
f 4996//4996 4995//4995 5102//5102
f 4996//4996 5102//5102 5103//5103
f 4997//4997 5103//5103 5104//5104
f 4997//4997 4996//4996 5103//5103
f 4998//4998 4997//4997 5104//5104
f 4998//4998 5104//5104 5105//5105
f 4961//4961 4998//4998 5105//5105
f 4961//4961 5105//5105 5064//5064
f 5106//5106 533//533 4999//4999
f 5106//5106 532//532 533//533
f 5107//5107 4999//4999 5000//5000
f 5107//5107 5106//5106 4999//4999
f 5108//5108 5000//5000 5001//5001
f 5108//5108 5107//5107 5000//5000
f 5109//5109 5001//5001 5002//5002
f 5109//5109 5108//5108 5001//5001
f 5110//5110 5002//5002 5003//5003
f 5110//5110 5109//5109 5002//5002
f 5111//5111 5003//5003 5004//5004
f 5111//5111 5110//5110 5003//5003
f 5112//5112 5004//5004 5005//5005
f 5112//5112 5111//5111 5004//5004
f 5113//5113 5005//5005 5006//5006
f 5113//5113 5112//5112 5005//5005
f 5114//5114 5006//5006 5007//5007
f 5114//5114 5113//5113 5006//5006
f 5115//5115 5007//5007 5008//5008
f 5115//5115 5114//5114 5007//5007
f 5116//5116 5008//5008 5009//5009
f 5116//5116 5115//5115 5008//5008
f 5117//5117 5009//5009 5010//5010
f 5117//5117 5116//5116 5009//5009
f 5118//5118 5010//5010 5011//5011
f 5118//5118 5117//5117 5010//5010
f 5119//5119 5011//5011 5012//5012
f 5119//5119 5118//5118 5011//5011
f 5120//5120 5012//5012 5013//5013
f 5120//5120 5119//5119 5012//5012
f 5121//5121 5013//5013 5014//5014
f 5121//5121 5120//5120 5013//5013
f 5122//5122 5014//5014 5015//5015
f 5122//5122 5121//5121 5014//5014
f 5123//5123 5015//5015 5016//5016
f 5123//5123 5122//5122 5015//5015
f 5124//5124 5016//5016 5017//5017
f 5124//5124 5123//5123 5016//5016
f 5125//5125 5017//5017 5018//5018
f 5125//5125 5124//5124 5017//5017
f 5126//5126 5018//5018 5019//5019
f 5126//5126 5125//5125 5018//5018
f 5127//5127 5019//5019 5020//5020
f 5127//5127 5126//5126 5019//5019
f 5128//5128 5020//5020 5021//5021
f 5128//5128 5127//5127 5020//5020
f 5129//5129 5021//5021 5022//5022
f 5129//5129 5128//5128 5021//5021
f 5130//5130 5129//5129 5022//5022
f 5131//5131 5130//5130 5022//5022
f 5131//5131 5022//5022 5023//5023
f 5132//5132 5023//5023 5024//5024
f 5132//5132 5131//5131 5023//5023
f 5133//5133 5024//5024 5025//5025
f 5133//5133 5132//5132 5024//5024
f 5134//5134 5133//5133 5025//5025
f 5134//5134 5025//5025 5026//5026
f 5146//5146 5030//5030 5031//5031
f 5146//5146 5031//5031 5032//5032
f 5147//5147 5146//5146 5032//5032
f 5147//5147 5148//5148 5146//5146
f 5147//5147 5032//5032 5033//5033
f 5147//5147 5033//5033 5034//5034
f 5147//5147 5034//5034 5035//5035
f 5149//5149 5146//5146 5148//5148
f 5150//5150 5148//5148 5147//5147
f 5151//5151 5035//5035 5036//5036
f 5151//5151 5147//5147 5035//5035
f 5152//5152 5150//5150 5147//5147
f 5152//5152 5147//5147 5151//5151
f 5153//5153 5036//5036 5037//5037
f 5153//5153 5037//5037 5038//5038
f 5153//5153 5038//5038 5039//5039
f 5153//5153 5151//5151 5036//5036
f 5153//5153 5039//5039 5143//5143
f 5153//5153 5143//5143 5152//5152
f 5153//5153 5152//5152 5151//5151
f 5154//5154 5139//5139 5138//5138
f 5154//5154 5140//5140 5139//5139
f 5155//5155 5140//5140 5154//5154
f 5155//5155 5141//5141 5140//5140
f 5155//5155 5142//5142 5141//5141
f 5155//5155 5145//5145 5142//5142
f 5156//5156 5146//5146 5149//5149
f 5156//5156 5026//5026 5027//5027
f 5156//5156 5027//5027 5028//5028
f 5156//5156 5028//5028 5029//5029
f 5156//5156 5029//5029 5030//5030
f 5156//5156 5030//5030 5146//5146
f 5157//5157 5134//5134 5026//5026
f 5157//5157 5154//5154 5138//5138
f 5157//5157 5026//5026 5156//5156
f 5157//5157 5135//5135 5134//5134
f 5157//5157 5136//5136 5135//5135
f 5157//5157 5137//5137 5136//5136
f 5157//5157 5138//5138 5137//5137
f 5158//5158 5149//5149 5148//5148
f 5158//5158 5148//5148 5150//5150
f 5158//5158 5144//5144 5145//5145
f 5158//5158 5150//5150 5152//5152
f 5159//5159 5157//5157 5156//5156
f 5159//5159 5155//5155 5154//5154
f 5159//5159 5154//5154 5157//5157
f 5159//5159 5145//5145 5155//5155
f 5159//5159 5158//5158 5145//5145
f 5159//5159 5149//5149 5158//5158
f 5159//5159 5156//5156 5149//5149
f 5160//5160 5158//5158 5152//5152
f 5160//5160 5143//5143 5144//5144
f 5160//5160 5152//5152 5143//5143
f 5160//5160 5144//5144 5158//5158
f 521//521 522//522 5161//5161
f 5065//5065 521//521 5161//5161
f 5065//5065 5161//5161 5162//5162
f 5066//5066 5162//5162 5163//5163
f 5066//5066 5065//5065 5162//5162
f 5067//5067 5163//5163 5164//5164
f 5067//5067 5066//5066 5163//5163
f 5068//5068 5164//5164 5165//5165
f 5068//5068 5067//5067 5164//5164
f 5069//5069 5165//5165 5166//5166
f 5069//5069 5068//5068 5165//5165
f 5070//5070 5166//5166 5167//5167
f 5070//5070 5069//5069 5166//5166
f 5071//5071 5167//5167 5168//5168
f 5071//5071 5070//5070 5167//5167
f 5072//5072 5168//5168 5169//5169
f 5072//5072 5071//5071 5168//5168
f 5073//5073 5169//5169 5170//5170
f 5073//5073 5072//5072 5169//5169
f 5074//5074 5170//5170 5171//5171
f 5074//5074 5073//5073 5170//5170
f 5075//5075 5171//5171 5172//5172
f 5075//5075 5074//5074 5171//5171
f 5076//5076 5172//5172 5173//5173
f 5076//5076 5075//5075 5172//5172
f 5077//5077 5173//5173 5174//5174
f 5077//5077 5076//5076 5173//5173
f 5078//5078 5174//5174 5175//5175
f 5078//5078 5077//5077 5174//5174
f 5079//5079 5175//5175 5176//5176
f 5079//5079 5078//5078 5175//5175
f 5080//5080 5176//5176 5177//5177
f 5080//5080 5079//5079 5176//5176
f 5081//5081 5177//5177 5178//5178
f 5081//5081 5080//5080 5177//5177
f 5082//5082 5178//5178 5179//5179
f 5082//5082 5081//5081 5178//5178
f 5083//5083 5179//5179 5180//5180
f 5083//5083 5082//5082 5179//5179
f 5084//5084 5180//5180 5181//5181
f 5084//5084 5083//5083 5180//5180
f 5085//5085 5181//5181 5182//5182
f 5085//5085 5084//5084 5181//5181
f 5086//5086 5182//5182 5183//5183
f 5086//5086 5085//5085 5182//5182
f 5087//5087 5183//5183 5184//5184
f 5087//5087 5184//5184 5185//5185
f 5087//5087 5086//5086 5183//5183
f 5088//5088 5087//5087 5185//5185
f 5088//5088 5185//5185 5186//5186
f 5089//5089 5186//5186 5187//5187
f 5089//5089 5088//5088 5186//5186
f 5090//5090 5089//5089 5187//5187
f 5091//5091 5090//5090 5187//5187
f 5091//5091 5187//5187 5188//5188
f 5092//5092 5091//5091 5188//5188
f 5092//5092 5188//5188 5189//5189
f 5206//5206 5193//5193 5194//5194
f 5206//5206 5194//5194 5195//5195
f 5206//5206 5195//5195 5196//5196
f 5207//5207 5206//5206 5196//5196
f 5208//5208 5207//5207 5196//5196
f 5208//5208 5196//5196 5197//5197
f 5209//5209 5197//5197 5198//5198
f 5209//5209 5198//5198 5199//5199
f 5209//5209 5199//5199 5200//5200
f 5209//5209 5200//5200 5201//5201
f 5209//5209 5208//5208 5197//5197
f 5209//5209 5201//5201 5205//5205
f 5210//5210 5099//5099 5098//5098
f 5211//5211 5099//5099 5210//5210
f 5211//5211 5100//5100 5099//5099
f 5212//5212 5214//5214 5213//5213
f 5215//5215 5211//5211 5214//5214
f 5215//5215 5214//5214 5212//5212
f 5215//5215 5100//5100 5211//5211
f 5215//5215 5101//5101 5100//5100
f 5216//5216 5215//5215 5212//5212
f 5216//5216 5212//5212 5213//5213
f 5217//5217 5215//5215 5216//5216
f 5217//5217 5102//5102 5101//5101
f 5217//5217 5103//5103 5102//5102
f 5217//5217 5101//5101 5215//5215
f 5218//5218 5103//5103 5217//5217
f 5218//5218 5104//5104 5103//5103
f 5218//5218 5105//5105 5104//5104
f 5218//5218 5064//5064 5105//5105
f 5218//5218 5202//5202 5064//5064
f 5218//5218 5217//5217 5216//5216
f 5219//5219 5092//5092 5189//5189
f 5219//5219 5189//5189 5190//5190
f 5219//5219 5190//5190 5191//5191
f 5219//5219 5191//5191 5192//5192
f 5219//5219 5192//5192 5193//5193
f 5219//5219 5093//5093 5092//5092
f 5220//5220 5208//5208 5209//5209
f 5220//5220 5209//5209 5205//5205
f 5220//5220 5207//5207 5208//5208
f 5221//5221 5214//5214 5211//5211
f 5221//5221 5213//5213 5214//5214
f 5221//5221 5211//5211 5210//5210
f 5221//5221 5220//5220 5205//5205
f 5221//5221 5205//5205 5204//5204
f 5222//5222 5093//5093 5219//5219
f 5222//5222 5210//5210 5098//5098
f 5222//5222 5094//5094 5093//5093
f 5222//5222 5095//5095 5094//5094
f 5222//5222 5096//5096 5095//5095
f 5222//5222 5097//5097 5096//5096
f 5222//5222 5098//5098 5097//5097
f 5223//5223 5221//5221 5204//5204
f 5223//5223 5213//5213 5221//5221
f 5223//5223 5202//5202 5218//5218
f 5223//5223 5218//5218 5216//5216
f 5223//5223 5203//5203 5202//5202
f 5223//5223 5216//5216 5213//5213
f 5223//5223 5204//5204 5203//5203
f 5224//5224 5193//5193 5206//5206
f 5224//5224 5206//5206 5207//5207
f 5224//5224 5219//5219 5193//5193
f 5224//5224 5207//5207 5220//5220
f 5225//5225 5220//5220 5221//5221
f 5225//5225 5222//5222 5219//5219
f 5225//5225 5210//5210 5222//5222
f 5225//5225 5224//5224 5220//5220
f 5225//5225 5221//5221 5210//5210
f 5225//5225 5219//5219 5224//5224
f 5226//5226 532//532 5106//5106
f 5226//5226 531//531 532//532
f 5227//5227 5106//5106 5107//5107
f 5227//5227 5226//5226 5106//5106
f 5228//5228 5107//5107 5108//5108
f 5228//5228 5227//5227 5107//5107
f 5229//5229 5108//5108 5109//5109
f 5229//5229 5228//5228 5108//5108
f 5230//5230 5109//5109 5110//5110
f 5230//5230 5229//5229 5109//5109
f 5231//5231 5110//5110 5111//5111
f 5231//5231 5230//5230 5110//5110
f 5232//5232 5111//5111 5112//5112
f 5232//5232 5231//5231 5111//5111
f 5233//5233 5112//5112 5113//5113
f 5233//5233 5232//5232 5112//5112
f 5234//5234 5113//5113 5114//5114
f 5234//5234 5233//5233 5113//5113
f 5235//5235 5114//5114 5115//5115
f 5235//5235 5234//5234 5114//5114
f 5236//5236 5115//5115 5116//5116
f 5236//5236 5235//5235 5115//5115
f 5237//5237 5116//5116 5117//5117
f 5237//5237 5236//5236 5116//5116
f 5238//5238 5117//5117 5118//5118
f 5238//5238 5237//5237 5117//5117
f 5239//5239 5118//5118 5119//5119
f 5239//5239 5238//5238 5118//5118
f 5240//5240 5119//5119 5120//5120
f 5240//5240 5239//5239 5119//5119
f 5241//5241 5120//5120 5121//5121
f 5241//5241 5240//5240 5120//5120
f 5242//5242 5121//5121 5122//5122
f 5242//5242 5241//5241 5121//5121
f 5243//5243 5122//5122 5123//5123
f 5243//5243 5242//5242 5122//5122
f 5244//5244 5123//5123 5124//5124
f 5244//5244 5243//5243 5123//5123
f 5245//5245 5124//5124 5125//5125
f 5245//5245 5244//5244 5124//5124
f 5246//5246 5125//5125 5126//5126
f 5246//5246 5245//5245 5125//5125
f 5247//5247 5126//5126 5127//5127
f 5247//5247 5246//5246 5126//5126
f 5248//5248 5127//5127 5128//5128
f 5248//5248 5247//5247 5127//5127
f 5249//5249 5128//5128 5129//5129
f 5249//5249 5248//5248 5128//5128
f 5250//5250 5129//5129 5130//5130
f 5250//5250 5249//5249 5129//5129
f 5251//5251 5130//5130 5131//5131
f 5251//5251 5250//5250 5130//5130
f 5252//5252 5131//5131 5132//5132
f 5252//5252 5251//5251 5131//5131
f 5253//5253 5252//5252 5132//5132
f 5254//5254 5253//5253 5132//5132
f 5133//5133 5254//5254 5132//5132
f 5255//5255 5254//5254 5133//5133
f 5256//5256 5255//5255 5133//5133
f 5257//5257 5256//5256 5133//5133
f 5257//5257 5133//5133 5134//5134
f 5266//5266 5138//5138 5139//5139
f 5266//5266 5139//5139 5140//5140
f 5266//5266 5140//5140 5141//5141
f 5266//5266 5141//5141 5142//5142
f 5267//5267 5134//5134 5135//5135
f 5267//5267 5135//5135 5136//5136
f 5267//5267 5136//5136 5137//5137
f 5267//5267 5137//5137 5138//5138
f 5267//5267 5266//5266 5265//5265
f 5267//5267 5138//5138 5266//5266
f 5268//5268 5257//5257 5134//5134
f 5268//5268 5258//5258 5257//5257
f 5268//5268 5259//5259 5258//5258
f 5268//5268 5260//5260 5259//5259
f 5268//5268 5261//5261 5260//5260
f 5268//5268 5262//5262 5261//5261
f 5268//5268 5263//5263 5262//5262
f 5268//5268 5264//5264 5263//5263
f 5268//5268 5265//5265 5264//5264
f 5268//5268 5134//5134 5267//5267
f 5268//5268 5267//5267 5265//5265
f 522//522 523//523 5269//5269
f 5161//5161 5269//5269 5270//5270
f 5161//5161 522//522 5269//5269
f 5162//5162 5270//5270 5271//5271
f 5162//5162 5161//5161 5270//5270
f 5163//5163 5271//5271 5272//5272
f 5163//5163 5162//5162 5271//5271
f 5164//5164 5272//5272 5273//5273
f 5164//5164 5163//5163 5272//5272
f 5165//5165 5273//5273 5274//5274
f 5165//5165 5164//5164 5273//5273
f 5166//5166 5274//5274 5275//5275
f 5166//5166 5165//5165 5274//5274
f 5167//5167 5275//5275 5276//5276
f 5167//5167 5166//5166 5275//5275
f 5168//5168 5276//5276 5277//5277
f 5168//5168 5167//5167 5276//5276
f 5169//5169 5277//5277 5278//5278
f 5169//5169 5168//5168 5277//5277
f 5170//5170 5278//5278 5279//5279
f 5170//5170 5169//5169 5278//5278
f 5171//5171 5279//5279 5280//5280
f 5171//5171 5170//5170 5279//5279
f 5172//5172 5280//5280 5281//5281
f 5172//5172 5171//5171 5280//5280
f 5173//5173 5281//5281 5282//5282
f 5173//5173 5172//5172 5281//5281
f 5174//5174 5282//5282 5283//5283
f 5174//5174 5173//5173 5282//5282
f 5175//5175 5283//5283 5284//5284
f 5175//5175 5174//5174 5283//5283
f 5176//5176 5284//5284 5285//5285
f 5176//5176 5175//5175 5284//5284
f 5177//5177 5285//5285 5286//5286
f 5177//5177 5176//5176 5285//5285
f 5178//5178 5286//5286 5287//5287
f 5178//5178 5177//5177 5286//5286
f 5179//5179 5287//5287 5288//5288
f 5179//5179 5178//5178 5287//5287
f 5180//5180 5288//5288 5289//5289
f 5180//5180 5179//5179 5288//5288
f 5181//5181 5289//5289 5290//5290
f 5181//5181 5180//5180 5289//5289
f 5182//5182 5290//5290 5291//5291
f 5182//5182 5181//5181 5290//5290
f 5183//5183 5291//5291 5292//5292
f 5183//5183 5182//5182 5291//5291
f 5184//5184 5292//5292 5293//5293
f 5184//5184 5293//5293 5294//5294
f 5184//5184 5183//5183 5292//5292
f 5185//5185 5294//5294 5295//5295
f 5185//5185 5184//5184 5294//5294
f 5186//5186 5185//5185 5295//5295
f 5296//5296 5186//5186 5295//5295
f 5187//5187 5296//5296 5297//5297
f 5187//5187 5186//5186 5296//5296
f 5188//5188 5187//5187 5297//5297
f 5309//5309 5301//5301 5302//5302
f 5309//5309 5302//5302 5303//5303
f 5310//5310 5309//5309 5303//5303
f 5310//5310 5303//5303 5304//5304
f 5310//5310 5304//5304 5305//5305
f 5310//5310 5305//5305 5307//5307
f 5311//5311 5193//5193 5192//5192
f 5311//5311 5194//5194 5193//5193
f 5312//5312 5311//5311 5313//5313
f 5314//5314 5316//5316 5315//5315
f 5314//5314 5194//5194 5311//5311
f 5314//5314 5311//5311 5312//5312
f 5314//5314 5312//5312 5316//5316
f 5314//5314 5195//5195 5194//5194
f 5314//5314 5196//5196 5195//5195
f 5314//5314 5197//5197 5196//5196
f 5317//5317 5314//5314 5315//5315
f 5317//5317 5197//5197 5314//5314
f 5317//5317 5198//5198 5197//5197
f 5318//5318 5317//5317 5315//5315
f 5318//5318 5198//5198 5317//5317
f 5318//5318 5199//5199 5198//5198
f 5318//5318 5200//5200 5199//5199
f 5318//5318 5201//5201 5200//5200
f 5318//5318 5306//5306 5201//5201
f 5318//5318 5315//5315 5306//5306
f 5319//5319 5188//5188 5297//5297
f 5319//5319 5297//5297 5298//5298
f 5319//5319 5298//5298 5299//5299
f 5319//5319 5299//5299 5300//5300
f 5319//5319 5300//5300 5301//5301
f 5319//5319 5301//5301 5309//5309
f 5320//5320 5313//5313 5311//5311
f 5320//5320 5188//5188 5319//5319
f 5320//5320 5311//5311 5192//5192
f 5320//5320 5189//5189 5188//5188
f 5320//5320 5190//5190 5189//5189
f 5320//5320 5191//5191 5190//5190
f 5320//5320 5192//5192 5191//5191
f 5321//5321 5315//5315 5316//5316
f 5321//5321 5312//5312 5313//5313
f 5321//5321 5316//5316 5312//5312
f 5321//5321 5307//5307 5308//5308
f 5322//5322 5319//5319 5309//5309
f 5322//5322 5321//5321 5313//5313
f 5322//5322 5309//5309 5310//5310
f 5322//5322 5310//5310 5307//5307
f 5322//5322 5313//5313 5320//5320
f 5322//5322 5320//5320 5319//5319
f 5322//5322 5307//5307 5321//5321
f 5323//5323 5321//5321 5308//5308
f 5323//5323 5315//5315 5321//5321
f 5323//5323 5308//5308 5306//5306
f 5323//5323 5306//5306 5315//5315
f 5324//5324 531//531 5226//5226
f 5324//5324 530//530 531//531
f 5325//5325 5226//5226 5227//5227
f 5325//5325 5324//5324 5226//5226
f 5326//5326 5227//5227 5228//5228
f 5326//5326 5325//5325 5227//5227
f 5327//5327 5228//5228 5229//5229
f 5327//5327 5326//5326 5228//5228
f 5328//5328 5229//5229 5230//5230
f 5328//5328 5327//5327 5229//5229
f 5329//5329 5230//5230 5231//5231
f 5329//5329 5328//5328 5230//5230
f 5330//5330 5231//5231 5232//5232
f 5330//5330 5329//5329 5231//5231
f 5331//5331 5232//5232 5233//5233
f 5331//5331 5330//5330 5232//5232
f 5332//5332 5233//5233 5234//5234
f 5332//5332 5331//5331 5233//5233
f 5333//5333 5234//5234 5235//5235
f 5333//5333 5332//5332 5234//5234
f 5334//5334 5235//5235 5236//5236
f 5334//5334 5333//5333 5235//5235
f 5335//5335 5236//5236 5237//5237
f 5335//5335 5334//5334 5236//5236
f 5336//5336 5237//5237 5238//5238
f 5336//5336 5335//5335 5237//5237
f 5337//5337 5238//5238 5239//5239
f 5337//5337 5336//5336 5238//5238
f 5338//5338 5239//5239 5240//5240
f 5338//5338 5337//5337 5239//5239
f 5339//5339 5240//5240 5241//5241
f 5339//5339 5338//5338 5240//5240
f 5340//5340 5241//5241 5242//5242
f 5340//5340 5339//5339 5241//5241
f 5341//5341 5242//5242 5243//5243
f 5341//5341 5340//5340 5242//5242
f 5342//5342 5243//5243 5244//5244
f 5342//5342 5341//5341 5243//5243
f 5343//5343 5244//5244 5245//5245
f 5343//5343 5342//5342 5244//5244
f 5344//5344 5245//5245 5246//5246
f 5344//5344 5343//5343 5245//5245
f 5345//5345 5246//5246 5247//5247
f 5345//5345 5344//5344 5246//5246
f 5346//5346 5247//5247 5248//5248
f 5346//5346 5345//5345 5247//5247
f 5347//5347 5248//5248 5249//5249
f 5347//5347 5346//5346 5248//5248
f 5348//5348 5249//5249 5250//5250
f 5348//5348 5347//5347 5249//5249
f 5349//5349 5348//5348 5250//5250
f 5350//5350 5349//5349 5250//5250
f 5350//5350 5250//5250 5251//5251
f 5351//5351 5251//5251 5252//5252
f 5351//5351 5350//5350 5251//5251
f 5352//5352 5252//5252 5253//5253
f 5352//5352 5351//5351 5252//5252
f 5353//5353 5253//5253 5254//5254
f 5353//5353 5352//5352 5253//5253
f 5354//5354 5254//5254 5255//5255
f 5354//5354 5255//5255 5256//5256
f 5354//5354 5353//5353 5254//5254
f 5355//5355 5354//5354 5256//5256
f 5355//5355 5256//5256 5257//5257
f 5356//5356 5355//5355 5257//5257
f 5356//5356 5257//5257 5258//5258
f 5357//5357 5356//5356 5258//5258
f 5357//5357 5258//5258 5259//5259
f 5358//5358 5357//5357 5259//5259
f 5358//5358 5259//5259 5260//5260
f 5359//5359 5358//5358 5260//5260
f 5359//5359 5260//5260 5261//5261
f 5360//5360 5359//5359 5261//5261
f 5360//5360 5261//5261 5262//5262
f 5361//5361 5360//5360 5262//5262
f 5361//5361 5262//5262 5263//5263
f 5362//5362 5263//5263 5264//5264
f 5362//5362 5361//5361 5263//5263
f 523//523 524//524 5363//5363
f 5269//5269 5363//5363 5364//5364
f 5269//5269 523//523 5363//5363
f 5270//5270 5364//5364 5365//5365
f 5270//5270 5269//5269 5364//5364
f 5271//5271 5365//5365 5366//5366
f 5271//5271 5270//5270 5365//5365
f 5272//5272 5366//5366 5367//5367
f 5272//5272 5271//5271 5366//5366
f 5273//5273 5367//5367 5368//5368
f 5273//5273 5272//5272 5367//5367
f 5274//5274 5368//5368 5369//5369
f 5274//5274 5273//5273 5368//5368
f 5275//5275 5369//5369 5370//5370
f 5275//5275 5274//5274 5369//5369
f 5276//5276 5370//5370 5371//5371
f 5276//5276 5275//5275 5370//5370
f 5277//5277 5371//5371 5372//5372
f 5277//5277 5276//5276 5371//5371
f 5278//5278 5372//5372 5373//5373
f 5278//5278 5277//5277 5372//5372
f 5279//5279 5373//5373 5374//5374
f 5279//5279 5278//5278 5373//5373
f 5280//5280 5374//5374 5375//5375
f 5280//5280 5279//5279 5374//5374
f 5281//5281 5375//5375 5376//5376
f 5281//5281 5280//5280 5375//5375
f 5282//5282 5376//5376 5377//5377
f 5282//5282 5281//5281 5376//5376
f 5283//5283 5377//5377 5378//5378
f 5283//5283 5282//5282 5377//5377
f 5284//5284 5378//5378 5379//5379
f 5284//5284 5283//5283 5378//5378
f 5285//5285 5379//5379 5380//5380
f 5285//5285 5284//5284 5379//5379
f 5286//5286 5380//5380 5381//5381
f 5286//5286 5285//5285 5380//5380
f 5287//5287 5381//5381 5382//5382
f 5287//5287 5286//5286 5381//5381
f 5288//5288 5382//5382 5383//5383
f 5288//5288 5287//5287 5382//5382
f 5289//5289 5383//5383 5384//5384
f 5289//5289 5288//5288 5383//5383
f 5290//5290 5384//5384 5385//5385
f 5290//5290 5289//5289 5384//5384
f 5291//5291 5385//5385 5386//5386
f 5291//5291 5290//5290 5385//5385
f 5292//5292 5386//5386 5387//5387
f 5292//5292 5291//5291 5386//5386
f 5293//5293 5387//5387 5388//5388
f 5293//5293 5292//5292 5387//5387
f 5294//5294 5388//5388 5389//5389
f 5294//5294 5293//5293 5388//5388
f 5295//5295 5389//5389 5390//5390
f 5295//5295 5390//5390 5391//5391
f 5295//5295 5294//5294 5389//5389
f 5296//5296 5295//5295 5391//5391
f 5296//5296 5391//5391 5392//5392
f 5296//5296 5392//5392 5393//5393
f 5296//5296 5393//5393 5394//5394
f 5297//5297 5296//5296 5394//5394
f 5302//5302 5301//5301 5402//5402
f 5303//5303 5302//5302 5402//5402
f 5304//5304 5303//5303 5402//5402
f 5305//5305 5304//5304 5402//5402
f 5404//5404 5297//5297 5394//5394
f 5404//5404 5394//5394 5395//5395
f 5404//5404 5395//5395 5396//5396
f 5404//5404 5396//5396 5397//5397
f 5404//5404 5397//5397 5398//5398
f 5404//5404 5398//5398 5399//5399
f 5404//5404 5399//5399 5400//5400
f 5404//5404 5400//5400 5401//5401
f 5404//5404 5401//5401 5403//5403
f 5405//5405 5402//5402 5301//5301
f 5405//5405 5298//5298 5297//5297
f 5405//5405 5299//5299 5298//5298
f 5405//5405 5300//5300 5299//5299
f 5405//5405 5301//5301 5300//5300
f 5405//5405 5403//5403 5402//5402
f 5405//5405 5297//5297 5404//5404
f 5405//5405 5404//5404 5403//5403
f 5406//5406 530//530 5324//5324
f 5406//5406 529//529 530//530
f 5407//5407 5324//5324 5325//5325
f 5407//5407 5406//5406 5324//5324
f 5408//5408 5325//5325 5326//5326
f 5408//5408 5407//5407 5325//5325
f 5409//5409 5326//5326 5327//5327
f 5409//5409 5408//5408 5326//5326
f 5410//5410 5327//5327 5328//5328
f 5410//5410 5409//5409 5327//5327
f 5411//5411 5328//5328 5329//5329
f 5411//5411 5410//5410 5328//5328
f 5412//5412 5329//5329 5330//5330
f 5412//5412 5411//5411 5329//5329
f 5413//5413 5330//5330 5331//5331
f 5413//5413 5412//5412 5330//5330
f 5414//5414 5331//5331 5332//5332
f 5414//5414 5413//5413 5331//5331
f 5415//5415 5332//5332 5333//5333
f 5415//5415 5414//5414 5332//5332
f 5416//5416 5333//5333 5334//5334
f 5416//5416 5415//5415 5333//5333
f 5417//5417 5334//5334 5335//5335
f 5417//5417 5416//5416 5334//5334
f 5418//5418 5335//5335 5336//5336
f 5418//5418 5417//5417 5335//5335
f 5419//5419 5336//5336 5337//5337
f 5419//5419 5418//5418 5336//5336
f 5420//5420 5337//5337 5338//5338
f 5420//5420 5419//5419 5337//5337
f 5421//5421 5338//5338 5339//5339
f 5421//5421 5420//5420 5338//5338
f 5422//5422 5339//5339 5340//5340
f 5422//5422 5421//5421 5339//5339
f 5423//5423 5340//5340 5341//5341
f 5423//5423 5422//5422 5340//5340
f 5424//5424 5341//5341 5342//5342
f 5424//5424 5423//5423 5341//5341
f 5425//5425 5342//5342 5343//5343
f 5425//5425 5424//5424 5342//5342
f 5426//5426 5343//5343 5344//5344
f 5426//5426 5425//5425 5343//5343
f 5427//5427 5344//5344 5345//5345
f 5427//5427 5426//5426 5344//5344
f 5428//5428 5345//5345 5346//5346
f 5428//5428 5427//5427 5345//5345
f 5429//5429 5346//5346 5347//5347
f 5429//5429 5428//5428 5346//5346
f 5430//5430 5347//5347 5348//5348
f 5430//5430 5429//5429 5347//5347
f 5431//5431 5348//5348 5349//5349
f 5431//5431 5430//5430 5348//5348
f 5432//5432 5349//5349 5350//5350
f 5432//5432 5431//5431 5349//5349
f 5433//5433 5350//5350 5351//5351
f 5433//5433 5432//5432 5350//5350
f 5434//5434 5351//5351 5352//5352
f 5434//5434 5433//5433 5351//5351
f 5435//5435 5434//5434 5352//5352
f 5435//5435 5352//5352 5353//5353
f 5436//5436 5435//5435 5353//5353
f 5436//5436 5353//5353 5354//5354
f 5437//5437 5436//5436 5354//5354
f 5437//5437 5354//5354 5355//5355
f 5438//5438 5437//5437 5355//5355
f 5438//5438 5355//5355 5356//5356
f 5439//5439 5438//5438 5356//5356
f 5439//5439 5356//5356 5357//5357
f 5440//5440 5439//5439 5357//5357
f 5440//5440 5357//5357 5358//5358
f 5441//5441 5440//5440 5358//5358
f 5441//5441 5358//5358 5359//5359
f 5442//5442 5441//5441 5359//5359
f 5442//5442 5359//5359 5360//5360
f 5443//5443 5442//5442 5360//5360
f 5443//5443 5360//5360 5361//5361
f 5444//5444 5361//5361 5362//5362
f 5444//5444 5443//5443 5361//5361
f 5445//5445 5444//5444 5362//5362
f 524//524 525//525 5446//5446
f 5363//5363 5446//5446 5447//5447
f 5363//5363 524//524 5446//5446
f 5364//5364 5447//5447 5448//5448
f 5364//5364 5363//5363 5447//5447
f 5365//5365 5448//5448 5449//5449
f 5365//5365 5364//5364 5448//5448
f 5366//5366 5449//5449 5450//5450
f 5366//5366 5365//5365 5449//5449
f 5367//5367 5450//5450 5451//5451
f 5367//5367 5366//5366 5450//5450
f 5368//5368 5451//5451 5452//5452
f 5368//5368 5367//5367 5451//5451
f 5369//5369 5452//5452 5453//5453
f 5369//5369 5368//5368 5452//5452
f 5370//5370 5453//5453 5454//5454
f 5370//5370 5369//5369 5453//5453
f 5371//5371 5454//5454 5455//5455
f 5371//5371 5370//5370 5454//5454
f 5372//5372 5455//5455 5456//5456
f 5372//5372 5371//5371 5455//5455
f 5373//5373 5456//5456 5457//5457
f 5373//5373 5372//5372 5456//5456
f 5374//5374 5457//5457 5458//5458
f 5374//5374 5373//5373 5457//5457
f 5375//5375 5458//5458 5459//5459
f 5375//5375 5374//5374 5458//5458
f 5376//5376 5459//5459 5460//5460
f 5376//5376 5375//5375 5459//5459
f 5377//5377 5460//5460 5461//5461
f 5377//5377 5376//5376 5460//5460
f 5378//5378 5461//5461 5462//5462
f 5378//5378 5377//5377 5461//5461
f 5379//5379 5462//5462 5463//5463
f 5379//5379 5378//5378 5462//5462
f 5380//5380 5463//5463 5464//5464
f 5380//5380 5379//5379 5463//5463
f 5381//5381 5464//5464 5465//5465
f 5381//5381 5380//5380 5464//5464
f 5382//5382 5465//5465 5466//5466
f 5382//5382 5381//5381 5465//5465
f 5383//5383 5466//5466 5467//5467
f 5383//5383 5382//5382 5466//5466
f 5384//5384 5467//5467 5468//5468
f 5384//5384 5383//5383 5467//5467
f 5385//5385 5468//5468 5469//5469
f 5385//5385 5384//5384 5468//5468
f 5386//5386 5469//5469 5470//5470
f 5386//5386 5385//5385 5469//5469
f 5387//5387 5470//5470 5471//5471
f 5387//5387 5471//5471 5472//5472
f 5387//5387 5386//5386 5470//5470
f 5388//5388 5387//5387 5472//5472
f 5388//5388 5472//5472 5473//5473
f 5389//5389 5388//5388 5473//5473
f 5389//5389 5473//5473 5474//5474
f 5390//5390 5474//5474 5475//5475
f 5390//5390 5389//5389 5474//5474
f 5391//5391 5390//5390 5475//5475
f 5476//5476 5391//5391 5475//5475
f 5392//5392 5391//5391 5476//5476
f 5393//5393 5392//5392 5476//5476
f 5393//5393 5476//5476 5477//5477
f 5394//5394 5393//5393 5477//5477
f 5394//5394 5477//5477 5478//5478
f 5395//5395 5394//5394 5478//5478
f 5395//5395 5478//5478 5479//5479
f 5396//5396 5395//5395 5479//5479
f 5396//5396 5479//5479 5480//5480
f 5397//5397 5396//5396 5480//5480
f 5397//5397 5480//5480 5481//5481
f 5398//5398 5397//5397 5481//5481
f 5398//5398 5481//5481 5482//5482
f 5399//5399 5398//5398 5482//5482
f 5399//5399 5482//5482 5483//5483
f 5400//5400 5399//5399 5483//5483
f 5400//5400 5483//5483 5484//5484
f 5401//5401 5400//5400 5484//5484
f 528//528 529//529 5406//5406
f 5485//5485 5406//5406 5407//5407
f 5485//5485 528//528 5406//5406
f 5486//5486 5407//5407 5408//5408
f 5486//5486 5485//5485 5407//5407
f 5487//5487 5408//5408 5409//5409
f 5487//5487 5486//5486 5408//5408
f 5488//5488 5409//5409 5410//5410
f 5488//5488 5487//5487 5409//5409
f 5489//5489 5410//5410 5411//5411
f 5489//5489 5488//5488 5410//5410
f 5490//5490 5411//5411 5412//5412
f 5490//5490 5412//5412 5413//5413
f 5490//5490 5489//5489 5411//5411
f 5491//5491 5413//5413 5414//5414
f 5491//5491 5490//5490 5413//5413
f 5492//5492 5414//5414 5415//5415
f 5492//5492 5491//5491 5414//5414
f 5493//5493 5415//5415 5416//5416
f 5493//5493 5492//5492 5415//5415
f 5494//5494 5416//5416 5417//5417
f 5494//5494 5493//5493 5416//5416
f 5495//5495 5494//5494 5417//5417
f 5496//5496 5495//5495 5417//5417
f 5496//5496 5417//5417 5418//5418
f 5497//5497 5418//5418 5419//5419
f 5497//5497 5496//5496 5418//5418
f 5498//5498 5419//5419 5420//5420
f 5498//5498 5420//5420 5421//5421
f 5498//5498 5497//5497 5419//5419
f 5499//5499 5421//5421 5422//5422
f 5499//5499 5498//5498 5421//5421
f 5500//5500 5422//5422 5423//5423
f 5500//5500 5499//5499 5422//5422
f 5501//5501 5423//5423 5424//5424
f 5501//5501 5500//5500 5423//5423
f 5502//5502 5501//5501 5424//5424
f 5503//5503 5424//5424 5425//5425
f 5503//5503 5425//5425 5426//5426
f 5503//5503 5502//5502 5424//5424
f 5504//5504 5503//5503 5426//5426
f 5504//5504 5426//5426 5427//5427
f 5505//5505 5427//5427 5428//5428
f 5505//5505 5504//5504 5427//5427
f 5506//5506 5505//5505 5428//5428
f 5507//5507 5428//5428 5429//5429
f 5507//5507 5506//5506 5428//5428
f 5508//5508 5429//5429 5430//5430
f 5508//5508 5507//5507 5429//5429
f 5509//5509 5430//5430 5431//5431
f 5509//5509 5508//5508 5430//5430
f 5510//5510 5431//5431 5432//5432
f 5510//5510 5509//5509 5431//5431
f 5511//5511 5510//5510 5432//5432
f 5512//5512 5432//5432 5433//5433
f 5512//5512 5511//5511 5432//5432
f 5513//5513 5512//5512 5433//5433
f 5514//5514 5513//5513 5433//5433
f 5514//5514 5433//5433 5434//5434
f 5515//5515 5514//5514 5434//5434
f 5515//5515 5434//5434 5435//5435
f 5516//5516 5515//5515 5435//5435
f 5436//5436 5516//5516 5435//5435
f 5517//5517 5516//5516 5436//5436
f 5518//5518 5517//5517 5436//5436
f 5518//5518 5436//5436 5437//5437
f 5519//5519 5518//5518 5437//5437
f 5519//5519 5437//5437 5438//5438
f 5520//5520 5519//5519 5438//5438
f 5520//5520 5438//5438 5439//5439
f 5521//5521 5520//5520 5439//5439
f 5522//5522 5439//5439 5440//5440
f 5522//5522 5521//5521 5439//5439
f 5523//5523 5440//5440 5441//5441
f 5523//5523 5522//5522 5440//5440
f 5524//5524 5441//5441 5442//5442
f 5524//5524 5523//5523 5441//5441
f 5525//5525 5442//5442 5443//5443
f 5525//5525 5524//5524 5442//5442
f 5526//5526 5443//5443 5444//5444
f 5526//5526 5525//5525 5443//5443
f 5527//5527 5444//5444 5445//5445
f 5527//5527 5526//5526 5444//5444
f 525//525 526//526 5528//5528
f 5446//5446 5528//5528 5529//5529
f 5446//5446 525//525 5528//5528
f 5447//5447 5529//5529 5530//5530
f 5447//5447 5446//5446 5529//5529
f 5448//5448 5530//5530 5531//5531
f 5448//5448 5447//5447 5530//5530
f 5449//5449 5531//5531 5532//5532
f 5449//5449 5448//5448 5531//5531
f 5450//5450 5532//5532 5533//5533
f 5450//5450 5449//5449 5532//5532
f 5451//5451 5533//5533 5534//5534
f 5451//5451 5450//5450 5533//5533
f 5452//5452 5534//5534 5535//5535
f 5452//5452 5451//5451 5534//5534
f 5453//5453 5535//5535 5536//5536
f 5453//5453 5452//5452 5535//5535
f 5454//5454 5536//5536 5537//5537
f 5454//5454 5453//5453 5536//5536
f 5455//5455 5537//5537 5538//5538
f 5455//5455 5454//5454 5537//5537
f 5456//5456 5538//5538 5539//5539
f 5456//5456 5455//5455 5538//5538
f 5457//5457 5539//5539 5540//5540
f 5457//5457 5456//5456 5539//5539
f 5458//5458 5540//5540 5541//5541
f 5458//5458 5457//5457 5540//5540
f 5459//5459 5541//5541 5542//5542
f 5459//5459 5458//5458 5541//5541
f 5460//5460 5542//5542 5543//5543
f 5460//5460 5459//5459 5542//5542
f 5461//5461 5543//5543 5544//5544
f 5461//5461 5460//5460 5543//5543
f 5462//5462 5544//5544 5545//5545
f 5462//5462 5461//5461 5544//5544
f 5463//5463 5545//5545 5546//5546
f 5463//5463 5462//5462 5545//5545
f 5464//5464 5546//5546 5547//5547
f 5464//5464 5463//5463 5546//5546
f 5465//5465 5547//5547 5548//5548
f 5465//5465 5464//5464 5547//5547
f 5466//5466 5548//5548 5549//5549
f 5466//5466 5465//5465 5548//5548
f 5467//5467 5549//5549 5550//5550
f 5467//5467 5466//5466 5549//5549
f 5468//5468 5550//5550 5551//5551
f 5468//5468 5467//5467 5550//5550
f 5469//5469 5551//5551 5552//5552
f 5469//5469 5468//5468 5551//5551
f 5470//5470 5552//5552 5553//5553
f 5470//5470 5469//5469 5552//5552
f 5471//5471 5553//5553 5554//5554
f 5471//5471 5470//5470 5553//5553
f 5472//5472 5554//5554 5555//5555
f 5472//5472 5471//5471 5554//5554
f 5473//5473 5555//5555 5556//5556
f 5473//5473 5472//5472 5555//5555
f 5474//5474 5473//5473 5556//5556
f 5474//5474 5556//5556 5557//5557
f 5475//5475 5474//5474 5557//5557
f 5558//5558 5475//5475 5557//5557
f 5476//5476 5475//5475 5558//5558
f 5476//5476 5558//5558 5559//5559
f 5477//5477 5476//5476 5559//5559
f 5477//5477 5559//5559 5560//5560
f 5478//5478 5477//5477 5560//5560
f 5478//5478 5560//5560 5561//5561
f 5479//5479 5478//5478 5561//5561
f 5479//5479 5561//5561 5562//5562
f 5480//5480 5479//5479 5562//5562
f 5480//5480 5562//5562 5563//5563
f 5481//5481 5563//5563 5564//5564
f 5481//5481 5480//5480 5563//5563
f 5482//5482 5481//5481 5564//5564
f 5482//5482 5564//5564 5565//5565
f 5483//5483 5565//5565 5566//5566
f 5483//5483 5482//5482 5565//5565
f 5484//5484 5566//5566 5567//5567
f 5484//5484 5483//5483 5566//5566
f 5568//5568 528//528 5485//5485
f 5568//5568 527//527 528//528
f 5569//5569 5485//5485 5486//5486
f 5569//5569 5568//5568 5485//5485
f 5570//5570 5569//5569 5486//5486
f 5570//5570 5486//5486 5487//5487
f 5571//5571 5570//5570 5487//5487
f 5571//5571 5487//5487 5488//5488
f 5572//5572 5488//5488 5489//5489
f 5572//5572 5571//5571 5488//5488
f 5573//5573 5489//5489 5490//5490
f 5573//5573 5572//5572 5489//5489
f 5574//5574 5490//5490 5491//5491
f 5574//5574 5573//5573 5490//5490
f 5575//5575 5491//5491 5492//5492
f 5575//5575 5574//5574 5491//5491
f 5576//5576 5492//5492 5493//5493
f 5576//5576 5575//5575 5492//5492
f 5577//5577 5493//5493 5494//5494
f 5577//5577 5576//5576 5493//5493
f 5578//5578 5494//5494 5495//5495
f 5578//5578 5577//5577 5494//5494
f 5579//5579 5495//5495 5496//5496
f 5579//5579 5578//5578 5495//5495
f 5580//5580 5496//5496 5497//5497
f 5580//5580 5497//5497 5498//5498
f 5580//5580 5579//5579 5496//5496
f 5581//5581 5580//5580 5498//5498
f 5582//5582 5498//5498 5499//5499
f 5582//5582 5581//5581 5498//5498
f 5583//5583 5499//5499 5500//5500
f 5583//5583 5500//5500 5501//5501
f 5583//5583 5582//5582 5499//5499
f 5584//5584 5501//5501 5502//5502
f 5584//5584 5583//5583 5501//5501
f 5585//5585 5584//5584 5502//5502
f 5586//5586 5502//5502 5503//5503
f 5586//5586 5585//5585 5502//5502
f 5587//5587 5503//5503 5504//5504
f 5587//5587 5586//5586 5503//5503
f 5588//5588 5504//5504 5505//5505
f 5588//5588 5505//5505 5506//5506
f 5588//5588 5587//5587 5504//5504
f 5589//5589 5506//5506 5507//5507
f 5589//5589 5588//5588 5506//5506
f 5590//5590 5589//5589 5507//5507
f 5528//5528 527//527 5568//5568
f 5528//5528 526//526 527//527
f 5529//5529 5568//5568 5569//5569
f 5529//5529 5528//5528 5568//5568
f 5530//5530 5569//5569 5570//5570
f 5530//5530 5529//5529 5569//5569
f 5531//5531 5570//5570 5571//5571
f 5531//5531 5530//5530 5570//5570
f 5532//5532 5571//5571 5572//5572
f 5532//5532 5531//5531 5571//5571
f 5533//5533 5572//5572 5573//5573
f 5533//5533 5532//5532 5572//5572
f 5534//5534 5533//5533 5573//5573
f 5535//5535 5573//5573 5574//5574
f 5535//5535 5534//5534 5573//5573
f 5536//5536 5574//5574 5575//5575
f 5536//5536 5535//5535 5574//5574
f 5537//5537 5575//5575 5576//5576
f 5537//5537 5536//5536 5575//5575
f 5538//5538 5576//5576 5577//5577
f 5538//5538 5537//5537 5576//5576
f 5539//5539 5577//5577 5578//5578
f 5539//5539 5578//5578 5579//5579
f 5539//5539 5538//5538 5577//5577
f 5540//5540 5539//5539 5579//5579
f 5540//5540 5579//5579 5580//5580
f 5541//5541 5580//5580 5581//5581
f 5541//5541 5540//5540 5580//5580
f 5542//5542 5541//5541 5581//5581
f 5543//5543 5581//5581 5582//5582
f 5543//5543 5542//5542 5581//5581
f 5544//5544 5582//5582 5583//5583
f 5544//5544 5543//5543 5582//5582
f 5545//5545 5583//5583 5584//5584
f 5545//5545 5544//5544 5583//5583
f 5546//5546 5584//5584 5585//5585
f 5546//5546 5585//5585 5586//5586
f 5546//5546 5545//5545 5584//5584
f 5547//5547 5546//5546 5586//5586
f 5548//5548 5586//5586 5587//5587
f 5548//5548 5547//5547 5586//5586
f 5549//5549 5587//5587 5588//5588
f 5549//5549 5548//5548 5587//5587
f 5550//5550 5588//5588 5589//5589
f 5550//5550 5589//5589 5590//5590
f 5550//5550 5549//5549 5588//5588
f 5551//5551 5609//5609 5608//5608
f 5551//5551 5550//5550 5590//5590
f 5551//5551 5590//5590 5609//5609
f 5552//5552 5551//5551 5608//5608
f 5552//5552 5608//5608 5607//5607
f 5553//5553 5607//5607 5606//5606
f 5553//5553 5552//5552 5607//5607
f 5554//5554 5606//5606 5605//5605
f 5554//5554 5553//5553 5606//5606
f 5555//5555 5605//5605 5602//5602
f 5555//5555 5554//5554 5605//5605
f 5556//5556 5555//5555 5602//5602
f 5556//5556 5602//5602 5603//5603
f 5557//5557 5556//5556 5603//5603
f 5604//5604 5557//5557 5603//5603
f 5558//5558 5557//5557 5604//5604
f 5558//5558 5601//5601 5600//5600
f 5558//5558 5604//5604 5601//5601
f 5559//5559 5558//5558 5600//5600
f 5559//5559 5600//5600 5592//5592
f 5560//5560 5559//5559 5592//5592
f 5560//5560 5592//5592 5593//5593
f 5561//5561 5560//5560 5593//5593
f 5561//5561 5593//5593 5594//5594
f 5561//5561 5594//5594 5595//5595
f 5562//5562 5561//5561 5595//5595
f 5562//5562 5595//5595 5596//5596
f 5563//5563 5562//5562 5596//5596
f 5563//5563 5596//5596 5597//5597
f 5564//5564 5563//5563 5597//5597
f 5564//5564 5597//5597 5598//5598
f 5565//5565 5564//5564 5598//5598
f 5565//5565 5598//5598 5599//5599
f 5566//5566 5565//5565 5599//5599
f 5566//5566 5599//5599 5591//5591
f 5567//5567 5566//5566 5591//5591
f 5610//5610 554//554 555//555
f 5610//5610 5611//5611 554//554
f 5611//5611 611//611 554//554
f 5611//5611 5612//5612 611//611
f 5612//5612 610//610 611//611
f 5612//5612 5613//5613 610//610
f 5613//5613 609//609 610//610
f 5613//5613 5614//5614 609//609
f 5614//5614 608//608 609//609
f 5614//5614 5615//5615 608//608
f 5615//5615 607//607 608//608
f 5615//5615 5616//5616 607//607
f 5616//5616 606//606 607//607
f 5616//5616 5617//5617 606//606
f 5617//5617 605//605 606//606
f 5617//5617 5618//5618 605//605
f 5618//5618 604//604 605//605
f 5618//5618 5619//5619 604//604
f 5619//5619 603//603 604//604
f 5619//5619 5620//5620 603//603
f 5620//5620 602//602 603//603
f 5620//5620 5621//5621 602//602
f 5621//5621 601//601 602//602
f 5621//5621 5622//5622 601//601
f 5622//5622 600//600 601//601
f 5622//5622 5623//5623 600//600
f 5623//5623 599//599 600//600
f 5623//5623 5624//5624 599//599
f 5624//5624 598//598 599//599
f 5624//5624 5625//5625 598//598
f 5625//5625 597//597 598//598
f 5625//5625 5626//5626 597//597
f 5626//5626 596//596 597//597
f 5626//5626 5627//5627 596//596
f 5627//5627 595//595 596//596
f 5627//5627 5628//5628 595//595
f 5628//5628 594//594 595//595
f 5628//5628 5629//5629 594//594
f 5629//5629 593//593 594//594
f 5629//5629 5630//5630 593//593
f 5630//5630 592//592 593//593
f 5630//5630 5631//5631 592//592
f 5631//5631 591//591 592//592
f 5631//5631 5632//5632 591//591
f 5632//5632 590//590 591//591
f 5632//5632 5633//5633 590//590
f 5633//5633 589//589 590//590
f 5633//5633 5634//5634 589//589
f 5634//5634 588//588 589//589
f 5634//5634 5635//5635 588//588
f 5635//5635 587//587 588//588
f 5635//5635 5636//5636 587//587
f 5636//5636 586//586 587//587
f 5636//5636 5637//5637 586//586
f 5637//5637 585//585 586//586
f 5637//5637 5638//5638 585//585
f 5638//5638 584//584 585//585
f 5638//5638 5639//5639 584//584
f 5639//5639 583//583 584//584
f 5639//5639 5640//5640 583//583
f 5640//5640 582//582 583//583
f 5640//5640 5641//5641 582//582
f 5641//5641 581//581 582//582
f 5641//5641 5642//5642 581//581
f 5642//5642 580//580 581//581
f 5642//5642 5643//5643 580//580
f 5643//5643 579//579 580//580
f 5643//5643 5644//5644 579//579
f 5644//5644 578//578 579//579
f 5644//5644 5645//5645 578//578
f 5645//5645 577//577 578//578
f 5645//5645 5646//5646 577//577
f 5646//5646 576//576 577//577
f 5646//5646 5647//5647 576//576
f 5647//5647 575//575 576//576
f 5647//5647 5648//5648 575//575
f 5648//5648 574//574 575//575
f 5648//5648 5649//5649 574//574
f 5649//5649 573//573 574//574
f 5649//5649 5650//5650 573//573
f 5650//5650 572//572 573//573
f 5650//5650 5651//5651 572//572
f 5651//5651 571//571 572//572
f 5651//5651 5652//5652 571//571
f 5652//5652 570//570 571//571
f 5652//5652 5653//5653 570//570
f 5653//5653 569//569 570//570
f 5653//5653 5654//5654 569//569
f 5654//5654 568//568 569//569
f 5654//5654 5655//5655 568//568
f 5655//5655 567//567 568//568
f 5655//5655 5656//5656 567//567
f 5656//5656 566//566 567//567
f 5656//5656 5657//5657 566//566
f 5657//5657 565//565 566//566
f 5657//5657 5658//5658 565//565
f 5658//5658 564//564 565//565
f 5658//5658 5659//5659 564//564
f 5659//5659 563//563 564//564
f 5659//5659 5660//5660 563//563
f 5660//5660 562//562 563//563
f 5660//5660 5661//5661 562//562
f 5661//5661 561//561 562//562
f 5661//5661 5662//5662 561//561
f 5662//5662 560//560 561//561
f 5662//5662 5663//5663 560//560
f 5663//5663 559//559 560//560
f 5663//5663 5664//5664 559//559
f 5664//5664 558//558 559//559
f 5664//5664 5665//5665 558//558
f 5665//5665 557//557 558//558
f 5665//5665 5666//5666 557//557
f 5666//5666 556//556 557//557
f 5666//5666 5667//5667 556//556
f 5667//5667 555//555 556//556
f 5667//5667 5610//5610 555//555
f 3966//3966 3856//3856 3857//3857
f 3966//3966 3857//3857 3858//3858
f 3965//3965 3858//3858 3859//3859
f 3965//3965 3859//3859 3860//3860
f 3965//3965 3860//3860 3861//3861
f 3965//3965 3861//3861 3862//3862
f 3965//3965 3966//3966 3858//3858
f 3964//3964 3862//3862 3863//3863
f 3964//3964 3863//3863 3864//3864
f 3964//3964 3864//3864 3793//3793
f 3964//3964 3965//3965 3862//3862
f 3963//3963 3964//3964 3793//3793
f 3962//3962 3963//3963 3793//3793
f 5668//5668 3940//3940 3961//3961
f 5669//5669 5668//5668 3961//3961
f 5670//5670 5669//5669 3961//3961
f 5671//5671 5670//5670 3961//3961
f 5672//5672 5671//5671 3961//3961
f 5673//5673 5672//5672 3961//3961
f 5674//5674 5673//5673 3961//3961
f 5675//5675 5674//5674 3961//3961
f 5676//5676 5675//5675 3961//3961
f 5677//5677 5676//5676 3961//3961
f 1237//1237 5677//5677 3961//3961
f 1237//1237 3961//3961 3962//3962
f 1237//1237 3962//3962 3793//3793
f 3760//3760 1237//1237 3793//3793
f 1081//1081 3762//3762 3763//3763
f 1081//1081 3763//3763 3764//3764
f 1081//1081 3764//3764 3765//3765
f 1081//1081 3765//3765 3766//3766
f 1081//1081 3766//3766 3767//3767
f 1081//1081 3767//3767 3768//3768
f 1081//1081 3768//3768 1080//1080
f 1082//1082 3760//3760 3761//3761
f 1082//1082 3761//3761 3762//3762
f 1082//1082 3762//3762 1081//1081
f 1083//1083 3760//3760 1082//1082
f 1158//1158 1160//1160 1159//1159
f 1157//1157 1161//1161 1160//1160
f 1157//1157 1160//1160 1158//1158
f 1154//1154 1083//1083 1084//1084
f 1154//1154 3760//3760 1083//1083
f 1154//1154 1163//1163 1162//1162
f 1154//1154 1164//1164 1163//1163
f 1154//1154 1165//1165 1164//1164
f 1154//1154 1084//1084 1165//1165
f 1154//1154 1237//1237 3760//3760
f 1156//1156 1161//1161 1157//1157
f 1155//1155 1161//1161 1156//1156
f 1155//1155 1162//1162 1161//1161
f 1155//1155 1154//1154 1162//1162
f 4098//4098 3996//3996 3997//3997
f 4098//4098 3997//3997 3998//3998
f 4098//4098 3998//3998 3999//3999
f 4098//4098 3999//3999 3993//3993
f 4099//4099 3889//3889 3994//3994
f 4099//4099 3994//3994 3995//3995
f 4099//4099 3995//3995 3996//3996
f 4099//4099 3996//3996 4098//4098
f 4100//4100 3889//3889 4099//4099
f 4101//4101 3889//3889 4100//4100
f 4102//4102 3889//3889 4101//4101
f 5687//5687 4103//4103 4104//4104
f 5686//5686 4103//4103 5687//5687
f 5685//5685 4103//4103 5686//5686
f 5684//5684 4103//4103 5685//5685
f 5683//5683 4103//4103 5684//5684
f 5682//5682 4103//4103 5683//5683
f 5681//5681 4103//4103 5682//5682
f 5680//5680 4103//4103 5681//5681
f 5679//5679 4103//4103 5680//5680
f 5678//5678 4103//4103 5679//5679
f 2077//2077 4103//4103 5678//5678
f 2077//2077 4102//4102 4103//4103
f 2077//2077 3889//3889 4102//4102
f 3818//3818 3889//3889 2077//2077
f 1236//1236 1211//1211 3819//3819
f 1236//1236 3819//3819 3820//3820
f 1236//1236 3820//3820 3821//3821
f 1236//1236 3821//3821 3822//3822
f 1236//1236 3822//3822 3823//3823
f 1235//1235 1236//1236 3823//3823
f 1235//1235 3823//3823 3824//3824
f 1235//1235 3824//3824 3825//3825
f 1235//1235 3825//3825 3826//3826
f 1235//1235 3826//3826 3827//3827
f 1235//1235 3827//3827 3828//3828
f 1235//1235 3828//3828 3829//3829
f 1235//1235 3829//3829 3818//3818
f 1234//1234 1235//1235 3818//3818
f 1233//1233 1234//1234 3818//3818
f 2071//2071 2070//2070 2069//2069
f 2072//2072 2069//2069 2068//2068
f 2072//2072 2071//2071 2069//2069
f 2045//2045 2064//2064 1212//1212
f 2045//2045 2065//2065 2064//2064
f 2045//2045 2066//2066 2065//2065
f 2045//2045 1212//1212 1233//1233
f 2045//2045 1233//1233 3818//3818
f 2045//2045 3818//3818 2077//2077
f 2073//2073 2068//2068 2067//2067
f 2073//2073 2072//2072 2068//2068
f 2075//2075 2066//2066 2045//2045
f 2074//2074 2067//2067 2066//2066
f 2074//2074 2073//2073 2067//2067
f 2074//2074 2066//2066 2075//2075
f 2889//2889 2076//2076 2885//2885
f 2889//2889 2885//2885 2887//2887
f 2891//2891 2076//2076 2889//2889
f 2895//2895 2891//2891 2893//2893
f 2895//2895 2076//2076 2891//2891
f 5689//5689 2895//2895 5688//5688
f 5690//5690 2076//2076 2895//2895
f 5690//5690 2895//2895 5689//5689
f 5691//5691 2076//2076 5690//5690
f 5702//5702 1348//1348 1349//1349
f 5702//5702 1349//1349 2076//2076
f 5702//5702 5691//5691 5692//5692
f 5702//5702 2076//2076 5691//5691
f 5700//5700 5701//5701 5702//5702
f 5695//5695 5692//5692 5693//5693
f 5695//5695 5693//5693 5694//5694
f 5699//5699 5702//5702 5692//5692
f 5699//5699 5700//5700 5702//5702
f 5696//5696 5692//5692 5695//5695
f 5697//5697 5698//5698 5699//5699
f 5697//5697 5699//5699 5692//5692
f 5697//5697 5692//5692 5696//5696
f 1336//1336 5702//5702 5703//5703
f 1348//1348 5702//5702 1336//1336
f 1347//1347 1348//1348 1336//1336
f 1346//1346 1347//1347 1336//1336
f 1345//1345 1346//1346 1336//1336
f 1341//1341 1338//1338 1339//1339
f 1341//1341 1339//1339 1340//1340
f 1344//1344 1345//1345 1336//1336
f 1342//1342 1337//1337 1338//1338
f 1342//1342 1338//1338 1341//1341
f 1343//1343 1336//1336 1337//1337
f 1343//1343 1337//1337 1342//1342
f 1343//1343 1344//1344 1336//1336
f 1335//1335 1336//1336 5703//5703
f 5714//5714 5703//5703 5704//5704
f 5714//5714 1335//1335 5703//5703
f 5713//5713 5714//5714 5704//5704
f 5712//5712 5704//5704 5705//5705
f 5712//5712 5713//5713 5704//5704
f 5711//5711 5705//5705 5706//5706
f 5711//5711 5712//5712 5705//5705
f 5710//5710 5706//5706 5707//5707
f 5710//5710 5711//5711 5706//5706
f 5709//5709 5707//5707 5708//5708
f 5709//5709 5710//5710 5707//5707
f 2939//2939 5708//5708 2938//2938
f 2939//2939 5709//5709 5708//5708
f 1332//1332 1330//1330 1331//1331
f 1333//1333 1329//1329 1330//1330
f 1333//1333 1330//1330 1332//1332
f 1334//1334 1328//1328 1329//1329
f 1334//1334 1329//1329 1333//1333
f 1335//1335 1323//1323 1324//1324
f 1335//1335 1324//1324 1325//1325
f 1335//1335 1325//1325 1326//1326
f 1335//1335 1326//1326 1327//1327
f 1335//1335 1327//1327 1328//1328
f 1335//1335 1328//1328 1334//1334
f 5715//5715 1323//1323 1335//1335
f 5714//5714 5715//5715 1335//1335
f 5718//5718 5715//5715 5716//5716
f 5718//5718 5716//5716 5717//5717
f 5720//5720 5718//5718 5719//5719
f 5720//5720 5715//5715 5718//5718
f 5721//5721 5715//5715 5720//5720
f 5724//5724 5721//5721 5722//5722
f 5724//5724 5722//5722 5723//5723
f 5724//5724 5715//5715 5721//5721
f 5725//5725 5715//5715 5724//5724
f 5736//5736 1322//1322 1323//1323
f 5736//5736 1323//1323 5715//5715
f 5736//5736 5725//5725 5726//5726
f 5736//5736 5715//5715 5725//5725
f 5728//5728 5726//5726 5727//5727
f 5734//5734 5735//5735 5736//5736
f 5734//5734 5736//5736 5726//5726
f 5732//5732 5728//5728 5729//5729
f 5732//5732 5733//5733 5734//5734
f 5732//5732 5726//5726 5728//5728
f 5732//5732 5734//5734 5726//5726
f 5731//5731 5729//5729 5730//5730
f 5731//5731 5732//5732 5729//5729
f 1310//1310 5736//5736 5737//5737
f 1322//1322 5736//5736 1310//1310
f 1321//1321 1322//1322 1310//1310
f 1320//1320 1321//1321 1310//1310
f 1319//1319 1320//1320 1310//1310
f 1315//1315 1312//1312 1313//1313
f 1315//1315 1313//1313 1314//1314
f 1318//1318 1319//1319 1310//1310
f 1316//1316 1311//1311 1312//1312
f 1316//1316 1312//1312 1315//1315
f 1317//1317 1310//1310 1311//1311
f 1317//1317 1311//1311 1316//1316
f 1317//1317 1318//1318 1310//1310
f 1309//1309 1310//1310 5737//5737
f 5748//5748 1309//1309 5737//5737
f 5747//5747 5737//5737 5738//5738
f 5747//5747 5738//5738 5739//5739
f 5747//5747 5748//5748 5737//5737
f 5746//5746 5747//5747 5739//5739
f 5745//5745 5739//5739 5740//5740
f 5745//5745 5746//5746 5739//5739
f 5744//5744 5740//5740 5741//5741
f 5744//5744 5741//5741 5742//5742
f 5744//5744 5745//5745 5740//5740
f 5743//5743 5744//5744 5742//5742
f 2965//2965 5742//5742 2964//2964
f 2965//2965 5743//5743 5742//5742
f 1306//1306 1304//1304 1305//1305
f 1307//1307 1303//1303 1304//1304
f 1307//1307 1304//1304 1306//1306
f 1308//1308 1302//1302 1303//1303
f 1308//1308 1303//1303 1307//1307
f 1309//1309 1297//1297 1298//1298
f 1309//1309 1298//1298 1299//1299
f 1309//1309 1299//1299 1300//1300
f 1309//1309 1300//1300 1301//1301
f 1309//1309 1301//1301 1302//1302
f 1309//1309 1302//1302 1308//1308
f 5749//5749 1297//1297 1309//1309
f 5748//5748 5749//5749 1309//1309
f 5752//5752 5749//5749 5750//5750
f 5752//5752 5750//5750 5751//5751
f 5754//5754 5752//5752 5753//5753
f 5754//5754 5749//5749 5752//5752
f 5755//5755 5749//5749 5754//5754
f 5758//5758 5755//5755 5756//5756
f 5758//5758 5756//5756 5757//5757
f 5758//5758 5749//5749 5755//5755
f 5759//5759 5749//5749 5758//5758
f 5770//5770 1296//1296 1297//1297
f 5770//5770 1297//1297 5749//5749
f 5770//5770 5759//5759 5760//5760
f 5770//5770 5749//5749 5759//5759
f 5762//5762 5760//5760 5761//5761
f 5768//5768 5769//5769 5770//5770
f 5768//5768 5770//5770 5760//5760
f 5766//5766 5762//5762 5763//5763
f 5766//5766 5767//5767 5768//5768
f 5766//5766 5760//5760 5762//5762
f 5766//5766 5768//5768 5760//5760
f 5765//5765 5763//5763 5764//5764
f 5765//5765 5766//5766 5763//5763
f 1284//1284 5770//5770 5771//5771
f 1296//1296 5770//5770 1284//1284
f 1295//1295 1296//1296 1284//1284
f 1294//1294 1295//1295 1284//1284
f 1293//1293 1294//1294 1284//1284
f 1289//1289 1286//1286 1287//1287
f 1289//1289 1287//1287 1288//1288
f 1292//1292 1293//1293 1284//1284
f 1290//1290 1285//1285 1286//1286
f 1290//1290 1286//1286 1289//1289
f 1291//1291 1284//1284 1285//1285
f 1291//1291 1285//1285 1290//1290
f 1291//1291 1292//1292 1284//1284
f 5782//5782 1283//1283 1284//1284
f 5782//5782 1284//1284 5771//5771
f 5781//5781 5771//5771 5772//5772
f 5781//5781 5772//5772 5773//5773
f 5781//5781 5782//5782 5771//5771
f 5780//5780 5781//5781 5773//5773
f 5779//5779 5773//5773 5774//5774
f 5779//5779 5780//5780 5773//5773
f 5778//5778 5774//5774 5775//5775
f 5778//5778 5775//5775 5776//5776
f 5778//5778 5779//5779 5774//5774
f 5777//5777 5778//5778 5776//5776
f 2991//2991 5776//5776 2990//2990
f 2991//2991 5777//5777 5776//5776
f 1280//1280 1278//1278 1279//1279
f 1281//1281 1277//1277 1278//1278
f 1281//1281 1278//1278 1280//1280
f 1282//1282 1276//1276 1277//1277
f 1282//1282 1277//1277 1281//1281
f 1283//1283 1271//1271 1272//1272
f 1283//1283 1272//1272 1273//1273
f 1283//1283 1273//1273 1274//1274
f 1283//1283 1274//1274 1275//1275
f 1283//1283 1275//1275 1276//1276
f 1283//1283 1276//1276 1282//1282
f 5783//5783 1271//1271 1283//1283
f 5782//5782 5783//5783 1283//1283
f 5787//5787 5783//5783 5784//5784
f 5787//5787 5784//5784 5785//5785
f 5787//5787 5785//5785 5786//5786
f 5789//5789 5787//5787 5788//5788
f 5789//5789 5783//5783 5787//5787
f 5791//5791 5789//5789 5790//5790
f 5792//5792 5783//5783 5789//5789
f 5792//5792 5789//5789 5791//5791
f 5793//5793 5783//5783 5792//5792
f 5804//5804 1270//1270 1271//1271
f 5804//5804 1271//1271 5783//5783
f 5804//5804 5793//5793 5794//5794
f 5804//5804 5783//5783 5793//5793
f 5803//5803 5804//5804 5794//5794
f 5796//5796 5794//5794 5795//5795
f 5801//5801 5802//5802 5803//5803
f 5798//5798 5796//5796 5797//5797
f 5798//5798 5794//5794 5796//5796
f 5799//5799 5800//5800 5801//5801
f 5799//5799 5803//5803 5794//5794
f 5799//5799 5801//5801 5803//5803
f 5799//5799 5794//5794 5798//5798
f 1258//1258 5804//5804 5805//5805
f 1270//1270 5804//5804 1258//1258
f 1269//1269 1270//1270 1258//1258
f 1268//1268 1269//1269 1258//1258
f 1267//1267 1268//1268 1258//1258
f 1263//1263 1260//1260 1261//1261
f 1263//1263 1261//1261 1262//1262
f 1266//1266 1267//1267 1258//1258
f 1264//1264 1259//1259 1260//1260
f 1264//1264 1260//1260 1263//1263
f 1265//1265 1258//1258 1259//1259
f 1265//1265 1259//1259 1264//1264
f 1265//1265 1266//1266 1258//1258
f 4048//4048 3938//3938 3939//3939
f 4370//4370 4272//4272 4174//4174
f 4566//4566 1257//1257 1258//1258
f 4566//4566 1258//1258 5805//5805
f 4566//4566 4468//4468 4370//4370
f 4566//4566 4174//4174 4048//4048
f 4566//4566 3939//3939 1257//1257
f 4566//4566 4370//4370 4174//4174
f 4566//4566 4048//4048 3939//3939
f 2901//2901 5805//5805 5806//5806
f 2901//2901 5806//5806 5807//5807
f 2901//2901 5807//5807 5808//5808
f 2901//2901 5808//5808 5809//5809
f 2901//2901 5809//5809 5810//5810
f 2901//2901 5810//5810 2902//2902
f 4651//4651 4566//4566 5805//5805
f 4651//4651 5805//5805 2901//2901
f 4736//4736 4651//4651 2901//2901
f 4808//4808 2901//2901 5811//5811
f 4808//4808 4736//4736 2901//2901
f 5812//5812 4808//4808 5811//5811
f 4882//4882 4808//4808 5812//5812
f 5813//5813 4882//4882 5812//5812
f 4960//4960 4882//4882 5813//5813
f 5814//5814 4960//4960 5813//5813
f 5043//5043 5814//5814 5815//5815
f 5043//5043 4960//4960 5814//5814
f 3941//3941 3940//3940 5668//5668
f 3941//3941 5668//5668 5669//5669
f 3941//3941 5669//5669 5670//5670
f 3941//3941 5670//5670 5671//5671
f 3941//3941 5671//5671 5672//5672
f 3941//3941 5672//5672 5673//5673
f 3941//3941 5673//5673 5674//5674
f 1238//1238 5677//5677 1237//1237
f 3942//3942 5674//5674 5675//5675
f 3942//3942 5675//5675 5676//5676
f 3942//3942 5676//5676 5677//5677
f 3942//3942 3941//3941 5674//5674
f 3942//3942 5677//5677 1238//1238
f 3943//3943 1238//1238 1239//1239
f 3943//3943 3942//3942 1238//1238
f 3944//3944 1239//1239 1240//1240
f 3944//3944 3943//3943 1239//1239
f 3945//3945 1240//1240 1241//1241
f 3945//3945 3944//3944 1240//1240
f 3946//3946 1241//1241 1242//1242
f 3946//3946 3945//3945 1241//1241
f 3947//3947 3946//3946 1242//1242
f 3947//3947 1242//1242 1243//1243
f 3948//3948 3947//3947 1243//1243
f 3948//3948 1243//1243 1244//1244
f 3949//3949 1244//1244 1245//1245
f 3949//3949 3948//3948 1244//1244
f 3950//3950 1245//1245 1246//1246
f 3950//3950 3949//3949 1245//1245
f 3951//3951 1246//1246 1247//1247
f 3951//3951 3950//3950 1246//1246
f 3952//3952 1247//1247 1248//1248
f 3952//3952 3951//3951 1247//1247
f 3953//3953 1248//1248 1249//1249
f 3953//3953 3952//3952 1248//1248
f 3954//3954 1249//1249 1250//1250
f 3954//3954 3953//3953 1249//1249
f 3955//3955 1250//1250 1251//1251
f 3955//3955 3954//3954 1250//1250
f 3956//3956 1251//1251 1252//1252
f 3956//3956 3955//3955 1251//1251
f 3957//3957 1252//1252 1253//1253
f 3957//3957 3956//3956 1252//1252
f 3958//3958 1253//1253 1254//1254
f 3958//3958 3957//3957 1253//1253
f 3959//3959 1254//1254 1255//1255
f 3959//3959 3958//3958 1254//1254
f 3960//3960 1255//1255 1256//1256
f 3960//3960 3959//3959 1255//1255
f 3939//3939 1256//1256 1257//1257
f 3939//3939 3960//3960 1256//1256
f 4105//4105 5683//5683 5684//5684
f 4105//4105 5684//5684 5685//5685
f 4105//4105 5685//5685 5686//5686
f 4105//4105 5686//5686 5687//5687
f 4105//4105 5687//5687 4104//4104
f 5682//5682 5683//5683 4105//4105
f 5681//5681 5682//5682 4105//4105
f 5680//5680 5681//5681 4105//4105
f 4106//4106 5680//5680 4105//4105
f 5679//5679 5680//5680 4106//4106
f 5678//5678 5679//5679 4106//4106
f 2077//2077 5678//5678 4106//4106
f 2078//2078 4106//4106 4107//4107
f 2078//2078 2077//2077 4106//4106
f 2079//2079 4107//4107 4108//4108
f 2079//2079 2078//2078 4107//4107
f 2080//2080 4108//4108 4109//4109
f 2080//2080 2079//2079 4108//4108
f 2081//2081 4109//4109 4110//4110
f 2081//2081 2080//2080 4109//4109
f 2082//2082 4110//4110 4111//4111
f 2082//2082 2081//2081 4110//4110
f 2083//2083 2082//2082 4111//4111
f 2083//2083 4111//4111 4112//4112
f 2084//2084 4112//4112 4113//4113
f 2084//2084 2083//2083 4112//4112
f 2085//2085 4113//4113 4114//4114
f 2085//2085 2084//2084 4113//4113
f 2086//2086 4114//4114 4115//4115
f 2086//2086 2085//2085 4114//4114
f 2087//2087 4115//4115 4116//4116
f 2087//2087 2086//2086 4115//4115
f 2088//2088 4116//4116 4117//4117
f 2088//2088 2087//2087 4116//4116
f 2089//2089 4117//4117 4118//4118
f 2089//2089 2088//2088 4117//4117
f 2090//2090 4118//4118 4119//4119
f 2090//2090 2089//2089 4118//4118
f 2091//2091 4119//4119 4120//4120
f 2091//2091 2090//2090 4119//4119
f 2092//2092 4120//4120 4121//4121
f 2092//2092 2091//2091 4120//4120
f 2093//2093 4121//4121 4122//4122
f 2093//2093 2092//2092 4121//4121
f 2094//2094 4122//4122 4123//4123
f 2094//2094 2093//2093 4122//4122
f 2095//2095 4123//4123 4124//4124
f 2095//2095 2094//2094 4123//4123
f 2096//2096 4124//4124 4125//4125
f 2096//2096 2095//2095 4124//4124
f 2097//2097 2096//2096 4125//4125
f 3133//3133 3027//3027 5822//5822
f 3133//3133 5822//5822 5823//5823
f 3133//3133 5823//5823 5824//5824
f 3133//3133 5824//5824 5825//5825
f 3133//3133 5825//5825 5826//5826
f 3133//3133 5826//5826 5816//5816
f 4737//4737 3133//3133 5816//5816
f 4809//4809 3133//3133 4737//4737
f 4883//4883 5820//5820 5821//5821
f 4883//4883 5821//5821 3133//3133
f 4883//4883 3133//3133 4809//4809
f 4961//4961 5819//5819 5820//5820
f 4961//4961 5820//5820 4883//4883
f 5064//5064 5819//5819 4961//4961
f 5818//5818 5819//5819 5064//5064
f 5202//5202 5817//5817 5818//5818
f 5202//5202 5818//5818 5064//5064
f 4273//4273 4125//4125 4097//4097
f 4273//4273 4097//4097 4175//4175
f 4652//4652 5816//5816 2200//2200
f 4652//4652 2200//2200 2097//2097
f 4652//4652 4737//4737 5816//5816
f 4567//4567 2097//2097 4125//4125
f 4567//4567 4273//4273 4371//4371
f 4567//4567 4371//4371 4469//4469
f 4567//4567 4125//4125 4273//4273
f 4567//4567 4652//4652 2097//2097
f 2197//2197 2195//2195 2196//2196
f 2198//2198 2194//2194 2195//2195
f 2198//2198 2195//2195 2197//2197
f 2199//2199 2193//2193 2194//2194
f 2199//2199 2194//2194 2198//2198
f 2200//2200 2188//2188 2189//2189
f 2200//2200 2189//2189 2190//2190
f 2200//2200 2190//2190 2191//2191
f 2200//2200 2191//2191 2192//2192
f 2200//2200 2192//2192 2193//2193
f 2200//2200 2193//2193 2199//2199
f 5827//5827 2188//2188 2200//2200
f 5816//5816 5827//5827 2200//2200
f 5843//5843 5844//5844 5845//5845
f 5843//5843 5845//5845 5846//5846
f 5842//5842 5843//5843 5846//5846
f 5828//5828 5846//5846 5847//5847
f 5828//5828 5847//5847 5848//5848
f 5840//5840 5828//5828 5829//5829
f 5840//5840 5841//5841 5842//5842
f 5840//5840 5846//5846 5828//5828
f 5840//5840 5842//5842 5846//5846
f 5837//5837 5838//5838 5839//5839
f 5834//5834 5835//5835 5836//5836
f 5833//5833 5836//5836 5837//5837
f 5833//5833 5837//5837 5839//5839
f 5833//5833 5834//5834 5836//5836
f 5830//5830 5831//5831 5832//5832
f 5830//5830 5832//5832 5833//5833
f 5830//5830 5833//5833 5839//5839
f 5827//5827 5839//5839 5840//5840
f 5827//5827 5840//5840 5829//5829
f 5827//5827 5830//5830 5839//5839
f 2187//2187 5827//5827 5829//5829
f 2188//2188 5827//5827 2187//2187
f 2175//2175 5829//5829 5849//5849
f 2187//2187 5829//5829 2175//2175
f 2186//2186 2187//2187 2175//2175
f 2185//2185 2186//2186 2175//2175
f 2184//2184 2185//2185 2175//2175
f 2180//2180 2177//2177 2178//2178
f 2180//2180 2178//2178 2179//2179
f 2183//2183 2184//2184 2175//2175
f 2181//2181 2176//2176 2177//2177
f 2181//2181 2177//2177 2180//2180
f 2182//2182 2175//2175 2176//2176
f 2182//2182 2176//2176 2181//2181
f 2182//2182 2183//2183 2175//2175
f 5853//5853 5859//5859 5860//5860
f 5853//5853 5860//5860 5850//5850
f 5852//5852 5853//5853 5850//5850
f 5854//5854 5859//5859 5853//5853
f 5849//5849 5850//5850 5851//5851
f 5849//5849 5851//5851 2174//2174
f 5849//5849 5852//5852 5850//5850
f 5855//5855 5857//5857 5858//5858
f 5855//5855 5858//5858 5859//5859
f 5855//5855 5859//5859 5854//5854
f 5856//5856 5857//5857 5855//5855
f 3052//3052 3053//3053 5857//5857
f 3052//3052 5857//5857 5856//5856
f 2175//2175 5849//5849 2174//2174
f 2171//2171 2169//2169 2170//2170
f 2172//2172 2168//2168 2169//2169
f 2172//2172 2169//2169 2171//2171
f 2173//2173 2167//2167 2168//2168
f 2173//2173 2168//2168 2172//2172
f 2174//2174 2162//2162 2163//2163
f 2174//2174 2163//2163 2164//2164
f 2174//2174 2164//2164 2165//2165
f 2174//2174 2165//2165 2166//2166
f 2174//2174 2166//2166 2167//2167
f 2174//2174 2167//2167 2173//2173
f 5861//5861 2162//2162 2174//2174
f 5851//5851 5861//5861 2174//2174
f 5878//5878 5879//5879 5880//5880
f 5882//5882 5880//5880 5881//5881
f 5876//5876 5877//5877 5878//5878
f 5863//5863 5882//5882 5862//5862
f 5863//5863 5880//5880 5882//5882
f 5874//5874 5875//5875 5876//5876
f 5874//5874 5878//5878 5880//5880
f 5874//5874 5876//5876 5878//5878
f 5874//5874 5880//5880 5863//5863
f 5871//5871 5872//5872 5873//5873
f 5869//5869 5870//5870 5871//5871
f 5867//5867 5868//5868 5869//5869
f 5867//5867 5869//5869 5871//5871
f 5865//5865 5866//5866 5867//5867
f 5861//5861 5864//5864 5865//5865
f 5861//5861 5873//5873 5874//5874
f 5861//5861 5871//5871 5873//5873
f 5861//5861 5874//5874 5863//5863
f 5861//5861 5867//5867 5871//5871
f 5861//5861 5865//5865 5867//5867
f 2161//2161 5861//5861 5863//5863
f 2162//2162 5861//5861 2161//2161
f 2149//2149 5863//5863 5883//5883
f 2161//2161 5863//5863 2149//2149
f 2160//2160 2161//2161 2149//2149
f 2159//2159 2160//2160 2149//2149
f 2158//2158 2159//2159 2149//2149
f 2154//2154 2151//2151 2152//2152
f 2154//2154 2152//2152 2153//2153
f 2157//2157 2158//2158 2149//2149
f 2155//2155 2150//2150 2151//2151
f 2155//2155 2151//2151 2154//2154
f 2156//2156 2149//2149 2150//2150
f 2156//2156 2150//2150 2155//2155
f 2156//2156 2157//2157 2149//2149
f 5887//5887 5894//5894 5884//5884
f 5886//5886 5887//5887 5884//5884
f 5888//5888 5892//5892 5893//5893
f 5888//5888 5893//5893 5894//5894
f 5888//5888 5894//5894 5887//5887
f 5883//5883 5884//5884 5885//5885
f 5883//5883 5885//5885 2148//2148
f 5883//5883 5886//5886 5884//5884
f 5889//5889 5892//5892 5888//5888
f 5890//5890 5891//5891 5892//5892
f 5890//5890 5892//5892 5889//5889
f 3078//3078 3079//3079 5891//5891
f 3078//3078 5891//5891 5890//5890
f 2149//2149 5883//5883 2148//2148
f 2145//2145 2143//2143 2144//2144
f 2146//2146 2142//2142 2143//2143
f 2146//2146 2143//2143 2145//2145
f 2147//2147 2141//2141 2142//2142
f 2147//2147 2142//2142 2146//2146
f 2148//2148 2136//2136 2137//2137
f 2148//2148 2137//2137 2138//2138
f 2148//2148 2138//2138 2139//2139
f 2148//2148 2139//2139 2140//2140
f 2148//2148 2140//2140 2141//2141
f 2148//2148 2141//2141 2147//2147
f 5895//5895 2136//2136 2148//2148
f 5885//5885 5895//5895 2148//2148
f 5912//5912 5913//5913 5914//5914
f 5916//5916 5914//5914 5915//5915
f 5910//5910 5911//5911 5912//5912
f 5897//5897 5916//5916 5896//5896
f 5897//5897 5912//5912 5914//5914
f 5897//5897 5914//5914 5916//5916
f 5908//5908 5909//5909 5910//5910
f 5908//5908 5910//5910 5912//5912
f 5908//5908 5912//5912 5897//5897
f 5907//5907 5908//5908 5897//5897
f 5905//5905 5906//5906 5907//5907
f 5903//5903 5904//5904 5905//5905
f 5901//5901 5902//5902 5903//5903
f 5901//5901 5903//5903 5905//5905
f 5899//5899 5900//5900 5901//5901
f 5895//5895 5898//5898 5899//5899
f 5895//5895 5905//5905 5907//5907
f 5895//5895 5907//5907 5897//5897
f 5895//5895 5901//5901 5905//5905
f 5895//5895 5899//5899 5901//5901
f 2135//2135 5895//5895 5897//5897
f 2136//2136 5895//5895 2135//2135
f 2123//2123 5897//5897 5917//5917
f 2135//2135 5897//5897 2123//2123
f 2134//2134 2135//2135 2123//2123
f 2133//2133 2134//2134 2123//2123
f 2132//2132 2133//2133 2123//2123
f 2128//2128 2125//2125 2126//2126
f 2128//2128 2126//2126 2127//2127
f 2131//2131 2132//2132 2123//2123
f 2129//2129 2124//2124 2125//2125
f 2129//2129 2125//2125 2128//2128
f 2130//2130 2123//2123 2124//2124
f 2130//2130 2124//2124 2129//2129
f 2130//2130 2131//2131 2123//2123
f 5920//5920 5928//5928 5918//5918
f 5920//5920 5921//5921 5928//5928
f 5922//5922 5927//5927 5928//5928
f 5922//5922 5928//5928 5921//5921
f 5917//5917 5918//5918 5919//5919
f 5917//5917 5919//5919 2122//2122
f 5917//5917 5920//5920 5918//5918
f 5923//5923 5926//5926 5927//5927
f 5923//5923 5927//5927 5922//5922
f 5924//5924 5925//5925 5926//5926
f 5924//5924 5926//5926 5923//5923
f 3104//3104 3105//3105 5925//5925
f 3104//3104 5925//5925 5924//5924
f 2123//2123 5917//5917 2122//2122
f 2119//2119 2117//2117 2118//2118
f 2120//2120 2116//2116 2117//2117
f 2120//2120 2117//2117 2119//2119
f 2121//2121 2115//2115 2116//2116
f 2121//2121 2116//2116 2120//2120
f 2122//2122 2110//2110 2111//2111
f 2122//2122 2111//2111 2112//2112
f 2122//2122 2112//2112 2113//2113
f 2122//2122 2113//2113 2114//2114
f 2122//2122 2114//2114 2115//2115
f 2122//2122 2115//2115 2121//2121
f 5929//5929 2110//2110 2122//2122
f 5919//5919 5929//5929 2122//2122
f 2890//2890 2894//2894 2892//2892
f 5942//5942 5943//5943 3020//3020
f 5942//5942 3020//3020 2900//2900
f 5942//5942 2900//2900 2894//2894
f 2888//2888 5942//5942 2894//2894
f 2888//2888 2894//2894 2890//2890
f 5940//5940 2888//2888 2886//2886
f 5940//5940 5941//5941 5942//5942
f 5940//5940 5942//5942 2888//2888
f 5937//5937 5938//5938 5939//5939
f 5936//5936 5937//5937 5939//5939
f 5934//5934 5935//5935 5936//5936
f 5933//5933 5934//5934 5936//5936
f 5931//5931 5932//5932 5933//5933
f 5930//5930 5936//5936 5939//5939
f 5930//5930 5931//5931 5933//5933
f 5930//5930 5933//5933 5936//5936
f 5929//5929 5939//5939 5940//5940
f 5929//5929 5940//5940 2886//2886
f 5929//5929 5930//5930 5939//5939
f 2109//2109 5929//5929 2886//2886
f 2110//2110 5929//5929 2109//2109
f 2896//2896 5688//5688 2895//2895
f 5688//5688 2919//2919 2920//2920
f 5688//5688 2918//2918 2919//2919
f 5688//5688 2896//2896 2918//2918
f 3159//3159 3171//3171 3183//3183
f 2912//2912 3183//3183 3195//3195
f 2912//2912 3159//3159 3183//3183
f 2912//2912 3026//3026 3147//3147
f 2912//2912 3147//3147 3159//3159
f 3189//3189 3207//3207 3201//3201
f 3165//3165 3189//3189 3177//3177
f 3165//3165 3207//3207 3189//3189
f 3153//3153 3207//3207 3165//3165
f 3131//3131 3207//3207 3153//3153
f 5989//5989 3195//3195 3207//3207
f 5990//5990 3195//3195 5989//5989
f 5988//5988 5989//5989 3207//3207
f 5991//5991 3195//3195 5990//5990
f 5987//5987 5988//5988 3207//3207
f 5992//5992 3195//3195 5991//5991
f 5986//5986 5987//5987 3207//3207
f 5993//5993 3195//3195 5992//5992
f 5985//5985 5986//5986 3207//3207
f 5994//5994 3195//3195 5993//5993
f 5984//5984 5985//5985 3207//3207
f 5983//5983 5984//5984 3207//3207
f 5995//5995 3195//3195 5994//5994
f 5982//5982 5983//5983 3207//3207
f 5996//5996 3195//3195 5995//5995
f 5981//5981 5982//5982 3207//3207
f 5997//5997 3195//3195 5996//5996
f 5980//5980 5981//5981 3207//3207
f 6001//6001 2912//2912 3195//3195
f 6001//6001 3195//3195 5997//5997
f 6001//6001 5997//5997 5998//5998
f 6001//6001 5998//5998 5999//5999
f 6002//6002 2912//2912 6001//6001
f 6003//6003 2912//2912 6002//6002
f 6004//6004 2912//2912 6003//6003
f 6005//6005 2912//2912 6004//6004
f 6006//6006 2912//2912 6005//6005
f 6007//6007 2912//2912 6006//6006
f 6008//6008 2912//2912 6007//6007
f 6009//6009 2912//2912 6008//6008
f 6000//6000 6001//6001 5999//5999
f 6010//6010 2912//2912 6009//6009
f 6011//6011 2912//2912 6010//6010
f 5976//5976 3207//3207 3131//3131
f 5976//5976 5977//5977 5978//5978
f 5976//5976 5978//5978 5979//5979
f 5976//5976 5979//5979 5980//5980
f 5976//5976 5980//5980 3207//3207
f 5975//5975 5976//5976 3131//3131
f 5974//5974 5975//5975 3131//3131
f 6041//6041 5974//5974 3131//3131
f 6040//6040 6041//6041 3131//3131
f 6039//6039 6040//6040 3131//3131
f 6038//6038 6039//6039 3131//3131
f 6037//6037 6038//6038 3131//3131
f 6036//6036 6037//6037 3131//3131
f 6035//6035 6036//6036 3131//3131
f 6034//6034 6035//6035 3131//3131
f 5960//5960 6022//6022 5959//5959
f 5960//5960 6021//6021 6022//6022
f 5961//5961 6021//6021 5960//5960
f 5961//5961 6020//6020 6021//6021
f 5962//5962 6020//6020 5961//5961
f 5962//5962 6019//6019 6020//6020
f 5963//5963 6019//6019 5962//5962
f 5963//5963 6018//6018 6019//6019
f 5964//5964 6017//6017 6018//6018
f 5964//5964 6018//6018 5963//5963
f 5965//5965 6016//6016 6017//6017
f 5965//5965 6017//6017 5964//5964
f 5966//5966 6015//6015 6016//6016
f 5966//5966 6016//6016 5965//5965
f 5967//5967 6014//6014 6015//6015
f 5967//5967 6015//6015 5966//5966
f 5968//5968 6013//6013 6014//6014
f 5968//5968 6014//6014 5967//5967
f 5969//5969 6013//6013 5968//5968
f 5957//5957 5958//5958 6023//6023
f 5957//5957 6023//6023 6024//6024
f 5956//5956 5957//5957 6024//6024
f 5956//5956 6024//6024 6025//6025
f 5955//5955 5956//5956 6025//6025
f 5955//5955 6025//6025 6026//6026
f 5954//5954 5955//5955 6026//6026
f 5954//5954 6026//6026 6027//6027
f 5953//5953 5954//5954 6027//6027
f 5953//5953 6027//6027 6028//6028
f 5952//5952 6028//6028 6029//6029
f 5952//5952 5953//5953 6028//6028
f 5951//5951 6029//6029 6030//6030
f 5951//5951 5952//5952 6029//6029
f 5950//5950 6030//6030 6031//6031
f 5950//5950 5951//5951 6030//6030
f 5949//5949 6031//6031 6032//6032
f 5949//5949 5950//5950 6031//6031
f 5948//5948 5949//5949 6032//6032
f 5972//5972 5973//5973 2911//2911
f 5971//5971 5972//5972 2911//2911
f 5970//5970 2911//2911 5969//5969
f 5970//5970 5971//5971 2911//2911
f 5945//5945 3132//3132 5944//5944
f 5946//5946 3132//3132 5945//5945
f 5947//5947 5948//5948 3132//3132
f 5947//5947 3132//3132 5946//5946
f 3131//3131 3132//3132 6033//6033
f 6033//6033 3132//3132 6032//6032
f 6032//6032 3132//3132 5948//5948
f 3131//3131 6033//6033 6034//6034
f 2911//2911 2912//2912 6011//6011
f 2911//2911 6011//6011 6012//6012
f 2911//2911 6012//6012 6013//6013
f 2911//2911 6013//6013 5969//5969
f 6022//6022 6023//6023 5958//5958
f 6022//6022 5958//5958 5959//5959
f 5811//5811 2901//2901 2903//2903
f 6042//6042 2903//2903 2904//2904
f 6042//6042 5811//5811 2903//2903
f 6043//6043 2904//2904 2905//2905
f 6043//6043 6042//6042 2904//2904
f 6044//6044 2905//2905 2906//2906
f 6044//6044 6043//6043 2905//2905
f 6045//6045 6044//6044 2906//2906
f 6046//6046 2906//2906 2907//2907
f 6046//6046 6045//6045 2906//2906
f 6047//6047 2907//2907 2908//2908
f 6047//6047 6046//6046 2907//2907
f 6048//6048 2908//2908 2909//2909
f 6048//6048 6047//6047 2908//2908
f 6049//6049 2909//2909 2910//2910
f 6049//6049 6048//6048 2909//2909
f 5973//5973 2910//2910 2911//2911
f 5973//5973 6049//6049 2910//2910
f 2902//2902 5799//5799 5798//5798
f 5810//5810 5799//5799 2902//2902
f 3012//3012 3013//3013 5798//5798
f 3013//3013 3014//3014 5798//5798
f 3014//3014 3015//3015 5798//5798
f 3015//3015 2902//2902 5798//5798
f 3012//3012 5798//5798 5797//5797
f 3009//3009 3010//3010 5797//5797
f 3010//3010 3011//3011 5797//5797
f 3011//3011 3012//3012 5797//5797
f 3009//3009 5797//5797 5796//5796
f 3006//3006 3007//3007 5796//5796
f 3007//3007 3008//3008 5796//5796
f 3008//3008 3009//3009 5796//5796
f 3006//3006 5795//5795 3005//3005
f 3006//3006 5796//5796 5795//5795
f 3005//3005 5794//5794 3004//3004
f 3005//3005 5795//5795 5794//5794
f 3003//3003 5794//5794 5793//5793
f 3004//3004 5794//5794 3003//3003
f 3002//3002 5793//5793 5792//5792
f 3003//3003 5793//5793 3002//3002
f 3001//3001 5792//5792 5791//5791
f 3002//3002 5792//5792 3001//3001
f 2998//2998 5791//5791 5790//5790
f 5791//5791 3000//3000 3001//3001
f 5791//5791 2999//2999 3000//3000
f 5791//5791 2998//2998 2999//2999
f 2995//2995 5790//5790 5789//5789
f 5790//5790 2997//2997 2998//2998
f 5790//5790 2996//2996 2997//2997
f 5790//5790 2995//2995 2996//2996
f 2991//2991 5788//5788 5777//5777
f 2991//2991 5789//5789 5788//5788
f 5789//5789 2994//2994 2995//2995
f 5789//5789 2993//2993 2994//2994
f 5789//5789 2992//2992 2993//2993
f 5789//5789 2991//2991 2992//2992
f 2990//2990 5765//5765 5764//5764
f 5776//5776 5765//5765 2990//2990
f 2986//2986 2987//2987 5764//5764
f 2987//2987 2988//2988 5764//5764
f 2988//2988 2989//2989 5764//5764
f 2989//2989 2990//2990 5764//5764
f 2986//2986 5764//5764 5763//5763
f 2983//2983 2984//2984 5763//5763
f 2984//2984 2985//2985 5763//5763
f 2985//2985 2986//2986 5763//5763
f 2983//2983 5763//5763 5762//5762
f 2980//2980 2981//2981 5762//5762
f 2981//2981 2982//2982 5762//5762
f 2982//2982 2983//2983 5762//5762
f 2980//2980 5761//5761 2979//2979
f 2980//2980 5762//5762 5761//5761
f 2979//2979 5760//5760 2978//2978
f 2979//2979 5761//5761 5760//5760
f 2977//2977 5760//5760 5759//5759
f 2978//2978 5760//5760 2977//2977
f 2976//2976 5759//5759 5758//5758
f 2977//2977 5759//5759 2976//2976
f 2975//2975 5758//5758 5757//5757
f 2976//2976 5758//5758 2975//2975
f 2972//2972 5757//5757 5756//5756
f 5757//5757 2974//2974 2975//2975
f 5757//5757 2973//2973 2974//2974
f 5757//5757 2972//2972 2973//2973
f 2969//2969 5756//5756 5755//5755
f 5756//5756 2971//2971 2972//2972
f 5756//5756 2970//2970 2971//2971
f 5756//5756 2969//2969 2970//2970
f 2965//2965 5754//5754 5743//5743
f 2965//2965 5755//5755 5754//5754
f 5755//5755 2968//2968 2969//2969
f 5755//5755 2967//2967 2968//2968
f 5755//5755 2966//2966 2967//2967
f 5755//5755 2965//2965 2966//2966
f 2964//2964 5731//5731 5730//5730
f 5742//5742 5731//5731 2964//2964
f 2960//2960 2961//2961 5730//5730
f 2961//2961 2962//2962 5730//5730
f 2962//2962 2963//2963 5730//5730
f 2963//2963 2964//2964 5730//5730
f 2960//2960 5730//5730 5729//5729
f 2957//2957 2958//2958 5729//5729
f 2958//2958 2959//2959 5729//5729
f 2959//2959 2960//2960 5729//5729
f 2957//2957 5729//5729 5728//5728
f 2954//2954 2955//2955 5728//5728
f 2955//2955 2956//2956 5728//5728
f 2956//2956 2957//2957 5728//5728
f 2954//2954 5727//5727 2953//2953
f 2954//2954 5728//5728 5727//5727
f 2953//2953 5726//5726 2952//2952
f 2953//2953 5727//5727 5726//5726
f 2952//2952 5725//5725 2951//2951
f 2952//2952 5726//5726 5725//5725
f 2950//2950 5725//5725 5724//5724
f 2951//2951 5725//5725 2950//2950
f 2949//2949 5724//5724 5723//5723
f 2950//2950 5724//5724 2949//2949
f 2946//2946 5723//5723 5722//5722
f 5723//5723 2948//2948 2949//2949
f 5723//5723 2947//2947 2948//2948
f 5723//5723 2946//2946 2947//2947
f 2943//2943 5722//5722 5721//5721
f 5722//5722 2945//2945 2946//2946
f 5722//5722 2944//2944 2945//2945
f 5722//5722 2943//2943 2944//2944
f 2939//2939 5720//5720 5709//5709
f 2939//2939 5721//5721 5720//5720
f 5721//5721 2942//2942 2943//2943
f 5721//5721 2941//2941 2942//2942
f 5721//5721 2940//2940 2941//2941
f 5721//5721 2939//2939 2940//2940
f 2938//2938 5697//5697 5696//5696
f 5708//5708 5697//5697 2938//2938
f 2934//2934 2935//2935 5696//5696
f 2935//2935 2936//2936 5696//5696
f 2936//2936 2937//2937 5696//5696
f 2937//2937 2938//2938 5696//5696
f 2934//2934 5696//5696 5695//5695
f 2931//2931 2932//2932 5695//5695
f 2932//2932 2933//2933 5695//5695
f 2933//2933 2934//2934 5695//5695
f 2931//2931 5695//5695 5694//5694
f 2928//2928 2929//2929 5694//5694
f 2929//2929 2930//2930 5694//5694
f 2930//2930 2931//2931 5694//5694
f 2928//2928 5693//5693 2927//2927
f 2928//2928 5694//5694 5693//5693
f 2927//2927 5692//5692 2926//2926
f 2927//2927 5693//5693 5692//5692
f 2926//2926 5691//5691 2925//2925
f 2926//2926 5692//5692 5691//5691
f 2924//2924 5691//5691 5690//5690
f 2925//2925 5691//5691 2924//2924
f 2923//2923 5690//5690 5689//5689
f 2924//2924 5690//5690 2923//2923
f 2920//2920 5689//5689 5688//5688
f 5689//5689 2922//2922 2923//2923
f 5689//5689 2921//2921 2922//2922
f 5689//5689 2920//2920 2921//2921
f 3016//3016 3020//3020 5943//5943
f 3123//3123 3124//3124 5943//5943
f 3124//3124 3125//3125 5943//5943
f 3125//3125 3016//3016 5943//5943
f 3134//3134 5821//5821 6050//6050
f 3134//3134 3133//3133 5821//5821
f 3135//3135 6050//6050 6051//6051
f 3135//3135 3134//3134 6050//6050
f 3136//3136 6051//6051 6052//6052
f 3136//3136 3135//3135 6051//6051
f 3137//3137 6052//6052 6053//6053
f 3137//3137 3136//3136 6052//6052
f 3138//3138 6053//6053 6054//6054
f 3138//3138 3137//3137 6053//6053
f 3139//3139 6054//6054 6055//6055
f 3139//3139 3138//3138 6054//6054
f 3140//3140 6055//6055 6056//6056
f 3140//3140 3139//3139 6055//6055
f 3141//3141 6056//6056 6057//6057
f 3141//3141 3140//3140 6056//6056
f 3132//3132 6057//6057 5944//5944
f 3132//3132 3141//3141 6057//6057
f 3123//3123 5943//5943 5942//5942
f 3120//3120 3121//3121 5942//5942
f 3121//3121 3122//3122 5942//5942
f 3122//3122 3123//3123 5942//5942
f 3120//3120 5941//5941 3119//3119
f 3120//3120 5942//5942 5941//5941
f 3119//3119 5940//5940 3118//3118
f 3119//3119 5941//5941 5940//5940
f 3117//3117 5940//5940 5939//5939
f 3118//3118 5940//5940 3117//3117
f 3116//3116 5939//5939 5938//5938
f 3117//3117 5939//5939 3116//3116
f 3115//3115 5938//5938 5937//5937
f 3116//3116 5938//5938 3115//3115
f 3112//3112 5937//5937 5936//5936
f 5937//5937 3114//3114 3115//3115
f 5937//5937 3113//3113 3114//3114
f 5937//5937 3112//3112 3113//3113
f 3109//3109 5936//5936 5935//5935
f 5936//5936 3111//3111 3112//3112
f 5936//5936 3110//3110 3111//3111
f 5936//5936 3109//3109 3110//3110
f 3105//3105 5934//5934 5925//5925
f 3105//3105 5935//5935 5934//5934
f 5935//5935 3108//3108 3109//3109
f 5935//5935 3107//3107 3108//3108
f 5935//5935 3106//3106 3107//3107
f 5935//5935 3105//3105 3106//3106
f 3104//3104 5913//5913 5912//5912
f 5924//5924 5913//5913 3104//3104
f 3100//3100 3101//3101 5912//5912
f 3101//3101 3102//3102 5912//5912
f 3102//3102 3103//3103 5912//5912
f 3103//3103 3104//3104 5912//5912
f 3100//3100 5912//5912 5911//5911
f 3097//3097 3098//3098 5911//5911
f 3098//3098 3099//3099 5911//5911
f 3099//3099 3100//3100 5911//5911
f 3097//3097 5911//5911 5910//5910
f 3094//3094 3095//3095 5910//5910
f 3095//3095 3096//3096 5910//5910
f 3096//3096 3097//3097 5910//5910
f 3094//3094 5909//5909 3093//3093
f 3094//3094 5910//5910 5909//5909
f 3093//3093 5908//5908 3092//3092
f 3093//3093 5909//5909 5908//5908
f 3091//3091 5908//5908 5907//5907
f 3092//3092 5908//5908 3091//3091
f 3090//3090 5907//5907 5906//5906
f 3091//3091 5907//5907 3090//3090
f 3089//3089 5906//5906 5905//5905
f 3090//3090 5906//5906 3089//3089
f 3086//3086 5905//5905 5904//5904
f 5905//5905 3088//3088 3089//3089
f 5905//5905 3087//3087 3088//3088
f 5905//5905 3086//3086 3087//3087
f 3083//3083 5904//5904 5903//5903
f 5904//5904 3085//3085 3086//3086
f 5904//5904 3084//3084 3085//3085
f 5904//5904 3083//3083 3084//3084
f 3079//3079 5902//5902 5891//5891
f 3079//3079 5903//5903 5902//5902
f 5903//5903 3082//3082 3083//3083
f 5903//5903 3081//3081 3082//3082
f 5903//5903 3080//3080 3081//3081
f 5903//5903 3079//3079 3080//3080
f 3078//3078 5879//5879 5878//5878
f 5890//5890 5879//5879 3078//3078
f 3074//3074 3075//3075 5878//5878
f 3075//3075 3076//3076 5878//5878
f 3076//3076 3077//3077 5878//5878
f 3077//3077 3078//3078 5878//5878
f 3074//3074 5878//5878 5877//5877
f 3071//3071 3072//3072 5877//5877
f 3072//3072 3073//3073 5877//5877
f 3073//3073 3074//3074 5877//5877
f 3071//3071 5877//5877 5876//5876
f 3068//3068 3069//3069 5876//5876
f 3069//3069 3070//3070 5876//5876
f 3070//3070 3071//3071 5876//5876
f 3068//3068 5875//5875 3067//3067
f 3068//3068 5876//5876 5875//5875
f 3067//3067 5874//5874 3066//3066
f 3067//3067 5875//5875 5874//5874
f 3065//3065 5874//5874 5873//5873
f 3066//3066 5874//5874 3065//3065
f 3064//3064 5873//5873 5872//5872
f 3065//3065 5873//5873 3064//3064
f 3063//3063 5872//5872 5871//5871
f 3064//3064 5872//5872 3063//3063
f 3060//3060 5871//5871 5870//5870
f 5871//5871 3062//3062 3063//3063
f 5871//5871 3061//3061 3062//3062
f 5871//5871 3060//3060 3061//3061
f 3057//3057 5870//5870 5869//5869
f 5870//5870 3059//3059 3060//3060
f 5870//5870 3058//3058 3059//3059
f 5870//5870 3057//3057 3058//3058
f 3053//3053 5868//5868 5857//5857
f 3053//3053 5869//5869 5868//5868
f 5869//5869 3056//3056 3057//3057
f 5869//5869 3055//3055 3056//3056
f 5869//5869 3054//3054 3055//3055
f 5869//5869 3053//3053 3054//3054
f 3052//3052 5845//5845 5844//5844
f 5856//5856 5845//5845 3052//3052
f 3048//3048 3049//3049 5844//5844
f 3049//3049 3050//3050 5844//5844
f 3050//3050 3051//3051 5844//5844
f 3051//3051 3052//3052 5844//5844
f 3048//3048 5844//5844 5843//5843
f 3045//3045 3046//3046 5843//5843
f 3046//3046 3047//3047 5843//5843
f 3047//3047 3048//3048 5843//5843
f 3045//3045 5843//5843 5842//5842
f 3042//3042 3043//3043 5842//5842
f 3043//3043 3044//3044 5842//5842
f 3044//3044 3045//3045 5842//5842
f 3042//3042 5841//5841 3041//3041
f 3042//3042 5842//5842 5841//5841
f 3041//3041 5840//5840 3040//3040
f 3041//3041 5841//5841 5840//5840
f 3039//3039 5840//5840 5839//5839
f 3040//3040 5840//5840 3039//3039
f 3038//3038 5839//5839 5838//5838
f 3039//3039 5839//5839 3038//3038
f 3037//3037 5838//5838 5837//5837
f 3038//3038 5838//5838 3037//3037
f 3034//3034 5837//5837 5836//5836
f 5837//5837 3036//3036 3037//3037
f 5837//5837 3035//3035 3036//3036
f 5837//5837 3034//3034 3035//3035
f 3031//3031 5836//5836 5835//5835
f 5836//5836 3033//3033 3034//3034
f 5836//5836 3032//3032 3033//3033
f 5836//5836 3031//3031 3032//3032
f 3027//3027 5834//5834 5822//5822
f 3027//3027 5835//5835 5834//5834
f 5835//5835 3030//3030 3031//3031
f 5835//5835 3029//3029 3030//3030
f 5835//5835 3028//3028 3029//3029
f 5835//5835 3027//3027 3028//3028
f 3212//3212 6058//6058 3208//3208
f 3212//3212 6059//6059 6058//6058
f 3213//3213 6060//6060 6059//6059
f 3213//3213 6059//6059 3212//3212
f 3214//3214 6061//6061 6060//6060
f 3214//3214 6060//6060 3213//3213
f 3215//3215 6062//6062 6061//6061
f 3215//3215 6061//6061 3214//3214
f 3216//3216 6063//6063 6062//6062
f 3216//3216 6062//6062 3215//3215
f 3217//3217 6064//6064 6063//6063
f 3217//3217 6063//6063 3216//3216
f 3218//3218 6065//6065 6064//6064
f 3218//3218 6064//6064 3217//3217
f 3219//3219 6066//6066 6065//6065
f 3219//3219 6065//6065 3218//3218
f 3220//3220 6067//6067 6066//6066
f 3220//3220 6066//6066 3219//3219
f 3221//3221 6068//6068 6067//6067
f 3221//3221 6067//6067 3220//3220
f 3222//3222 6069//6069 6068//6068
f 3222//3222 6068//6068 3221//3221
f 3223//3223 6070//6070 6069//6069
f 3223//3223 6069//6069 3222//3222
f 3224//3224 6071//6071 6070//6070
f 3224//3224 6070//6070 3223//3223
f 3225//3225 6072//6072 6071//6071
f 3225//3225 6071//6071 3224//3224
f 3226//3226 6073//6073 6072//6072
f 3226//3226 6072//6072 3225//3225
f 3227//3227 6074//6074 6073//6073
f 3227//3227 6075//6075 6074//6074
f 3227//3227 6073//6073 3226//3226
f 3228//3228 6075//6075 3227//3227
f 3229//3229 6076//6076 6075//6075
f 3229//3229 6077//6077 6076//6076
f 3229//3229 6075//6075 3228//3228
f 3230//3230 6077//6077 3229//3229
f 3231//3231 6078//6078 6077//6077
f 3231//3231 6077//6077 3230//3230
f 3232//3232 6079//6079 6078//6078
f 3232//3232 6078//6078 3231//3231
f 3233//3233 6079//6079 3232//3232
f 3233//3233 6080//6080 6079//6079
f 3234//3234 6080//6080 3233//3233
f 3234//3234 6081//6081 6080//6080
f 3235//3235 6081//6081 3234//3234
f 3235//3235 6082//6082 6081//6081
f 3235//3235 6083//6083 6082//6082
f 3236//3236 6083//6083 3235//3235
f 3237//3237 6083//6083 3236//3236
f 3237//3237 6084//6084 6083//6083
f 3238//3238 6084//6084 3237//3237
f 3238//3238 6085//6085 6084//6084
f 3239//3239 6085//6085 3238//3238
f 3239//3239 6086//6086 6085//6085
f 3240//3240 6086//6086 3239//3239
f 3240//3240 6087//6087 6086//6086
f 3241//3241 6088//6088 6087//6087
f 3241//3241 6087//6087 3240//3240
f 3242//3242 6089//6089 6088//6088
f 3242//3242 6088//6088 3241//3241
f 3243//3243 6090//6090 6089//6089
f 3243//3243 6089//6089 3242//3242
f 3244//3244 6091//6091 6090//6090
f 3244//3244 6090//6090 3243//3243
f 3245//3245 6092//6092 6091//6091
f 3245//3245 6091//6091 3244//3244
f 3246//3246 6093//6093 6092//6092
f 3246//3246 6092//6092 3245//3245
f 3247//3247 6094//6094 6093//6093
f 3247//3247 6095//6095 6094//6094
f 3247//3247 6093//6093 3246//3246
f 3248//3248 6095//6095 3247//3247
f 3249//3249 6096//6096 6095//6095
f 3249//3249 6095//6095 3248//3248
f 3250//3250 6097//6097 6096//6096
f 3250//3250 6096//6096 3249//3249
f 3251//3251 6098//6098 6097//6097
f 3251//3251 6097//6097 3250//3250
f 3252//3252 6099//6099 6098//6098
f 3252//3252 6100//6100 6099//6099
f 3252//3252 6098//6098 3251//3251
f 3253//3253 6100//6100 3252//3252
f 3254//3254 6101//6101 6100//6100
f 3254//3254 6100//6100 3253//3253
f 3255//3255 6102//6102 6101//6101
f 3255//3255 6103//6103 6102//6102
f 3255//3255 6101//6101 3254//3254
f 3256//3256 6103//6103 3255//3255
f 3257//3257 6104//6104 6103//6103
f 3257//3257 6103//6103 3256//3256
f 3258//3258 6105//6105 6104//6104
f 3258//3258 6104//6104 3257//3257
f 3259//3259 6105//6105 3258//3258
f 3259//3259 6106//6106 6105//6105
f 3260//3260 6106//6106 3259//3259
f 3260//3260 6107//6107 6106//6106
f 3261//3261 6107//6107 3260//3260
f 3261//3261 6108//6108 6107//6107
f 3261//3261 6109//6109 6108//6108
f 3262//3262 6109//6109 3261//3261
f 3263//3263 6109//6109 3262//3262
f 3263//3263 6110//6110 6109//6109
f 3264//3264 6110//6110 3263//3263
f 3264//3264 6111//6111 6110//6110
f 3265//3265 6111//6111 3264//3264
f 3265//3265 6112//6112 6111//6111
f 3265//3265 6113//6113 6112//6112
f 3266//3266 6113//6113 3265//3265
f 3267//3267 6113//6113 3266//3266
f 3267//3267 6114//6114 6113//6113
f 3268//3268 6114//6114 3267//3267
f 3268//3268 6115//6115 6114//6114
f 3268//3268 6116//6116 6115//6115
f 3269//3269 6116//6116 3268//3268
f 3270//3270 6116//6116 3269//3269
f 3270//3270 6117//6117 6116//6116
f 3271//3271 6117//6117 3270//3270
f 3271//3271 6118//6118 6117//6117
f 3271//3271 6119//6119 6118//6118
f 3272//3272 6119//6119 3271//3271
f 3272//3272 6120//6120 6119//6119
f 3273//3273 6120//6120 3272//3272
f 3274//3274 6120//6120 3273//3273
f 3274//3274 6121//6121 6120//6120
f 3274//3274 6122//6122 6121//6121
f 3275//3275 6122//6122 3274//3274
f 3276//3276 6123//6123 6122//6122
f 3276//3276 6122//6122 3275//3275
f 3277//3277 6124//6124 6123//6123
f 3277//3277 6125//6125 6124//6124
f 3277//3277 6123//6123 3276//3276
f 3278//3278 6126//6126 6125//6125
f 3278//3278 6125//6125 3277//3277
f 3279//3279 6126//6126 3278//3278
f 3280//3280 6127//6127 6126//6126
f 3280//3280 6126//6126 3279//3279
f 3281//3281 6128//6128 6127//6127
f 3281//3281 6127//6127 3280//3280
f 3282//3282 6129//6129 6128//6128
f 3282//3282 6130//6130 6129//6129
f 3282//3282 6128//6128 3281//3281
f 3283//3283 6130//6130 3282//3282
f 3284//3284 6130//6130 3283//3283
f 3284//3284 6131//6131 6130//6130
f 3284//3284 6132//6132 6131//6131
f 3285//3285 6132//6132 3284//3284
f 3286//3286 6132//6132 3285//3285
f 3286//3286 6133//6133 6132//6132
f 3287//3287 6133//6133 3286//3286
f 3287//3287 6134//6134 6133//6133
f 3288//3288 6134//6134 3287//3287
f 3288//3288 6135//6135 6134//6134
f 3289//3289 6135//6135 3288//3288
f 3289//3289 6136//6136 6135//6135
f 3290//3290 6136//6136 3289//3289
f 3290//3290 6137//6137 6136//6136
f 3291//3291 6137//6137 3290//3290
f 3291//3291 6138//6138 6137//6137
f 3292//3292 6138//6138 3291//3291
f 3292//3292 6139//6139 6138//6138
f 3293//3293 6139//6139 3292//3292
f 3293//3293 6140//6140 6139//6139
f 3294//3294 6140//6140 3293//3293
f 3294//3294 6141//6141 6140//6140
f 3295//3295 6141//6141 3294//3294
f 3295//3295 6142//6142 6141//6141
f 3296//3296 6142//6142 3295//3295
f 3296//3296 6143//6143 6142//6142
f 3297//3297 6143//6143 3296//3296
f 3297//3297 6144//6144 6143//6143
f 3298//3298 6144//6144 3297//3297
f 3298//3298 6145//6145 6144//6144
f 3299//3299 6145//6145 3298//3298
f 3299//3299 6146//6146 6145//6145
f 3300//3300 6146//6146 3299//3299
f 3300//3300 6147//6147 6146//6146
f 3301//3301 6147//6147 3300//3300
f 3301//3301 6148//6148 6147//6147
f 3302//3302 6148//6148 3301//3301
f 3302//3302 6149//6149 6148//6148
f 3303//3303 6149//6149 3302//3302
f 3303//3303 6150//6150 6149//6149
f 3304//3304 6150//6150 3303//3303
f 3304//3304 6151//6151 6150//6150
f 3305//3305 6151//6151 3304//3304
f 3305//3305 6152//6152 6151//6151
f 3306//3306 6153//6153 6152//6152
f 3306//3306 6152//6152 3305//3305
f 3307//3307 6154//6154 6153//6153
f 3307//3307 6153//6153 3306//3306
f 3308//3308 6155//6155 6154//6154
f 3308//3308 6154//6154 3307//3307
f 3309//3309 6155//6155 3308//3308
f 3309//3309 6156//6156 6155//6155
f 3310//3310 6157//6157 6156//6156
f 3310//3310 6156//6156 3309//3309
f 3311//3311 6158//6158 6157//6157
f 3311//3311 6157//6157 3310//3310
f 3312//3312 6159//6159 6158//6158
f 3312//3312 6158//6158 3311//3311
f 3313//3313 6160//6160 6159//6159
f 3313//3313 6159//6159 3312//3312
f 3314//3314 6161//6161 6160//6160
f 3314//3314 6160//6160 3313//3313
f 3315//3315 6162//6162 6161//6161
f 3315//3315 6161//6161 3314//3314
f 3208//3208 6162//6162 3315//3315
f 3208//3208 6058//6058 6162//6162
f 3476//3476 6163//6163 3472//3472
f 3476//3476 6164//6164 6163//6163
f 3477//3477 6165//6165 6164//6164
f 3477//3477 6164//6164 3476//3476
f 3478//3478 6166//6166 6165//6165
f 3478//3478 6165//6165 3477//3477
f 3479//3479 6167//6167 6166//6166
f 3479//3479 6166//6166 3478//3478
f 3480//3480 6168//6168 6167//6167
f 3480//3480 6167//6167 3479//3479
f 3481//3481 6169//6169 6168//6168
f 3481//3481 6168//6168 3480//3480
f 3482//3482 6170//6170 6169//6169
f 3482//3482 6169//6169 3481//3481
f 3483//3483 6171//6171 6170//6170
f 3483//3483 6170//6170 3482//3482
f 3484//3484 6172//6172 6171//6171
f 3484//3484 6171//6171 3483//3483
f 3485//3485 6173//6173 6172//6172
f 3485//3485 6172//6172 3484//3484
f 3486//3486 6174//6174 6173//6173
f 3486//3486 6173//6173 3485//3485
f 3487//3487 6175//6175 6174//6174
f 3487//3487 6174//6174 3486//3486
f 3488//3488 6176//6176 6175//6175
f 3488//3488 6175//6175 3487//3487
f 3489//3489 6177//6177 6176//6176
f 3489//3489 6176//6176 3488//3488
f 3490//3490 6178//6178 6177//6177
f 3490//3490 6177//6177 3489//3489
f 3491//3491 6179//6179 6178//6178
f 3491//3491 6180//6180 6179//6179
f 3491//3491 6178//6178 3490//3490
f 3492//3492 6180//6180 3491//3491
f 3493//3493 6181//6181 6180//6180
f 3493//3493 6182//6182 6181//6181
f 3493//3493 6180//6180 3492//3492
f 3494//3494 6182//6182 3493//3493
f 3495//3495 6183//6183 6182//6182
f 3495//3495 6182//6182 3494//3494
f 3496//3496 6184//6184 6183//6183
f 3496//3496 6183//6183 3495//3495
f 3497//3497 6184//6184 3496//3496
f 3497//3497 6185//6185 6184//6184
f 3498//3498 6185//6185 3497//3497
f 3498//3498 6186//6186 6185//6185
f 3499//3499 6186//6186 3498//3498
f 3499//3499 6187//6187 6186//6186
f 3499//3499 6188//6188 6187//6187
f 3500//3500 6188//6188 3499//3499
f 3501//3501 6188//6188 3500//3500
f 3501//3501 6189//6189 6188//6188
f 3502//3502 6189//6189 3501//3501
f 3502//3502 6190//6190 6189//6189
f 3503//3503 6190//6190 3502//3502
f 3503//3503 6191//6191 6190//6190
f 3504//3504 6191//6191 3503//3503
f 3504//3504 6192//6192 6191//6191
f 3505//3505 6193//6193 6192//6192
f 3505//3505 6192//6192 3504//3504
f 3506//3506 6194//6194 6193//6193
f 3506//3506 6193//6193 3505//3505
f 3507//3507 6195//6195 6194//6194
f 3507//3507 6194//6194 3506//3506
f 3508//3508 6196//6196 6195//6195
f 3508//3508 6195//6195 3507//3507
f 3509//3509 6197//6197 6196//6196
f 3509//3509 6196//6196 3508//3508
f 3510//3510 6198//6198 6197//6197
f 3510//3510 6197//6197 3509//3509
f 3511//3511 6199//6199 6198//6198
f 3511//3511 6200//6200 6199//6199
f 3511//3511 6198//6198 3510//3510
f 3512//3512 6200//6200 3511//3511
f 3513//3513 6201//6201 6200//6200
f 3513//3513 6200//6200 3512//3512
f 3514//3514 6202//6202 6201//6201
f 3514//3514 6201//6201 3513//3513
f 3515//3515 6203//6203 6202//6202
f 3515//3515 6202//6202 3514//3514
f 3516//3516 6204//6204 6203//6203
f 3516//3516 6205//6205 6204//6204
f 3516//3516 6203//6203 3515//3515
f 3517//3517 6205//6205 3516//3516
f 3518//3518 6206//6206 6205//6205
f 3518//3518 6205//6205 3517//3517
f 3519//3519 6207//6207 6206//6206
f 3519//3519 6208//6208 6207//6207
f 3519//3519 6206//6206 3518//3518
f 3520//3520 6208//6208 3519//3519
f 3521//3521 6209//6209 6208//6208
f 3521//3521 6208//6208 3520//3520
f 3522//3522 6210//6210 6209//6209
f 3522//3522 6209//6209 3521//3521
f 3523//3523 6210//6210 3522//3522
f 3523//3523 6211//6211 6210//6210
f 3524//3524 6211//6211 3523//3523
f 3524//3524 6212//6212 6211//6211
f 3525//3525 6212//6212 3524//3524
f 3525//3525 6213//6213 6212//6212
f 3525//3525 6214//6214 6213//6213
f 3526//3526 6214//6214 3525//3525
f 3527//3527 6214//6214 3526//3526
f 3527//3527 6215//6215 6214//6214
f 3528//3528 6215//6215 3527//3527
f 3528//3528 6216//6216 6215//6215
f 3529//3529 6216//6216 3528//3528
f 3529//3529 6217//6217 6216//6216
f 3529//3529 6218//6218 6217//6217
f 3530//3530 6218//6218 3529//3529
f 3531//3531 6218//6218 3530//3530
f 3531//3531 6219//6219 6218//6218
f 3532//3532 6219//6219 3531//3531
f 3532//3532 6220//6220 6219//6219
f 3532//3532 6221//6221 6220//6220
f 3533//3533 6221//6221 3532//3532
f 3534//3534 6221//6221 3533//3533
f 3534//3534 6222//6222 6221//6221
f 3535//3535 6222//6222 3534//3534
f 3535//3535 6223//6223 6222//6222
f 3535//3535 6224//6224 6223//6223
f 3536//3536 6224//6224 3535//3535
f 3536//3536 6225//6225 6224//6224
f 3537//3537 6225//6225 3536//3536
f 3538//3538 6225//6225 3537//3537
f 3538//3538 6226//6226 6225//6225
f 3538//3538 6227//6227 6226//6226
f 3539//3539 6227//6227 3538//3538
f 3540//3540 6228//6228 6227//6227
f 3540//3540 6227//6227 3539//3539
f 3541//3541 6229//6229 6228//6228
f 3541//3541 6230//6230 6229//6229
f 3541//3541 6228//6228 3540//3540
f 3542//3542 6231//6231 6230//6230
f 3542//3542 6230//6230 3541//3541
f 3543//3543 6231//6231 3542//3542
f 3544//3544 6232//6232 6231//6231
f 3544//3544 6231//6231 3543//3543
f 3545//3545 6233//6233 6232//6232
f 3545//3545 6232//6232 3544//3544
f 3546//3546 6234//6234 6233//6233
f 3546//3546 6235//6235 6234//6234
f 3546//3546 6233//6233 3545//3545
f 3547//3547 6235//6235 3546//3546
f 3548//3548 6235//6235 3547//3547
f 3548//3548 6236//6236 6235//6235
f 3548//3548 6237//6237 6236//6236
f 3549//3549 6237//6237 3548//3548
f 3550//3550 6237//6237 3549//3549
f 3550//3550 6238//6238 6237//6237
f 3551//3551 6238//6238 3550//3550
f 3551//3551 6239//6239 6238//6238
f 3552//3552 6239//6239 3551//3551
f 3552//3552 6240//6240 6239//6239
f 3553//3553 6240//6240 3552//3552
f 3553//3553 6241//6241 6240//6240
f 3554//3554 6241//6241 3553//3553
f 3554//3554 6242//6242 6241//6241
f 3555//3555 6242//6242 3554//3554
f 3555//3555 6243//6243 6242//6242
f 3556//3556 6243//6243 3555//3555
f 3556//3556 6244//6244 6243//6243
f 3557//3557 6244//6244 3556//3556
f 3557//3557 6245//6245 6244//6244
f 3558//3558 6245//6245 3557//3557
f 3558//3558 6246//6246 6245//6245
f 3559//3559 6246//6246 3558//3558
f 3559//3559 6247//6247 6246//6246
f 3560//3560 6247//6247 3559//3559
f 3560//3560 6248//6248 6247//6247
f 3561//3561 6248//6248 3560//3560
f 3561//3561 6249//6249 6248//6248
f 3562//3562 6249//6249 3561//3561
f 3562//3562 6250//6250 6249//6249
f 3563//3563 6250//6250 3562//3562
f 3563//3563 6251//6251 6250//6250
f 3564//3564 6251//6251 3563//3563
f 3564//3564 6252//6252 6251//6251
f 3565//3565 6252//6252 3564//3564
f 3565//3565 6253//6253 6252//6252
f 3566//3566 6253//6253 3565//3565
f 3566//3566 6254//6254 6253//6253
f 3567//3567 6254//6254 3566//3566
f 3567//3567 6255//6255 6254//6254
f 3568//3568 6255//6255 3567//3567
f 3568//3568 6256//6256 6255//6255
f 3569//3569 6256//6256 3568//3568
f 3569//3569 6257//6257 6256//6256
f 3570//3570 6258//6258 6257//6257
f 3570//3570 6257//6257 3569//3569
f 3571//3571 6259//6259 6258//6258
f 3571//3571 6258//6258 3570//3570
f 3572//3572 6260//6260 6259//6259
f 3572//3572 6259//6259 3571//3571
f 3573//3573 6260//6260 3572//3572
f 3573//3573 6261//6261 6260//6260
f 3574//3574 6262//6262 6261//6261
f 3574//3574 6261//6261 3573//3573
f 3575//3575 6263//6263 6262//6262
f 3575//3575 6262//6262 3574//3574
f 3576//3576 6264//6264 6263//6263
f 3576//3576 6263//6263 3575//3575
f 3577//3577 6265//6265 6264//6264
f 3577//3577 6264//6264 3576//3576
f 3578//3578 6266//6266 6265//6265
f 3578//3578 6265//6265 3577//3577
f 3579//3579 6267//6267 6266//6266
f 3579//3579 6266//6266 3578//3578
f 3472//3472 6267//6267 3579//3579
f 3472//3472 6163//6163 6267//6267
f 5815//5815 5041//5041 5042//5042
f 5815//5815 5042//5042 5043//5043
f 6269//6269 5040//5040 5041//5041
f 6269//6269 5041//5041 5815//5815
f 6268//6268 6269//6269 5815//5815
f 6270//6270 6269//6269 6268//6268
f 6271//6271 6304//6304 6305//6305
f 6303//6303 6304//6304 6271//6271
f 6272//6272 6303//6303 6271//6271
f 6302//6302 6303//6303 6272//6272
f 6299//6299 6300//6300 6301//6301
f 6299//6299 6301//6301 6302//6302
f 6299//6299 6302//6302 6272//6272
f 6297//6297 6298//6298 6299//6299
f 6297//6297 6299//6299 6272//6272
f 6276//6276 6273//6273 6274//6274
f 6276//6276 6274//6274 6275//6275
f 5039//5039 5040//5040 6269//6269
f 5039//5039 6269//6269 6296//6296
f 6277//6277 6273//6273 6276//6276
f 5143//5143 5039//5039 6296//6296
f 6278//6278 6273//6273 6277//6277
f 6279//6279 6273//6273 6278//6278
f 6295//6295 5143//5143 6296//6296
f 6280//6280 6273//6273 6279//6279
f 6292//6292 6293//6293 6294//6294
f 6282//6282 6280//6280 6281//6281
f 6282//6282 6273//6273 6280//6280
f 6291//6291 6272//6272 6273//6273
f 6291//6291 6294//6294 6295//6295
f 6291//6291 6296//6296 6297//6297
f 6291//6291 6297//6297 6272//6272
f 6291//6291 6295//6295 6296//6296
f 6291//6291 6292//6292 6294//6294
f 6283//6283 6273//6273 6282//6282
f 5201//5201 6284//6284 6285//6285
f 5201//5201 6285//6285 5205//5205
f 5306//5306 6284//6284 5201//5201
f 6286//6286 6284//6284 5306//5306
f 6290//6290 6273//6273 6283//6283
f 6290//6290 6283//6283 6284//6284
f 6290//6290 6284//6284 6286//6286
f 6290//6290 6291//6291 6273//6273
f 6287//6287 6290//6290 6286//6286
f 6289//6289 6290//6290 6287//6287
f 6288//6288 6289//6289 6287//6287
f 6306//6306 5266//5266 5142//5142
f 6307//6307 6306//6306 5142//5142
f 6295//6295 5142//5142 5145//5145
f 6295//6295 6307//6307 5142//5142
f 6295//6295 5144//5144 5143//5143
f 6295//6295 5145//5145 5144//5144
f 6308//6308 6285//6285 6309//6309
f 5817//5817 6285//6285 6308//6308
f 5203//5203 5817//5817 5202//5202
f 5204//5204 6285//6285 5817//5817
f 5204//5204 5817//5817 5203//5203
f 5205//5205 6285//6285 5204//5204
f 5265//5265 5266//5266 6306//6306
f 6307//6307 5265//5265 6306//6306
f 6295//6295 5265//5265 6307//6307
f 6311//6311 6310//6310 5265//5265
f 6312//6312 6311//6311 5265//5265
f 6313//6313 6312//6312 5265//5265
f 6294//6294 5265//5265 6295//6295
f 6294//6294 6313//6313 5265//5265
f 6310//6310 5264//5264 5265//5265
f 5362//5362 5264//5264 6310//6310
f 6320//6320 5362//5362 6310//6310
f 5445//5445 5362//5362 6320//6320
f 6319//6319 5445//5445 6320//6320
f 6318//6318 5527//5527 5445//5445
f 6318//6318 5445//5445 6319//6319
f 6314//6314 5403//5403 5401//5401
f 5484//5484 6314//6314 5401//5401
f 6315//6315 6314//6314 5484//5484
f 5567//5567 6315//6315 5484//5484
f 6316//6316 6315//6315 5567//5567
f 6317//6317 5567//5567 5591//5591
f 6317//6317 6316//6316 5567//5567
f 6317//6317 5527//5527 6318//6318
f 6317//6317 5591//5591 5527//5527
f 5305//5305 5402//5402 6321//6321
f 5305//5305 6321//6321 6322//6322
f 5305//5305 6322//6322 6286//6286
f 5307//5307 5305//5305 6286//6286
f 5306//5306 5308//5308 6286//6286
f 5308//5308 5307//5307 6286//6286
f 5403//5403 6314//6314 6323//6323
f 5403//5403 6323//6323 6324//6324
f 5403//5403 6324//6324 6325//6325
f 5403//5403 6325//6325 6287//6287
f 6321//6321 5402//5402 5403//5403
f 6322//6322 6321//6321 5403//5403
f 6286//6286 5403//5403 6287//6287
f 6286//6286 6322//6322 5403//5403
f 5593//5593 5519//5519 5520//5520
f 5593//5593 5592//5592 5519//5519
f 5594//5594 5520//5520 5521//5521
f 5594//5594 5521//5521 5522//5522
f 5594//5594 5593//5593 5520//5520
f 5595//5595 5594//5594 5522//5522
f 5596//5596 5522//5522 5523//5523
f 5596//5596 5595//5595 5522//5522
f 5597//5597 5523//5523 5524//5524
f 5597//5597 5596//5596 5523//5523
f 5598//5598 5524//5524 5525//5525
f 5598//5598 5597//5597 5524//5524
f 5599//5599 5525//5525 5526//5526
f 5599//5599 5598//5598 5525//5525
f 5591//5591 5526//5526 5527//5527
f 5591//5591 5599//5599 5526//5526
f 5519//5519 5517//5517 5518//5518
f 5592//5592 5601//5601 5517//5517
f 5592//5592 5600//5600 5601//5601
f 5592//5592 5517//5517 5519//5519
f 5602//5602 5514//5514 5515//5515
f 5603//5603 5602//5602 5515//5515
f 5604//5604 5515//5515 5516//5516
f 5604//5604 5603//5603 5515//5515
f 5601//5601 5516//5516 5517//5517
f 5601//5601 5604//5604 5516//5516
f 5509//5509 5507//5507 5508//5508
f 5510//5510 5507//5507 5509//5509
f 5511//5511 5507//5507 5510//5510
f 5512//5512 5507//5507 5511//5511
f 5513//5513 5507//5507 5512//5512
f 5514//5514 5507//5507 5513//5513
f 5608//5608 5609//5609 5590//5590
f 5607//5607 5608//5608 5590//5590
f 5606//5606 5607//5607 5590//5590
f 5605//5605 5606//5606 5590//5590
f 5602//5602 5590//5590 5507//5507
f 5602//5602 5507//5507 5514//5514
f 5602//5602 5605//5605 5590//5590
f 5610//5610 5667//5667 5666//5666
f 5664//5664 5666//5666 5665//5665
f 5664//5664 5610//5610 5666//5666
f 5663//5663 5610//5610 5664//5664
f 5660//5660 5662//5662 5661//5661
f 5660//5660 5663//5663 5662//5662
f 5660//5660 5610//5610 5663//5663
f 6237//6237 6238//6238 5610//5610
f 6239//6239 5610//5610 6238//6238
f 6236//6236 6237//6237 5610//5610
f 6240//6240 5610//5610 6239//6239
f 6235//6235 6236//6236 5610//5610
f 6241//6241 5610//5610 6240//6240
f 6234//6234 6235//6235 5610//5610
f 6242//6242 5610//5610 6241//6241
f 6233//6233 6234//6234 5610//5610
f 6243//6243 5610//5610 6242//6242
f 6232//6232 6233//6233 5610//5610
f 6244//6244 5610//5610 6243//6243
f 6231//6231 6232//6232 5610//5610
f 6245//6245 5610//5610 6244//6244
f 6230//6230 6231//6231 5610//5610
f 6246//6246 5610//5610 6245//6245
f 6229//6229 6230//6230 5610//5610
f 6247//6247 5610//5610 6246//6246
f 6228//6228 6229//6229 5610//5610
f 6248//6248 5610//5610 6247//6247
f 6227//6227 6228//6228 5610//5610
f 6249//6249 5610//5610 6248//6248
f 6226//6226 6227//6227 5610//5610
f 6250//6250 5610//5610 6249//6249
f 6225//6225 6226//6226 5610//5610
f 6224//6224 6225//6225 5610//5610
f 6223//6223 6224//6224 5610//5610
f 6222//6222 6223//6223 5610//5610
f 6221//6221 6222//6222 5610//5610
f 6220//6220 6221//6221 5610//5610
f 6219//6219 6220//6220 5610//5610
f 6219//6219 5610//5610 5660//5660
f 6218//6218 6219//6219 5660//5660
f 6217//6217 6218//6218 5660//5660
f 6216//6216 6217//6217 5660//5660
f 6215//6215 6216//6216 5660//5660
f 6214//6214 6215//6215 5660//5660
f 6213//6213 6214//6214 5660//5660
f 6212//6212 6213//6213 5660//5660
f 6211//6211 6212//6212 5660//5660
f 6210//6210 6211//6211 5660//5660
f 6209//6209 6210//6210 5660//5660
f 6208//6208 6209//6209 5660//5660
f 6207//6207 6208//6208 5660//5660
f 6206//6206 6207//6207 5660//5660
f 6205//6205 6206//6206 5660//5660
f 6204//6204 6205//6205 5660//5660
f 6203//6203 6204//6204 5660//5660
f 6202//6202 6203//6203 5660//5660
f 6201//6201 6202//6202 5660//5660
f 6200//6200 6201//6201 5660//5660
f 6199//6199 6200//6200 5660//5660
f 6198//6198 6199//6199 5660//5660
f 6197//6197 6198//6198 5660//5660
f 5611//5611 5610//5610 6250//6250
f 5614//5614 5613//5613 5612//5612
f 6132//6132 6133//6133 5611//5611
f 6134//6134 5611//5611 6133//6133
f 6131//6131 6132//6132 5611//5611
f 6135//6135 5611//5611 6134//6134
f 6130//6130 6131//6131 5611//5611
f 6136//6136 5611//5611 6135//6135
f 6129//6129 6130//6130 5611//5611
f 6137//6137 5611//5611 6136//6136
f 6128//6128 6129//6129 5611//5611
f 6128//6128 6250//6250 6251//6251
f 6128//6128 5611//5611 6250//6250
f 6138//6138 5611//5611 6137//6137
f 6127//6127 6251//6251 6252//6252
f 6127//6127 6128//6128 6251//6251
f 6139//6139 5611//5611 6138//6138
f 5616//5616 5614//5614 5612//5612
f 5616//5616 5612//5612 5611//5611
f 5616//5616 5615//5615 5614//5614
f 6126//6126 6127//6127 6252//6252
f 6126//6126 6252//6252 6253//6253
f 6140//6140 5611//5611 6139//6139
f 6125//6125 6126//6126 6253//6253
f 6125//6125 6253//6253 6254//6254
f 6141//6141 5611//5611 6140//6140
f 6124//6124 6125//6125 6254//6254
f 6124//6124 6254//6254 6255//6255
f 6142//6142 5611//5611 6141//6141
f 6123//6123 6255//6255 6256//6256
f 6123//6123 6124//6124 6255//6255
f 6143//6143 5611//5611 6142//6142
f 6122//6122 6123//6123 6256//6256
f 6122//6122 6256//6256 6257//6257
f 6144//6144 5611//5611 6143//6143
f 6121//6121 6257//6257 6258//6258
f 6121//6121 6122//6122 6257//6257
f 6145//6145 5611//5611 6144//6144
f 6120//6120 6121//6121 6258//6258
f 6120//6120 6258//6258 6259//6259
f 6146//6146 5611//5611 6145//6145
f 6119//6119 6120//6120 6259//6259
f 6119//6119 6259//6259 6260//6260
f 6147//6147 5611//5611 6146//6146
f 6118//6118 6119//6119 6260//6260
f 6118//6118 6260//6260 6261//6261
f 6148//6148 5611//5611 6147//6147
f 6117//6117 6261//6261 6262//6262
f 6117//6117 6118//6118 6261//6261
f 6149//6149 5611//5611 6148//6148
f 6116//6116 6117//6117 6262//6262
f 6116//6116 6262//6262 6263//6263
f 6150//6150 5611//5611 6149//6149
f 6115//6115 6116//6116 6263//6263
f 6115//6115 6263//6263 6264//6264
f 6151//6151 5611//5611 6150//6150
f 6114//6114 6264//6264 6265//6265
f 6114//6114 6115//6115 6264//6264
f 6152//6152 5611//5611 6151//6151
f 6113//6113 6265//6265 6266//6266
f 6113//6113 6114//6114 6265//6265
f 6153//6153 5611//5611 6152//6152
f 6112//6112 6266//6266 6267//6267
f 6112//6112 6113//6113 6266//6266
f 6154//6154 5611//5611 6153//6153
f 6111//6111 6112//6112 6267//6267
f 6111//6111 6267//6267 6163//6163
f 6155//6155 5611//5611 6154//6154
f 6110//6110 6163//6163 6164//6164
f 6110//6110 6111//6111 6163//6163
f 6156//6156 5611//5611 6155//6155
f 6109//6109 6110//6110 6164//6164
f 6109//6109 6164//6164 6165//6165
f 6157//6157 5611//5611 6156//6156
f 6108//6108 6165//6165 6166//6166
f 6108//6108 6109//6109 6165//6165
f 6158//6158 5611//5611 6157//6157
f 6107//6107 6166//6166 6167//6167
f 6107//6107 6108//6108 6166//6166
f 6159//6159 5611//5611 6158//6158
f 6106//6106 6167//6167 6168//6168
f 6106//6106 6107//6107 6167//6167
f 6105//6105 6106//6106 6168//6168
f 6105//6105 6168//6168 6169//6169
f 6104//6104 6105//6105 6169//6169
f 6104//6104 6169//6169 6170//6170
f 6103//6103 6104//6104 6170//6170
f 6103//6103 6170//6170 6171//6171
f 6102//6102 6103//6103 6171//6171
f 5619//5619 5617//5617 5616//5616
f 5619//5619 5618//5618 5617//5617
f 5619//5619 5616//5616 5611//5611
f 5619//5619 6159//6159 6160//6160
f 5619//5619 6058//6058 6059//6059
f 5619//5619 6160//6160 6161//6161
f 5619//5619 6059//6059 6060//6060
f 5619//5619 6161//6161 6162//6162
f 5619//5619 6060//6060 6061//6061
f 5619//5619 6162//6162 6058//6058
f 5619//5619 5611//5611 6159//6159
f 6062//6062 5619//5619 6061//6061
f 6063//6063 5619//5619 6062//6062
f 6064//6064 5619//5619 6063//6063
f 6065//6065 5619//5619 6064//6064
f 6066//6066 5619//5619 6065//6065
f 6067//6067 5619//5619 6066//6066
f 6068//6068 5619//5619 6067//6067
f 6069//6069 5619//5619 6068//6068
f 6070//6070 5619//5619 6069//6069
f 6071//6071 5619//5619 6070//6070
f 6072//6072 5619//5619 6071//6071
f 6073//6073 5619//5619 6072//6072
f 6074//6074 5619//5619 6073//6073
f 6075//6075 5619//5619 6074//6074
f 6076//6076 5619//5619 6075//6075
f 6077//6077 5619//5619 6076//6076
f 5659//5659 6197//6197 5660//5660
f 5659//5659 6187//6187 6188//6188
f 5659//5659 6188//6188 6189//6189
f 5659//5659 6189//6189 6190//6190
f 5659//5659 6190//6190 6191//6191
f 5659//5659 6191//6191 6192//6192
f 5659//5659 6192//6192 6193//6193
f 5659//5659 6193//6193 6194//6194
f 5659//5659 6194//6194 6195//6195
f 5659//5659 6195//6195 6196//6196
f 5659//5659 6196//6196 6197//6197
f 5657//5657 5659//5659 5658//5658
f 5654//5654 5656//5656 5655//5655
f 5653//5653 5656//5656 5654//5654
f 5651//5651 5659//5659 5657//5657
f 5651//5651 5653//5653 5652//5652
f 5651//5651 5657//5657 5656//5656
f 5651//5651 5656//5656 5653//5653
f 5650//5650 5659//5659 5651//5651
f 5650//5650 6187//6187 5659//5659
f 5650//5650 6183//6183 6184//6184
f 5650//5650 6184//6184 6185//6185
f 5650//5650 6185//6185 6186//6186
f 5650//5650 6186//6186 6187//6187
f 5649//5649 6183//6183 5650//5650
f 5649//5649 6180//6180 6181//6181
f 5649//5649 6181//6181 6182//6182
f 5649//5649 6182//6182 6183//6183
f 5648//5648 6180//6180 5649//5649
f 5648//5648 6179//6179 6180//6180
f 5647//5647 6179//6179 5648//5648
f 5647//5647 6178//6178 6179//6179
f 5646//5646 6178//6178 5647//5647
f 5646//5646 6177//6177 6178//6178
f 5645//5645 6177//6177 5646//5646
f 5645//5645 6176//6176 6177//6177
f 5644//5644 6175//6175 6176//6176
f 5644//5644 6176//6176 5645//5645
f 5643//5643 6175//6175 5644//5644
f 5643//5643 6174//6174 6175//6175
f 5642//5642 6174//6174 5643//5643
f 5642//5642 6172//6172 6173//6173
f 5642//5642 6173//6173 6174//6174
f 5641//5641 6172//6172 5642//5642
f 5641//5641 6171//6171 6172//6172
f 5630//5630 6091//6091 6092//6092
f 5630//5630 6092//6092 6093//6093
f 5629//5629 6091//6091 5630//5630
f 5629//5629 6086//6086 6087//6087
f 5629//5629 6087//6087 6088//6088
f 5629//5629 6088//6088 6089//6089
f 5629//5629 6089//6089 6090//6090
f 5629//5629 6090//6090 6091//6091
f 5631//5631 5630//5630 6093//6093
f 5631//5631 6093//6093 6094//6094
f 5632//5632 5631//5631 6094//6094
f 5632//5632 6094//6094 6095//6095
f 5632//5632 6095//6095 6096//6096
f 5633//5633 5632//5632 6096//6096
f 5633//5633 6096//6096 6097//6097
f 5620//5620 6086//6086 5629//5629
f 5620//5620 6077//6077 6078//6078
f 5620//5620 6078//6078 6079//6079
f 5620//5620 6079//6079 6080//6080
f 5620//5620 6080//6080 6081//6081
f 5620//5620 6081//6081 6082//6082
f 5620//5620 6082//6082 6083//6083
f 5620//5620 6083//6083 6084//6084
f 5620//5620 6084//6084 6085//6085
f 5620//5620 6085//6085 6086//6086
f 5620//5620 5619//5619 6077//6077
f 5634//5634 5633//5633 6097//6097
f 5634//5634 6097//6097 6098//6098
f 5635//5635 5634//5634 6098//6098
f 5635//5635 6098//6098 6099//6099
f 5636//5636 5635//5635 6099//6099
f 5636//5636 6099//6099 6100//6100
f 5637//5637 6100//6100 6101//6101
f 5637//5637 5636//5636 6100//6100
f 5638//5638 6101//6101 6102//6102
f 5638//5638 6102//6102 6171//6171
f 5638//5638 6171//6171 5641//5641
f 5638//5638 5637//5637 6101//6101
f 5628//5628 5620//5620 5629//5629
f 5626//5626 5623//5623 5622//5622
f 5626//5626 5624//5624 5623//5623
f 5626//5626 5625//5625 5624//5624
f 5627//5627 5621//5621 5620//5620
f 5627//5627 5622//5622 5621//5621
f 5627//5627 5620//5620 5628//5628
f 5627//5627 5626//5626 5622//5622
f 5639//5639 5638//5638 5641//5641
f 5639//5639 5641//5641 5640//5640
f 5703//5703 5701//5701 5704//5704
f 5703//5703 5702//5702 5701//5701
f 5704//5704 5700//5700 5705//5705
f 5704//5704 5701//5701 5700//5700
f 5705//5705 5699//5699 5706//5706
f 5705//5705 5700//5700 5699//5699
f 5706//5706 5698//5698 5707//5707
f 5706//5706 5699//5699 5698//5698
f 5707//5707 5697//5697 5708//5708
f 5707//5707 5698//5698 5697//5697
f 5713//5713 5715//5715 5714//5714
f 5713//5713 5716//5716 5715//5715
f 5712//5712 5716//5716 5713//5713
f 5712//5712 5717//5717 5716//5716
f 5711//5711 5717//5717 5712//5712
f 5711//5711 5718//5718 5717//5717
f 5710//5710 5718//5718 5711//5711
f 5710//5710 5719//5719 5718//5718
f 5709//5709 5719//5719 5710//5710
f 5709//5709 5720//5720 5719//5719
f 5737//5737 5735//5735 5738//5738
f 5737//5737 5736//5736 5735//5735
f 5738//5738 5734//5734 5739//5739
f 5738//5738 5735//5735 5734//5734
f 5739//5739 5733//5733 5740//5740
f 5739//5739 5734//5734 5733//5733
f 5740//5740 5732//5732 5741//5741
f 5740//5740 5733//5733 5732//5732
f 5741//5741 5731//5731 5742//5742
f 5741//5741 5732//5732 5731//5731
f 5747//5747 5749//5749 5748//5748
f 5747//5747 5750//5750 5749//5749
f 5746//5746 5750//5750 5747//5747
f 5746//5746 5751//5751 5750//5750
f 5745//5745 5751//5751 5746//5746
f 5745//5745 5752//5752 5751//5751
f 5744//5744 5752//5752 5745//5745
f 5744//5744 5753//5753 5752//5752
f 5743//5743 5753//5753 5744//5744
f 5743//5743 5754//5754 5753//5753
f 5771//5771 5769//5769 5772//5772
f 5771//5771 5770//5770 5769//5769
f 5772//5772 5768//5768 5773//5773
f 5772//5772 5769//5769 5768//5768
f 5773//5773 5767//5767 5774//5774
f 5773//5773 5768//5768 5767//5767
f 5774//5774 5766//5766 5775//5775
f 5774//5774 5767//5767 5766//5766
f 5775//5775 5765//5765 5776//5776
f 5775//5775 5766//5766 5765//5765
f 5781//5781 5783//5783 5782//5782
f 5781//5781 5784//5784 5783//5783
f 5780//5780 5784//5784 5781//5781
f 5780//5780 5785//5785 5784//5784
f 5779//5779 5785//5785 5780//5780
f 5779//5779 5786//5786 5785//5785
f 5778//5778 5786//5786 5779//5779
f 5778//5778 5787//5787 5786//5786
f 5777//5777 5787//5787 5778//5778
f 5777//5777 5788//5788 5787//5787
f 5805//5805 5803//5803 5806//5806
f 5805//5805 5804//5804 5803//5803
f 5806//5806 5802//5802 5807//5807
f 5806//5806 5803//5803 5802//5802
f 5807//5807 5801//5801 5808//5808
f 5807//5807 5802//5802 5801//5801
f 5808//5808 5800//5800 5809//5809
f 5808//5808 5801//5801 5800//5800
f 5809//5809 5799//5799 5810//5810
f 5809//5809 5800//5800 5799//5799
f 6268//6268 5815//5815 5814//5814
f 6270//6270 5814//5814 5813//5813
f 6268//6268 5814//5814 6270//6270
f 6334//6334 6270//6270 5813//5813
f 6335//6335 5813//5813 6326//6326
f 6335//6335 6334//6334 5813//5813
f 6338//6338 6329//6329 6330//6330
f 6336//6336 6326//6326 6327//6327
f 6336//6336 6327//6327 6328//6328
f 6336//6336 6335//6335 6326//6326
f 6337//6337 6328//6328 6329//6329
f 6337//6337 6336//6336 6328//6328
f 6337//6337 6329//6329 6338//6338
f 6339//6339 6330//6330 6331//6331
f 6339//6339 6338//6338 6330//6330
f 5970//5970 6331//6331 6332//6332
f 5970//5970 6332//6332 6333//6333
f 5970//5970 6333//6333 5971//5971
f 5970//5970 6339//6339 6331//6331
f 5813//5813 5812//5812 6340//6340
f 6326//6326 6340//6340 6341//6341
f 6326//6326 5813//5813 6340//6340
f 6327//6327 6326//6326 6341//6341
f 6328//6328 6341//6341 6342//6342
f 6328//6328 6327//6327 6341//6341
f 6329//6329 6342//6342 6343//6343
f 6329//6329 6328//6328 6342//6342
f 6330//6330 6343//6343 6344//6344
f 6330//6330 6329//6329 6343//6343
f 6331//6331 6344//6344 6345//6345
f 6331//6331 6330//6330 6344//6344
f 6332//6332 6345//6345 6346//6346
f 6332//6332 6331//6331 6345//6345
f 6333//6333 6346//6346 6347//6347
f 6333//6333 6332//6332 6346//6346
f 5971//5971 6347//6347 5972//5972
f 5971//5971 6333//6333 6347//6347
f 6340//6340 5811//5811 6042//6042
f 6340//6340 5812//5812 5811//5811
f 6341//6341 6042//6042 6043//6043
f 6341//6341 6340//6340 6042//6042
f 6342//6342 6043//6043 6044//6044
f 6342//6342 6341//6341 6043//6043
f 6343//6343 6044//6044 6045//6045
f 6343//6343 6342//6342 6044//6044
f 6344//6344 6045//6045 6046//6046
f 6344//6344 6343//6343 6045//6045
f 6345//6345 6046//6046 6047//6047
f 6345//6345 6344//6344 6046//6046
f 6346//6346 6047//6047 6048//6048
f 6346//6346 6345//6345 6047//6047
f 6347//6347 6048//6048 6049//6049
f 6347//6347 6346//6346 6048//6048
f 5972//5972 6049//6049 5973//5973
f 5972//5972 6347//6347 6049//6049
f 5826//5826 5827//5827 5816//5816
f 5826//5826 5830//5830 5827//5827
f 5825//5825 5830//5830 5826//5826
f 5825//5825 5831//5831 5830//5830
f 5824//5824 5831//5831 5825//5825
f 5824//5824 5832//5832 5831//5831
f 5823//5823 5832//5832 5824//5824
f 5823//5823 5833//5833 5832//5832
f 5822//5822 5833//5833 5823//5823
f 5822//5822 5834//5834 5833//5833
f 5821//5821 5820//5820 6348//6348
f 6050//6050 6348//6348 6349//6349
f 6050//6050 5821//5821 6348//6348
f 6051//6051 6349//6349 6350//6350
f 6051//6051 6050//6050 6349//6349
f 6052//6052 6051//6051 6350//6350
f 6053//6053 6350//6350 6351//6351
f 6053//6053 6052//6052 6350//6350
f 6054//6054 6351//6351 6352//6352
f 6054//6054 6053//6053 6351//6351
f 6055//6055 6352//6352 6353//6353
f 6055//6055 6054//6054 6352//6352
f 6056//6056 6353//6353 6354//6354
f 6056//6056 6055//6055 6353//6353
f 6057//6057 6354//6354 6355//6355
f 6057//6057 6056//6056 6354//6354
f 5944//5944 6355//6355 5945//5945
f 5944//5944 6057//6057 6355//6355
f 6348//6348 5819//5819 6356//6356
f 6348//6348 5820//5820 5819//5819
f 6349//6349 6356//6356 6357//6357
f 6349//6349 6348//6348 6356//6356
f 6350//6350 6357//6357 6358//6358
f 6350//6350 6349//6349 6357//6357
f 6351//6351 6358//6358 6359//6359
f 6351//6351 6350//6350 6358//6358
f 6352//6352 6359//6359 6360//6360
f 6352//6352 6351//6351 6359//6359
f 6353//6353 6360//6360 6361//6361
f 6353//6353 6352//6352 6360//6360
f 6354//6354 6361//6361 6362//6362
f 6354//6354 6353//6353 6361//6361
f 6355//6355 6362//6362 6363//6363
f 6355//6355 6354//6354 6362//6362
f 5945//5945 6363//6363 5946//5946
f 5945//5945 6355//6355 6363//6363
f 6309//6309 5818//5818 6308//6308
f 5819//5819 6368//6368 6367//6367
f 5819//5819 6309//6309 6368//6368
f 5819//5819 5818//5818 6309//6309
f 6356//6356 5819//5819 6367//6367
f 6357//6357 6367//6367 6366//6366
f 6357//6357 6356//6356 6367//6367
f 6358//6358 6366//6366 6365//6365
f 6358//6358 6357//6357 6366//6366
f 6359//6359 6358//6358 6365//6365
f 6360//6360 6365//6365 6364//6364
f 6360//6360 6359//6359 6365//6365
f 6361//6361 6364//6364 5947//5947
f 6361//6361 6360//6360 6364//6364
f 6362//6362 6361//6361 5947//5947
f 6363//6363 6362//6362 5947//5947
f 5946//5946 6363//6363 5947//5947
f 6308//6308 5818//5818 5817//5817
f 5849//5849 5828//5828 5852//5852
f 5849//5849 5829//5829 5828//5828
f 5852//5852 5848//5848 5853//5853
f 5852//5852 5828//5828 5848//5848
f 5853//5853 5847//5847 5854//5854
f 5853//5853 5848//5848 5847//5847
f 5854//5854 5846//5846 5855//5855
f 5854//5854 5847//5847 5846//5846
f 5855//5855 5845//5845 5856//5856
f 5855//5855 5846//5846 5845//5845
f 5850//5850 5861//5861 5851//5851
f 5850//5850 5864//5864 5861//5861
f 5860//5860 5864//5864 5850//5850
f 5860//5860 5865//5865 5864//5864
f 5859//5859 5865//5865 5860//5860
f 5859//5859 5866//5866 5865//5865
f 5858//5858 5866//5866 5859//5859
f 5858//5858 5867//5867 5866//5866
f 5857//5857 5867//5867 5858//5858
f 5857//5857 5868//5868 5867//5867
f 5883//5883 5862//5862 5886//5886
f 5883//5883 5863//5863 5862//5862
f 5886//5886 5882//5882 5887//5887
f 5886//5886 5862//5862 5882//5882
f 5887//5887 5881//5881 5888//5888
f 5887//5887 5882//5882 5881//5881
f 5888//5888 5880//5880 5889//5889
f 5888//5888 5881//5881 5880//5880
f 5889//5889 5879//5879 5890//5890
f 5889//5889 5880//5880 5879//5879
f 5884//5884 5895//5895 5885//5885
f 5884//5884 5898//5898 5895//5895
f 5894//5894 5898//5898 5884//5884
f 5894//5894 5899//5899 5898//5898
f 5893//5893 5899//5899 5894//5894
f 5893//5893 5900//5900 5899//5899
f 5892//5892 5900//5900 5893//5893
f 5892//5892 5901//5901 5900//5900
f 5891//5891 5901//5901 5892//5892
f 5891//5891 5902//5902 5901//5901
f 5917//5917 5896//5896 5920//5920
f 5917//5917 5897//5897 5896//5896
f 5920//5920 5916//5916 5921//5921
f 5920//5920 5896//5896 5916//5916
f 5921//5921 5915//5915 5922//5922
f 5921//5921 5916//5916 5915//5915
f 5922//5922 5914//5914 5923//5923
f 5922//5922 5915//5915 5914//5914
f 5923//5923 5913//5913 5924//5924
f 5923//5923 5914//5914 5913//5913
f 5918//5918 5929//5929 5919//5919
f 5918//5918 5930//5930 5929//5929
f 5928//5928 5930//5930 5918//5918
f 5928//5928 5931//5931 5930//5930
f 5927//5927 5931//5931 5928//5928
f 5927//5927 5932//5932 5931//5931
f 5926//5926 5932//5932 5927//5927
f 5926//5926 5933//5933 5932//5932
f 5925//5925 5933//5933 5926//5926
f 5925//5925 5934//5934 5933//5933
f 6339//6339 6296//6296 6338//6338
f 5970//5970 6296//6296 6339//6339
f 6297//6297 6296//6296 5970//5970
f 5969//5969 6297//6297 5970//5970
f 5968//5968 6297//6297 5969//5969
f 5968//5968 6298//6298 6297//6297
f 5947//5947 6283//6283 5948//5948
f 5947//5947 6284//6284 6283//6283
f 6364//6364 6284//6284 5947//5947
f 6365//6365 6284//6284 6364//6364
f 5967//5967 6298//6298 5968//5968
f 5967//5967 6299//6299 6298//6298
f 5948//5948 6282//6282 5949//5949
f 5948//5948 6283//6283 6282//6282
f 5966//5966 6299//6299 5967//5967
f 5966//5966 6300//6300 6299//6299
f 5949//5949 6281//6281 5950//5950
f 5949//5949 6282//6282 6281//6281
f 5965//5965 6300//6300 5966//5966
f 5965//5965 6301//6301 6300//6300
f 5950//5950 6280//6280 5951//5951
f 5950//5950 6281//6281 6280//6280
f 5964//5964 6301//6301 5965//5965
f 5964//5964 6302//6302 6301//6301
f 5951//5951 6279//6279 5952//5952
f 5951//5951 6280//6280 6279//6279
f 5963//5963 6302//6302 5964//5964
f 5963//5963 6303//6303 6302//6302
f 5952//5952 6278//6278 5953//5953
f 5952//5952 6279//6279 6278//6278
f 5962//5962 6303//6303 5963//5963
f 5962//5962 6304//6304 6303//6303
f 5953//5953 6277//6277 5954//5954
f 5953//5953 6278//6278 6277//6277
f 5961//5961 6304//6304 5962//5962
f 5961//5961 6305//6305 6304//6304
f 5954//5954 6276//6276 5955//5955
f 5954//5954 6277//6277 6276//6276
f 5960//5960 6305//6305 5961//5961
f 5960//5960 6271//6271 6305//6305
f 5955//5955 6275//6275 5956//5956
f 5955//5955 6276//6276 6275//6275
f 5959//5959 6271//6271 5960//5960
f 5959//5959 6272//6272 6271//6271
f 5956//5956 6274//6274 5957//5957
f 5956//5956 6275//6275 6274//6274
f 5958//5958 6272//6272 5959//5959
f 5958//5958 6273//6273 6272//6272
f 5957//5957 6273//6273 5958//5958
f 5957//5957 6274//6274 6273//6273
f 5974//5974 6369//6369 5975//5975
f 5974//5974 6370//6370 6369//6369
f 6041//6041 6370//6370 5974//5974
f 6041//6041 6371//6371 6370//6370
f 6040//6040 6371//6371 6041//6041
f 6040//6040 6372//6372 6371//6371
f 6039//6039 6372//6372 6040//6040
f 6039//6039 6373//6373 6372//6372
f 6038//6038 6373//6373 6039//6039
f 6038//6038 6374//6374 6373//6373
f 6037//6037 6374//6374 6038//6038
f 6037//6037 6375//6375 6374//6374
f 6036//6036 6375//6375 6037//6037
f 6036//6036 6376//6376 6375//6375
f 6035//6035 6376//6376 6036//6036
f 6035//6035 6377//6377 6376//6376
f 6034//6034 6377//6377 6035//6035
f 6034//6034 6378//6378 6377//6377
f 6033//6033 6378//6378 6034//6034
f 6033//6033 6379//6379 6378//6378
f 6032//6032 6379//6379 6033//6033
f 6032//6032 6380//6380 6379//6379
f 6031//6031 6380//6380 6032//6032
f 6031//6031 6381//6381 6380//6380
f 6030//6030 6381//6381 6031//6031
f 6030//6030 6382//6382 6381//6381
f 6029//6029 6382//6382 6030//6030
f 6029//6029 6383//6383 6382//6382
f 6028//6028 6383//6383 6029//6029
f 6028//6028 6384//6384 6383//6383
f 6027//6027 6384//6384 6028//6028
f 6027//6027 6385//6385 6384//6384
f 6026//6026 6385//6385 6027//6027
f 6026//6026 6386//6386 6385//6385
f 6025//6025 6386//6386 6026//6026
f 6025//6025 6387//6387 6386//6386
f 6024//6024 6387//6387 6025//6025
f 6024//6024 6388//6388 6387//6387
f 6023//6023 6388//6388 6024//6024
f 6023//6023 6389//6389 6388//6388
f 6390//6390 6389//6389 6023//6023
f 6022//6022 6390//6390 6023//6023
f 6021//6021 6390//6390 6022//6022
f 6021//6021 6391//6391 6390//6390
f 6020//6020 6391//6391 6021//6021
f 6020//6020 6392//6392 6391//6391
f 6019//6019 6392//6392 6020//6020
f 6019//6019 6393//6393 6392//6392
f 6018//6018 6393//6393 6019//6019
f 6018//6018 6394//6394 6393//6393
f 6017//6017 6394//6394 6018//6018
f 6017//6017 6395//6395 6394//6394
f 6016//6016 6395//6395 6017//6017
f 6016//6016 6396//6396 6395//6395
f 6015//6015 6396//6396 6016//6016
f 6015//6015 6397//6397 6396//6396
f 6014//6014 6397//6397 6015//6015
f 6014//6014 6398//6398 6397//6397
f 6013//6013 6398//6398 6014//6014
f 6013//6013 6399//6399 6398//6398
f 6012//6012 6399//6399 6013//6013
f 6012//6012 6400//6400 6399//6399
f 6011//6011 6400//6400 6012//6012
f 6011//6011 6401//6401 6400//6400
f 6010//6010 6401//6401 6011//6011
f 6010//6010 6402//6402 6401//6401
f 6009//6009 6402//6402 6010//6010
f 6009//6009 6403//6403 6402//6402
f 6008//6008 6403//6403 6009//6009
f 6008//6008 6404//6404 6403//6403
f 6007//6007 6404//6404 6008//6008
f 6007//6007 6405//6405 6404//6404
f 6006//6006 6405//6405 6007//6007
f 6006//6006 6406//6406 6405//6405
f 6005//6005 6406//6406 6006//6006
f 6005//6005 6407//6407 6406//6406
f 6004//6004 6407//6407 6005//6005
f 6004//6004 6408//6408 6407//6407
f 6003//6003 6408//6408 6004//6004
f 6003//6003 6409//6409 6408//6408
f 6002//6002 6409//6409 6003//6003
f 6002//6002 6410//6410 6409//6409
f 6001//6001 6410//6410 6002//6002
f 6001//6001 6411//6411 6410//6410
f 6000//6000 6411//6411 6001//6001
f 6000//6000 6414//6414 6411//6411
f 6412//6412 6413//6413 5977//5977
f 6412//6412 6414//6414 6413//6413
f 6412//6412 6411//6411 6414//6414
f 5976//5976 6412//6412 5977//5977
f 6415//6415 6414//6414 6000//6000
f 5999//5999 6415//6415 6000//6000
f 5999//5999 6416//6416 6415//6415
f 5998//5998 6416//6416 5999//5999
f 5998//5998 6417//6417 6416//6416
f 5997//5997 6417//6417 5998//5998
f 5997//5997 6418//6418 6417//6417
f 5996//5996 6418//6418 5997//5997
f 5996//5996 6419//6419 6418//6418
f 5995//5995 6419//6419 5996//5996
f 5995//5995 6420//6420 6419//6419
f 5994//5994 6420//6420 5995//5995
f 5994//5994 6421//6421 6420//6420
f 5993//5993 6421//6421 5994//5994
f 5993//5993 6422//6422 6421//6421
f 5992//5992 6422//6422 5993//5993
f 5992//5992 6423//6423 6422//6422
f 5991//5991 6423//6423 5992//5992
f 5991//5991 6424//6424 6423//6423
f 5990//5990 6424//6424 5991//5991
f 5990//5990 6425//6425 6424//6424
f 5989//5989 6425//6425 5990//5990
f 5989//5989 6426//6426 6425//6425
f 5988//5988 6426//6426 5989//5989
f 5988//5988 6427//6427 6426//6426
f 5987//5987 6427//6427 5988//5988
f 5987//5987 6428//6428 6427//6427
f 5986//5986 6428//6428 5987//5987
f 5986//5986 6429//6429 6428//6428
f 5985//5985 6429//6429 5986//5986
f 5985//5985 6430//6430 6429//6429
f 5984//5984 6430//6430 5985//5985
f 5984//5984 6431//6431 6430//6430
f 5983//5983 6431//6431 5984//5984
f 5983//5983 6432//6432 6431//6431
f 5982//5982 6432//6432 5983//5983
f 5982//5982 6433//6433 6432//6432
f 5981//5981 6433//6433 5982//5982
f 5981//5981 6434//6434 6433//6433
f 5980//5980 6434//6434 5981//5981
f 5980//5980 6435//6435 6434//6434
f 5979//5979 6435//6435 5980//5980
f 5979//5979 6436//6436 6435//6435
f 5978//5978 6436//6436 5979//5979
f 5977//5977 6436//6436 5978//5978
f 5977//5977 6413//6413 6436//6436
f 5975//5975 6412//6412 5976//5976
f 5975//5975 6369//6369 6412//6412
f 6334//6334 6269//6269 6270//6270
f 6296//6296 6269//6269 6334//6334
f 6335//6335 6296//6296 6334//6334
f 6336//6336 6296//6296 6335//6335
f 6337//6337 6296//6296 6336//6336
f 6338//6338 6296//6296 6337//6337
f 6293//6293 6310//6310 6311//6311
f 6293//6293 6311//6311 6312//6312
f 6293//6293 6312//6312 6313//6313
f 6293//6293 6313//6313 6294//6294
f 6320//6320 6310//6310 6293//6293
f 6437//6437 6293//6293 6457//6457
f 6437//6437 6320//6320 6293//6293
f 6438//6438 6456//6456 6455//6455
f 6438//6438 6457//6457 6456//6456
f 6438//6438 6437//6437 6457//6457
f 6439//6439 6438//6438 6455//6455
f 6440//6440 6454//6454 6453//6453
f 6440//6440 6455//6455 6454//6454
f 6440//6440 6439//6439 6455//6455
f 6441//6441 6453//6453 6452//6452
f 6441//6441 6440//6440 6453//6453
f 6442//6442 6441//6441 6452//6452
f 6443//6443 6452//6452 6451//6451
f 6443//6443 6442//6442 6452//6452
f 6444//6444 6443//6443 6451//6451
f 6445//6445 6451//6451 6450//6450
f 6445//6445 6444//6444 6451//6451
f 6446//6446 6445//6445 6450//6450
f 6449//6449 6446//6446 6450//6450
f 6447//6447 6446//6446 6449//6449
f 6448//6448 6447//6447 6449//6449
f 6456//6456 6292//6292 6455//6455
f 6457//6457 6293//6293 6292//6292
f 6457//6457 6292//6292 6456//6456
f 6451//6451 6291//6291 6450//6450
f 6452//6452 6291//6291 6451//6451
f 6454//6454 6292//6292 6291//6291
f 6454//6454 6455//6455 6292//6292
f 6453//6453 6291//6291 6452//6452
f 6453//6453 6454//6454 6291//6291
f 6462//6462 6290//6290 6458//6458
f 6461//6461 6290//6290 6462//6462
f 6460//6460 6290//6290 6461//6461
f 6459//6459 6291//6291 6290//6290
f 6459//6459 6290//6290 6460//6460
f 6448//6448 6291//6291 6459//6459
f 6449//6449 6291//6291 6448//6448
f 6450//6450 6291//6291 6449//6449
f 6464//6464 6289//6289 6463//6463
f 6290//6290 6289//6289 6464//6464
f 6465//6465 6290//6290 6464//6464
f 6466//6466 6290//6290 6465//6465
f 6467//6467 6290//6290 6466//6466
f 6468//6468 6290//6290 6467//6467
f 6458//6458 6290//6290 6468//6468
f 6289//6289 6288//6288 6469//6469
f 6470//6470 6289//6289 6469//6469
f 6463//6463 6289//6289 6470//6470
f 6288//6288 6315//6315 6471//6471
f 6288//6288 6314//6314 6315//6315
f 6288//6288 6323//6323 6314//6314
f 6288//6288 6324//6324 6323//6323
f 6463//6463 6473//6473 6474//6474
f 6469//6469 6471//6471 6472//6472
f 6469//6469 6288//6288 6471//6471
f 6470//6470 6472//6472 6473//6473
f 6470//6470 6473//6473 6463//6463
f 6470//6470 6469//6469 6472//6472
f 6464//6464 6474//6474 6475//6475
f 6464//6464 6463//6463 6474//6474
f 6458//6458 6479//6479 6480//6480
f 6462//6462 6480//6480 6481//6481
f 6462//6462 6481//6481 6461//6461
f 6462//6462 6458//6458 6480//6480
f 6465//6465 6475//6475 6476//6476
f 6465//6465 6464//6464 6475//6475
f 6468//6468 6479//6479 6458//6458
f 6467//6467 6478//6478 6479//6479
f 6467//6467 6479//6479 6468//6468
f 6466//6466 6476//6476 6477//6477
f 6466//6466 6477//6477 6478//6478
f 6466//6466 6465//6465 6476//6476
f 6466//6466 6478//6478 6467//6467
f 6325//6325 6324//6324 6288//6288
f 6287//6287 6325//6325 6288//6288
f 6366//6366 6284//6284 6365//6365
f 6367//6367 6284//6284 6366//6366
f 6368//6368 6285//6285 6284//6284
f 6368//6368 6309//6309 6285//6285
f 6368//6368 6284//6284 6367//6367
f 6319//6319 6320//6320 6437//6437
f 6482//6482 6437//6437 6438//6438
f 6482//6482 6319//6319 6437//6437
f 6483//6483 6438//6438 6439//6439
f 6483//6483 6482//6482 6438//6438
f 6484//6484 6439//6439 6440//6440
f 6484//6484 6483//6483 6439//6439
f 6485//6485 6440//6440 6441//6441
f 6485//6485 6484//6484 6440//6440
f 6486//6486 6441//6441 6442//6442
f 6486//6486 6485//6485 6441//6441
f 6459//6459 6446//6446 6447//6447
f 6459//6459 6447//6447 6448//6448
f 6487//6487 6442//6442 6443//6443
f 6487//6487 6486//6486 6442//6442
f 6488//6488 6443//6443 6444//6444
f 6488//6488 6487//6487 6443//6443
f 6489//6489 6444//6444 6445//6445
f 6489//6489 6488//6488 6444//6444
f 6490//6490 6445//6445 6446//6446
f 6490//6490 6489//6489 6445//6445
f 6491//6491 6446//6446 6459//6459
f 6491//6491 6490//6490 6446//6446
f 6492//6492 6491//6491 6459//6459
f 6493//6493 6492//6492 6459//6459
f 6494//6494 6318//6318 6319//6319
f 6494//6494 6319//6319 6482//6482
f 6495//6495 6482//6482 6483//6483
f 6495//6495 6494//6494 6482//6482
f 6496//6496 6483//6483 6484//6484
f 6496//6496 6495//6495 6483//6483
f 6497//6497 6484//6484 6485//6485
f 6497//6497 6496//6496 6484//6484
f 6498//6498 6485//6485 6486//6486
f 6498//6498 6497//6497 6485//6485
f 6499//6499 6486//6486 6487//6487
f 6499//6499 6498//6498 6486//6486
f 6500//6500 6487//6487 6488//6488
f 6500//6500 6499//6499 6487//6487
f 6501//6501 6488//6488 6489//6489
f 6501//6501 6500//6500 6488//6488
f 6502//6502 6489//6489 6490//6490
f 6502//6502 6501//6501 6489//6489
f 6503//6503 6490//6490 6491//6491
f 6503//6503 6502//6502 6490//6490
f 6504//6504 6491//6491 6492//6492
f 6504//6504 6503//6503 6491//6491
f 6505//6505 6492//6492 6493//6493
f 6505//6505 6504//6504 6492//6492
f 6506//6506 6317//6317 6318//6318
f 6506//6506 6318//6318 6494//6494
f 6507//6507 6494//6494 6495//6495
f 6507//6507 6506//6506 6494//6494
f 6508//6508 6495//6495 6496//6496
f 6508//6508 6507//6507 6495//6495
f 6509//6509 6496//6496 6497//6497
f 6509//6509 6508//6508 6496//6496
f 6510//6510 6497//6497 6498//6498
f 6510//6510 6509//6509 6497//6497
f 6511//6511 6498//6498 6499//6499
f 6511//6511 6510//6510 6498//6498
f 6512//6512 6499//6499 6500//6500
f 6512//6512 6511//6511 6499//6499
f 6513//6513 6500//6500 6501//6501
f 6513//6513 6512//6512 6500//6500
f 6514//6514 6501//6501 6502//6502
f 6514//6514 6513//6513 6501//6501
f 6515//6515 6502//6502 6503//6503
f 6515//6515 6514//6514 6502//6502
f 6516//6516 6503//6503 6504//6504
f 6516//6516 6515//6515 6503//6503
f 6517//6517 6504//6504 6505//6505
f 6517//6517 6516//6516 6504//6504
f 6518//6518 6316//6316 6317//6317
f 6518//6518 6317//6317 6506//6506
f 6519//6519 6506//6506 6507//6507
f 6519//6519 6518//6518 6506//6506
f 6520//6520 6507//6507 6508//6508
f 6520//6520 6519//6519 6507//6507
f 6521//6521 6508//6508 6509//6509
f 6521//6521 6520//6520 6508//6508
f 6522//6522 6509//6509 6510//6510
f 6522//6522 6521//6521 6509//6509
f 6523//6523 6510//6510 6511//6511
f 6523//6523 6522//6522 6510//6510
f 6524//6524 6511//6511 6512//6512
f 6524//6524 6523//6523 6511//6511
f 6525//6525 6512//6512 6513//6513
f 6525//6525 6524//6524 6512//6512
f 6526//6526 6513//6513 6514//6514
f 6526//6526 6525//6525 6513//6513
f 6527//6527 6514//6514 6515//6515
f 6527//6527 6526//6526 6514//6514
f 6528//6528 6515//6515 6516//6516
f 6528//6528 6527//6527 6515//6515
f 6529//6529 6516//6516 6517//6517
f 6529//6529 6528//6528 6516//6516
f 6471//6471 6316//6316 6518//6518
f 6471//6471 6315//6315 6316//6316
f 6472//6472 6518//6518 6519//6519
f 6472//6472 6471//6471 6518//6518
f 6473//6473 6519//6519 6520//6520
f 6473//6473 6472//6472 6519//6519
f 6474//6474 6520//6520 6521//6521
f 6474//6474 6473//6473 6520//6520
f 6475//6475 6521//6521 6522//6522
f 6475//6475 6474//6474 6521//6521
f 6476//6476 6522//6522 6523//6523
f 6476//6476 6475//6475 6522//6522
f 6477//6477 6523//6523 6524//6524
f 6477//6477 6476//6476 6523//6523
f 6478//6478 6524//6524 6525//6525
f 6478//6478 6477//6477 6524//6524
f 6479//6479 6525//6525 6526//6526
f 6479//6479 6478//6478 6525//6525
f 6480//6480 6526//6526 6527//6527
f 6480//6480 6479//6479 6526//6526
f 6460//6460 6527//6527 6528//6528
f 6460//6460 6528//6528 6529//6529
f 6460//6460 6481//6481 6480//6480
f 6460//6460 6480//6480 6527//6527
f 6461//6461 6481//6481 6460//6460
f 6404//6404 6405//6405 6406//6406
f 6409//6409 6406//6406 6407//6407
f 6409//6409 6407//6407 6408//6408
f 6402//6402 6403//6403 6404//6404
f 6411//6411 6409//6409 6410//6410
f 6411//6411 6406//6406 6409//6409
f 6401//6401 6402//6402 6404//6404
f 6401//6401 6404//6404 6406//6406
f 6401//6401 6406//6406 6411//6411
f 6400//6400 6401//6401 6411//6411
f 6397//6397 6398//6398 6399//6399
f 6397//6397 6399//6399 6400//6400
f 6395//6395 6396//6396 6397//6397
f 6393//6393 6394//6394 6395//6395
f 6393//6393 6397//6397 6400//6400
f 6393//6393 6395//6395 6397//6397
f 6390//6390 6391//6391 6392//6392
f 6390//6390 6392//6392 6393//6393
f 6390//6390 6400//6400 6411//6411
f 6390//6390 6393//6393 6400//6400
f 6372//6372 6370//6370 6371//6371
f 6373//6373 6412//6412 6369//6369
f 6373//6373 6369//6369 6370//6370
f 6373//6373 6370//6370 6372//6372
f 6376//6376 6373//6373 6374//6374
f 6376//6376 6374//6374 6375//6375
f 6378//6378 6373//6373 6376//6376
f 6378//6378 6376//6376 6377//6377
f 6378//6378 6412//6412 6373//6373
f 6379//6379 6412//6412 6378//6378
f 6389//6389 6411//6411 6412//6412
f 6389//6389 6412//6412 6379//6379
f 6389//6389 6390//6390 6411//6411
f 6381//6381 6379//6379 6380//6380
f 6383//6383 6381//6381 6382//6382
f 6383//6383 6379//6379 6381//6381
f 6384//6384 6385//6385 6386//6386
f 6384//6384 6386//6386 6387//6387
f 6384//6384 6387//6387 6388//6388
f 6384//6384 6388//6388 6389//6389
f 6384//6384 6379//6379 6383//6383
f 6384//6384 6389//6389 6379//6379
f 6421//6421 6419//6419 6420//6420
f 6422//6422 6418//6418 6419//6419
f 6422//6422 6419//6419 6421//6421
f 6424//6424 6422//6422 6423//6423
f 6415//6415 6417//6417 6418//6418
f 6415//6415 6416//6416 6417//6417
f 6415//6415 6418//6418 6422//6422
f 6425//6425 6422//6422 6424//6424
f 6425//6425 6415//6415 6422//6422
f 6429//6429 6427//6427 6428//6428
f 6429//6429 6426//6426 6427//6427
f 6432//6432 6430//6430 6431//6431
f 6433//6433 6430//6430 6432//6432
f 6436//6436 6425//6425 6426//6426
f 6436//6436 6434//6434 6435//6435
f 6436//6436 6433//6433 6434//6434
f 6436//6436 6429//6429 6430//6430
f 6436//6436 6415//6415 6425//6425
f 6436//6436 6426//6426 6429//6429
f 6436//6436 6430//6430 6433//6433
f 6414//6414 6415//6415 6436//6436
f 6413//6413 6414//6414 6436//6436
f 6529//6529 6493//6493 6459//6459
f 6529//6529 6459//6459 6460//6460
f 6517//6517 6505//6505 6493//6493
f 6517//6517 6493//6493 6529//6529
